[    -603ms] [WARNING] [Vue warn]: Invalid prop: type check failed for prop "value". Expected Array, got String with value "<!DOCTYPE html>
<html lang="en">

<head>
  <meta charset="utf-8" />
  <meta name="viewport" content="width=device-width, initial-scale=1" />
  <meta name="theme-color" content="#000000" />
  <link rel="shortcut icon" type="image/ico" href="/assets/favicon-bc234827.ico" />
  <link href="https://fonts.googleapis.com/css?family=Roboto:300,400,500" rel="stylesheet" />
  <title>Pentaract UI</title>

  <style>
    *,
    html {
      margin: 0;
      padding: 0;
    }
  </style>
  <script type="module" crossorigin src="/assets/index-58b24b54.js"></script>
  <link rel="stylesheet" href="/assets/index-a4f6c957.css">
</head>

<body>
  <noscript>Wanna write ur own UI without js?! Go ahead, don't disturb others</noscript>
  <div id="root"></div>

  
</body>

</html>
". 
  at <DataTable value="<!DOCTYPE html>\n<html lang=\"en\">\n\n<head>\n  <meta charset=\"utf-8\" />\n  <meta name=\"viewport\" content=\"width=device-width, initial-scale=1\" />\n  <meta name=\"theme-color\" content=\"#000000\" />\n  <link rel=\"shortcut icon\" type=\"image/ico\" href=\"/assets/favicon-bc234827.ico\" />\n  <link href=\"https://fonts.googleapis.com/css?family=Roboto:300,400,500\" rel=\"stylesheet\" />\n  <title>Pentaract UI</title>\n\n  <style>\n    *,\n    html {\n      margin: 0;\n      padding: 0;\n    }\n  </style>\n  <script type=\"module\" crossorigin src=\"/assets/index-58b24b54.js\"></script>\n  <link rel=\"stylesheet\" href=\"/assets/index-a4f6c957.css\">\n</head>\n\n<body>\n  <noscript>Wanna write ur own UI without js?! Go ahead, don't disturb others</noscript>\n  <div id=\"root\"></div>\n\n  \n</body>\n\n</html>\n" loading=false stripedRows=""  ... > 
  at <OrdersView onVnodeUnmounted=fn<onVnodeUnmounted> ref=Ref< Proxy(Object) > > 
  at <RouterView> 
  at <AppLayout onVnodeUnmounted=fn<onVnodeUnmounted> ref=Ref< Proxy(Object) > > 
  at <RouterView> 
  at <App> @ http://localhost:5277/node_modules/@vue/runtime-core/dist/runtime-core.esm-bundler.js:49
[    -601ms] [WARNING] [Vue warn]: Invalid prop: type check failed for prop "items". Expected Array, got String with value "<!DOCTYPE html>
<html lang="en">

<head>
  <meta charset="utf-8" />
  <meta name="viewport" content="width=device-width, initial-scale=1" />
  <meta name="theme-color" content="#000000" />
  <link rel="shortcut icon" type="image/ico" href="/assets/favicon-bc234827.ico" />
  <link href="https://fonts.googleapis.com/css?family=Roboto:300,400,500" rel="stylesheet" />
  <title>Pentaract UI</title>

  <style>
    *,
    html {
      margin: 0;
      padding: 0;
    }
  </style>
  <script type="module" crossorigin src="/assets/index-58b24b54.js"></script>
  <link rel="stylesheet" href="/assets/index-a4f6c957.css">
</head>

<body>
  <noscript>Wanna write ur own UI without js?! Go ahead, don't disturb others</noscript>
  <div id="root"></div>

  
</body>

</html>
". 
  at <VirtualScroller ref="virtualScroller" items="<!DOCTYPE html>\n<html lang=\"en\">\n\n<head>\n  <meta charset=\"utf-8\" />\n  <meta name=\"viewport\" content=\"width=device-width, initial-scale=1\" />\n  <meta name=\"theme-color\" content=\"#000000\" />\n  <link rel=\"shortcut icon\" type=\"image/ico\" href=\"/assets/favicon-bc234827.ico\" />\n  <link href=\"https://fonts.googleapis.com/css?family=Roboto:300,400,500\" rel=\"stylesheet\" />\n  <title>Pentaract UI</title>\n\n  <style>\n    *,\n    html {\n      margin: 0;\n      padding: 0;\n    }\n  </style>\n  <script type=\"module\" crossorigin src=\"/assets/index-58b24b54.js\"></script>\n  <link rel=\"stylesheet\" href=\"/assets/index-a4f6c957.css\">\n</head>\n\n<body>\n  <noscript>Wanna write ur own UI without js?! Go ahead, don't disturb others</noscript>\n  <div id=\"root\"></div>\n\n  \n</body>\n\n</html>\n" columns= [Object, Object, Object, Object, Object, Object]  ... > 
  at <DataTable value="<!DOCTYPE html>\n<html lang=\"en\">\n\n<head>\n  <meta charset=\"utf-8\" />\n  <meta name=\"viewport\" content=\"width=device-width, initial-scale=1\" />\n  <meta name=\"theme-color\" content=\"#000000\" />\n  <link rel=\"shortcut icon\" type=\"image/ico\" href=\"/assets/favicon-bc234827.ico\" />\n  <link href=\"https://fonts.googleapis.com/css?family=Roboto:300,400,500\" rel=\"stylesheet\" />\n  <title>Pentaract UI</title>\n\n  <style>\n    *,\n    html {\n      margin: 0;\n      padding: 0;\n    }\n  </style>\n  <script type=\"module\" crossorigin src=\"/assets/index-58b24b54.js\"></script>\n  <link rel=\"stylesheet\" href=\"/assets/index-a4f6c957.css\">\n</head>\n\n<body>\n  <noscript>Wanna write ur own UI without js?! Go ahead, don't disturb others</noscript>\n  <div id=\"root\"></div>\n\n  \n</body>\n\n</html>\n" loading=false stripedRows=""  ... > 
  at <OrdersView onVnodeUnmounted=fn<onVnodeUnmounted> ref=Ref< Proxy(Object) > > 
  at <RouterView> 
  at <AppLayout onVnodeUnmounted=fn<onVnodeUnmounted> ref=Ref< Proxy(Object) > > 
  at <RouterView> 
  at <App> @ http://localhost:5277/node_modules/@vue/runtime-core/dist/runtime-core.esm-bundler.js:49
[    -590ms] [WARNING] [Vue warn]: Invalid prop: type check failed for prop "value". Expected Array, got String with value "<!DOCTYPE html>
<htm". 
  at <TableBody ref="bodyRef" value="<!DOCTYPE html>\n<htm" class=""  ... > 
  at <VirtualScroller ref="virtualScroller" items="<!DOCTYPE html>\n<html lang=\"en\">\n\n<head>\n  <meta charset=\"utf-8\" />\n  <meta name=\"viewport\" content=\"width=device-width, initial-scale=1\" />\n  <meta name=\"theme-color\" content=\"#000000\" />\n  <link rel=\"shortcut icon\" type=\"image/ico\" href=\"/assets/favicon-bc234827.ico\" />\n  <link href=\"https://fonts.googleapis.com/css?family=Roboto:300,400,500\" rel=\"stylesheet\" />\n  <title>Pentaract UI</title>\n\n  <style>\n    *,\n    html {\n      margin: 0;\n      padding: 0;\n    }\n  </style>\n  <script type=\"module\" crossorigin src=\"/assets/index-58b24b54.js\"></script>\n  <link rel=\"stylesheet\" href=\"/assets/index-a4f6c957.css\">\n</head>\n\n<body>\n  <noscript>Wanna write ur own UI without js?! Go ahead, don't disturb others</noscript>\n  <div id=\"root\"></div>\n\n  \n</body>\n\n</html>\n" columns= [Object, Object, Object, Object, Object, Object]  ... > 
  at <DataTable value="<!DOCTYPE html>\n<html lang=\"en\">\n\n<head>\n  <meta charset=\"utf-8\" />\n  <meta name=\"viewport\" content=\"width=device-width, initial-scale=1\" />\n  <meta name=\"theme-color\" content=\"#000000\" />\n  <link rel=\"shortcut icon\" type=\"image/ico\" href=\"/assets/favicon-bc234827.ico\" />\n  <link href=\"https://fonts.googleapis.com/css?family=Roboto:300,400,500\" rel=\"stylesheet\" />\n  <title>Pentaract UI</title>\n\n  <style>\n    *,\n    html {\n      margin: 0;\n      padding: 0;\n    }\n  </style>\n  <script type=\"module\" crossorigin src=\"/assets/index-58b24b54.js\"></script>\n  <link rel=\"stylesheet\" href=\"/assets/index-a4f6c957.css\">\n</head>\n\n<body>\n  <noscript>Wanna write ur own UI without js?! Go ahead, don't disturb others</noscript>\n  <div id=\"root\"></div>\n\n  \n</body>\n\n</html>\n" loading=false stripedRows=""  ... > 
  at <OrdersView onVnodeUnmounted=fn<onVnodeUnmounted> ref=Ref< Proxy(Object) > > 
  at <RouterView> 
  at <AppLayout onVnodeUnmounted=fn<onVnodeUnmounted> ref=Ref< Proxy(Object) > > 
  at <RouterView> 
  at <App> @ http://localhost:5277/node_modules/@vue/runtime-core/dist/runtime-core.esm-bundler.js:49
[    -587ms] [WARNING] [Vue warn]: Invalid prop: type check failed for prop "rowData". Expected Object, got String with value "<". 
  at <BodyRow key=undefined rowData="<" index=0  ... > 
  at <TableBody ref="bodyRef" value="<!DOCTYPE html>\n<htm" class=""  ... > 
  at <VirtualScroller ref="virtualScroller" items="<!DOCTYPE html>\n<html lang=\"en\">\n\n<head>\n  <meta charset=\"utf-8\" />\n  <meta name=\"viewport\" content=\"width=device-width, initial-scale=1\" />\n  <meta name=\"theme-color\" content=\"#000000\" />\n  <link rel=\"shortcut icon\" type=\"image/ico\" href=\"/assets/favicon-bc234827.ico\" />\n  <link href=\"https://fonts.googleapis.com/css?family=Roboto:300,400,500\" rel=\"stylesheet\" />\n  <title>Pentaract UI</title>\n\n  <style>\n    *,\n    html {\n      margin: 0;\n      padding: 0;\n    }\n  </style>\n  <script type=\"module\" crossorigin src=\"/assets/index-58b24b54.js\"></script>\n  <link rel=\"stylesheet\" href=\"/assets/index-a4f6c957.css\">\n</head>\n\n<body>\n  <noscript>Wanna write ur own UI without js?! Go ahead, don't disturb others</noscript>\n  <div id=\"root\"></div>\n\n  \n</body>\n\n</html>\n" columns= [Object, Object, Object, Object, Object, Object]  ... > 
  at <DataTable value="<!DOCTYPE html>\n<html lang=\"en\">\n\n<head>\n  <meta charset=\"utf-8\" />\n  <meta name=\"viewport\" content=\"width=device-width, initial-scale=1\" />\n  <meta name=\"theme-color\" content=\"#000000\" />\n  <link rel=\"shortcut icon\" type=\"image/ico\" href=\"/assets/favicon-bc234827.ico\" />\n  <link href=\"https://fonts.googleapis.com/css?family=Roboto:300,400,500\" rel=\"stylesheet\" />\n  <title>Pentaract UI</title>\n\n  <style>\n    *,\n    html {\n      margin: 0;\n      padding: 0;\n    }\n  </style>\n  <script type=\"module\" crossorigin src=\"/assets/index-58b24b54.js\"></script>\n  <link rel=\"stylesheet\" href=\"/assets/index-a4f6c957.css\">\n</head>\n\n<body>\n  <noscript>Wanna write ur own UI without js?! Go ahead, don't disturb others</noscript>\n  <div id=\"root\"></div>\n\n  \n</body>\n\n</html>\n" loading=false stripedRows=""  ... > 
  at <OrdersView onVnodeUnmounted=fn<onVnodeUnmounted> ref=Ref< Proxy(Object) > > 
  at <RouterView> 
  at <AppLayout onVnodeUnmounted=fn<onVnodeUnmounted> ref=Ref< Proxy(Object) > > 
  at <RouterView> 
  at <App> @ http://localhost:5277/node_modules/@vue/runtime-core/dist/runtime-core.esm-bundler.js:49
[    -585ms] [WARNING] [Vue warn]: Invalid prop: type check failed for prop "value". Expected Array, got String with value "<!DOCTYPE html>
<htm". 
  at <BodyRow key=undefined rowData="<" index=0  ... > 
  at <TableBody ref="bodyRef" value="<!DOCTYPE html>\n<htm" class=""  ... > 
  at <VirtualScroller ref="virtualScroller" items="<!DOCTYPE html>\n<html lang=\"en\">\n\n<head>\n  <meta charset=\"utf-8\" />\n  <meta name=\"viewport\" content=\"width=device-width, initial-scale=1\" />\n  <meta name=\"theme-color\" content=\"#000000\" />\n  <link rel=\"shortcut icon\" type=\"image/ico\" href=\"/assets/favicon-bc234827.ico\" />\n  <link href=\"https://fonts.googleapis.com/css?family=Roboto:300,400,500\" rel=\"stylesheet\" />\n  <title>Pentaract UI</title>\n\n  <style>\n    *,\n    html {\n      margin: 0;\n      padding: 0;\n    }\n  </style>\n  <script type=\"module\" crossorigin src=\"/assets/index-58b24b54.js\"></script>\n  <link rel=\"stylesheet\" href=\"/assets/index-a4f6c957.css\">\n</head>\n\n<body>\n  <noscript>Wanna write ur own UI without js?! Go ahead, don't disturb others</noscript>\n  <div id=\"root\"></div>\n\n  \n</body>\n\n</html>\n" columns= [Object, Object, Object, Object, Object, Object]  ... > 
  at <DataTable value="<!DOCTYPE html>\n<html lang=\"en\">\n\n<head>\n  <meta charset=\"utf-8\" />\n  <meta name=\"viewport\" content=\"width=device-width, initial-scale=1\" />\n  <meta name=\"theme-color\" content=\"#000000\" />\n  <link rel=\"shortcut icon\" type=\"image/ico\" href=\"/assets/favicon-bc234827.ico\" />\n  <link href=\"https://fonts.googleapis.com/css?family=Roboto:300,400,500\" rel=\"stylesheet\" />\n  <title>Pentaract UI</title>\n\n  <style>\n    *,\n    html {\n      margin: 0;\n      padding: 0;\n    }\n  </style>\n  <script type=\"module\" crossorigin src=\"/assets/index-58b24b54.js\"></script>\n  <link rel=\"stylesheet\" href=\"/assets/index-a4f6c957.css\">\n</head>\n\n<body>\n  <noscript>Wanna write ur own UI without js?! Go ahead, don't disturb others</noscript>\n  <div id=\"root\"></div>\n\n  \n</body>\n\n</html>\n" loading=false stripedRows=""  ... > 
  at <OrdersView onVnodeUnmounted=fn<onVnodeUnmounted> ref=Ref< Proxy(Object) > > 
  at <RouterView> 
  at <AppLayout onVnodeUnmounted=fn<onVnodeUnmounted> ref=Ref< Proxy(Object) > > 
  at <RouterView> 
  at <App> @ http://localhost:5277/node_modules/@vue/runtime-core/dist/runtime-core.esm-bundler.js:49
[    -582ms] [WARNING] [Vue warn]: Invalid prop: type check failed for prop "rowData". Expected Object, got String with value "<". 
  at <BodyCell key="id" rowData="<" column= {__v_isVNode: true, __v_skip: true, type: Object, props: Object, key: null}  ... > 
  at <BodyRow key=undefined rowData="<" index=0  ... > 
  at <TableBody ref="bodyRef" value="<!DOCTYPE html>\n<htm" class=""  ... > 
  at <VirtualScroller ref="virtualScroller" items="<!DOCTYPE html>\n<html lang=\"en\">\n\n<head>\n  <meta charset=\"utf-8\" />\n  <meta name=\"viewport\" content=\"width=device-width, initial-scale=1\" />\n  <meta name=\"theme-color\" content=\"#000000\" />\n  <link rel=\"shortcut icon\" type=\"image/ico\" href=\"/assets/favicon-bc234827.ico\" />\n  <link href=\"https://fonts.googleapis.com/css?family=Roboto:300,400,500\" rel=\"stylesheet\" />\n  <title>Pentaract UI</title>\n\n  <style>\n    *,\n    html {\n      margin: 0;\n      padding: 0;\n    }\n  </style>\n  <script type=\"module\" crossorigin src=\"/assets/index-58b24b54.js\"></script>\n  <link rel=\"stylesheet\" href=\"/assets/index-a4f6c957.css\">\n</head>\n\n<body>\n  <noscript>Wanna write ur own UI without js?! Go ahead, don't disturb others</noscript>\n  <div id=\"root\"></div>\n\n  \n</body>\n\n</html>\n" columns= [Object, Object, Object, Object, Object, Object]  ... > 
  at <DataTable value="<!DOCTYPE html>\n<html lang=\"en\">\n\n<head>\n  <meta charset=\"utf-8\" />\n  <meta name=\"viewport\" content=\"width=device-width, initial-scale=1\" />\n  <meta name=\"theme-color\" content=\"#000000\" />\n  <link rel=\"shortcut icon\" type=\"image/ico\" href=\"/assets/favicon-bc234827.ico\" />\n  <link href=\"https://fonts.googleapis.com/css?family=Roboto:300,400,500\" rel=\"stylesheet\" />\n  <title>Pentaract UI</title>\n\n  <style>\n    *,\n    html {\n      margin: 0;\n      padding: 0;\n    }\n  </style>\n  <script type=\"module\" crossorigin src=\"/assets/index-58b24b54.js\"></script>\n  <link rel=\"stylesheet\" href=\"/assets/index-a4f6c957.css\">\n</head>\n\n<body>\n  <noscript>Wanna write ur own UI without js?! Go ahead, don't disturb others</noscript>\n  <div id=\"root\"></div>\n\n  \n</body>\n\n</html>\n" loading=false stripedRows=""  ... > 
  at <OrdersView onVnodeUnmounted=fn<onVnodeUnmounted> ref=Ref< Proxy(Object) > > 
  at <RouterView> 
  at <AppLayout onVnodeUnmounted=fn<onVnodeUnmounted> ref=Ref< Proxy(Object) > > 
  at <RouterView> 
  at <App> @ http://localhost:5277/node_modules/@vue/runtime-core/dist/runtime-core.esm-bundler.js:49
[    -577ms] [WARNING] [Vue warn]: Invalid prop: type check failed for prop "rowData". Expected Object, got String with value "<". 
  at <BodyCell key="client_id" rowData="<" column= {__v_isVNode: true, __v_skip: true, type: Object, props: Object, key: null}  ... > 
  at <BodyRow key=undefined rowData="<" index=0  ... > 
  at <TableBody ref="bodyRef" value="<!DOCTYPE html>\n<htm" class=""  ... > 
  at <VirtualScroller ref="virtualScroller" items="<!DOCTYPE html>\n<html lang=\"en\">\n\n<head>\n  <meta charset=\"utf-8\" />\n  <meta name=\"viewport\" content=\"width=device-width, initial-scale=1\" />\n  <meta name=\"theme-color\" content=\"#000000\" />\n  <link rel=\"shortcut icon\" type=\"image/ico\" href=\"/assets/favicon-bc234827.ico\" />\n  <link href=\"https://fonts.googleapis.com/css?family=Roboto:300,400,500\" rel=\"stylesheet\" />\n  <title>Pentaract UI</title>\n\n  <style>\n    *,\n    html {\n      margin: 0;\n      padding: 0;\n    }\n  </style>\n  <script type=\"module\" crossorigin src=\"/assets/index-58b24b54.js\"></script>\n  <link rel=\"stylesheet\" href=\"/assets/index-a4f6c957.css\">\n</head>\n\n<body>\n  <noscript>Wanna write ur own UI without js?! Go ahead, don't disturb others</noscript>\n  <div id=\"root\"></div>\n\n  \n</body>\n\n</html>\n" columns= [Object, Object, Object, Object, Object, Object]  ... > 
  at <DataTable value="<!DOCTYPE html>\n<html lang=\"en\">\n\n<head>\n  <meta charset=\"utf-8\" />\n  <meta name=\"viewport\" content=\"width=device-width, initial-scale=1\" />\n  <meta name=\"theme-color\" content=\"#000000\" />\n  <link rel=\"shortcut icon\" type=\"image/ico\" href=\"/assets/favicon-bc234827.ico\" />\n  <link href=\"https://fonts.googleapis.com/css?family=Roboto:300,400,500\" rel=\"stylesheet\" />\n  <title>Pentaract UI</title>\n\n  <style>\n    *,\n    html {\n      margin: 0;\n      padding: 0;\n    }\n  </style>\n  <script type=\"module\" crossorigin src=\"/assets/index-58b24b54.js\"></script>\n  <link rel=\"stylesheet\" href=\"/assets/index-a4f6c957.css\">\n</head>\n\n<body>\n  <noscript>Wanna write ur own UI without js?! Go ahead, don't disturb others</noscript>\n  <div id=\"root\"></div>\n\n  \n</body>\n\n</html>\n" loading=false stripedRows=""  ... > 
  at <OrdersView onVnodeUnmounted=fn<onVnodeUnmounted> ref=Ref< Proxy(Object) > > 
  at <RouterView> 
  at <AppLayout onVnodeUnmounted=fn<onVnodeUnmounted> ref=Ref< Proxy(Object) > > 
  at <RouterView> 
  at <App> @ http://localhost:5277/node_modules/@vue/runtime-core/dist/runtime-core.esm-bundler.js:49
[    -574ms] [WARNING] [Vue warn]: Invalid prop: type check failed for prop "rowData". Expected Object, got String with value "<". 
  at <BodyCell key="source" rowData="<" column= {__v_isVNode: true, __v_skip: true, type: Object, props: Object, key: null}  ... > 
  at <BodyRow key=undefined rowData="<" index=0  ... > 
  at <TableBody ref="bodyRef" value="<!DOCTYPE html>\n<htm" class=""  ... > 
  at <VirtualScroller ref="virtualScroller" items="<!DOCTYPE html>\n<html lang=\"en\">\n\n<head>\n  <meta charset=\"utf-8\" />\n  <meta name=\"viewport\" content=\"width=device-width, initial-scale=1\" />\n  <meta name=\"theme-color\" content=\"#000000\" />\n  <link rel=\"shortcut icon\" type=\"image/ico\" href=\"/assets/favicon-bc234827.ico\" />\n  <link href=\"https://fonts.googleapis.com/css?family=Roboto:300,400,500\" rel=\"stylesheet\" />\n  <title>Pentaract UI</title>\n\n  <style>\n    *,\n    html {\n      margin: 0;\n      padding: 0;\n    }\n  </style>\n  <script type=\"module\" crossorigin src=\"/assets/index-58b24b54.js\"></script>\n  <link rel=\"stylesheet\" href=\"/assets/index-a4f6c957.css\">\n</head>\n\n<body>\n  <noscript>Wanna write ur own UI without js?! Go ahead, don't disturb others</noscript>\n  <div id=\"root\"></div>\n\n  \n</body>\n\n</html>\n" columns= [Object, Object, Object, Object, Object, Object]  ... > 
  at <DataTable value="<!DOCTYPE html>\n<html lang=\"en\">\n\n<head>\n  <meta charset=\"utf-8\" />\n  <meta name=\"viewport\" content=\"width=device-width, initial-scale=1\" />\n  <meta name=\"theme-color\" content=\"#000000\" />\n  <link rel=\"shortcut icon\" type=\"image/ico\" href=\"/assets/favicon-bc234827.ico\" />\n  <link href=\"https://fonts.googleapis.com/css?family=Roboto:300,400,500\" rel=\"stylesheet\" />\n  <title>Pentaract UI</title>\n\n  <style>\n    *,\n    html {\n      margin: 0;\n      padding: 0;\n    }\n  </style>\n  <script type=\"module\" crossorigin src=\"/assets/index-58b24b54.js\"></script>\n  <link rel=\"stylesheet\" href=\"/assets/index-a4f6c957.css\">\n</head>\n\n<body>\n  <noscript>Wanna write ur own UI without js?! Go ahead, don't disturb others</noscript>\n  <div id=\"root\"></div>\n\n  \n</body>\n\n</html>\n" loading=false stripedRows=""  ... > 
  at <OrdersView onVnodeUnmounted=fn<onVnodeUnmounted> ref=Ref< Proxy(Object) > > 
  at <RouterView> 
  at <AppLayout onVnodeUnmounted=fn<onVnodeUnmounted> ref=Ref< Proxy(Object) > > 
  at <RouterView> 
  at <App> @ http://localhost:5277/node_modules/@vue/runtime-core/dist/runtime-core.esm-bundler.js:49
[    -569ms] [WARNING] [Vue warn]: Invalid prop: type check failed for prop "rowData". Expected Object, got String with value "<". 
  at <BodyCell key="status" rowData="<" column= {__v_isVNode: true, __v_skip: true, type: Object, props: Object, key: null}  ... > 
  at <BodyRow key=undefined rowData="<" index=0  ... > 
  at <TableBody ref="bodyRef" value="<!DOCTYPE html>\n<htm" class=""  ... > 
  at <VirtualScroller ref="virtualScroller" items="<!DOCTYPE html>\n<html lang=\"en\">\n\n<head>\n  <meta charset=\"utf-8\" />\n  <meta name=\"viewport\" content=\"width=device-width, initial-scale=1\" />\n  <meta name=\"theme-color\" content=\"#000000\" />\n  <link rel=\"shortcut icon\" type=\"image/ico\" href=\"/assets/favicon-bc234827.ico\" />\n  <link href=\"https://fonts.googleapis.com/css?family=Roboto:300,400,500\" rel=\"stylesheet\" />\n  <title>Pentaract UI</title>\n\n  <style>\n    *,\n    html {\n      margin: 0;\n      padding: 0;\n    }\n  </style>\n  <script type=\"module\" crossorigin src=\"/assets/index-58b24b54.js\"></script>\n  <link rel=\"stylesheet\" href=\"/assets/index-a4f6c957.css\">\n</head>\n\n<body>\n  <noscript>Wanna write ur own UI without js?! Go ahead, don't disturb others</noscript>\n  <div id=\"root\"></div>\n\n  \n</body>\n\n</html>\n" columns= [Object, Object, Object, Object, Object, Object]  ... > 
  at <DataTable value="<!DOCTYPE html>\n<html lang=\"en\">\n\n<head>\n  <meta charset=\"utf-8\" />\n  <meta name=\"viewport\" content=\"width=device-width, initial-scale=1\" />\n  <meta name=\"theme-color\" content=\"#000000\" />\n  <link rel=\"shortcut icon\" type=\"image/ico\" href=\"/assets/favicon-bc234827.ico\" />\n  <link href=\"https://fonts.googleapis.com/css?family=Roboto:300,400,500\" rel=\"stylesheet\" />\n  <title>Pentaract UI</title>\n\n  <style>\n    *,\n    html {\n      margin: 0;\n      padding: 0;\n    }\n  </style>\n  <script type=\"module\" crossorigin src=\"/assets/index-58b24b54.js\"></script>\n  <link rel=\"stylesheet\" href=\"/assets/index-a4f6c957.css\">\n</head>\n\n<body>\n  <noscript>Wanna write ur own UI without js?! Go ahead, don't disturb others</noscript>\n  <div id=\"root\"></div>\n\n  \n</body>\n\n</html>\n" loading=false stripedRows=""  ... > 
  at <OrdersView onVnodeUnmounted=fn<onVnodeUnmounted> ref=Ref< Proxy(Object) > > 
  at <RouterView> 
  at <AppLayout onVnodeUnmounted=fn<onVnodeUnmounted> ref=Ref< Proxy(Object) > > 
  at <RouterView> 
  at <App> @ http://localhost:5277/node_modules/@vue/runtime-core/dist/runtime-core.esm-bundler.js:49
[    -561ms] [WARNING] [Vue warn]: Invalid prop: type check failed for prop "rowData". Expected Object, got String with value "<". 
  at <BodyCell key="created_at" rowData="<" column= {__v_isVNode: true, __v_skip: true, type: Object, props: Object, key: null}  ... > 
  at <BodyRow key=undefined rowData="<" index=0  ... > 
  at <TableBody ref="bodyRef" value="<!DOCTYPE html>\n<htm" class=""  ... > 
  at <VirtualScroller ref="virtualScroller" items="<!DOCTYPE html>\n<html lang=\"en\">\n\n<head>\n  <meta charset=\"utf-8\" />\n  <meta name=\"viewport\" content=\"width=device-width, initial-scale=1\" />\n  <meta name=\"theme-color\" content=\"#000000\" />\n  <link rel=\"shortcut icon\" type=\"image/ico\" href=\"/assets/favicon-bc234827.ico\" />\n  <link href=\"https://fonts.googleapis.com/css?family=Roboto:300,400,500\" rel=\"stylesheet\" />\n  <title>Pentaract UI</title>\n\n  <style>\n    *,\n    html {\n      margin: 0;\n      padding: 0;\n    }\n  </style>\n  <script type=\"module\" crossorigin src=\"/assets/index-58b24b54.js\"></script>\n  <link rel=\"stylesheet\" href=\"/assets/index-a4f6c957.css\">\n</head>\n\n<body>\n  <noscript>Wanna write ur own UI without js?! Go ahead, don't disturb others</noscript>\n  <div id=\"root\"></div>\n\n  \n</body>\n\n</html>\n" columns= [Object, Object, Object, Object, Object, Object]  ... > 
  at <DataTable value="<!DOCTYPE html>\n<html lang=\"en\">\n\n<head>\n  <meta charset=\"utf-8\" />\n  <meta name=\"viewport\" content=\"width=device-width, initial-scale=1\" />\n  <meta name=\"theme-color\" content=\"#000000\" />\n  <link rel=\"shortcut icon\" type=\"image/ico\" href=\"/assets/favicon-bc234827.ico\" />\n  <link href=\"https://fonts.googleapis.com/css?family=Roboto:300,400,500\" rel=\"stylesheet\" />\n  <title>Pentaract UI</title>\n\n  <style>\n    *,\n    html {\n      margin: 0;\n      padding: 0;\n    }\n  </style>\n  <script type=\"module\" crossorigin src=\"/assets/index-58b24b54.js\"></script>\n  <link rel=\"stylesheet\" href=\"/assets/index-a4f6c957.css\">\n</head>\n\n<body>\n  <noscript>Wanna write ur own UI without js?! Go ahead, don't disturb others</noscript>\n  <div id=\"root\"></div>\n\n  \n</body>\n\n</html>\n" loading=false stripedRows=""  ... > 
  at <OrdersView onVnodeUnmounted=fn<onVnodeUnmounted> ref=Ref< Proxy(Object) > > 
  at <RouterView> 
  at <AppLayout onVnodeUnmounted=fn<onVnodeUnmounted> ref=Ref< Proxy(Object) > > 
  at <RouterView> 
  at <App> @ http://localhost:5277/node_modules/@vue/runtime-core/dist/runtime-core.esm-bundler.js:49
[    -558ms] [WARNING] [Vue warn]: Invalid prop: type check failed for prop "rowData". Expected Object, got String with value "<". 
  at <BodyCell key=5 rowData="<" column= {__v_isVNode: true, __v_skip: true, type: Object, props: Object, key: null}  ... > 
  at <BodyRow key=undefined rowData="<" index=0  ... > 
  at <TableBody ref="bodyRef" value="<!DOCTYPE html>\n<htm" class=""  ... > 
  at <VirtualScroller ref="virtualScroller" items="<!DOCTYPE html>\n<html lang=\"en\">\n\n<head>\n  <meta charset=\"utf-8\" />\n  <meta name=\"viewport\" content=\"width=device-width, initial-scale=1\" />\n  <meta name=\"theme-color\" content=\"#000000\" />\n  <link rel=\"shortcut icon\" type=\"image/ico\" href=\"/assets/favicon-bc234827.ico\" />\n  <link href=\"https://fonts.googleapis.com/css?family=Roboto:300,400,500\" rel=\"stylesheet\" />\n  <title>Pentaract UI</title>\n\n  <style>\n    *,\n    html {\n      margin: 0;\n      padding: 0;\n    }\n  </style>\n  <script type=\"module\" crossorigin src=\"/assets/index-58b24b54.js\"></script>\n  <link rel=\"stylesheet\" href=\"/assets/index-a4f6c957.css\">\n</head>\n\n<body>\n  <noscript>Wanna write ur own UI without js?! Go ahead, don't disturb others</noscript>\n  <div id=\"root\"></div>\n\n  \n</body>\n\n</html>\n" columns= [Object, Object, Object, Object, Object, Object]  ... > 
  at <DataTable value="<!DOCTYPE html>\n<html lang=\"en\">\n\n<head>\n  <meta charset=\"utf-8\" />\n  <meta name=\"viewport\" content=\"width=device-width, initial-scale=1\" />\n  <meta name=\"theme-color\" content=\"#000000\" />\n  <link rel=\"shortcut icon\" type=\"image/ico\" href=\"/assets/favicon-bc234827.ico\" />\n  <link href=\"https://fonts.googleapis.com/css?family=Roboto:300,400,500\" rel=\"stylesheet\" />\n  <title>Pentaract UI</title>\n\n  <style>\n    *,\n    html {\n      margin: 0;\n      padding: 0;\n    }\n  </style>\n  <script type=\"module\" crossorigin src=\"/assets/index-58b24b54.js\"></script>\n  <link rel=\"stylesheet\" href=\"/assets/index-a4f6c957.css\">\n</head>\n\n<body>\n  <noscript>Wanna write ur own UI without js?! Go ahead, don't disturb others</noscript>\n  <div id=\"root\"></div>\n\n  \n</body>\n\n</html>\n" loading=false stripedRows=""  ... > 
  at <OrdersView onVnodeUnmounted=fn<onVnodeUnmounted> ref=Ref< Proxy(Object) > > 
  at <RouterView> 
  at <AppLayout onVnodeUnmounted=fn<onVnodeUnmounted> ref=Ref< Proxy(Object) > > 
  at <RouterView> 
  at <App> @ http://localhost:5277/node_modules/@vue/runtime-core/dist/runtime-core.esm-bundler.js:49
[    -552ms] [WARNING] [Vue warn]: Invalid prop: type check failed for prop "rowData". Expected Object, got String with value "!". 
  at <BodyRow key=undefined rowData="!" index=1  ... > 
  at <TableBody ref="bodyRef" value="<!DOCTYPE html>\n<htm" class=""  ... > 
  at <VirtualScroller ref="virtualScroller" items="<!DOCTYPE html>\n<html lang=\"en\">\n\n<head>\n  <meta charset=\"utf-8\" />\n  <meta name=\"viewport\" content=\"width=device-width, initial-scale=1\" />\n  <meta name=\"theme-color\" content=\"#000000\" />\n  <link rel=\"shortcut icon\" type=\"image/ico\" href=\"/assets/favicon-bc234827.ico\" />\n  <link href=\"https://fonts.googleapis.com/css?family=Roboto:300,400,500\" rel=\"stylesheet\" />\n  <title>Pentaract UI</title>\n\n  <style>\n    *,\n    html {\n      margin: 0;\n      padding: 0;\n    }\n  </style>\n  <script type=\"module\" crossorigin src=\"/assets/index-58b24b54.js\"></script>\n  <link rel=\"stylesheet\" href=\"/assets/index-a4f6c957.css\">\n</head>\n\n<body>\n  <noscript>Wanna write ur own UI without js?! Go ahead, don't disturb others</noscript>\n  <div id=\"root\"></div>\n\n  \n</body>\n\n</html>\n" columns= [Object, Object, Object, Object, Object, Object]  ... > 
  at <DataTable value="<!DOCTYPE html>\n<html lang=\"en\">\n\n<head>\n  <meta charset=\"utf-8\" />\n  <meta name=\"viewport\" content=\"width=device-width, initial-scale=1\" />\n  <meta name=\"theme-color\" content=\"#000000\" />\n  <link rel=\"shortcut icon\" type=\"image/ico\" href=\"/assets/favicon-bc234827.ico\" />\n  <link href=\"https://fonts.googleapis.com/css?family=Roboto:300,400,500\" rel=\"stylesheet\" />\n  <title>Pentaract UI</title>\n\n  <style>\n    *,\n    html {\n      margin: 0;\n      padding: 0;\n    }\n  </style>\n  <script type=\"module\" crossorigin src=\"/assets/index-58b24b54.js\"></script>\n  <link rel=\"stylesheet\" href=\"/assets/index-a4f6c957.css\">\n</head>\n\n<body>\n  <noscript>Wanna write ur own UI without js?! Go ahead, don't disturb others</noscript>\n  <div id=\"root\"></div>\n\n  \n</body>\n\n</html>\n" loading=false stripedRows=""  ... > 
  at <OrdersView onVnodeUnmounted=fn<onVnodeUnmounted> ref=Ref< Proxy(Object) > > 
  at <RouterView> 
  at <AppLayout onVnodeUnmounted=fn<onVnodeUnmounted> ref=Ref< Proxy(Object) > > 
  at <RouterView> 
  at <App> @ http://localhost:5277/node_modules/@vue/runtime-core/dist/runtime-core.esm-bundler.js:49
[    -551ms] [WARNING] [Vue warn]: Invalid prop: type check failed for prop "value". Expected Array, got String with value "<!DOCTYPE html>
<htm". 
  at <BodyRow key=undefined rowData="!" index=1  ... > 
  at <TableBody ref="bodyRef" value="<!DOCTYPE html>\n<htm" class=""  ... > 
  at <VirtualScroller ref="virtualScroller" items="<!DOCTYPE html>\n<html lang=\"en\">\n\n<head>\n  <meta charset=\"utf-8\" />\n  <meta name=\"viewport\" content=\"width=device-width, initial-scale=1\" />\n  <meta name=\"theme-color\" content=\"#000000\" />\n  <link rel=\"shortcut icon\" type=\"image/ico\" href=\"/assets/favicon-bc234827.ico\" />\n  <link href=\"https://fonts.googleapis.com/css?family=Roboto:300,400,500\" rel=\"stylesheet\" />\n  <title>Pentaract UI</title>\n\n  <style>\n    *,\n    html {\n      margin: 0;\n      padding: 0;\n    }\n  </style>\n  <script type=\"module\" crossorigin src=\"/assets/index-58b24b54.js\"></script>\n  <link rel=\"stylesheet\" href=\"/assets/index-a4f6c957.css\">\n</head>\n\n<body>\n  <noscript>Wanna write ur own UI without js?! Go ahead, don't disturb others</noscript>\n  <div id=\"root\"></div>\n\n  \n</body>\n\n</html>\n" columns= [Object, Object, Object, Object, Object, Object]  ... > 
  at <DataTable value="<!DOCTYPE html>\n<html lang=\"en\">\n\n<head>\n  <meta charset=\"utf-8\" />\n  <meta name=\"viewport\" content=\"width=device-width, initial-scale=1\" />\n  <meta name=\"theme-color\" content=\"#000000\" />\n  <link rel=\"shortcut icon\" type=\"image/ico\" href=\"/assets/favicon-bc234827.ico\" />\n  <link href=\"https://fonts.googleapis.com/css?family=Roboto:300,400,500\" rel=\"stylesheet\" />\n  <title>Pentaract UI</title>\n\n  <style>\n    *,\n    html {\n      margin: 0;\n      padding: 0;\n    }\n  </style>\n  <script type=\"module\" crossorigin src=\"/assets/index-58b24b54.js\"></script>\n  <link rel=\"stylesheet\" href=\"/assets/index-a4f6c957.css\">\n</head>\n\n<body>\n  <noscript>Wanna write ur own UI without js?! Go ahead, don't disturb others</noscript>\n  <div id=\"root\"></div>\n\n  \n</body>\n\n</html>\n" loading=false stripedRows=""  ... > 
  at <OrdersView onVnodeUnmounted=fn<onVnodeUnmounted> ref=Ref< Proxy(Object) > > 
  at <RouterView> 
  at <AppLayout onVnodeUnmounted=fn<onVnodeUnmounted> ref=Ref< Proxy(Object) > > 
  at <RouterView> 
  at <App> @ http://localhost:5277/node_modules/@vue/runtime-core/dist/runtime-core.esm-bundler.js:49
[    -548ms] [WARNING] [Vue warn]: Invalid prop: type check failed for prop "rowData". Expected Object, got String with value "!". 
  at <BodyCell key="id" rowData="!" column= {__v_isVNode: true, __v_skip: true, type: Object, props: Object, key: null}  ... > 
  at <BodyRow key=undefined rowData="!" index=1  ... > 
  at <TableBody ref="bodyRef" value="<!DOCTYPE html>\n<htm" class=""  ... > 
  at <VirtualScroller ref="virtualScroller" items="<!DOCTYPE html>\n<html lang=\"en\">\n\n<head>\n  <meta charset=\"utf-8\" />\n  <meta name=\"viewport\" content=\"width=device-width, initial-scale=1\" />\n  <meta name=\"theme-color\" content=\"#000000\" />\n  <link rel=\"shortcut icon\" type=\"image/ico\" href=\"/assets/favicon-bc234827.ico\" />\n  <link href=\"https://fonts.googleapis.com/css?family=Roboto:300,400,500\" rel=\"stylesheet\" />\n  <title>Pentaract UI</title>\n\n  <style>\n    *,\n    html {\n      margin: 0;\n      padding: 0;\n    }\n  </style>\n  <script type=\"module\" crossorigin src=\"/assets/index-58b24b54.js\"></script>\n  <link rel=\"stylesheet\" href=\"/assets/index-a4f6c957.css\">\n</head>\n\n<body>\n  <noscript>Wanna write ur own UI without js?! Go ahead, don't disturb others</noscript>\n  <div id=\"root\"></div>\n\n  \n</body>\n\n</html>\n" columns= [Object, Object, Object, Object, Object, Object]  ... > 
  at <DataTable value="<!DOCTYPE html>\n<html lang=\"en\">\n\n<head>\n  <meta charset=\"utf-8\" />\n  <meta name=\"viewport\" content=\"width=device-width, initial-scale=1\" />\n  <meta name=\"theme-color\" content=\"#000000\" />\n  <link rel=\"shortcut icon\" type=\"image/ico\" href=\"/assets/favicon-bc234827.ico\" />\n  <link href=\"https://fonts.googleapis.com/css?family=Roboto:300,400,500\" rel=\"stylesheet\" />\n  <title>Pentaract UI</title>\n\n  <style>\n    *,\n    html {\n      margin: 0;\n      padding: 0;\n    }\n  </style>\n  <script type=\"module\" crossorigin src=\"/assets/index-58b24b54.js\"></script>\n  <link rel=\"stylesheet\" href=\"/assets/index-a4f6c957.css\">\n</head>\n\n<body>\n  <noscript>Wanna write ur own UI without js?! Go ahead, don't disturb others</noscript>\n  <div id=\"root\"></div>\n\n  \n</body>\n\n</html>\n" loading=false stripedRows=""  ... > 
  at <OrdersView onVnodeUnmounted=fn<onVnodeUnmounted> ref=Ref< Proxy(Object) > > 
  at <RouterView> 
  at <AppLayout onVnodeUnmounted=fn<onVnodeUnmounted> ref=Ref< Proxy(Object) > > 
  at <RouterView> 
  at <App> @ http://localhost:5277/node_modules/@vue/runtime-core/dist/runtime-core.esm-bundler.js:49
[    -545ms] [WARNING] [Vue warn]: Invalid prop: type check failed for prop "rowData". Expected Object, got String with value "!". 
  at <BodyCell key="client_id" rowData="!" column= {__v_isVNode: true, __v_skip: true, type: Object, props: Object, key: null}  ... > 
  at <BodyRow key=undefined rowData="!" index=1  ... > 
  at <TableBody ref="bodyRef" value="<!DOCTYPE html>\n<htm" class=""  ... > 
  at <VirtualScroller ref="virtualScroller" items="<!DOCTYPE html>\n<html lang=\"en\">\n\n<head>\n  <meta charset=\"utf-8\" />\n  <meta name=\"viewport\" content=\"width=device-width, initial-scale=1\" />\n  <meta name=\"theme-color\" content=\"#000000\" />\n  <link rel=\"shortcut icon\" type=\"image/ico\" href=\"/assets/favicon-bc234827.ico\" />\n  <link href=\"https://fonts.googleapis.com/css?family=Roboto:300,400,500\" rel=\"stylesheet\" />\n  <title>Pentaract UI</title>\n\n  <style>\n    *,\n    html {\n      margin: 0;\n      padding: 0;\n    }\n  </style>\n  <script type=\"module\" crossorigin src=\"/assets/index-58b24b54.js\"></script>\n  <link rel=\"stylesheet\" href=\"/assets/index-a4f6c957.css\">\n</head>\n\n<body>\n  <noscript>Wanna write ur own UI without js?! Go ahead, don't disturb others</noscript>\n  <div id=\"root\"></div>\n\n  \n</body>\n\n</html>\n" columns= [Object, Object, Object, Object, Object, Object]  ... > 
  at <DataTable value="<!DOCTYPE html>\n<html lang=\"en\">\n\n<head>\n  <meta charset=\"utf-8\" />\n  <meta name=\"viewport\" content=\"width=device-width, initial-scale=1\" />\n  <meta name=\"theme-color\" content=\"#000000\" />\n  <link rel=\"shortcut icon\" type=\"image/ico\" href=\"/assets/favicon-bc234827.ico\" />\n  <link href=\"https://fonts.googleapis.com/css?family=Roboto:300,400,500\" rel=\"stylesheet\" />\n  <title>Pentaract UI</title>\n\n  <style>\n    *,\n    html {\n      margin: 0;\n      padding: 0;\n    }\n  </style>\n  <script type=\"module\" crossorigin src=\"/assets/index-58b24b54.js\"></script>\n  <link rel=\"stylesheet\" href=\"/assets/index-a4f6c957.css\">\n</head>\n\n<body>\n  <noscript>Wanna write ur own UI without js?! Go ahead, don't disturb others</noscript>\n  <div id=\"root\"></div>\n\n  \n</body>\n\n</html>\n" loading=false stripedRows=""  ... > 
  at <OrdersView onVnodeUnmounted=fn<onVnodeUnmounted> ref=Ref< Proxy(Object) > > 
  at <RouterView> 
  at <AppLayout onVnodeUnmounted=fn<onVnodeUnmounted> ref=Ref< Proxy(Object) > > 
  at <RouterView> 
  at <App> @ http://localhost:5277/node_modules/@vue/runtime-core/dist/runtime-core.esm-bundler.js:49
[    -538ms] [WARNING] [Vue warn]: Invalid prop: type check failed for prop "rowData". Expected Object, got String with value "!". 
  at <BodyCell key="source" rowData="!" column= {__v_isVNode: true, __v_skip: true, type: Object, props: Object, key: null}  ... > 
  at <BodyRow key=undefined rowData="!" index=1  ... > 
  at <TableBody ref="bodyRef" value="<!DOCTYPE html>\n<htm" class=""  ... > 
  at <VirtualScroller ref="virtualScroller" items="<!DOCTYPE html>\n<html lang=\"en\">\n\n<head>\n  <meta charset=\"utf-8\" />\n  <meta name=\"viewport\" content=\"width=device-width, initial-scale=1\" />\n  <meta name=\"theme-color\" content=\"#000000\" />\n  <link rel=\"shortcut icon\" type=\"image/ico\" href=\"/assets/favicon-bc234827.ico\" />\n  <link href=\"https://fonts.googleapis.com/css?family=Roboto:300,400,500\" rel=\"stylesheet\" />\n  <title>Pentaract UI</title>\n\n  <style>\n    *,\n    html {\n      margin: 0;\n      padding: 0;\n    }\n  </style>\n  <script type=\"module\" crossorigin src=\"/assets/index-58b24b54.js\"></script>\n  <link rel=\"stylesheet\" href=\"/assets/index-a4f6c957.css\">\n</head>\n\n<body>\n  <noscript>Wanna write ur own UI without js?! Go ahead, don't disturb others</noscript>\n  <div id=\"root\"></div>\n\n  \n</body>\n\n</html>\n" columns= [Object, Object, Object, Object, Object, Object]  ... > 
  at <DataTable value="<!DOCTYPE html>\n<html lang=\"en\">\n\n<head>\n  <meta charset=\"utf-8\" />\n  <meta name=\"viewport\" content=\"width=device-width, initial-scale=1\" />\n  <meta name=\"theme-color\" content=\"#000000\" />\n  <link rel=\"shortcut icon\" type=\"image/ico\" href=\"/assets/favicon-bc234827.ico\" />\n  <link href=\"https://fonts.googleapis.com/css?family=Roboto:300,400,500\" rel=\"stylesheet\" />\n  <title>Pentaract UI</title>\n\n  <style>\n    *,\n    html {\n      margin: 0;\n      padding: 0;\n    }\n  </style>\n  <script type=\"module\" crossorigin src=\"/assets/index-58b24b54.js\"></script>\n  <link rel=\"stylesheet\" href=\"/assets/index-a4f6c957.css\">\n</head>\n\n<body>\n  <noscript>Wanna write ur own UI without js?! Go ahead, don't disturb others</noscript>\n  <div id=\"root\"></div>\n\n  \n</body>\n\n</html>\n" loading=false stripedRows=""  ... > 
  at <OrdersView onVnodeUnmounted=fn<onVnodeUnmounted> ref=Ref< Proxy(Object) > > 
  at <RouterView> 
  at <AppLayout onVnodeUnmounted=fn<onVnodeUnmounted> ref=Ref< Proxy(Object) > > 
  at <RouterView> 
  at <App> @ http://localhost:5277/node_modules/@vue/runtime-core/dist/runtime-core.esm-bundler.js:49
[    -534ms] [WARNING] [Vue warn]: Invalid prop: type check failed for prop "rowData". Expected Object, got String with value "!". 
  at <BodyCell key="status" rowData="!" column= {__v_isVNode: true, __v_skip: true, type: Object, props: Object, key: null}  ... > 
  at <BodyRow key=undefined rowData="!" index=1  ... > 
  at <TableBody ref="bodyRef" value="<!DOCTYPE html>\n<htm" class=""  ... > 
  at <VirtualScroller ref="virtualScroller" items="<!DOCTYPE html>\n<html lang=\"en\">\n\n<head>\n  <meta charset=\"utf-8\" />\n  <meta name=\"viewport\" content=\"width=device-width, initial-scale=1\" />\n  <meta name=\"theme-color\" content=\"#000000\" />\n  <link rel=\"shortcut icon\" type=\"image/ico\" href=\"/assets/favicon-bc234827.ico\" />\n  <link href=\"https://fonts.googleapis.com/css?family=Roboto:300,400,500\" rel=\"stylesheet\" />\n  <title>Pentaract UI</title>\n\n  <style>\n    *,\n    html {\n      margin: 0;\n      padding: 0;\n    }\n  </style>\n  <script type=\"module\" crossorigin src=\"/assets/index-58b24b54.js\"></script>\n  <link rel=\"stylesheet\" href=\"/assets/index-a4f6c957.css\">\n</head>\n\n<body>\n  <noscript>Wanna write ur own UI without js?! Go ahead, don't disturb others</noscript>\n  <div id=\"root\"></div>\n\n  \n</body>\n\n</html>\n" columns= [Object, Object, Object, Object, Object, Object]  ... > 
  at <DataTable value="<!DOCTYPE html>\n<html lang=\"en\">\n\n<head>\n  <meta charset=\"utf-8\" />\n  <meta name=\"viewport\" content=\"width=device-width, initial-scale=1\" />\n  <meta name=\"theme-color\" content=\"#000000\" />\n  <link rel=\"shortcut icon\" type=\"image/ico\" href=\"/assets/favicon-bc234827.ico\" />\n  <link href=\"https://fonts.googleapis.com/css?family=Roboto:300,400,500\" rel=\"stylesheet\" />\n  <title>Pentaract UI</title>\n\n  <style>\n    *,\n    html {\n      margin: 0;\n      padding: 0;\n    }\n  </style>\n  <script type=\"module\" crossorigin src=\"/assets/index-58b24b54.js\"></script>\n  <link rel=\"stylesheet\" href=\"/assets/index-a4f6c957.css\">\n</head>\n\n<body>\n  <noscript>Wanna write ur own UI without js?! Go ahead, don't disturb others</noscript>\n  <div id=\"root\"></div>\n\n  \n</body>\n\n</html>\n" loading=false stripedRows=""  ... > 
  at <OrdersView onVnodeUnmounted=fn<onVnodeUnmounted> ref=Ref< Proxy(Object) > > 
  at <RouterView> 
  at <AppLayout onVnodeUnmounted=fn<onVnodeUnmounted> ref=Ref< Proxy(Object) > > 
  at <RouterView> 
  at <App> @ http://localhost:5277/node_modules/@vue/runtime-core/dist/runtime-core.esm-bundler.js:49
[    -530ms] [WARNING] [Vue warn]: Invalid prop: type check failed for prop "rowData". Expected Object, got String with value "!". 
  at <BodyCell key="created_at" rowData="!" column= {__v_isVNode: true, __v_skip: true, type: Object, props: Object, key: null}  ... > 
  at <BodyRow key=undefined rowData="!" index=1  ... > 
  at <TableBody ref="bodyRef" value="<!DOCTYPE html>\n<htm" class=""  ... > 
  at <VirtualScroller ref="virtualScroller" items="<!DOCTYPE html>\n<html lang=\"en\">\n\n<head>\n  <meta charset=\"utf-8\" />\n  <meta name=\"viewport\" content=\"width=device-width, initial-scale=1\" />\n  <meta name=\"theme-color\" content=\"#000000\" />\n  <link rel=\"shortcut icon\" type=\"image/ico\" href=\"/assets/favicon-bc234827.ico\" />\n  <link href=\"https://fonts.googleapis.com/css?family=Roboto:300,400,500\" rel=\"stylesheet\" />\n  <title>Pentaract UI</title>\n\n  <style>\n    *,\n    html {\n      margin: 0;\n      padding: 0;\n    }\n  </style>\n  <script type=\"module\" crossorigin src=\"/assets/index-58b24b54.js\"></script>\n  <link rel=\"stylesheet\" href=\"/assets/index-a4f6c957.css\">\n</head>\n\n<body>\n  <noscript>Wanna write ur own UI without js?! Go ahead, don't disturb others</noscript>\n  <div id=\"root\"></div>\n\n  \n</body>\n\n</html>\n" columns= [Object, Object, Object, Object, Object, Object]  ... > 
  at <DataTable value="<!DOCTYPE html>\n<html lang=\"en\">\n\n<head>\n  <meta charset=\"utf-8\" />\n  <meta name=\"viewport\" content=\"width=device-width, initial-scale=1\" />\n  <meta name=\"theme-color\" content=\"#000000\" />\n  <link rel=\"shortcut icon\" type=\"image/ico\" href=\"/assets/favicon-bc234827.ico\" />\n  <link href=\"https://fonts.googleapis.com/css?family=Roboto:300,400,500\" rel=\"stylesheet\" />\n  <title>Pentaract UI</title>\n\n  <style>\n    *,\n    html {\n      margin: 0;\n      padding: 0;\n    }\n  </style>\n  <script type=\"module\" crossorigin src=\"/assets/index-58b24b54.js\"></script>\n  <link rel=\"stylesheet\" href=\"/assets/index-a4f6c957.css\">\n</head>\n\n<body>\n  <noscript>Wanna write ur own UI without js?! Go ahead, don't disturb others</noscript>\n  <div id=\"root\"></div>\n\n  \n</body>\n\n</html>\n" loading=false stripedRows=""  ... > 
  at <OrdersView onVnodeUnmounted=fn<onVnodeUnmounted> ref=Ref< Proxy(Object) > > 
  at <RouterView> 
  at <AppLayout onVnodeUnmounted=fn<onVnodeUnmounted> ref=Ref< Proxy(Object) > > 
  at <RouterView> 
  at <App> @ http://localhost:5277/node_modules/@vue/runtime-core/dist/runtime-core.esm-bundler.js:49
[    -525ms] [WARNING] [Vue warn]: Invalid prop: type check failed for prop "rowData". Expected Object, got String with value "!". 
  at <BodyCell key=5 rowData="!" column= {__v_isVNode: true, __v_skip: true, type: Object, props: Object, key: null}  ... > 
  at <BodyRow key=undefined rowData="!" index=1  ... > 
  at <TableBody ref="bodyRef" value="<!DOCTYPE html>\n<htm" class=""  ... > 
  at <VirtualScroller ref="virtualScroller" items="<!DOCTYPE html>\n<html lang=\"en\">\n\n<head>\n  <meta charset=\"utf-8\" />\n  <meta name=\"viewport\" content=\"width=device-width, initial-scale=1\" />\n  <meta name=\"theme-color\" content=\"#000000\" />\n  <link rel=\"shortcut icon\" type=\"image/ico\" href=\"/assets/favicon-bc234827.ico\" />\n  <link href=\"https://fonts.googleapis.com/css?family=Roboto:300,400,500\" rel=\"stylesheet\" />\n  <title>Pentaract UI</title>\n\n  <style>\n    *,\n    html {\n      margin: 0;\n      padding: 0;\n    }\n  </style>\n  <script type=\"module\" crossorigin src=\"/assets/index-58b24b54.js\"></script>\n  <link rel=\"stylesheet\" href=\"/assets/index-a4f6c957.css\">\n</head>\n\n<body>\n  <noscript>Wanna write ur own UI without js?! Go ahead, don't disturb others</noscript>\n  <div id=\"root\"></div>\n\n  \n</body>\n\n</html>\n" columns= [Object, Object, Object, Object, Object, Object]  ... > 
  at <DataTable value="<!DOCTYPE html>\n<html lang=\"en\">\n\n<head>\n  <meta charset=\"utf-8\" />\n  <meta name=\"viewport\" content=\"width=device-width, initial-scale=1\" />\n  <meta name=\"theme-color\" content=\"#000000\" />\n  <link rel=\"shortcut icon\" type=\"image/ico\" href=\"/assets/favicon-bc234827.ico\" />\n  <link href=\"https://fonts.googleapis.com/css?family=Roboto:300,400,500\" rel=\"stylesheet\" />\n  <title>Pentaract UI</title>\n\n  <style>\n    *,\n    html {\n      margin: 0;\n      padding: 0;\n    }\n  </style>\n  <script type=\"module\" crossorigin src=\"/assets/index-58b24b54.js\"></script>\n  <link rel=\"stylesheet\" href=\"/assets/index-a4f6c957.css\">\n</head>\n\n<body>\n  <noscript>Wanna write ur own UI without js?! Go ahead, don't disturb others</noscript>\n  <div id=\"root\"></div>\n\n  \n</body>\n\n</html>\n" loading=false stripedRows=""  ... > 
  at <OrdersView onVnodeUnmounted=fn<onVnodeUnmounted> ref=Ref< Proxy(Object) > > 
  at <RouterView> 
  at <AppLayout onVnodeUnmounted=fn<onVnodeUnmounted> ref=Ref< Proxy(Object) > > 
  at <RouterView> 
  at <App> @ http://localhost:5277/node_modules/@vue/runtime-core/dist/runtime-core.esm-bundler.js:49
[    -511ms] [WARNING] [Vue warn]: Invalid prop: type check failed for prop "rowData". Expected Object, got String with value "D". 
  at <BodyRow key=undefined rowData="D" index=2  ... > 
  at <TableBody ref="bodyRef" value="<!DOCTYPE html>\n<htm" class=""  ... > 
  at <VirtualScroller ref="virtualScroller" items="<!DOCTYPE html>\n<html lang=\"en\">\n\n<head>\n  <meta charset=\"utf-8\" />\n  <meta name=\"viewport\" content=\"width=device-width, initial-scale=1\" />\n  <meta name=\"theme-color\" content=\"#000000\" />\n  <link rel=\"shortcut icon\" type=\"image/ico\" href=\"/assets/favicon-bc234827.ico\" />\n  <link href=\"https://fonts.googleapis.com/css?family=Roboto:300,400,500\" rel=\"stylesheet\" />\n  <title>Pentaract UI</title>\n\n  <style>\n    *,\n    html {\n      margin: 0;\n      padding: 0;\n    }\n  </style>\n  <script type=\"module\" crossorigin src=\"/assets/index-58b24b54.js\"></script>\n  <link rel=\"stylesheet\" href=\"/assets/index-a4f6c957.css\">\n</head>\n\n<body>\n  <noscript>Wanna write ur own UI without js?! Go ahead, don't disturb others</noscript>\n  <div id=\"root\"></div>\n\n  \n</body>\n\n</html>\n" columns= [Object, Object, Object, Object, Object, Object]  ... > 
  at <DataTable value="<!DOCTYPE html>\n<html lang=\"en\">\n\n<head>\n  <meta charset=\"utf-8\" />\n  <meta name=\"viewport\" content=\"width=device-width, initial-scale=1\" />\n  <meta name=\"theme-color\" content=\"#000000\" />\n  <link rel=\"shortcut icon\" type=\"image/ico\" href=\"/assets/favicon-bc234827.ico\" />\n  <link href=\"https://fonts.googleapis.com/css?family=Roboto:300,400,500\" rel=\"stylesheet\" />\n  <title>Pentaract UI</title>\n\n  <style>\n    *,\n    html {\n      margin: 0;\n      padding: 0;\n    }\n  </style>\n  <script type=\"module\" crossorigin src=\"/assets/index-58b24b54.js\"></script>\n  <link rel=\"stylesheet\" href=\"/assets/index-a4f6c957.css\">\n</head>\n\n<body>\n  <noscript>Wanna write ur own UI without js?! Go ahead, don't disturb others</noscript>\n  <div id=\"root\"></div>\n\n  \n</body>\n\n</html>\n" loading=false stripedRows=""  ... > 
  at <OrdersView onVnodeUnmounted=fn<onVnodeUnmounted> ref=Ref< Proxy(Object) > > 
  at <RouterView> 
  at <AppLayout onVnodeUnmounted=fn<onVnodeUnmounted> ref=Ref< Proxy(Object) > > 
  at <RouterView> 
  at <App> @ http://localhost:5277/node_modules/@vue/runtime-core/dist/runtime-core.esm-bundler.js:49
[    -510ms] [WARNING] [Vue warn]: Invalid prop: type check failed for prop "value". Expected Array, got String with value "<!DOCTYPE html>
<htm". 
  at <BodyRow key=undefined rowData="D" index=2  ... > 
  at <TableBody ref="bodyRef" value="<!DOCTYPE html>\n<htm" class=""  ... > 
  at <VirtualScroller ref="virtualScroller" items="<!DOCTYPE html>\n<html lang=\"en\">\n\n<head>\n  <meta charset=\"utf-8\" />\n  <meta name=\"viewport\" content=\"width=device-width, initial-scale=1\" />\n  <meta name=\"theme-color\" content=\"#000000\" />\n  <link rel=\"shortcut icon\" type=\"image/ico\" href=\"/assets/favicon-bc234827.ico\" />\n  <link href=\"https://fonts.googleapis.com/css?family=Roboto:300,400,500\" rel=\"stylesheet\" />\n  <title>Pentaract UI</title>\n\n  <style>\n    *,\n    html {\n      margin: 0;\n      padding: 0;\n    }\n  </style>\n  <script type=\"module\" crossorigin src=\"/assets/index-58b24b54.js\"></script>\n  <link rel=\"stylesheet\" href=\"/assets/index-a4f6c957.css\">\n</head>\n\n<body>\n  <noscript>Wanna write ur own UI without js?! Go ahead, don't disturb others</noscript>\n  <div id=\"root\"></div>\n\n  \n</body>\n\n</html>\n" columns= [Object, Object, Object, Object, Object, Object]  ... > 
  at <DataTable value="<!DOCTYPE html>\n<html lang=\"en\">\n\n<head>\n  <meta charset=\"utf-8\" />\n  <meta name=\"viewport\" content=\"width=device-width, initial-scale=1\" />\n  <meta name=\"theme-color\" content=\"#000000\" />\n  <link rel=\"shortcut icon\" type=\"image/ico\" href=\"/assets/favicon-bc234827.ico\" />\n  <link href=\"https://fonts.googleapis.com/css?family=Roboto:300,400,500\" rel=\"stylesheet\" />\n  <title>Pentaract UI</title>\n\n  <style>\n    *,\n    html {\n      margin: 0;\n      padding: 0;\n    }\n  </style>\n  <script type=\"module\" crossorigin src=\"/assets/index-58b24b54.js\"></script>\n  <link rel=\"stylesheet\" href=\"/assets/index-a4f6c957.css\">\n</head>\n\n<body>\n  <noscript>Wanna write ur own UI without js?! Go ahead, don't disturb others</noscript>\n  <div id=\"root\"></div>\n\n  \n</body>\n\n</html>\n" loading=false stripedRows=""  ... > 
  at <OrdersView onVnodeUnmounted=fn<onVnodeUnmounted> ref=Ref< Proxy(Object) > > 
  at <RouterView> 
  at <AppLayout onVnodeUnmounted=fn<onVnodeUnmounted> ref=Ref< Proxy(Object) > > 
  at <RouterView> 
  at <App> @ http://localhost:5277/node_modules/@vue/runtime-core/dist/runtime-core.esm-bundler.js:49
[    -507ms] [WARNING] [Vue warn]: Invalid prop: type check failed for prop "rowData". Expected Object, got String with value "D". 
  at <BodyCell key="id" rowData="D" column= {__v_isVNode: true, __v_skip: true, type: Object, props: Object, key: null}  ... > 
  at <BodyRow key=undefined rowData="D" index=2  ... > 
  at <TableBody ref="bodyRef" value="<!DOCTYPE html>\n<htm" class=""  ... > 
  at <VirtualScroller ref="virtualScroller" items="<!DOCTYPE html>\n<html lang=\"en\">\n\n<head>\n  <meta charset=\"utf-8\" />\n  <meta name=\"viewport\" content=\"width=device-width, initial-scale=1\" />\n  <meta name=\"theme-color\" content=\"#000000\" />\n  <link rel=\"shortcut icon\" type=\"image/ico\" href=\"/assets/favicon-bc234827.ico\" />\n  <link href=\"https://fonts.googleapis.com/css?family=Roboto:300,400,500\" rel=\"stylesheet\" />\n  <title>Pentaract UI</title>\n\n  <style>\n    *,\n    html {\n      margin: 0;\n      padding: 0;\n    }\n  </style>\n  <script type=\"module\" crossorigin src=\"/assets/index-58b24b54.js\"></script>\n  <link rel=\"stylesheet\" href=\"/assets/index-a4f6c957.css\">\n</head>\n\n<body>\n  <noscript>Wanna write ur own UI without js?! Go ahead, don't disturb others</noscript>\n  <div id=\"root\"></div>\n\n  \n</body>\n\n</html>\n" columns= [Object, Object, Object, Object, Object, Object]  ... > 
  at <DataTable value="<!DOCTYPE html>\n<html lang=\"en\">\n\n<head>\n  <meta charset=\"utf-8\" />\n  <meta name=\"viewport\" content=\"width=device-width, initial-scale=1\" />\n  <meta name=\"theme-color\" content=\"#000000\" />\n  <link rel=\"shortcut icon\" type=\"image/ico\" href=\"/assets/favicon-bc234827.ico\" />\n  <link href=\"https://fonts.googleapis.com/css?family=Roboto:300,400,500\" rel=\"stylesheet\" />\n  <title>Pentaract UI</title>\n\n  <style>\n    *,\n    html {\n      margin: 0;\n      padding: 0;\n    }\n  </style>\n  <script type=\"module\" crossorigin src=\"/assets/index-58b24b54.js\"></script>\n  <link rel=\"stylesheet\" href=\"/assets/index-a4f6c957.css\">\n</head>\n\n<body>\n  <noscript>Wanna write ur own UI without js?! Go ahead, don't disturb others</noscript>\n  <div id=\"root\"></div>\n\n  \n</body>\n\n</html>\n" loading=false stripedRows=""  ... > 
  at <OrdersView onVnodeUnmounted=fn<onVnodeUnmounted> ref=Ref< Proxy(Object) > > 
  at <RouterView> 
  at <AppLayout onVnodeUnmounted=fn<onVnodeUnmounted> ref=Ref< Proxy(Object) > > 
  at <RouterView> 
  at <App> @ http://localhost:5277/node_modules/@vue/runtime-core/dist/runtime-core.esm-bundler.js:49
[    -505ms] [WARNING] [Vue warn]: Invalid prop: type check failed for prop "rowData". Expected Object, got String with value "D". 
  at <BodyCell key="client_id" rowData="D" column= {__v_isVNode: true, __v_skip: true, type: Object, props: Object, key: null}  ... > 
  at <BodyRow key=undefined rowData="D" index=2  ... > 
  at <TableBody ref="bodyRef" value="<!DOCTYPE html>\n<htm" class=""  ... > 
  at <VirtualScroller ref="virtualScroller" items="<!DOCTYPE html>\n<html lang=\"en\">\n\n<head>\n  <meta charset=\"utf-8\" />\n  <meta name=\"viewport\" content=\"width=device-width, initial-scale=1\" />\n  <meta name=\"theme-color\" content=\"#000000\" />\n  <link rel=\"shortcut icon\" type=\"image/ico\" href=\"/assets/favicon-bc234827.ico\" />\n  <link href=\"https://fonts.googleapis.com/css?family=Roboto:300,400,500\" rel=\"stylesheet\" />\n  <title>Pentaract UI</title>\n\n  <style>\n    *,\n    html {\n      margin: 0;\n      padding: 0;\n    }\n  </style>\n  <script type=\"module\" crossorigin src=\"/assets/index-58b24b54.js\"></script>\n  <link rel=\"stylesheet\" href=\"/assets/index-a4f6c957.css\">\n</head>\n\n<body>\n  <noscript>Wanna write ur own UI without js?! Go ahead, don't disturb others</noscript>\n  <div id=\"root\"></div>\n\n  \n</body>\n\n</html>\n" columns= [Object, Object, Object, Object, Object, Object]  ... > 
  at <DataTable value="<!DOCTYPE html>\n<html lang=\"en\">\n\n<head>\n  <meta charset=\"utf-8\" />\n  <meta name=\"viewport\" content=\"width=device-width, initial-scale=1\" />\n  <meta name=\"theme-color\" content=\"#000000\" />\n  <link rel=\"shortcut icon\" type=\"image/ico\" href=\"/assets/favicon-bc234827.ico\" />\n  <link href=\"https://fonts.googleapis.com/css?family=Roboto:300,400,500\" rel=\"stylesheet\" />\n  <title>Pentaract UI</title>\n\n  <style>\n    *,\n    html {\n      margin: 0;\n      padding: 0;\n    }\n  </style>\n  <script type=\"module\" crossorigin src=\"/assets/index-58b24b54.js\"></script>\n  <link rel=\"stylesheet\" href=\"/assets/index-a4f6c957.css\">\n</head>\n\n<body>\n  <noscript>Wanna write ur own UI without js?! Go ahead, don't disturb others</noscript>\n  <div id=\"root\"></div>\n\n  \n</body>\n\n</html>\n" loading=false stripedRows=""  ... > 
  at <OrdersView onVnodeUnmounted=fn<onVnodeUnmounted> ref=Ref< Proxy(Object) > > 
  at <RouterView> 
  at <AppLayout onVnodeUnmounted=fn<onVnodeUnmounted> ref=Ref< Proxy(Object) > > 
  at <RouterView> 
  at <App> @ http://localhost:5277/node_modules/@vue/runtime-core/dist/runtime-core.esm-bundler.js:49
[    -502ms] [WARNING] [Vue warn]: Invalid prop: type check failed for prop "rowData". Expected Object, got String with value "D". 
  at <BodyCell key="source" rowData="D" column= {__v_isVNode: true, __v_skip: true, type: Object, props: Object, key: null}  ... > 
  at <BodyRow key=undefined rowData="D" index=2  ... > 
  at <TableBody ref="bodyRef" value="<!DOCTYPE html>\n<htm" class=""  ... > 
  at <VirtualScroller ref="virtualScroller" items="<!DOCTYPE html>\n<html lang=\"en\">\n\n<head>\n  <meta charset=\"utf-8\" />\n  <meta name=\"viewport\" content=\"width=device-width, initial-scale=1\" />\n  <meta name=\"theme-color\" content=\"#000000\" />\n  <link rel=\"shortcut icon\" type=\"image/ico\" href=\"/assets/favicon-bc234827.ico\" />\n  <link href=\"https://fonts.googleapis.com/css?family=Roboto:300,400,500\" rel=\"stylesheet\" />\n  <title>Pentaract UI</title>\n\n  <style>\n    *,\n    html {\n      margin: 0;\n      padding: 0;\n    }\n  </style>\n  <script type=\"module\" crossorigin src=\"/assets/index-58b24b54.js\"></script>\n  <link rel=\"stylesheet\" href=\"/assets/index-a4f6c957.css\">\n</head>\n\n<body>\n  <noscript>Wanna write ur own UI without js?! Go ahead, don't disturb others</noscript>\n  <div id=\"root\"></div>\n\n  \n</body>\n\n</html>\n" columns= [Object, Object, Object, Object, Object, Object]  ... > 
  at <DataTable value="<!DOCTYPE html>\n<html lang=\"en\">\n\n<head>\n  <meta charset=\"utf-8\" />\n  <meta name=\"viewport\" content=\"width=device-width, initial-scale=1\" />\n  <meta name=\"theme-color\" content=\"#000000\" />\n  <link rel=\"shortcut icon\" type=\"image/ico\" href=\"/assets/favicon-bc234827.ico\" />\n  <link href=\"https://fonts.googleapis.com/css?family=Roboto:300,400,500\" rel=\"stylesheet\" />\n  <title>Pentaract UI</title>\n\n  <style>\n    *,\n    html {\n      margin: 0;\n      padding: 0;\n    }\n  </style>\n  <script type=\"module\" crossorigin src=\"/assets/index-58b24b54.js\"></script>\n  <link rel=\"stylesheet\" href=\"/assets/index-a4f6c957.css\">\n</head>\n\n<body>\n  <noscript>Wanna write ur own UI without js?! Go ahead, don't disturb others</noscript>\n  <div id=\"root\"></div>\n\n  \n</body>\n\n</html>\n" loading=false stripedRows=""  ... > 
  at <OrdersView onVnodeUnmounted=fn<onVnodeUnmounted> ref=Ref< Proxy(Object) > > 
  at <RouterView> 
  at <AppLayout onVnodeUnmounted=fn<onVnodeUnmounted> ref=Ref< Proxy(Object) > > 
  at <RouterView> 
  at <App> @ http://localhost:5277/node_modules/@vue/runtime-core/dist/runtime-core.esm-bundler.js:49
[    -499ms] [WARNING] [Vue warn]: Invalid prop: type check failed for prop "rowData". Expected Object, got String with value "D". 
  at <BodyCell key="status" rowData="D" column= {__v_isVNode: true, __v_skip: true, type: Object, props: Object, key: null}  ... > 
  at <BodyRow key=undefined rowData="D" index=2  ... > 
  at <TableBody ref="bodyRef" value="<!DOCTYPE html>\n<htm" class=""  ... > 
  at <VirtualScroller ref="virtualScroller" items="<!DOCTYPE html>\n<html lang=\"en\">\n\n<head>\n  <meta charset=\"utf-8\" />\n  <meta name=\"viewport\" content=\"width=device-width, initial-scale=1\" />\n  <meta name=\"theme-color\" content=\"#000000\" />\n  <link rel=\"shortcut icon\" type=\"image/ico\" href=\"/assets/favicon-bc234827.ico\" />\n  <link href=\"https://fonts.googleapis.com/css?family=Roboto:300,400,500\" rel=\"stylesheet\" />\n  <title>Pentaract UI</title>\n\n  <style>\n    *,\n    html {\n      margin: 0;\n      padding: 0;\n    }\n  </style>\n  <script type=\"module\" crossorigin src=\"/assets/index-58b24b54.js\"></script>\n  <link rel=\"stylesheet\" href=\"/assets/index-a4f6c957.css\">\n</head>\n\n<body>\n  <noscript>Wanna write ur own UI without js?! Go ahead, don't disturb others</noscript>\n  <div id=\"root\"></div>\n\n  \n</body>\n\n</html>\n" columns= [Object, Object, Object, Object, Object, Object]  ... > 
  at <DataTable value="<!DOCTYPE html>\n<html lang=\"en\">\n\n<head>\n  <meta charset=\"utf-8\" />\n  <meta name=\"viewport\" content=\"width=device-width, initial-scale=1\" />\n  <meta name=\"theme-color\" content=\"#000000\" />\n  <link rel=\"shortcut icon\" type=\"image/ico\" href=\"/assets/favicon-bc234827.ico\" />\n  <link href=\"https://fonts.googleapis.com/css?family=Roboto:300,400,500\" rel=\"stylesheet\" />\n  <title>Pentaract UI</title>\n\n  <style>\n    *,\n    html {\n      margin: 0;\n      padding: 0;\n    }\n  </style>\n  <script type=\"module\" crossorigin src=\"/assets/index-58b24b54.js\"></script>\n  <link rel=\"stylesheet\" href=\"/assets/index-a4f6c957.css\">\n</head>\n\n<body>\n  <noscript>Wanna write ur own UI without js?! Go ahead, don't disturb others</noscript>\n  <div id=\"root\"></div>\n\n  \n</body>\n\n</html>\n" loading=false stripedRows=""  ... > 
  at <OrdersView onVnodeUnmounted=fn<onVnodeUnmounted> ref=Ref< Proxy(Object) > > 
  at <RouterView> 
  at <AppLayout onVnodeUnmounted=fn<onVnodeUnmounted> ref=Ref< Proxy(Object) > > 
  at <RouterView> 
  at <App> @ http://localhost:5277/node_modules/@vue/runtime-core/dist/runtime-core.esm-bundler.js:49
[    -494ms] [WARNING] [Vue warn]: Invalid prop: type check failed for prop "rowData". Expected Object, got String with value "D". 
  at <BodyCell key="created_at" rowData="D" column= {__v_isVNode: true, __v_skip: true, type: Object, props: Object, key: null}  ... > 
  at <BodyRow key=undefined rowData="D" index=2  ... > 
  at <TableBody ref="bodyRef" value="<!DOCTYPE html>\n<htm" class=""  ... > 
  at <VirtualScroller ref="virtualScroller" items="<!DOCTYPE html>\n<html lang=\"en\">\n\n<head>\n  <meta charset=\"utf-8\" />\n  <meta name=\"viewport\" content=\"width=device-width, initial-scale=1\" />\n  <meta name=\"theme-color\" content=\"#000000\" />\n  <link rel=\"shortcut icon\" type=\"image/ico\" href=\"/assets/favicon-bc234827.ico\" />\n  <link href=\"https://fonts.googleapis.com/css?family=Roboto:300,400,500\" rel=\"stylesheet\" />\n  <title>Pentaract UI</title>\n\n  <style>\n    *,\n    html {\n      margin: 0;\n      padding: 0;\n    }\n  </style>\n  <script type=\"module\" crossorigin src=\"/assets/index-58b24b54.js\"></script>\n  <link rel=\"stylesheet\" href=\"/assets/index-a4f6c957.css\">\n</head>\n\n<body>\n  <noscript>Wanna write ur own UI without js?! Go ahead, don't disturb others</noscript>\n  <div id=\"root\"></div>\n\n  \n</body>\n\n</html>\n" columns= [Object, Object, Object, Object, Object, Object]  ... > 
  at <DataTable value="<!DOCTYPE html>\n<html lang=\"en\">\n\n<head>\n  <meta charset=\"utf-8\" />\n  <meta name=\"viewport\" content=\"width=device-width, initial-scale=1\" />\n  <meta name=\"theme-color\" content=\"#000000\" />\n  <link rel=\"shortcut icon\" type=\"image/ico\" href=\"/assets/favicon-bc234827.ico\" />\n  <link href=\"https://fonts.googleapis.com/css?family=Roboto:300,400,500\" rel=\"stylesheet\" />\n  <title>Pentaract UI</title>\n\n  <style>\n    *,\n    html {\n      margin: 0;\n      padding: 0;\n    }\n  </style>\n  <script type=\"module\" crossorigin src=\"/assets/index-58b24b54.js\"></script>\n  <link rel=\"stylesheet\" href=\"/assets/index-a4f6c957.css\">\n</head>\n\n<body>\n  <noscript>Wanna write ur own UI without js?! Go ahead, don't disturb others</noscript>\n  <div id=\"root\"></div>\n\n  \n</body>\n\n</html>\n" loading=false stripedRows=""  ... > 
  at <OrdersView onVnodeUnmounted=fn<onVnodeUnmounted> ref=Ref< Proxy(Object) > > 
  at <RouterView> 
  at <AppLayout onVnodeUnmounted=fn<onVnodeUnmounted> ref=Ref< Proxy(Object) > > 
  at <RouterView> 
  at <App> @ http://localhost:5277/node_modules/@vue/runtime-core/dist/runtime-core.esm-bundler.js:49
[    -491ms] [WARNING] [Vue warn]: Invalid prop: type check failed for prop "rowData". Expected Object, got String with value "D". 
  at <BodyCell key=5 rowData="D" column= {__v_isVNode: true, __v_skip: true, type: Object, props: Object, key: null}  ... > 
  at <BodyRow key=undefined rowData="D" index=2  ... > 
  at <TableBody ref="bodyRef" value="<!DOCTYPE html>\n<htm" class=""  ... > 
  at <VirtualScroller ref="virtualScroller" items="<!DOCTYPE html>\n<html lang=\"en\">\n\n<head>\n  <meta charset=\"utf-8\" />\n  <meta name=\"viewport\" content=\"width=device-width, initial-scale=1\" />\n  <meta name=\"theme-color\" content=\"#000000\" />\n  <link rel=\"shortcut icon\" type=\"image/ico\" href=\"/assets/favicon-bc234827.ico\" />\n  <link href=\"https://fonts.googleapis.com/css?family=Roboto:300,400,500\" rel=\"stylesheet\" />\n  <title>Pentaract UI</title>\n\n  <style>\n    *,\n    html {\n      margin: 0;\n      padding: 0;\n    }\n  </style>\n  <script type=\"module\" crossorigin src=\"/assets/index-58b24b54.js\"></script>\n  <link rel=\"stylesheet\" href=\"/assets/index-a4f6c957.css\">\n</head>\n\n<body>\n  <noscript>Wanna write ur own UI without js?! Go ahead, don't disturb others</noscript>\n  <div id=\"root\"></div>\n\n  \n</body>\n\n</html>\n" columns= [Object, Object, Object, Object, Object, Object]  ... > 
  at <DataTable value="<!DOCTYPE html>\n<html lang=\"en\">\n\n<head>\n  <meta charset=\"utf-8\" />\n  <meta name=\"viewport\" content=\"width=device-width, initial-scale=1\" />\n  <meta name=\"theme-color\" content=\"#000000\" />\n  <link rel=\"shortcut icon\" type=\"image/ico\" href=\"/assets/favicon-bc234827.ico\" />\n  <link href=\"https://fonts.googleapis.com/css?family=Roboto:300,400,500\" rel=\"stylesheet\" />\n  <title>Pentaract UI</title>\n\n  <style>\n    *,\n    html {\n      margin: 0;\n      padding: 0;\n    }\n  </style>\n  <script type=\"module\" crossorigin src=\"/assets/index-58b24b54.js\"></script>\n  <link rel=\"stylesheet\" href=\"/assets/index-a4f6c957.css\">\n</head>\n\n<body>\n  <noscript>Wanna write ur own UI without js?! Go ahead, don't disturb others</noscript>\n  <div id=\"root\"></div>\n\n  \n</body>\n\n</html>\n" loading=false stripedRows=""  ... > 
  at <OrdersView onVnodeUnmounted=fn<onVnodeUnmounted> ref=Ref< Proxy(Object) > > 
  at <RouterView> 
  at <AppLayout onVnodeUnmounted=fn<onVnodeUnmounted> ref=Ref< Proxy(Object) > > 
  at <RouterView> 
  at <App> @ http://localhost:5277/node_modules/@vue/runtime-core/dist/runtime-core.esm-bundler.js:49
[    -486ms] [WARNING] [Vue warn]: Invalid prop: type check failed for prop "rowData". Expected Object, got String with value "O". 
  at <BodyRow key=undefined rowData="O" index=3  ... > 
  at <TableBody ref="bodyRef" value="<!DOCTYPE html>\n<htm" class=""  ... > 
  at <VirtualScroller ref="virtualScroller" items="<!DOCTYPE html>\n<html lang=\"en\">\n\n<head>\n  <meta charset=\"utf-8\" />\n  <meta name=\"viewport\" content=\"width=device-width, initial-scale=1\" />\n  <meta name=\"theme-color\" content=\"#000000\" />\n  <link rel=\"shortcut icon\" type=\"image/ico\" href=\"/assets/favicon-bc234827.ico\" />\n  <link href=\"https://fonts.googleapis.com/css?family=Roboto:300,400,500\" rel=\"stylesheet\" />\n  <title>Pentaract UI</title>\n\n  <style>\n    *,\n    html {\n      margin: 0;\n      padding: 0;\n    }\n  </style>\n  <script type=\"module\" crossorigin src=\"/assets/index-58b24b54.js\"></script>\n  <link rel=\"stylesheet\" href=\"/assets/index-a4f6c957.css\">\n</head>\n\n<body>\n  <noscript>Wanna write ur own UI without js?! Go ahead, don't disturb others</noscript>\n  <div id=\"root\"></div>\n\n  \n</body>\n\n</html>\n" columns= [Object, Object, Object, Object, Object, Object]  ... > 
  at <DataTable value="<!DOCTYPE html>\n<html lang=\"en\">\n\n<head>\n  <meta charset=\"utf-8\" />\n  <meta name=\"viewport\" content=\"width=device-width, initial-scale=1\" />\n  <meta name=\"theme-color\" content=\"#000000\" />\n  <link rel=\"shortcut icon\" type=\"image/ico\" href=\"/assets/favicon-bc234827.ico\" />\n  <link href=\"https://fonts.googleapis.com/css?family=Roboto:300,400,500\" rel=\"stylesheet\" />\n  <title>Pentaract UI</title>\n\n  <style>\n    *,\n    html {\n      margin: 0;\n      padding: 0;\n    }\n  </style>\n  <script type=\"module\" crossorigin src=\"/assets/index-58b24b54.js\"></script>\n  <link rel=\"stylesheet\" href=\"/assets/index-a4f6c957.css\">\n</head>\n\n<body>\n  <noscript>Wanna write ur own UI without js?! Go ahead, don't disturb others</noscript>\n  <div id=\"root\"></div>\n\n  \n</body>\n\n</html>\n" loading=false stripedRows=""  ... > 
  at <OrdersView onVnodeUnmounted=fn<onVnodeUnmounted> ref=Ref< Proxy(Object) > > 
  at <RouterView> 
  at <AppLayout onVnodeUnmounted=fn<onVnodeUnmounted> ref=Ref< Proxy(Object) > > 
  at <RouterView> 
  at <App> @ http://localhost:5277/node_modules/@vue/runtime-core/dist/runtime-core.esm-bundler.js:49
[    -485ms] [WARNING] [Vue warn]: Invalid prop: type check failed for prop "value". Expected Array, got String with value "<!DOCTYPE html>
<htm". 
  at <BodyRow key=undefined rowData="O" index=3  ... > 
  at <TableBody ref="bodyRef" value="<!DOCTYPE html>\n<htm" class=""  ... > 
  at <VirtualScroller ref="virtualScroller" items="<!DOCTYPE html>\n<html lang=\"en\">\n\n<head>\n  <meta charset=\"utf-8\" />\n  <meta name=\"viewport\" content=\"width=device-width, initial-scale=1\" />\n  <meta name=\"theme-color\" content=\"#000000\" />\n  <link rel=\"shortcut icon\" type=\"image/ico\" href=\"/assets/favicon-bc234827.ico\" />\n  <link href=\"https://fonts.googleapis.com/css?family=Roboto:300,400,500\" rel=\"stylesheet\" />\n  <title>Pentaract UI</title>\n\n  <style>\n    *,\n    html {\n      margin: 0;\n      padding: 0;\n    }\n  </style>\n  <script type=\"module\" crossorigin src=\"/assets/index-58b24b54.js\"></script>\n  <link rel=\"stylesheet\" href=\"/assets/index-a4f6c957.css\">\n</head>\n\n<body>\n  <noscript>Wanna write ur own UI without js?! Go ahead, don't disturb others</noscript>\n  <div id=\"root\"></div>\n\n  \n</body>\n\n</html>\n" columns= [Object, Object, Object, Object, Object, Object]  ... > 
  at <DataTable value="<!DOCTYPE html>\n<html lang=\"en\">\n\n<head>\n  <meta charset=\"utf-8\" />\n  <meta name=\"viewport\" content=\"width=device-width, initial-scale=1\" />\n  <meta name=\"theme-color\" content=\"#000000\" />\n  <link rel=\"shortcut icon\" type=\"image/ico\" href=\"/assets/favicon-bc234827.ico\" />\n  <link href=\"https://fonts.googleapis.com/css?family=Roboto:300,400,500\" rel=\"stylesheet\" />\n  <title>Pentaract UI</title>\n\n  <style>\n    *,\n    html {\n      margin: 0;\n      padding: 0;\n    }\n  </style>\n  <script type=\"module\" crossorigin src=\"/assets/index-58b24b54.js\"></script>\n  <link rel=\"stylesheet\" href=\"/assets/index-a4f6c957.css\">\n</head>\n\n<body>\n  <noscript>Wanna write ur own UI without js?! Go ahead, don't disturb others</noscript>\n  <div id=\"root\"></div>\n\n  \n</body>\n\n</html>\n" loading=false stripedRows=""  ... > 
  at <OrdersView onVnodeUnmounted=fn<onVnodeUnmounted> ref=Ref< Proxy(Object) > > 
  at <RouterView> 
  at <AppLayout onVnodeUnmounted=fn<onVnodeUnmounted> ref=Ref< Proxy(Object) > > 
  at <RouterView> 
  at <App> @ http://localhost:5277/node_modules/@vue/runtime-core/dist/runtime-core.esm-bundler.js:49
[    -483ms] [WARNING] [Vue warn]: Invalid prop: type check failed for prop "rowData". Expected Object, got String with value "O". 
  at <BodyCell key="id" rowData="O" column= {__v_isVNode: true, __v_skip: true, type: Object, props: Object, key: null}  ... > 
  at <BodyRow key=undefined rowData="O" index=3  ... > 
  at <TableBody ref="bodyRef" value="<!DOCTYPE html>\n<htm" class=""  ... > 
  at <VirtualScroller ref="virtualScroller" items="<!DOCTYPE html>\n<html lang=\"en\">\n\n<head>\n  <meta charset=\"utf-8\" />\n  <meta name=\"viewport\" content=\"width=device-width, initial-scale=1\" />\n  <meta name=\"theme-color\" content=\"#000000\" />\n  <link rel=\"shortcut icon\" type=\"image/ico\" href=\"/assets/favicon-bc234827.ico\" />\n  <link href=\"https://fonts.googleapis.com/css?family=Roboto:300,400,500\" rel=\"stylesheet\" />\n  <title>Pentaract UI</title>\n\n  <style>\n    *,\n    html {\n      margin: 0;\n      padding: 0;\n    }\n  </style>\n  <script type=\"module\" crossorigin src=\"/assets/index-58b24b54.js\"></script>\n  <link rel=\"stylesheet\" href=\"/assets/index-a4f6c957.css\">\n</head>\n\n<body>\n  <noscript>Wanna write ur own UI without js?! Go ahead, don't disturb others</noscript>\n  <div id=\"root\"></div>\n\n  \n</body>\n\n</html>\n" columns= [Object, Object, Object, Object, Object, Object]  ... > 
  at <DataTable value="<!DOCTYPE html>\n<html lang=\"en\">\n\n<head>\n  <meta charset=\"utf-8\" />\n  <meta name=\"viewport\" content=\"width=device-width, initial-scale=1\" />\n  <meta name=\"theme-color\" content=\"#000000\" />\n  <link rel=\"shortcut icon\" type=\"image/ico\" href=\"/assets/favicon-bc234827.ico\" />\n  <link href=\"https://fonts.googleapis.com/css?family=Roboto:300,400,500\" rel=\"stylesheet\" />\n  <title>Pentaract UI</title>\n\n  <style>\n    *,\n    html {\n      margin: 0;\n      padding: 0;\n    }\n  </style>\n  <script type=\"module\" crossorigin src=\"/assets/index-58b24b54.js\"></script>\n  <link rel=\"stylesheet\" href=\"/assets/index-a4f6c957.css\">\n</head>\n\n<body>\n  <noscript>Wanna write ur own UI without js?! Go ahead, don't disturb others</noscript>\n  <div id=\"root\"></div>\n\n  \n</body>\n\n</html>\n" loading=false stripedRows=""  ... > 
  at <OrdersView onVnodeUnmounted=fn<onVnodeUnmounted> ref=Ref< Proxy(Object) > > 
  at <RouterView> 
  at <AppLayout onVnodeUnmounted=fn<onVnodeUnmounted> ref=Ref< Proxy(Object) > > 
  at <RouterView> 
  at <App> @ http://localhost:5277/node_modules/@vue/runtime-core/dist/runtime-core.esm-bundler.js:49
[    -480ms] [WARNING] [Vue warn]: Invalid prop: type check failed for prop "rowData". Expected Object, got String with value "O". 
  at <BodyCell key="client_id" rowData="O" column= {__v_isVNode: true, __v_skip: true, type: Object, props: Object, key: null}  ... > 
  at <BodyRow key=undefined rowData="O" index=3  ... > 
  at <TableBody ref="bodyRef" value="<!DOCTYPE html>\n<htm" class=""  ... > 
  at <VirtualScroller ref="virtualScroller" items="<!DOCTYPE html>\n<html lang=\"en\">\n\n<head>\n  <meta charset=\"utf-8\" />\n  <meta name=\"viewport\" content=\"width=device-width, initial-scale=1\" />\n  <meta name=\"theme-color\" content=\"#000000\" />\n  <link rel=\"shortcut icon\" type=\"image/ico\" href=\"/assets/favicon-bc234827.ico\" />\n  <link href=\"https://fonts.googleapis.com/css?family=Roboto:300,400,500\" rel=\"stylesheet\" />\n  <title>Pentaract UI</title>\n\n  <style>\n    *,\n    html {\n      margin: 0;\n      padding: 0;\n    }\n  </style>\n  <script type=\"module\" crossorigin src=\"/assets/index-58b24b54.js\"></script>\n  <link rel=\"stylesheet\" href=\"/assets/index-a4f6c957.css\">\n</head>\n\n<body>\n  <noscript>Wanna write ur own UI without js?! Go ahead, don't disturb others</noscript>\n  <div id=\"root\"></div>\n\n  \n</body>\n\n</html>\n" columns= [Object, Object, Object, Object, Object, Object]  ... > 
  at <DataTable value="<!DOCTYPE html>\n<html lang=\"en\">\n\n<head>\n  <meta charset=\"utf-8\" />\n  <meta name=\"viewport\" content=\"width=device-width, initial-scale=1\" />\n  <meta name=\"theme-color\" content=\"#000000\" />\n  <link rel=\"shortcut icon\" type=\"image/ico\" href=\"/assets/favicon-bc234827.ico\" />\n  <link href=\"https://fonts.googleapis.com/css?family=Roboto:300,400,500\" rel=\"stylesheet\" />\n  <title>Pentaract UI</title>\n\n  <style>\n    *,\n    html {\n      margin: 0;\n      padding: 0;\n    }\n  </style>\n  <script type=\"module\" crossorigin src=\"/assets/index-58b24b54.js\"></script>\n  <link rel=\"stylesheet\" href=\"/assets/index-a4f6c957.css\">\n</head>\n\n<body>\n  <noscript>Wanna write ur own UI without js?! Go ahead, don't disturb others</noscript>\n  <div id=\"root\"></div>\n\n  \n</body>\n\n</html>\n" loading=false stripedRows=""  ... > 
  at <OrdersView onVnodeUnmounted=fn<onVnodeUnmounted> ref=Ref< Proxy(Object) > > 
  at <RouterView> 
  at <AppLayout onVnodeUnmounted=fn<onVnodeUnmounted> ref=Ref< Proxy(Object) > > 
  at <RouterView> 
  at <App> @ http://localhost:5277/node_modules/@vue/runtime-core/dist/runtime-core.esm-bundler.js:49
[    -454ms] [WARNING] [Vue warn]: Invalid prop: type check failed for prop "rowData". Expected Object, got String with value "O". 
  at <BodyCell key="source" rowData="O" column= {__v_isVNode: true, __v_skip: true, type: Object, props: Object, key: null}  ... > 
  at <BodyRow key=undefined rowData="O" index=3  ... > 
  at <TableBody ref="bodyRef" value="<!DOCTYPE html>\n<htm" class=""  ... > 
  at <VirtualScroller ref="virtualScroller" items="<!DOCTYPE html>\n<html lang=\"en\">\n\n<head>\n  <meta charset=\"utf-8\" />\n  <meta name=\"viewport\" content=\"width=device-width, initial-scale=1\" />\n  <meta name=\"theme-color\" content=\"#000000\" />\n  <link rel=\"shortcut icon\" type=\"image/ico\" href=\"/assets/favicon-bc234827.ico\" />\n  <link href=\"https://fonts.googleapis.com/css?family=Roboto:300,400,500\" rel=\"stylesheet\" />\n  <title>Pentaract UI</title>\n\n  <style>\n    *,\n    html {\n      margin: 0;\n      padding: 0;\n    }\n  </style>\n  <script type=\"module\" crossorigin src=\"/assets/index-58b24b54.js\"></script>\n  <link rel=\"stylesheet\" href=\"/assets/index-a4f6c957.css\">\n</head>\n\n<body>\n  <noscript>Wanna write ur own UI without js?! Go ahead, don't disturb others</noscript>\n  <div id=\"root\"></div>\n\n  \n</body>\n\n</html>\n" columns= [Object, Object, Object, Object, Object, Object]  ... > 
  at <DataTable value="<!DOCTYPE html>\n<html lang=\"en\">\n\n<head>\n  <meta charset=\"utf-8\" />\n  <meta name=\"viewport\" content=\"width=device-width, initial-scale=1\" />\n  <meta name=\"theme-color\" content=\"#000000\" />\n  <link rel=\"shortcut icon\" type=\"image/ico\" href=\"/assets/favicon-bc234827.ico\" />\n  <link href=\"https://fonts.googleapis.com/css?family=Roboto:300,400,500\" rel=\"stylesheet\" />\n  <title>Pentaract UI</title>\n\n  <style>\n    *,\n    html {\n      margin: 0;\n      padding: 0;\n    }\n  </style>\n  <script type=\"module\" crossorigin src=\"/assets/index-58b24b54.js\"></script>\n  <link rel=\"stylesheet\" href=\"/assets/index-a4f6c957.css\">\n</head>\n\n<body>\n  <noscript>Wanna write ur own UI without js?! Go ahead, don't disturb others</noscript>\n  <div id=\"root\"></div>\n\n  \n</body>\n\n</html>\n" loading=false stripedRows=""  ... > 
  at <OrdersView onVnodeUnmounted=fn<onVnodeUnmounted> ref=Ref< Proxy(Object) > > 
  at <RouterView> 
  at <AppLayout onVnodeUnmounted=fn<onVnodeUnmounted> ref=Ref< Proxy(Object) > > 
  at <RouterView> 
  at <App> @ http://localhost:5277/node_modules/@vue/runtime-core/dist/runtime-core.esm-bundler.js:49
[    -443ms] [WARNING] [Vue warn]: Invalid prop: type check failed for prop "rowData". Expected Object, got String with value "O". 
  at <BodyCell key="status" rowData="O" column= {__v_isVNode: true, __v_skip: true, type: Object, props: Object, key: null}  ... > 
  at <BodyRow key=undefined rowData="O" index=3  ... > 
  at <TableBody ref="bodyRef" value="<!DOCTYPE html>\n<htm" class=""  ... > 
  at <VirtualScroller ref="virtualScroller" items="<!DOCTYPE html>\n<html lang=\"en\">\n\n<head>\n  <meta charset=\"utf-8\" />\n  <meta name=\"viewport\" content=\"width=device-width, initial-scale=1\" />\n  <meta name=\"theme-color\" content=\"#000000\" />\n  <link rel=\"shortcut icon\" type=\"image/ico\" href=\"/assets/favicon-bc234827.ico\" />\n  <link href=\"https://fonts.googleapis.com/css?family=Roboto:300,400,500\" rel=\"stylesheet\" />\n  <title>Pentaract UI</title>\n\n  <style>\n    *,\n    html {\n      margin: 0;\n      padding: 0;\n    }\n  </style>\n  <script type=\"module\" crossorigin src=\"/assets/index-58b24b54.js\"></script>\n  <link rel=\"stylesheet\" href=\"/assets/index-a4f6c957.css\">\n</head>\n\n<body>\n  <noscript>Wanna write ur own UI without js?! Go ahead, don't disturb others</noscript>\n  <div id=\"root\"></div>\n\n  \n</body>\n\n</html>\n" columns= [Object, Object, Object, Object, Object, Object]  ... > 
  at <DataTable value="<!DOCTYPE html>\n<html lang=\"en\">\n\n<head>\n  <meta charset=\"utf-8\" />\n  <meta name=\"viewport\" content=\"width=device-width, initial-scale=1\" />\n  <meta name=\"theme-color\" content=\"#000000\" />\n  <link rel=\"shortcut icon\" type=\"image/ico\" href=\"/assets/favicon-bc234827.ico\" />\n  <link href=\"https://fonts.googleapis.com/css?family=Roboto:300,400,500\" rel=\"stylesheet\" />\n  <title>Pentaract UI</title>\n\n  <style>\n    *,\n    html {\n      margin: 0;\n      padding: 0;\n    }\n  </style>\n  <script type=\"module\" crossorigin src=\"/assets/index-58b24b54.js\"></script>\n  <link rel=\"stylesheet\" href=\"/assets/index-a4f6c957.css\">\n</head>\n\n<body>\n  <noscript>Wanna write ur own UI without js?! Go ahead, don't disturb others</noscript>\n  <div id=\"root\"></div>\n\n  \n</body>\n\n</html>\n" loading=false stripedRows=""  ... > 
  at <OrdersView onVnodeUnmounted=fn<onVnodeUnmounted> ref=Ref< Proxy(Object) > > 
  at <RouterView> 
  at <AppLayout onVnodeUnmounted=fn<onVnodeUnmounted> ref=Ref< Proxy(Object) > > 
  at <RouterView> 
  at <App> @ http://localhost:5277/node_modules/@vue/runtime-core/dist/runtime-core.esm-bundler.js:49
[    -439ms] [WARNING] [Vue warn]: Invalid prop: type check failed for prop "rowData". Expected Object, got String with value "O". 
  at <BodyCell key="created_at" rowData="O" column= {__v_isVNode: true, __v_skip: true, type: Object, props: Object, key: null}  ... > 
  at <BodyRow key=undefined rowData="O" index=3  ... > 
  at <TableBody ref="bodyRef" value="<!DOCTYPE html>\n<htm" class=""  ... > 
  at <VirtualScroller ref="virtualScroller" items="<!DOCTYPE html>\n<html lang=\"en\">\n\n<head>\n  <meta charset=\"utf-8\" />\n  <meta name=\"viewport\" content=\"width=device-width, initial-scale=1\" />\n  <meta name=\"theme-color\" content=\"#000000\" />\n  <link rel=\"shortcut icon\" type=\"image/ico\" href=\"/assets/favicon-bc234827.ico\" />\n  <link href=\"https://fonts.googleapis.com/css?family=Roboto:300,400,500\" rel=\"stylesheet\" />\n  <title>Pentaract UI</title>\n\n  <style>\n    *,\n    html {\n      margin: 0;\n      padding: 0;\n    }\n  </style>\n  <script type=\"module\" crossorigin src=\"/assets/index-58b24b54.js\"></script>\n  <link rel=\"stylesheet\" href=\"/assets/index-a4f6c957.css\">\n</head>\n\n<body>\n  <noscript>Wanna write ur own UI without js?! Go ahead, don't disturb others</noscript>\n  <div id=\"root\"></div>\n\n  \n</body>\n\n</html>\n" columns= [Object, Object, Object, Object, Object, Object]  ... > 
  at <DataTable value="<!DOCTYPE html>\n<html lang=\"en\">\n\n<head>\n  <meta charset=\"utf-8\" />\n  <meta name=\"viewport\" content=\"width=device-width, initial-scale=1\" />\n  <meta name=\"theme-color\" content=\"#000000\" />\n  <link rel=\"shortcut icon\" type=\"image/ico\" href=\"/assets/favicon-bc234827.ico\" />\n  <link href=\"https://fonts.googleapis.com/css?family=Roboto:300,400,500\" rel=\"stylesheet\" />\n  <title>Pentaract UI</title>\n\n  <style>\n    *,\n    html {\n      margin: 0;\n      padding: 0;\n    }\n  </style>\n  <script type=\"module\" crossorigin src=\"/assets/index-58b24b54.js\"></script>\n  <link rel=\"stylesheet\" href=\"/assets/index-a4f6c957.css\">\n</head>\n\n<body>\n  <noscript>Wanna write ur own UI without js?! Go ahead, don't disturb others</noscript>\n  <div id=\"root\"></div>\n\n  \n</body>\n\n</html>\n" loading=false stripedRows=""  ... > 
  at <OrdersView onVnodeUnmounted=fn<onVnodeUnmounted> ref=Ref< Proxy(Object) > > 
  at <RouterView> 
  at <AppLayout onVnodeUnmounted=fn<onVnodeUnmounted> ref=Ref< Proxy(Object) > > 
  at <RouterView> 
  at <App> @ http://localhost:5277/node_modules/@vue/runtime-core/dist/runtime-core.esm-bundler.js:49
[    -436ms] [WARNING] [Vue warn]: Invalid prop: type check failed for prop "rowData". Expected Object, got String with value "O". 
  at <BodyCell key=5 rowData="O" column= {__v_isVNode: true, __v_skip: true, type: Object, props: Object, key: null}  ... > 
  at <BodyRow key=undefined rowData="O" index=3  ... > 
  at <TableBody ref="bodyRef" value="<!DOCTYPE html>\n<htm" class=""  ... > 
  at <VirtualScroller ref="virtualScroller" items="<!DOCTYPE html>\n<html lang=\"en\">\n\n<head>\n  <meta charset=\"utf-8\" />\n  <meta name=\"viewport\" content=\"width=device-width, initial-scale=1\" />\n  <meta name=\"theme-color\" content=\"#000000\" />\n  <link rel=\"shortcut icon\" type=\"image/ico\" href=\"/assets/favicon-bc234827.ico\" />\n  <link href=\"https://fonts.googleapis.com/css?family=Roboto:300,400,500\" rel=\"stylesheet\" />\n  <title>Pentaract UI</title>\n\n  <style>\n    *,\n    html {\n      margin: 0;\n      padding: 0;\n    }\n  </style>\n  <script type=\"module\" crossorigin src=\"/assets/index-58b24b54.js\"></script>\n  <link rel=\"stylesheet\" href=\"/assets/index-a4f6c957.css\">\n</head>\n\n<body>\n  <noscript>Wanna write ur own UI without js?! Go ahead, don't disturb others</noscript>\n  <div id=\"root\"></div>\n\n  \n</body>\n\n</html>\n" columns= [Object, Object, Object, Object, Object, Object]  ... > 
  at <DataTable value="<!DOCTYPE html>\n<html lang=\"en\">\n\n<head>\n  <meta charset=\"utf-8\" />\n  <meta name=\"viewport\" content=\"width=device-width, initial-scale=1\" />\n  <meta name=\"theme-color\" content=\"#000000\" />\n  <link rel=\"shortcut icon\" type=\"image/ico\" href=\"/assets/favicon-bc234827.ico\" />\n  <link href=\"https://fonts.googleapis.com/css?family=Roboto:300,400,500\" rel=\"stylesheet\" />\n  <title>Pentaract UI</title>\n\n  <style>\n    *,\n    html {\n      margin: 0;\n      padding: 0;\n    }\n  </style>\n  <script type=\"module\" crossorigin src=\"/assets/index-58b24b54.js\"></script>\n  <link rel=\"stylesheet\" href=\"/assets/index-a4f6c957.css\">\n</head>\n\n<body>\n  <noscript>Wanna write ur own UI without js?! Go ahead, don't disturb others</noscript>\n  <div id=\"root\"></div>\n\n  \n</body>\n\n</html>\n" loading=false stripedRows=""  ... > 
  at <OrdersView onVnodeUnmounted=fn<onVnodeUnmounted> ref=Ref< Proxy(Object) > > 
  at <RouterView> 
  at <AppLayout onVnodeUnmounted=fn<onVnodeUnmounted> ref=Ref< Proxy(Object) > > 
  at <RouterView> 
  at <App> @ http://localhost:5277/node_modules/@vue/runtime-core/dist/runtime-core.esm-bundler.js:49
[    -427ms] [WARNING] [Vue warn]: Invalid prop: type check failed for prop "rowData". Expected Object, got String with value "C". 
  at <BodyRow key=undefined rowData="C" index=4  ... > 
  at <TableBody ref="bodyRef" value="<!DOCTYPE html>\n<htm" class=""  ... > 
  at <VirtualScroller ref="virtualScroller" items="<!DOCTYPE html>\n<html lang=\"en\">\n\n<head>\n  <meta charset=\"utf-8\" />\n  <meta name=\"viewport\" content=\"width=device-width, initial-scale=1\" />\n  <meta name=\"theme-color\" content=\"#000000\" />\n  <link rel=\"shortcut icon\" type=\"image/ico\" href=\"/assets/favicon-bc234827.ico\" />\n  <link href=\"https://fonts.googleapis.com/css?family=Roboto:300,400,500\" rel=\"stylesheet\" />\n  <title>Pentaract UI</title>\n\n  <style>\n    *,\n    html {\n      margin: 0;\n      padding: 0;\n    }\n  </style>\n  <script type=\"module\" crossorigin src=\"/assets/index-58b24b54.js\"></script>\n  <link rel=\"stylesheet\" href=\"/assets/index-a4f6c957.css\">\n</head>\n\n<body>\n  <noscript>Wanna write ur own UI without js?! Go ahead, don't disturb others</noscript>\n  <div id=\"root\"></div>\n\n  \n</body>\n\n</html>\n" columns= [Object, Object, Object, Object, Object, Object]  ... > 
  at <DataTable value="<!DOCTYPE html>\n<html lang=\"en\">\n\n<head>\n  <meta charset=\"utf-8\" />\n  <meta name=\"viewport\" content=\"width=device-width, initial-scale=1\" />\n  <meta name=\"theme-color\" content=\"#000000\" />\n  <link rel=\"shortcut icon\" type=\"image/ico\" href=\"/assets/favicon-bc234827.ico\" />\n  <link href=\"https://fonts.googleapis.com/css?family=Roboto:300,400,500\" rel=\"stylesheet\" />\n  <title>Pentaract UI</title>\n\n  <style>\n    *,\n    html {\n      margin: 0;\n      padding: 0;\n    }\n  </style>\n  <script type=\"module\" crossorigin src=\"/assets/index-58b24b54.js\"></script>\n  <link rel=\"stylesheet\" href=\"/assets/index-a4f6c957.css\">\n</head>\n\n<body>\n  <noscript>Wanna write ur own UI without js?! Go ahead, don't disturb others</noscript>\n  <div id=\"root\"></div>\n\n  \n</body>\n\n</html>\n" loading=false stripedRows=""  ... > 
  at <OrdersView onVnodeUnmounted=fn<onVnodeUnmounted> ref=Ref< Proxy(Object) > > 
  at <RouterView> 
  at <AppLayout onVnodeUnmounted=fn<onVnodeUnmounted> ref=Ref< Proxy(Object) > > 
  at <RouterView> 
  at <App> @ http://localhost:5277/node_modules/@vue/runtime-core/dist/runtime-core.esm-bundler.js:49
[    -424ms] [WARNING] [Vue warn]: Invalid prop: type check failed for prop "value". Expected Array, got String with value "<!DOCTYPE html>
<htm". 
  at <BodyRow key=undefined rowData="C" index=4  ... > 
  at <TableBody ref="bodyRef" value="<!DOCTYPE html>\n<htm" class=""  ... > 
  at <VirtualScroller ref="virtualScroller" items="<!DOCTYPE html>\n<html lang=\"en\">\n\n<head>\n  <meta charset=\"utf-8\" />\n  <meta name=\"viewport\" content=\"width=device-width, initial-scale=1\" />\n  <meta name=\"theme-color\" content=\"#000000\" />\n  <link rel=\"shortcut icon\" type=\"image/ico\" href=\"/assets/favicon-bc234827.ico\" />\n  <link href=\"https://fonts.googleapis.com/css?family=Roboto:300,400,500\" rel=\"stylesheet\" />\n  <title>Pentaract UI</title>\n\n  <style>\n    *,\n    html {\n      margin: 0;\n      padding: 0;\n    }\n  </style>\n  <script type=\"module\" crossorigin src=\"/assets/index-58b24b54.js\"></script>\n  <link rel=\"stylesheet\" href=\"/assets/index-a4f6c957.css\">\n</head>\n\n<body>\n  <noscript>Wanna write ur own UI without js?! Go ahead, don't disturb others</noscript>\n  <div id=\"root\"></div>\n\n  \n</body>\n\n</html>\n" columns= [Object, Object, Object, Object, Object, Object]  ... > 
  at <DataTable value="<!DOCTYPE html>\n<html lang=\"en\">\n\n<head>\n  <meta charset=\"utf-8\" />\n  <meta name=\"viewport\" content=\"width=device-width, initial-scale=1\" />\n  <meta name=\"theme-color\" content=\"#000000\" />\n  <link rel=\"shortcut icon\" type=\"image/ico\" href=\"/assets/favicon-bc234827.ico\" />\n  <link href=\"https://fonts.googleapis.com/css?family=Roboto:300,400,500\" rel=\"stylesheet\" />\n  <title>Pentaract UI</title>\n\n  <style>\n    *,\n    html {\n      margin: 0;\n      padding: 0;\n    }\n  </style>\n  <script type=\"module\" crossorigin src=\"/assets/index-58b24b54.js\"></script>\n  <link rel=\"stylesheet\" href=\"/assets/index-a4f6c957.css\">\n</head>\n\n<body>\n  <noscript>Wanna write ur own UI without js?! Go ahead, don't disturb others</noscript>\n  <div id=\"root\"></div>\n\n  \n</body>\n\n</html>\n" loading=false stripedRows=""  ... > 
  at <OrdersView onVnodeUnmounted=fn<onVnodeUnmounted> ref=Ref< Proxy(Object) > > 
  at <RouterView> 
  at <AppLayout onVnodeUnmounted=fn<onVnodeUnmounted> ref=Ref< Proxy(Object) > > 
  at <RouterView> 
  at <App> @ http://localhost:5277/node_modules/@vue/runtime-core/dist/runtime-core.esm-bundler.js:49
[    -420ms] [WARNING] [Vue warn]: Invalid prop: type check failed for prop "rowData". Expected Object, got String with value "C". 
  at <BodyCell key="id" rowData="C" column= {__v_isVNode: true, __v_skip: true, type: Object, props: Object, key: null}  ... > 
  at <BodyRow key=undefined rowData="C" index=4  ... > 
  at <TableBody ref="bodyRef" value="<!DOCTYPE html>\n<htm" class=""  ... > 
  at <VirtualScroller ref="virtualScroller" items="<!DOCTYPE html>\n<html lang=\"en\">\n\n<head>\n  <meta charset=\"utf-8\" />\n  <meta name=\"viewport\" content=\"width=device-width, initial-scale=1\" />\n  <meta name=\"theme-color\" content=\"#000000\" />\n  <link rel=\"shortcut icon\" type=\"image/ico\" href=\"/assets/favicon-bc234827.ico\" />\n  <link href=\"https://fonts.googleapis.com/css?family=Roboto:300,400,500\" rel=\"stylesheet\" />\n  <title>Pentaract UI</title>\n\n  <style>\n    *,\n    html {\n      margin: 0;\n      padding: 0;\n    }\n  </style>\n  <script type=\"module\" crossorigin src=\"/assets/index-58b24b54.js\"></script>\n  <link rel=\"stylesheet\" href=\"/assets/index-a4f6c957.css\">\n</head>\n\n<body>\n  <noscript>Wanna write ur own UI without js?! Go ahead, don't disturb others</noscript>\n  <div id=\"root\"></div>\n\n  \n</body>\n\n</html>\n" columns= [Object, Object, Object, Object, Object, Object]  ... > 
  at <DataTable value="<!DOCTYPE html>\n<html lang=\"en\">\n\n<head>\n  <meta charset=\"utf-8\" />\n  <meta name=\"viewport\" content=\"width=device-width, initial-scale=1\" />\n  <meta name=\"theme-color\" content=\"#000000\" />\n  <link rel=\"shortcut icon\" type=\"image/ico\" href=\"/assets/favicon-bc234827.ico\" />\n  <link href=\"https://fonts.googleapis.com/css?family=Roboto:300,400,500\" rel=\"stylesheet\" />\n  <title>Pentaract UI</title>\n\n  <style>\n    *,\n    html {\n      margin: 0;\n      padding: 0;\n    }\n  </style>\n  <script type=\"module\" crossorigin src=\"/assets/index-58b24b54.js\"></script>\n  <link rel=\"stylesheet\" href=\"/assets/index-a4f6c957.css\">\n</head>\n\n<body>\n  <noscript>Wanna write ur own UI without js?! Go ahead, don't disturb others</noscript>\n  <div id=\"root\"></div>\n\n  \n</body>\n\n</html>\n" loading=false stripedRows=""  ... > 
  at <OrdersView onVnodeUnmounted=fn<onVnodeUnmounted> ref=Ref< Proxy(Object) > > 
  at <RouterView> 
  at <AppLayout onVnodeUnmounted=fn<onVnodeUnmounted> ref=Ref< Proxy(Object) > > 
  at <RouterView> 
  at <App> @ http://localhost:5277/node_modules/@vue/runtime-core/dist/runtime-core.esm-bundler.js:49
[    -417ms] [WARNING] [Vue warn]: Invalid prop: type check failed for prop "rowData". Expected Object, got String with value "C". 
  at <BodyCell key="client_id" rowData="C" column= {__v_isVNode: true, __v_skip: true, type: Object, props: Object, key: null}  ... > 
  at <BodyRow key=undefined rowData="C" index=4  ... > 
  at <TableBody ref="bodyRef" value="<!DOCTYPE html>\n<htm" class=""  ... > 
  at <VirtualScroller ref="virtualScroller" items="<!DOCTYPE html>\n<html lang=\"en\">\n\n<head>\n  <meta charset=\"utf-8\" />\n  <meta name=\"viewport\" content=\"width=device-width, initial-scale=1\" />\n  <meta name=\"theme-color\" content=\"#000000\" />\n  <link rel=\"shortcut icon\" type=\"image/ico\" href=\"/assets/favicon-bc234827.ico\" />\n  <link href=\"https://fonts.googleapis.com/css?family=Roboto:300,400,500\" rel=\"stylesheet\" />\n  <title>Pentaract UI</title>\n\n  <style>\n    *,\n    html {\n      margin: 0;\n      padding: 0;\n    }\n  </style>\n  <script type=\"module\" crossorigin src=\"/assets/index-58b24b54.js\"></script>\n  <link rel=\"stylesheet\" href=\"/assets/index-a4f6c957.css\">\n</head>\n\n<body>\n  <noscript>Wanna write ur own UI without js?! Go ahead, don't disturb others</noscript>\n  <div id=\"root\"></div>\n\n  \n</body>\n\n</html>\n" columns= [Object, Object, Object, Object, Object, Object]  ... > 
  at <DataTable value="<!DOCTYPE html>\n<html lang=\"en\">\n\n<head>\n  <meta charset=\"utf-8\" />\n  <meta name=\"viewport\" content=\"width=device-width, initial-scale=1\" />\n  <meta name=\"theme-color\" content=\"#000000\" />\n  <link rel=\"shortcut icon\" type=\"image/ico\" href=\"/assets/favicon-bc234827.ico\" />\n  <link href=\"https://fonts.googleapis.com/css?family=Roboto:300,400,500\" rel=\"stylesheet\" />\n  <title>Pentaract UI</title>\n\n  <style>\n    *,\n    html {\n      margin: 0;\n      padding: 0;\n    }\n  </style>\n  <script type=\"module\" crossorigin src=\"/assets/index-58b24b54.js\"></script>\n  <link rel=\"stylesheet\" href=\"/assets/index-a4f6c957.css\">\n</head>\n\n<body>\n  <noscript>Wanna write ur own UI without js?! Go ahead, don't disturb others</noscript>\n  <div id=\"root\"></div>\n\n  \n</body>\n\n</html>\n" loading=false stripedRows=""  ... > 
  at <OrdersView onVnodeUnmounted=fn<onVnodeUnmounted> ref=Ref< Proxy(Object) > > 
  at <RouterView> 
  at <AppLayout onVnodeUnmounted=fn<onVnodeUnmounted> ref=Ref< Proxy(Object) > > 
  at <RouterView> 
  at <App> @ http://localhost:5277/node_modules/@vue/runtime-core/dist/runtime-core.esm-bundler.js:49
[    -406ms] [WARNING] [Vue warn]: Invalid prop: type check failed for prop "rowData". Expected Object, got String with value "C". 
  at <BodyCell key="source" rowData="C" column= {__v_isVNode: true, __v_skip: true, type: Object, props: Object, key: null}  ... > 
  at <BodyRow key=undefined rowData="C" index=4  ... > 
  at <TableBody ref="bodyRef" value="<!DOCTYPE html>\n<htm" class=""  ... > 
  at <VirtualScroller ref="virtualScroller" items="<!DOCTYPE html>\n<html lang=\"en\">\n\n<head>\n  <meta charset=\"utf-8\" />\n  <meta name=\"viewport\" content=\"width=device-width, initial-scale=1\" />\n  <meta name=\"theme-color\" content=\"#000000\" />\n  <link rel=\"shortcut icon\" type=\"image/ico\" href=\"/assets/favicon-bc234827.ico\" />\n  <link href=\"https://fonts.googleapis.com/css?family=Roboto:300,400,500\" rel=\"stylesheet\" />\n  <title>Pentaract UI</title>\n\n  <style>\n    *,\n    html {\n      margin: 0;\n      padding: 0;\n    }\n  </style>\n  <script type=\"module\" crossorigin src=\"/assets/index-58b24b54.js\"></script>\n  <link rel=\"stylesheet\" href=\"/assets/index-a4f6c957.css\">\n</head>\n\n<body>\n  <noscript>Wanna write ur own UI without js?! Go ahead, don't disturb others</noscript>\n  <div id=\"root\"></div>\n\n  \n</body>\n\n</html>\n" columns= [Object, Object, Object, Object, Object, Object]  ... > 
  at <DataTable value="<!DOCTYPE html>\n<html lang=\"en\">\n\n<head>\n  <meta charset=\"utf-8\" />\n  <meta name=\"viewport\" content=\"width=device-width, initial-scale=1\" />\n  <meta name=\"theme-color\" content=\"#000000\" />\n  <link rel=\"shortcut icon\" type=\"image/ico\" href=\"/assets/favicon-bc234827.ico\" />\n  <link href=\"https://fonts.googleapis.com/css?family=Roboto:300,400,500\" rel=\"stylesheet\" />\n  <title>Pentaract UI</title>\n\n  <style>\n    *,\n    html {\n      margin: 0;\n      padding: 0;\n    }\n  </style>\n  <script type=\"module\" crossorigin src=\"/assets/index-58b24b54.js\"></script>\n  <link rel=\"stylesheet\" href=\"/assets/index-a4f6c957.css\">\n</head>\n\n<body>\n  <noscript>Wanna write ur own UI without js?! Go ahead, don't disturb others</noscript>\n  <div id=\"root\"></div>\n\n  \n</body>\n\n</html>\n" loading=false stripedRows=""  ... > 
  at <OrdersView onVnodeUnmounted=fn<onVnodeUnmounted> ref=Ref< Proxy(Object) > > 
  at <RouterView> 
  at <AppLayout onVnodeUnmounted=fn<onVnodeUnmounted> ref=Ref< Proxy(Object) > > 
  at <RouterView> 
  at <App> @ http://localhost:5277/node_modules/@vue/runtime-core/dist/runtime-core.esm-bundler.js:49
[    -398ms] [WARNING] [Vue warn]: Invalid prop: type check failed for prop "rowData". Expected Object, got String with value "C". 
  at <BodyCell key="status" rowData="C" column= {__v_isVNode: true, __v_skip: true, type: Object, props: Object, key: null}  ... > 
  at <BodyRow key=undefined rowData="C" index=4  ... > 
  at <TableBody ref="bodyRef" value="<!DOCTYPE html>\n<htm" class=""  ... > 
  at <VirtualScroller ref="virtualScroller" items="<!DOCTYPE html>\n<html lang=\"en\">\n\n<head>\n  <meta charset=\"utf-8\" />\n  <meta name=\"viewport\" content=\"width=device-width, initial-scale=1\" />\n  <meta name=\"theme-color\" content=\"#000000\" />\n  <link rel=\"shortcut icon\" type=\"image/ico\" href=\"/assets/favicon-bc234827.ico\" />\n  <link href=\"https://fonts.googleapis.com/css?family=Roboto:300,400,500\" rel=\"stylesheet\" />\n  <title>Pentaract UI</title>\n\n  <style>\n    *,\n    html {\n      margin: 0;\n      padding: 0;\n    }\n  </style>\n  <script type=\"module\" crossorigin src=\"/assets/index-58b24b54.js\"></script>\n  <link rel=\"stylesheet\" href=\"/assets/index-a4f6c957.css\">\n</head>\n\n<body>\n  <noscript>Wanna write ur own UI without js?! Go ahead, don't disturb others</noscript>\n  <div id=\"root\"></div>\n\n  \n</body>\n\n</html>\n" columns= [Object, Object, Object, Object, Object, Object]  ... > 
  at <DataTable value="<!DOCTYPE html>\n<html lang=\"en\">\n\n<head>\n  <meta charset=\"utf-8\" />\n  <meta name=\"viewport\" content=\"width=device-width, initial-scale=1\" />\n  <meta name=\"theme-color\" content=\"#000000\" />\n  <link rel=\"shortcut icon\" type=\"image/ico\" href=\"/assets/favicon-bc234827.ico\" />\n  <link href=\"https://fonts.googleapis.com/css?family=Roboto:300,400,500\" rel=\"stylesheet\" />\n  <title>Pentaract UI</title>\n\n  <style>\n    *,\n    html {\n      margin: 0;\n      padding: 0;\n    }\n  </style>\n  <script type=\"module\" crossorigin src=\"/assets/index-58b24b54.js\"></script>\n  <link rel=\"stylesheet\" href=\"/assets/index-a4f6c957.css\">\n</head>\n\n<body>\n  <noscript>Wanna write ur own UI without js?! Go ahead, don't disturb others</noscript>\n  <div id=\"root\"></div>\n\n  \n</body>\n\n</html>\n" loading=false stripedRows=""  ... > 
  at <OrdersView onVnodeUnmounted=fn<onVnodeUnmounted> ref=Ref< Proxy(Object) > > 
  at <RouterView> 
  at <AppLayout onVnodeUnmounted=fn<onVnodeUnmounted> ref=Ref< Proxy(Object) > > 
  at <RouterView> 
  at <App> @ http://localhost:5277/node_modules/@vue/runtime-core/dist/runtime-core.esm-bundler.js:49
[    -394ms] [WARNING] [Vue warn]: Invalid prop: type check failed for prop "rowData". Expected Object, got String with value "C". 
  at <BodyCell key="created_at" rowData="C" column= {__v_isVNode: true, __v_skip: true, type: Object, props: Object, key: null}  ... > 
  at <BodyRow key=undefined rowData="C" index=4  ... > 
  at <TableBody ref="bodyRef" value="<!DOCTYPE html>\n<htm" class=""  ... > 
  at <VirtualScroller ref="virtualScroller" items="<!DOCTYPE html>\n<html lang=\"en\">\n\n<head>\n  <meta charset=\"utf-8\" />\n  <meta name=\"viewport\" content=\"width=device-width, initial-scale=1\" />\n  <meta name=\"theme-color\" content=\"#000000\" />\n  <link rel=\"shortcut icon\" type=\"image/ico\" href=\"/assets/favicon-bc234827.ico\" />\n  <link href=\"https://fonts.googleapis.com/css?family=Roboto:300,400,500\" rel=\"stylesheet\" />\n  <title>Pentaract UI</title>\n\n  <style>\n    *,\n    html {\n      margin: 0;\n      padding: 0;\n    }\n  </style>\n  <script type=\"module\" crossorigin src=\"/assets/index-58b24b54.js\"></script>\n  <link rel=\"stylesheet\" href=\"/assets/index-a4f6c957.css\">\n</head>\n\n<body>\n  <noscript>Wanna write ur own UI without js?! Go ahead, don't disturb others</noscript>\n  <div id=\"root\"></div>\n\n  \n</body>\n\n</html>\n" columns= [Object, Object, Object, Object, Object, Object]  ... > 
  at <DataTable value="<!DOCTYPE html>\n<html lang=\"en\">\n\n<head>\n  <meta charset=\"utf-8\" />\n  <meta name=\"viewport\" content=\"width=device-width, initial-scale=1\" />\n  <meta name=\"theme-color\" content=\"#000000\" />\n  <link rel=\"shortcut icon\" type=\"image/ico\" href=\"/assets/favicon-bc234827.ico\" />\n  <link href=\"https://fonts.googleapis.com/css?family=Roboto:300,400,500\" rel=\"stylesheet\" />\n  <title>Pentaract UI</title>\n\n  <style>\n    *,\n    html {\n      margin: 0;\n      padding: 0;\n    }\n  </style>\n  <script type=\"module\" crossorigin src=\"/assets/index-58b24b54.js\"></script>\n  <link rel=\"stylesheet\" href=\"/assets/index-a4f6c957.css\">\n</head>\n\n<body>\n  <noscript>Wanna write ur own UI without js?! Go ahead, don't disturb others</noscript>\n  <div id=\"root\"></div>\n\n  \n</body>\n\n</html>\n" loading=false stripedRows=""  ... > 
  at <OrdersView onVnodeUnmounted=fn<onVnodeUnmounted> ref=Ref< Proxy(Object) > > 
  at <RouterView> 
  at <AppLayout onVnodeUnmounted=fn<onVnodeUnmounted> ref=Ref< Proxy(Object) > > 
  at <RouterView> 
  at <App> @ http://localhost:5277/node_modules/@vue/runtime-core/dist/runtime-core.esm-bundler.js:49
[    -389ms] [WARNING] [Vue warn]: Invalid prop: type check failed for prop "rowData". Expected Object, got String with value "C". 
  at <BodyCell key=5 rowData="C" column= {__v_isVNode: true, __v_skip: true, type: Object, props: Object, key: null}  ... > 
  at <BodyRow key=undefined rowData="C" index=4  ... > 
  at <TableBody ref="bodyRef" value="<!DOCTYPE html>\n<htm" class=""  ... > 
  at <VirtualScroller ref="virtualScroller" items="<!DOCTYPE html>\n<html lang=\"en\">\n\n<head>\n  <meta charset=\"utf-8\" />\n  <meta name=\"viewport\" content=\"width=device-width, initial-scale=1\" />\n  <meta name=\"theme-color\" content=\"#000000\" />\n  <link rel=\"shortcut icon\" type=\"image/ico\" href=\"/assets/favicon-bc234827.ico\" />\n  <link href=\"https://fonts.googleapis.com/css?family=Roboto:300,400,500\" rel=\"stylesheet\" />\n  <title>Pentaract UI</title>\n\n  <style>\n    *,\n    html {\n      margin: 0;\n      padding: 0;\n    }\n  </style>\n  <script type=\"module\" crossorigin src=\"/assets/index-58b24b54.js\"></script>\n  <link rel=\"stylesheet\" href=\"/assets/index-a4f6c957.css\">\n</head>\n\n<body>\n  <noscript>Wanna write ur own UI without js?! Go ahead, don't disturb others</noscript>\n  <div id=\"root\"></div>\n\n  \n</body>\n\n</html>\n" columns= [Object, Object, Object, Object, Object, Object]  ... > 
  at <DataTable value="<!DOCTYPE html>\n<html lang=\"en\">\n\n<head>\n  <meta charset=\"utf-8\" />\n  <meta name=\"viewport\" content=\"width=device-width, initial-scale=1\" />\n  <meta name=\"theme-color\" content=\"#000000\" />\n  <link rel=\"shortcut icon\" type=\"image/ico\" href=\"/assets/favicon-bc234827.ico\" />\n  <link href=\"https://fonts.googleapis.com/css?family=Roboto:300,400,500\" rel=\"stylesheet\" />\n  <title>Pentaract UI</title>\n\n  <style>\n    *,\n    html {\n      margin: 0;\n      padding: 0;\n    }\n  </style>\n  <script type=\"module\" crossorigin src=\"/assets/index-58b24b54.js\"></script>\n  <link rel=\"stylesheet\" href=\"/assets/index-a4f6c957.css\">\n</head>\n\n<body>\n  <noscript>Wanna write ur own UI without js?! Go ahead, don't disturb others</noscript>\n  <div id=\"root\"></div>\n\n  \n</body>\n\n</html>\n" loading=false stripedRows=""  ... > 
  at <OrdersView onVnodeUnmounted=fn<onVnodeUnmounted> ref=Ref< Proxy(Object) > > 
  at <RouterView> 
  at <AppLayout onVnodeUnmounted=fn<onVnodeUnmounted> ref=Ref< Proxy(Object) > > 
  at <RouterView> 
  at <App> @ http://localhost:5277/node_modules/@vue/runtime-core/dist/runtime-core.esm-bundler.js:49
[    -380ms] [WARNING] [Vue warn]: Invalid prop: type check failed for prop "rowData". Expected Object, got String with value "T". 
  at <BodyRow key=undefined rowData="T" index=5  ... > 
  at <TableBody ref="bodyRef" value="<!DOCTYPE html>\n<htm" class=""  ... > 
  at <VirtualScroller ref="virtualScroller" items="<!DOCTYPE html>\n<html lang=\"en\">\n\n<head>\n  <meta charset=\"utf-8\" />\n  <meta name=\"viewport\" content=\"width=device-width, initial-scale=1\" />\n  <meta name=\"theme-color\" content=\"#000000\" />\n  <link rel=\"shortcut icon\" type=\"image/ico\" href=\"/assets/favicon-bc234827.ico\" />\n  <link href=\"https://fonts.googleapis.com/css?family=Roboto:300,400,500\" rel=\"stylesheet\" />\n  <title>Pentaract UI</title>\n\n  <style>\n    *,\n    html {\n      margin: 0;\n      padding: 0;\n    }\n  </style>\n  <script type=\"module\" crossorigin src=\"/assets/index-58b24b54.js\"></script>\n  <link rel=\"stylesheet\" href=\"/assets/index-a4f6c957.css\">\n</head>\n\n<body>\n  <noscript>Wanna write ur own UI without js?! Go ahead, don't disturb others</noscript>\n  <div id=\"root\"></div>\n\n  \n</body>\n\n</html>\n" columns= [Object, Object, Object, Object, Object, Object]  ... > 
  at <DataTable value="<!DOCTYPE html>\n<html lang=\"en\">\n\n<head>\n  <meta charset=\"utf-8\" />\n  <meta name=\"viewport\" content=\"width=device-width, initial-scale=1\" />\n  <meta name=\"theme-color\" content=\"#000000\" />\n  <link rel=\"shortcut icon\" type=\"image/ico\" href=\"/assets/favicon-bc234827.ico\" />\n  <link href=\"https://fonts.googleapis.com/css?family=Roboto:300,400,500\" rel=\"stylesheet\" />\n  <title>Pentaract UI</title>\n\n  <style>\n    *,\n    html {\n      margin: 0;\n      padding: 0;\n    }\n  </style>\n  <script type=\"module\" crossorigin src=\"/assets/index-58b24b54.js\"></script>\n  <link rel=\"stylesheet\" href=\"/assets/index-a4f6c957.css\">\n</head>\n\n<body>\n  <noscript>Wanna write ur own UI without js?! Go ahead, don't disturb others</noscript>\n  <div id=\"root\"></div>\n\n  \n</body>\n\n</html>\n" loading=false stripedRows=""  ... > 
  at <OrdersView onVnodeUnmounted=fn<onVnodeUnmounted> ref=Ref< Proxy(Object) > > 
  at <RouterView> 
  at <AppLayout onVnodeUnmounted=fn<onVnodeUnmounted> ref=Ref< Proxy(Object) > > 
  at <RouterView> 
  at <App> @ http://localhost:5277/node_modules/@vue/runtime-core/dist/runtime-core.esm-bundler.js:49
[    -380ms] [WARNING] [Vue warn]: Invalid prop: type check failed for prop "value". Expected Array, got String with value "<!DOCTYPE html>
<htm". 
  at <BodyRow key=undefined rowData="T" index=5  ... > 
  at <TableBody ref="bodyRef" value="<!DOCTYPE html>\n<htm" class=""  ... > 
  at <VirtualScroller ref="virtualScroller" items="<!DOCTYPE html>\n<html lang=\"en\">\n\n<head>\n  <meta charset=\"utf-8\" />\n  <meta name=\"viewport\" content=\"width=device-width, initial-scale=1\" />\n  <meta name=\"theme-color\" content=\"#000000\" />\n  <link rel=\"shortcut icon\" type=\"image/ico\" href=\"/assets/favicon-bc234827.ico\" />\n  <link href=\"https://fonts.googleapis.com/css?family=Roboto:300,400,500\" rel=\"stylesheet\" />\n  <title>Pentaract UI</title>\n\n  <style>\n    *,\n    html {\n      margin: 0;\n      padding: 0;\n    }\n  </style>\n  <script type=\"module\" crossorigin src=\"/assets/index-58b24b54.js\"></script>\n  <link rel=\"stylesheet\" href=\"/assets/index-a4f6c957.css\">\n</head>\n\n<body>\n  <noscript>Wanna write ur own UI without js?! Go ahead, don't disturb others</noscript>\n  <div id=\"root\"></div>\n\n  \n</body>\n\n</html>\n" columns= [Object, Object, Object, Object, Object, Object]  ... > 
  at <DataTable value="<!DOCTYPE html>\n<html lang=\"en\">\n\n<head>\n  <meta charset=\"utf-8\" />\n  <meta name=\"viewport\" content=\"width=device-width, initial-scale=1\" />\n  <meta name=\"theme-color\" content=\"#000000\" />\n  <link rel=\"shortcut icon\" type=\"image/ico\" href=\"/assets/favicon-bc234827.ico\" />\n  <link href=\"https://fonts.googleapis.com/css?family=Roboto:300,400,500\" rel=\"stylesheet\" />\n  <title>Pentaract UI</title>\n\n  <style>\n    *,\n    html {\n      margin: 0;\n      padding: 0;\n    }\n  </style>\n  <script type=\"module\" crossorigin src=\"/assets/index-58b24b54.js\"></script>\n  <link rel=\"stylesheet\" href=\"/assets/index-a4f6c957.css\">\n</head>\n\n<body>\n  <noscript>Wanna write ur own UI without js?! Go ahead, don't disturb others</noscript>\n  <div id=\"root\"></div>\n\n  \n</body>\n\n</html>\n" loading=false stripedRows=""  ... > 
  at <OrdersView onVnodeUnmounted=fn<onVnodeUnmounted> ref=Ref< Proxy(Object) > > 
  at <RouterView> 
  at <AppLayout onVnodeUnmounted=fn<onVnodeUnmounted> ref=Ref< Proxy(Object) > > 
  at <RouterView> 
  at <App> @ http://localhost:5277/node_modules/@vue/runtime-core/dist/runtime-core.esm-bundler.js:49
[    -372ms] [WARNING] [Vue warn]: Invalid prop: type check failed for prop "rowData". Expected Object, got String with value "T". 
  at <BodyCell key="id" rowData="T" column= {__v_isVNode: true, __v_skip: true, type: Object, props: Object, key: null}  ... > 
  at <BodyRow key=undefined rowData="T" index=5  ... > 
  at <TableBody ref="bodyRef" value="<!DOCTYPE html>\n<htm" class=""  ... > 
  at <VirtualScroller ref="virtualScroller" items="<!DOCTYPE html>\n<html lang=\"en\">\n\n<head>\n  <meta charset=\"utf-8\" />\n  <meta name=\"viewport\" content=\"width=device-width, initial-scale=1\" />\n  <meta name=\"theme-color\" content=\"#000000\" />\n  <link rel=\"shortcut icon\" type=\"image/ico\" href=\"/assets/favicon-bc234827.ico\" />\n  <link href=\"https://fonts.googleapis.com/css?family=Roboto:300,400,500\" rel=\"stylesheet\" />\n  <title>Pentaract UI</title>\n\n  <style>\n    *,\n    html {\n      margin: 0;\n      padding: 0;\n    }\n  </style>\n  <script type=\"module\" crossorigin src=\"/assets/index-58b24b54.js\"></script>\n  <link rel=\"stylesheet\" href=\"/assets/index-a4f6c957.css\">\n</head>\n\n<body>\n  <noscript>Wanna write ur own UI without js?! Go ahead, don't disturb others</noscript>\n  <div id=\"root\"></div>\n\n  \n</body>\n\n</html>\n" columns= [Object, Object, Object, Object, Object, Object]  ... > 
  at <DataTable value="<!DOCTYPE html>\n<html lang=\"en\">\n\n<head>\n  <meta charset=\"utf-8\" />\n  <meta name=\"viewport\" content=\"width=device-width, initial-scale=1\" />\n  <meta name=\"theme-color\" content=\"#000000\" />\n  <link rel=\"shortcut icon\" type=\"image/ico\" href=\"/assets/favicon-bc234827.ico\" />\n  <link href=\"https://fonts.googleapis.com/css?family=Roboto:300,400,500\" rel=\"stylesheet\" />\n  <title>Pentaract UI</title>\n\n  <style>\n    *,\n    html {\n      margin: 0;\n      padding: 0;\n    }\n  </style>\n  <script type=\"module\" crossorigin src=\"/assets/index-58b24b54.js\"></script>\n  <link rel=\"stylesheet\" href=\"/assets/index-a4f6c957.css\">\n</head>\n\n<body>\n  <noscript>Wanna write ur own UI without js?! Go ahead, don't disturb others</noscript>\n  <div id=\"root\"></div>\n\n  \n</body>\n\n</html>\n" loading=false stripedRows=""  ... > 
  at <OrdersView onVnodeUnmounted=fn<onVnodeUnmounted> ref=Ref< Proxy(Object) > > 
  at <RouterView> 
  at <AppLayout onVnodeUnmounted=fn<onVnodeUnmounted> ref=Ref< Proxy(Object) > > 
  at <RouterView> 
  at <App> @ http://localhost:5277/node_modules/@vue/runtime-core/dist/runtime-core.esm-bundler.js:49
[    -368ms] [WARNING] [Vue warn]: Invalid prop: type check failed for prop "rowData". Expected Object, got String with value "T". 
  at <BodyCell key="client_id" rowData="T" column= {__v_isVNode: true, __v_skip: true, type: Object, props: Object, key: null}  ... > 
  at <BodyRow key=undefined rowData="T" index=5  ... > 
  at <TableBody ref="bodyRef" value="<!DOCTYPE html>\n<htm" class=""  ... > 
  at <VirtualScroller ref="virtualScroller" items="<!DOCTYPE html>\n<html lang=\"en\">\n\n<head>\n  <meta charset=\"utf-8\" />\n  <meta name=\"viewport\" content=\"width=device-width, initial-scale=1\" />\n  <meta name=\"theme-color\" content=\"#000000\" />\n  <link rel=\"shortcut icon\" type=\"image/ico\" href=\"/assets/favicon-bc234827.ico\" />\n  <link href=\"https://fonts.googleapis.com/css?family=Roboto:300,400,500\" rel=\"stylesheet\" />\n  <title>Pentaract UI</title>\n\n  <style>\n    *,\n    html {\n      margin: 0;\n      padding: 0;\n    }\n  </style>\n  <script type=\"module\" crossorigin src=\"/assets/index-58b24b54.js\"></script>\n  <link rel=\"stylesheet\" href=\"/assets/index-a4f6c957.css\">\n</head>\n\n<body>\n  <noscript>Wanna write ur own UI without js?! Go ahead, don't disturb others</noscript>\n  <div id=\"root\"></div>\n\n  \n</body>\n\n</html>\n" columns= [Object, Object, Object, Object, Object, Object]  ... > 
  at <DataTable value="<!DOCTYPE html>\n<html lang=\"en\">\n\n<head>\n  <meta charset=\"utf-8\" />\n  <meta name=\"viewport\" content=\"width=device-width, initial-scale=1\" />\n  <meta name=\"theme-color\" content=\"#000000\" />\n  <link rel=\"shortcut icon\" type=\"image/ico\" href=\"/assets/favicon-bc234827.ico\" />\n  <link href=\"https://fonts.googleapis.com/css?family=Roboto:300,400,500\" rel=\"stylesheet\" />\n  <title>Pentaract UI</title>\n\n  <style>\n    *,\n    html {\n      margin: 0;\n      padding: 0;\n    }\n  </style>\n  <script type=\"module\" crossorigin src=\"/assets/index-58b24b54.js\"></script>\n  <link rel=\"stylesheet\" href=\"/assets/index-a4f6c957.css\">\n</head>\n\n<body>\n  <noscript>Wanna write ur own UI without js?! Go ahead, don't disturb others</noscript>\n  <div id=\"root\"></div>\n\n  \n</body>\n\n</html>\n" loading=false stripedRows=""  ... > 
  at <OrdersView onVnodeUnmounted=fn<onVnodeUnmounted> ref=Ref< Proxy(Object) > > 
  at <RouterView> 
  at <AppLayout onVnodeUnmounted=fn<onVnodeUnmounted> ref=Ref< Proxy(Object) > > 
  at <RouterView> 
  at <App> @ http://localhost:5277/node_modules/@vue/runtime-core/dist/runtime-core.esm-bundler.js:49
[    -365ms] [WARNING] [Vue warn]: Invalid prop: type check failed for prop "rowData". Expected Object, got String with value "T". 
  at <BodyCell key="source" rowData="T" column= {__v_isVNode: true, __v_skip: true, type: Object, props: Object, key: null}  ... > 
  at <BodyRow key=undefined rowData="T" index=5  ... > 
  at <TableBody ref="bodyRef" value="<!DOCTYPE html>\n<htm" class=""  ... > 
  at <VirtualScroller ref="virtualScroller" items="<!DOCTYPE html>\n<html lang=\"en\">\n\n<head>\n  <meta charset=\"utf-8\" />\n  <meta name=\"viewport\" content=\"width=device-width, initial-scale=1\" />\n  <meta name=\"theme-color\" content=\"#000000\" />\n  <link rel=\"shortcut icon\" type=\"image/ico\" href=\"/assets/favicon-bc234827.ico\" />\n  <link href=\"https://fonts.googleapis.com/css?family=Roboto:300,400,500\" rel=\"stylesheet\" />\n  <title>Pentaract UI</title>\n\n  <style>\n    *,\n    html {\n      margin: 0;\n      padding: 0;\n    }\n  </style>\n  <script type=\"module\" crossorigin src=\"/assets/index-58b24b54.js\"></script>\n  <link rel=\"stylesheet\" href=\"/assets/index-a4f6c957.css\">\n</head>\n\n<body>\n  <noscript>Wanna write ur own UI without js?! Go ahead, don't disturb others</noscript>\n  <div id=\"root\"></div>\n\n  \n</body>\n\n</html>\n" columns= [Object, Object, Object, Object, Object, Object]  ... > 
  at <DataTable value="<!DOCTYPE html>\n<html lang=\"en\">\n\n<head>\n  <meta charset=\"utf-8\" />\n  <meta name=\"viewport\" content=\"width=device-width, initial-scale=1\" />\n  <meta name=\"theme-color\" content=\"#000000\" />\n  <link rel=\"shortcut icon\" type=\"image/ico\" href=\"/assets/favicon-bc234827.ico\" />\n  <link href=\"https://fonts.googleapis.com/css?family=Roboto:300,400,500\" rel=\"stylesheet\" />\n  <title>Pentaract UI</title>\n\n  <style>\n    *,\n    html {\n      margin: 0;\n      padding: 0;\n    }\n  </style>\n  <script type=\"module\" crossorigin src=\"/assets/index-58b24b54.js\"></script>\n  <link rel=\"stylesheet\" href=\"/assets/index-a4f6c957.css\">\n</head>\n\n<body>\n  <noscript>Wanna write ur own UI without js?! Go ahead, don't disturb others</noscript>\n  <div id=\"root\"></div>\n\n  \n</body>\n\n</html>\n" loading=false stripedRows=""  ... > 
  at <OrdersView onVnodeUnmounted=fn<onVnodeUnmounted> ref=Ref< Proxy(Object) > > 
  at <RouterView> 
  at <AppLayout onVnodeUnmounted=fn<onVnodeUnmounted> ref=Ref< Proxy(Object) > > 
  at <RouterView> 
  at <App> @ http://localhost:5277/node_modules/@vue/runtime-core/dist/runtime-core.esm-bundler.js:49
[    -362ms] [WARNING] [Vue warn]: Invalid prop: type check failed for prop "rowData". Expected Object, got String with value "T". 
  at <BodyCell key="status" rowData="T" column= {__v_isVNode: true, __v_skip: true, type: Object, props: Object, key: null}  ... > 
  at <BodyRow key=undefined rowData="T" index=5  ... > 
  at <TableBody ref="bodyRef" value="<!DOCTYPE html>\n<htm" class=""  ... > 
  at <VirtualScroller ref="virtualScroller" items="<!DOCTYPE html>\n<html lang=\"en\">\n\n<head>\n  <meta charset=\"utf-8\" />\n  <meta name=\"viewport\" content=\"width=device-width, initial-scale=1\" />\n  <meta name=\"theme-color\" content=\"#000000\" />\n  <link rel=\"shortcut icon\" type=\"image/ico\" href=\"/assets/favicon-bc234827.ico\" />\n  <link href=\"https://fonts.googleapis.com/css?family=Roboto:300,400,500\" rel=\"stylesheet\" />\n  <title>Pentaract UI</title>\n\n  <style>\n    *,\n    html {\n      margin: 0;\n      padding: 0;\n    }\n  </style>\n  <script type=\"module\" crossorigin src=\"/assets/index-58b24b54.js\"></script>\n  <link rel=\"stylesheet\" href=\"/assets/index-a4f6c957.css\">\n</head>\n\n<body>\n  <noscript>Wanna write ur own UI without js?! Go ahead, don't disturb others</noscript>\n  <div id=\"root\"></div>\n\n  \n</body>\n\n</html>\n" columns= [Object, Object, Object, Object, Object, Object]  ... > 
  at <DataTable value="<!DOCTYPE html>\n<html lang=\"en\">\n\n<head>\n  <meta charset=\"utf-8\" />\n  <meta name=\"viewport\" content=\"width=device-width, initial-scale=1\" />\n  <meta name=\"theme-color\" content=\"#000000\" />\n  <link rel=\"shortcut icon\" type=\"image/ico\" href=\"/assets/favicon-bc234827.ico\" />\n  <link href=\"https://fonts.googleapis.com/css?family=Roboto:300,400,500\" rel=\"stylesheet\" />\n  <title>Pentaract UI</title>\n\n  <style>\n    *,\n    html {\n      margin: 0;\n      padding: 0;\n    }\n  </style>\n  <script type=\"module\" crossorigin src=\"/assets/index-58b24b54.js\"></script>\n  <link rel=\"stylesheet\" href=\"/assets/index-a4f6c957.css\">\n</head>\n\n<body>\n  <noscript>Wanna write ur own UI without js?! Go ahead, don't disturb others</noscript>\n  <div id=\"root\"></div>\n\n  \n</body>\n\n</html>\n" loading=false stripedRows=""  ... > 
  at <OrdersView onVnodeUnmounted=fn<onVnodeUnmounted> ref=Ref< Proxy(Object) > > 
  at <RouterView> 
  at <AppLayout onVnodeUnmounted=fn<onVnodeUnmounted> ref=Ref< Proxy(Object) > > 
  at <RouterView> 
  at <App> @ http://localhost:5277/node_modules/@vue/runtime-core/dist/runtime-core.esm-bundler.js:49
[    -358ms] [WARNING] [Vue warn]: Invalid prop: type check failed for prop "rowData". Expected Object, got String with value "T". 
  at <BodyCell key="created_at" rowData="T" column= {__v_isVNode: true, __v_skip: true, type: Object, props: Object, key: null}  ... > 
  at <BodyRow key=undefined rowData="T" index=5  ... > 
  at <TableBody ref="bodyRef" value="<!DOCTYPE html>\n<htm" class=""  ... > 
  at <VirtualScroller ref="virtualScroller" items="<!DOCTYPE html>\n<html lang=\"en\">\n\n<head>\n  <meta charset=\"utf-8\" />\n  <meta name=\"viewport\" content=\"width=device-width, initial-scale=1\" />\n  <meta name=\"theme-color\" content=\"#000000\" />\n  <link rel=\"shortcut icon\" type=\"image/ico\" href=\"/assets/favicon-bc234827.ico\" />\n  <link href=\"https://fonts.googleapis.com/css?family=Roboto:300,400,500\" rel=\"stylesheet\" />\n  <title>Pentaract UI</title>\n\n  <style>\n    *,\n    html {\n      margin: 0;\n      padding: 0;\n    }\n  </style>\n  <script type=\"module\" crossorigin src=\"/assets/index-58b24b54.js\"></script>\n  <link rel=\"stylesheet\" href=\"/assets/index-a4f6c957.css\">\n</head>\n\n<body>\n  <noscript>Wanna write ur own UI without js?! Go ahead, don't disturb others</noscript>\n  <div id=\"root\"></div>\n\n  \n</body>\n\n</html>\n" columns= [Object, Object, Object, Object, Object, Object]  ... > 
  at <DataTable value="<!DOCTYPE html>\n<html lang=\"en\">\n\n<head>\n  <meta charset=\"utf-8\" />\n  <meta name=\"viewport\" content=\"width=device-width, initial-scale=1\" />\n  <meta name=\"theme-color\" content=\"#000000\" />\n  <link rel=\"shortcut icon\" type=\"image/ico\" href=\"/assets/favicon-bc234827.ico\" />\n  <link href=\"https://fonts.googleapis.com/css?family=Roboto:300,400,500\" rel=\"stylesheet\" />\n  <title>Pentaract UI</title>\n\n  <style>\n    *,\n    html {\n      margin: 0;\n      padding: 0;\n    }\n  </style>\n  <script type=\"module\" crossorigin src=\"/assets/index-58b24b54.js\"></script>\n  <link rel=\"stylesheet\" href=\"/assets/index-a4f6c957.css\">\n</head>\n\n<body>\n  <noscript>Wanna write ur own UI without js?! Go ahead, don't disturb others</noscript>\n  <div id=\"root\"></div>\n\n  \n</body>\n\n</html>\n" loading=false stripedRows=""  ... > 
  at <OrdersView onVnodeUnmounted=fn<onVnodeUnmounted> ref=Ref< Proxy(Object) > > 
  at <RouterView> 
  at <AppLayout onVnodeUnmounted=fn<onVnodeUnmounted> ref=Ref< Proxy(Object) > > 
  at <RouterView> 
  at <App> @ http://localhost:5277/node_modules/@vue/runtime-core/dist/runtime-core.esm-bundler.js:49
[    -354ms] [WARNING] [Vue warn]: Invalid prop: type check failed for prop "rowData". Expected Object, got String with value "T". 
  at <BodyCell key=5 rowData="T" column= {__v_isVNode: true, __v_skip: true, type: Object, props: Object, key: null}  ... > 
  at <BodyRow key=undefined rowData="T" index=5  ... > 
  at <TableBody ref="bodyRef" value="<!DOCTYPE html>\n<htm" class=""  ... > 
  at <VirtualScroller ref="virtualScroller" items="<!DOCTYPE html>\n<html lang=\"en\">\n\n<head>\n  <meta charset=\"utf-8\" />\n  <meta name=\"viewport\" content=\"width=device-width, initial-scale=1\" />\n  <meta name=\"theme-color\" content=\"#000000\" />\n  <link rel=\"shortcut icon\" type=\"image/ico\" href=\"/assets/favicon-bc234827.ico\" />\n  <link href=\"https://fonts.googleapis.com/css?family=Roboto:300,400,500\" rel=\"stylesheet\" />\n  <title>Pentaract UI</title>\n\n  <style>\n    *,\n    html {\n      margin: 0;\n      padding: 0;\n    }\n  </style>\n  <script type=\"module\" crossorigin src=\"/assets/index-58b24b54.js\"></script>\n  <link rel=\"stylesheet\" href=\"/assets/index-a4f6c957.css\">\n</head>\n\n<body>\n  <noscript>Wanna write ur own UI without js?! Go ahead, don't disturb others</noscript>\n  <div id=\"root\"></div>\n\n  \n</body>\n\n</html>\n" columns= [Object, Object, Object, Object, Object, Object]  ... > 
  at <DataTable value="<!DOCTYPE html>\n<html lang=\"en\">\n\n<head>\n  <meta charset=\"utf-8\" />\n  <meta name=\"viewport\" content=\"width=device-width, initial-scale=1\" />\n  <meta name=\"theme-color\" content=\"#000000\" />\n  <link rel=\"shortcut icon\" type=\"image/ico\" href=\"/assets/favicon-bc234827.ico\" />\n  <link href=\"https://fonts.googleapis.com/css?family=Roboto:300,400,500\" rel=\"stylesheet\" />\n  <title>Pentaract UI</title>\n\n  <style>\n    *,\n    html {\n      margin: 0;\n      padding: 0;\n    }\n  </style>\n  <script type=\"module\" crossorigin src=\"/assets/index-58b24b54.js\"></script>\n  <link rel=\"stylesheet\" href=\"/assets/index-a4f6c957.css\">\n</head>\n\n<body>\n  <noscript>Wanna write ur own UI without js?! Go ahead, don't disturb others</noscript>\n  <div id=\"root\"></div>\n\n  \n</body>\n\n</html>\n" loading=false stripedRows=""  ... > 
  at <OrdersView onVnodeUnmounted=fn<onVnodeUnmounted> ref=Ref< Proxy(Object) > > 
  at <RouterView> 
  at <AppLayout onVnodeUnmounted=fn<onVnodeUnmounted> ref=Ref< Proxy(Object) > > 
  at <RouterView> 
  at <App> @ http://localhost:5277/node_modules/@vue/runtime-core/dist/runtime-core.esm-bundler.js:49
[    -344ms] [WARNING] [Vue warn]: Invalid prop: type check failed for prop "rowData". Expected Object, got String with value "Y". 
  at <BodyRow key=undefined rowData="Y" index=6  ... > 
  at <TableBody ref="bodyRef" value="<!DOCTYPE html>\n<htm" class=""  ... > 
  at <VirtualScroller ref="virtualScroller" items="<!DOCTYPE html>\n<html lang=\"en\">\n\n<head>\n  <meta charset=\"utf-8\" />\n  <meta name=\"viewport\" content=\"width=device-width, initial-scale=1\" />\n  <meta name=\"theme-color\" content=\"#000000\" />\n  <link rel=\"shortcut icon\" type=\"image/ico\" href=\"/assets/favicon-bc234827.ico\" />\n  <link href=\"https://fonts.googleapis.com/css?family=Roboto:300,400,500\" rel=\"stylesheet\" />\n  <title>Pentaract UI</title>\n\n  <style>\n    *,\n    html {\n      margin: 0;\n      padding: 0;\n    }\n  </style>\n  <script type=\"module\" crossorigin src=\"/assets/index-58b24b54.js\"></script>\n  <link rel=\"stylesheet\" href=\"/assets/index-a4f6c957.css\">\n</head>\n\n<body>\n  <noscript>Wanna write ur own UI without js?! Go ahead, don't disturb others</noscript>\n  <div id=\"root\"></div>\n\n  \n</body>\n\n</html>\n" columns= [Object, Object, Object, Object, Object, Object]  ... > 
  at <DataTable value="<!DOCTYPE html>\n<html lang=\"en\">\n\n<head>\n  <meta charset=\"utf-8\" />\n  <meta name=\"viewport\" content=\"width=device-width, initial-scale=1\" />\n  <meta name=\"theme-color\" content=\"#000000\" />\n  <link rel=\"shortcut icon\" type=\"image/ico\" href=\"/assets/favicon-bc234827.ico\" />\n  <link href=\"https://fonts.googleapis.com/css?family=Roboto:300,400,500\" rel=\"stylesheet\" />\n  <title>Pentaract UI</title>\n\n  <style>\n    *,\n    html {\n      margin: 0;\n      padding: 0;\n    }\n  </style>\n  <script type=\"module\" crossorigin src=\"/assets/index-58b24b54.js\"></script>\n  <link rel=\"stylesheet\" href=\"/assets/index-a4f6c957.css\">\n</head>\n\n<body>\n  <noscript>Wanna write ur own UI without js?! Go ahead, don't disturb others</noscript>\n  <div id=\"root\"></div>\n\n  \n</body>\n\n</html>\n" loading=false stripedRows=""  ... > 
  at <OrdersView onVnodeUnmounted=fn<onVnodeUnmounted> ref=Ref< Proxy(Object) > > 
  at <RouterView> 
  at <AppLayout onVnodeUnmounted=fn<onVnodeUnmounted> ref=Ref< Proxy(Object) > > 
  at <RouterView> 
  at <App> @ http://localhost:5277/node_modules/@vue/runtime-core/dist/runtime-core.esm-bundler.js:49
[    -342ms] [WARNING] [Vue warn]: Invalid prop: type check failed for prop "value". Expected Array, got String with value "<!DOCTYPE html>
<htm". 
  at <BodyRow key=undefined rowData="Y" index=6  ... > 
  at <TableBody ref="bodyRef" value="<!DOCTYPE html>\n<htm" class=""  ... > 
  at <VirtualScroller ref="virtualScroller" items="<!DOCTYPE html>\n<html lang=\"en\">\n\n<head>\n  <meta charset=\"utf-8\" />\n  <meta name=\"viewport\" content=\"width=device-width, initial-scale=1\" />\n  <meta name=\"theme-color\" content=\"#000000\" />\n  <link rel=\"shortcut icon\" type=\"image/ico\" href=\"/assets/favicon-bc234827.ico\" />\n  <link href=\"https://fonts.googleapis.com/css?family=Roboto:300,400,500\" rel=\"stylesheet\" />\n  <title>Pentaract UI</title>\n\n  <style>\n    *,\n    html {\n      margin: 0;\n      padding: 0;\n    }\n  </style>\n  <script type=\"module\" crossorigin src=\"/assets/index-58b24b54.js\"></script>\n  <link rel=\"stylesheet\" href=\"/assets/index-a4f6c957.css\">\n</head>\n\n<body>\n  <noscript>Wanna write ur own UI without js?! Go ahead, don't disturb others</noscript>\n  <div id=\"root\"></div>\n\n  \n</body>\n\n</html>\n" columns= [Object, Object, Object, Object, Object, Object]  ... > 
  at <DataTable value="<!DOCTYPE html>\n<html lang=\"en\">\n\n<head>\n  <meta charset=\"utf-8\" />\n  <meta name=\"viewport\" content=\"width=device-width, initial-scale=1\" />\n  <meta name=\"theme-color\" content=\"#000000\" />\n  <link rel=\"shortcut icon\" type=\"image/ico\" href=\"/assets/favicon-bc234827.ico\" />\n  <link href=\"https://fonts.googleapis.com/css?family=Roboto:300,400,500\" rel=\"stylesheet\" />\n  <title>Pentaract UI</title>\n\n  <style>\n    *,\n    html {\n      margin: 0;\n      padding: 0;\n    }\n  </style>\n  <script type=\"module\" crossorigin src=\"/assets/index-58b24b54.js\"></script>\n  <link rel=\"stylesheet\" href=\"/assets/index-a4f6c957.css\">\n</head>\n\n<body>\n  <noscript>Wanna write ur own UI without js?! Go ahead, don't disturb others</noscript>\n  <div id=\"root\"></div>\n\n  \n</body>\n\n</html>\n" loading=false stripedRows=""  ... > 
  at <OrdersView onVnodeUnmounted=fn<onVnodeUnmounted> ref=Ref< Proxy(Object) > > 
  at <RouterView> 
  at <AppLayout onVnodeUnmounted=fn<onVnodeUnmounted> ref=Ref< Proxy(Object) > > 
  at <RouterView> 
  at <App> @ http://localhost:5277/node_modules/@vue/runtime-core/dist/runtime-core.esm-bundler.js:49
[    -317ms] [WARNING] [Vue warn]: Invalid prop: type check failed for prop "rowData". Expected Object, got String with value "Y". 
  at <BodyCell key="id" rowData="Y" column= {__v_isVNode: true, __v_skip: true, type: Object, props: Object, key: null}  ... > 
  at <BodyRow key=undefined rowData="Y" index=6  ... > 
  at <TableBody ref="bodyRef" value="<!DOCTYPE html>\n<htm" class=""  ... > 
  at <VirtualScroller ref="virtualScroller" items="<!DOCTYPE html>\n<html lang=\"en\">\n\n<head>\n  <meta charset=\"utf-8\" />\n  <meta name=\"viewport\" content=\"width=device-width, initial-scale=1\" />\n  <meta name=\"theme-color\" content=\"#000000\" />\n  <link rel=\"shortcut icon\" type=\"image/ico\" href=\"/assets/favicon-bc234827.ico\" />\n  <link href=\"https://fonts.googleapis.com/css?family=Roboto:300,400,500\" rel=\"stylesheet\" />\n  <title>Pentaract UI</title>\n\n  <style>\n    *,\n    html {\n      margin: 0;\n      padding: 0;\n    }\n  </style>\n  <script type=\"module\" crossorigin src=\"/assets/index-58b24b54.js\"></script>\n  <link rel=\"stylesheet\" href=\"/assets/index-a4f6c957.css\">\n</head>\n\n<body>\n  <noscript>Wanna write ur own UI without js?! Go ahead, don't disturb others</noscript>\n  <div id=\"root\"></div>\n\n  \n</body>\n\n</html>\n" columns= [Object, Object, Object, Object, Object, Object]  ... > 
  at <DataTable value="<!DOCTYPE html>\n<html lang=\"en\">\n\n<head>\n  <meta charset=\"utf-8\" />\n  <meta name=\"viewport\" content=\"width=device-width, initial-scale=1\" />\n  <meta name=\"theme-color\" content=\"#000000\" />\n  <link rel=\"shortcut icon\" type=\"image/ico\" href=\"/assets/favicon-bc234827.ico\" />\n  <link href=\"https://fonts.googleapis.com/css?family=Roboto:300,400,500\" rel=\"stylesheet\" />\n  <title>Pentaract UI</title>\n\n  <style>\n    *,\n    html {\n      margin: 0;\n      padding: 0;\n    }\n  </style>\n  <script type=\"module\" crossorigin src=\"/assets/index-58b24b54.js\"></script>\n  <link rel=\"stylesheet\" href=\"/assets/index-a4f6c957.css\">\n</head>\n\n<body>\n  <noscript>Wanna write ur own UI without js?! Go ahead, don't disturb others</noscript>\n  <div id=\"root\"></div>\n\n  \n</body>\n\n</html>\n" loading=false stripedRows=""  ... > 
  at <OrdersView onVnodeUnmounted=fn<onVnodeUnmounted> ref=Ref< Proxy(Object) > > 
  at <RouterView> 
  at <AppLayout onVnodeUnmounted=fn<onVnodeUnmounted> ref=Ref< Proxy(Object) > > 
  at <RouterView> 
  at <App> @ http://localhost:5277/node_modules/@vue/runtime-core/dist/runtime-core.esm-bundler.js:49
[    -314ms] [WARNING] [Vue warn]: Invalid prop: type check failed for prop "rowData". Expected Object, got String with value "Y". 
  at <BodyCell key="client_id" rowData="Y" column= {__v_isVNode: true, __v_skip: true, type: Object, props: Object, key: null}  ... > 
  at <BodyRow key=undefined rowData="Y" index=6  ... > 
  at <TableBody ref="bodyRef" value="<!DOCTYPE html>\n<htm" class=""  ... > 
  at <VirtualScroller ref="virtualScroller" items="<!DOCTYPE html>\n<html lang=\"en\">\n\n<head>\n  <meta charset=\"utf-8\" />\n  <meta name=\"viewport\" content=\"width=device-width, initial-scale=1\" />\n  <meta name=\"theme-color\" content=\"#000000\" />\n  <link rel=\"shortcut icon\" type=\"image/ico\" href=\"/assets/favicon-bc234827.ico\" />\n  <link href=\"https://fonts.googleapis.com/css?family=Roboto:300,400,500\" rel=\"stylesheet\" />\n  <title>Pentaract UI</title>\n\n  <style>\n    *,\n    html {\n      margin: 0;\n      padding: 0;\n    }\n  </style>\n  <script type=\"module\" crossorigin src=\"/assets/index-58b24b54.js\"></script>\n  <link rel=\"stylesheet\" href=\"/assets/index-a4f6c957.css\">\n</head>\n\n<body>\n  <noscript>Wanna write ur own UI without js?! Go ahead, don't disturb others</noscript>\n  <div id=\"root\"></div>\n\n  \n</body>\n\n</html>\n" columns= [Object, Object, Object, Object, Object, Object]  ... > 
  at <DataTable value="<!DOCTYPE html>\n<html lang=\"en\">\n\n<head>\n  <meta charset=\"utf-8\" />\n  <meta name=\"viewport\" content=\"width=device-width, initial-scale=1\" />\n  <meta name=\"theme-color\" content=\"#000000\" />\n  <link rel=\"shortcut icon\" type=\"image/ico\" href=\"/assets/favicon-bc234827.ico\" />\n  <link href=\"https://fonts.googleapis.com/css?family=Roboto:300,400,500\" rel=\"stylesheet\" />\n  <title>Pentaract UI</title>\n\n  <style>\n    *,\n    html {\n      margin: 0;\n      padding: 0;\n    }\n  </style>\n  <script type=\"module\" crossorigin src=\"/assets/index-58b24b54.js\"></script>\n  <link rel=\"stylesheet\" href=\"/assets/index-a4f6c957.css\">\n</head>\n\n<body>\n  <noscript>Wanna write ur own UI without js?! Go ahead, don't disturb others</noscript>\n  <div id=\"root\"></div>\n\n  \n</body>\n\n</html>\n" loading=false stripedRows=""  ... > 
  at <OrdersView onVnodeUnmounted=fn<onVnodeUnmounted> ref=Ref< Proxy(Object) > > 
  at <RouterView> 
  at <AppLayout onVnodeUnmounted=fn<onVnodeUnmounted> ref=Ref< Proxy(Object) > > 
  at <RouterView> 
  at <App> @ http://localhost:5277/node_modules/@vue/runtime-core/dist/runtime-core.esm-bundler.js:49
[    -310ms] [WARNING] [Vue warn]: Invalid prop: type check failed for prop "rowData". Expected Object, got String with value "Y". 
  at <BodyCell key="source" rowData="Y" column= {__v_isVNode: true, __v_skip: true, type: Object, props: Object, key: null}  ... > 
  at <BodyRow key=undefined rowData="Y" index=6  ... > 
  at <TableBody ref="bodyRef" value="<!DOCTYPE html>\n<htm" class=""  ... > 
  at <VirtualScroller ref="virtualScroller" items="<!DOCTYPE html>\n<html lang=\"en\">\n\n<head>\n  <meta charset=\"utf-8\" />\n  <meta name=\"viewport\" content=\"width=device-width, initial-scale=1\" />\n  <meta name=\"theme-color\" content=\"#000000\" />\n  <link rel=\"shortcut icon\" type=\"image/ico\" href=\"/assets/favicon-bc234827.ico\" />\n  <link href=\"https://fonts.googleapis.com/css?family=Roboto:300,400,500\" rel=\"stylesheet\" />\n  <title>Pentaract UI</title>\n\n  <style>\n    *,\n    html {\n      margin: 0;\n      padding: 0;\n    }\n  </style>\n  <script type=\"module\" crossorigin src=\"/assets/index-58b24b54.js\"></script>\n  <link rel=\"stylesheet\" href=\"/assets/index-a4f6c957.css\">\n</head>\n\n<body>\n  <noscript>Wanna write ur own UI without js?! Go ahead, don't disturb others</noscript>\n  <div id=\"root\"></div>\n\n  \n</body>\n\n</html>\n" columns= [Object, Object, Object, Object, Object, Object]  ... > 
  at <DataTable value="<!DOCTYPE html>\n<html lang=\"en\">\n\n<head>\n  <meta charset=\"utf-8\" />\n  <meta name=\"viewport\" content=\"width=device-width, initial-scale=1\" />\n  <meta name=\"theme-color\" content=\"#000000\" />\n  <link rel=\"shortcut icon\" type=\"image/ico\" href=\"/assets/favicon-bc234827.ico\" />\n  <link href=\"https://fonts.googleapis.com/css?family=Roboto:300,400,500\" rel=\"stylesheet\" />\n  <title>Pentaract UI</title>\n\n  <style>\n    *,\n    html {\n      margin: 0;\n      padding: 0;\n    }\n  </style>\n  <script type=\"module\" crossorigin src=\"/assets/index-58b24b54.js\"></script>\n  <link rel=\"stylesheet\" href=\"/assets/index-a4f6c957.css\">\n</head>\n\n<body>\n  <noscript>Wanna write ur own UI without js?! Go ahead, don't disturb others</noscript>\n  <div id=\"root\"></div>\n\n  \n</body>\n\n</html>\n" loading=false stripedRows=""  ... > 
  at <OrdersView onVnodeUnmounted=fn<onVnodeUnmounted> ref=Ref< Proxy(Object) > > 
  at <RouterView> 
  at <AppLayout onVnodeUnmounted=fn<onVnodeUnmounted> ref=Ref< Proxy(Object) > > 
  at <RouterView> 
  at <App> @ http://localhost:5277/node_modules/@vue/runtime-core/dist/runtime-core.esm-bundler.js:49
[    -307ms] [WARNING] [Vue warn]: Invalid prop: type check failed for prop "rowData". Expected Object, got String with value "Y". 
  at <BodyCell key="status" rowData="Y" column= {__v_isVNode: true, __v_skip: true, type: Object, props: Object, key: null}  ... > 
  at <BodyRow key=undefined rowData="Y" index=6  ... > 
  at <TableBody ref="bodyRef" value="<!DOCTYPE html>\n<htm" class=""  ... > 
  at <VirtualScroller ref="virtualScroller" items="<!DOCTYPE html>\n<html lang=\"en\">\n\n<head>\n  <meta charset=\"utf-8\" />\n  <meta name=\"viewport\" content=\"width=device-width, initial-scale=1\" />\n  <meta name=\"theme-color\" content=\"#000000\" />\n  <link rel=\"shortcut icon\" type=\"image/ico\" href=\"/assets/favicon-bc234827.ico\" />\n  <link href=\"https://fonts.googleapis.com/css?family=Roboto:300,400,500\" rel=\"stylesheet\" />\n  <title>Pentaract UI</title>\n\n  <style>\n    *,\n    html {\n      margin: 0;\n      padding: 0;\n    }\n  </style>\n  <script type=\"module\" crossorigin src=\"/assets/index-58b24b54.js\"></script>\n  <link rel=\"stylesheet\" href=\"/assets/index-a4f6c957.css\">\n</head>\n\n<body>\n  <noscript>Wanna write ur own UI without js?! Go ahead, don't disturb others</noscript>\n  <div id=\"root\"></div>\n\n  \n</body>\n\n</html>\n" columns= [Object, Object, Object, Object, Object, Object]  ... > 
  at <DataTable value="<!DOCTYPE html>\n<html lang=\"en\">\n\n<head>\n  <meta charset=\"utf-8\" />\n  <meta name=\"viewport\" content=\"width=device-width, initial-scale=1\" />\n  <meta name=\"theme-color\" content=\"#000000\" />\n  <link rel=\"shortcut icon\" type=\"image/ico\" href=\"/assets/favicon-bc234827.ico\" />\n  <link href=\"https://fonts.googleapis.com/css?family=Roboto:300,400,500\" rel=\"stylesheet\" />\n  <title>Pentaract UI</title>\n\n  <style>\n    *,\n    html {\n      margin: 0;\n      padding: 0;\n    }\n  </style>\n  <script type=\"module\" crossorigin src=\"/assets/index-58b24b54.js\"></script>\n  <link rel=\"stylesheet\" href=\"/assets/index-a4f6c957.css\">\n</head>\n\n<body>\n  <noscript>Wanna write ur own UI without js?! Go ahead, don't disturb others</noscript>\n  <div id=\"root\"></div>\n\n  \n</body>\n\n</html>\n" loading=false stripedRows=""  ... > 
  at <OrdersView onVnodeUnmounted=fn<onVnodeUnmounted> ref=Ref< Proxy(Object) > > 
  at <RouterView> 
  at <AppLayout onVnodeUnmounted=fn<onVnodeUnmounted> ref=Ref< Proxy(Object) > > 
  at <RouterView> 
  at <App> @ http://localhost:5277/node_modules/@vue/runtime-core/dist/runtime-core.esm-bundler.js:49
[    -299ms] [WARNING] [Vue warn]: Invalid prop: type check failed for prop "rowData". Expected Object, got String with value "Y". 
  at <BodyCell key="created_at" rowData="Y" column= {__v_isVNode: true, __v_skip: true, type: Object, props: Object, key: null}  ... > 
  at <BodyRow key=undefined rowData="Y" index=6  ... > 
  at <TableBody ref="bodyRef" value="<!DOCTYPE html>\n<htm" class=""  ... > 
  at <VirtualScroller ref="virtualScroller" items="<!DOCTYPE html>\n<html lang=\"en\">\n\n<head>\n  <meta charset=\"utf-8\" />\n  <meta name=\"viewport\" content=\"width=device-width, initial-scale=1\" />\n  <meta name=\"theme-color\" content=\"#000000\" />\n  <link rel=\"shortcut icon\" type=\"image/ico\" href=\"/assets/favicon-bc234827.ico\" />\n  <link href=\"https://fonts.googleapis.com/css?family=Roboto:300,400,500\" rel=\"stylesheet\" />\n  <title>Pentaract UI</title>\n\n  <style>\n    *,\n    html {\n      margin: 0;\n      padding: 0;\n    }\n  </style>\n  <script type=\"module\" crossorigin src=\"/assets/index-58b24b54.js\"></script>\n  <link rel=\"stylesheet\" href=\"/assets/index-a4f6c957.css\">\n</head>\n\n<body>\n  <noscript>Wanna write ur own UI without js?! Go ahead, don't disturb others</noscript>\n  <div id=\"root\"></div>\n\n  \n</body>\n\n</html>\n" columns= [Object, Object, Object, Object, Object, Object]  ... > 
  at <DataTable value="<!DOCTYPE html>\n<html lang=\"en\">\n\n<head>\n  <meta charset=\"utf-8\" />\n  <meta name=\"viewport\" content=\"width=device-width, initial-scale=1\" />\n  <meta name=\"theme-color\" content=\"#000000\" />\n  <link rel=\"shortcut icon\" type=\"image/ico\" href=\"/assets/favicon-bc234827.ico\" />\n  <link href=\"https://fonts.googleapis.com/css?family=Roboto:300,400,500\" rel=\"stylesheet\" />\n  <title>Pentaract UI</title>\n\n  <style>\n    *,\n    html {\n      margin: 0;\n      padding: 0;\n    }\n  </style>\n  <script type=\"module\" crossorigin src=\"/assets/index-58b24b54.js\"></script>\n  <link rel=\"stylesheet\" href=\"/assets/index-a4f6c957.css\">\n</head>\n\n<body>\n  <noscript>Wanna write ur own UI without js?! Go ahead, don't disturb others</noscript>\n  <div id=\"root\"></div>\n\n  \n</body>\n\n</html>\n" loading=false stripedRows=""  ... > 
  at <OrdersView onVnodeUnmounted=fn<onVnodeUnmounted> ref=Ref< Proxy(Object) > > 
  at <RouterView> 
  at <AppLayout onVnodeUnmounted=fn<onVnodeUnmounted> ref=Ref< Proxy(Object) > > 
  at <RouterView> 
  at <App> @ http://localhost:5277/node_modules/@vue/runtime-core/dist/runtime-core.esm-bundler.js:49
[    -295ms] [WARNING] [Vue warn]: Invalid prop: type check failed for prop "rowData". Expected Object, got String with value "Y". 
  at <BodyCell key=5 rowData="Y" column= {__v_isVNode: true, __v_skip: true, type: Object, props: Object, key: null}  ... > 
  at <BodyRow key=undefined rowData="Y" index=6  ... > 
  at <TableBody ref="bodyRef" value="<!DOCTYPE html>\n<htm" class=""  ... > 
  at <VirtualScroller ref="virtualScroller" items="<!DOCTYPE html>\n<html lang=\"en\">\n\n<head>\n  <meta charset=\"utf-8\" />\n  <meta name=\"viewport\" content=\"width=device-width, initial-scale=1\" />\n  <meta name=\"theme-color\" content=\"#000000\" />\n  <link rel=\"shortcut icon\" type=\"image/ico\" href=\"/assets/favicon-bc234827.ico\" />\n  <link href=\"https://fonts.googleapis.com/css?family=Roboto:300,400,500\" rel=\"stylesheet\" />\n  <title>Pentaract UI</title>\n\n  <style>\n    *,\n    html {\n      margin: 0;\n      padding: 0;\n    }\n  </style>\n  <script type=\"module\" crossorigin src=\"/assets/index-58b24b54.js\"></script>\n  <link rel=\"stylesheet\" href=\"/assets/index-a4f6c957.css\">\n</head>\n\n<body>\n  <noscript>Wanna write ur own UI without js?! Go ahead, don't disturb others</noscript>\n  <div id=\"root\"></div>\n\n  \n</body>\n\n</html>\n" columns= [Object, Object, Object, Object, Object, Object]  ... > 
  at <DataTable value="<!DOCTYPE html>\n<html lang=\"en\">\n\n<head>\n  <meta charset=\"utf-8\" />\n  <meta name=\"viewport\" content=\"width=device-width, initial-scale=1\" />\n  <meta name=\"theme-color\" content=\"#000000\" />\n  <link rel=\"shortcut icon\" type=\"image/ico\" href=\"/assets/favicon-bc234827.ico\" />\n  <link href=\"https://fonts.googleapis.com/css?family=Roboto:300,400,500\" rel=\"stylesheet\" />\n  <title>Pentaract UI</title>\n\n  <style>\n    *,\n    html {\n      margin: 0;\n      padding: 0;\n    }\n  </style>\n  <script type=\"module\" crossorigin src=\"/assets/index-58b24b54.js\"></script>\n  <link rel=\"stylesheet\" href=\"/assets/index-a4f6c957.css\">\n</head>\n\n<body>\n  <noscript>Wanna write ur own UI without js?! Go ahead, don't disturb others</noscript>\n  <div id=\"root\"></div>\n\n  \n</body>\n\n</html>\n" loading=false stripedRows=""  ... > 
  at <OrdersView onVnodeUnmounted=fn<onVnodeUnmounted> ref=Ref< Proxy(Object) > > 
  at <RouterView> 
  at <AppLayout onVnodeUnmounted=fn<onVnodeUnmounted> ref=Ref< Proxy(Object) > > 
  at <RouterView> 
  at <App> @ http://localhost:5277/node_modules/@vue/runtime-core/dist/runtime-core.esm-bundler.js:49
[    -290ms] [WARNING] [Vue warn]: Invalid prop: type check failed for prop "rowData". Expected Object, got String with value "P". 
  at <BodyRow key=undefined rowData="P" index=7  ... > 
  at <TableBody ref="bodyRef" value="<!DOCTYPE html>\n<htm" class=""  ... > 
  at <VirtualScroller ref="virtualScroller" items="<!DOCTYPE html>\n<html lang=\"en\">\n\n<head>\n  <meta charset=\"utf-8\" />\n  <meta name=\"viewport\" content=\"width=device-width, initial-scale=1\" />\n  <meta name=\"theme-color\" content=\"#000000\" />\n  <link rel=\"shortcut icon\" type=\"image/ico\" href=\"/assets/favicon-bc234827.ico\" />\n  <link href=\"https://fonts.googleapis.com/css?family=Roboto:300,400,500\" rel=\"stylesheet\" />\n  <title>Pentaract UI</title>\n\n  <style>\n    *,\n    html {\n      margin: 0;\n      padding: 0;\n    }\n  </style>\n  <script type=\"module\" crossorigin src=\"/assets/index-58b24b54.js\"></script>\n  <link rel=\"stylesheet\" href=\"/assets/index-a4f6c957.css\">\n</head>\n\n<body>\n  <noscript>Wanna write ur own UI without js?! Go ahead, don't disturb others</noscript>\n  <div id=\"root\"></div>\n\n  \n</body>\n\n</html>\n" columns= [Object, Object, Object, Object, Object, Object]  ... > 
  at <DataTable value="<!DOCTYPE html>\n<html lang=\"en\">\n\n<head>\n  <meta charset=\"utf-8\" />\n  <meta name=\"viewport\" content=\"width=device-width, initial-scale=1\" />\n  <meta name=\"theme-color\" content=\"#000000\" />\n  <link rel=\"shortcut icon\" type=\"image/ico\" href=\"/assets/favicon-bc234827.ico\" />\n  <link href=\"https://fonts.googleapis.com/css?family=Roboto:300,400,500\" rel=\"stylesheet\" />\n  <title>Pentaract UI</title>\n\n  <style>\n    *,\n    html {\n      margin: 0;\n      padding: 0;\n    }\n  </style>\n  <script type=\"module\" crossorigin src=\"/assets/index-58b24b54.js\"></script>\n  <link rel=\"stylesheet\" href=\"/assets/index-a4f6c957.css\">\n</head>\n\n<body>\n  <noscript>Wanna write ur own UI without js?! Go ahead, don't disturb others</noscript>\n  <div id=\"root\"></div>\n\n  \n</body>\n\n</html>\n" loading=false stripedRows=""  ... > 
  at <OrdersView onVnodeUnmounted=fn<onVnodeUnmounted> ref=Ref< Proxy(Object) > > 
  at <RouterView> 
  at <AppLayout onVnodeUnmounted=fn<onVnodeUnmounted> ref=Ref< Proxy(Object) > > 
  at <RouterView> 
  at <App> @ http://localhost:5277/node_modules/@vue/runtime-core/dist/runtime-core.esm-bundler.js:49
[    -288ms] [WARNING] [Vue warn]: Invalid prop: type check failed for prop "value". Expected Array, got String with value "<!DOCTYPE html>
<htm". 
  at <BodyRow key=undefined rowData="P" index=7  ... > 
  at <TableBody ref="bodyRef" value="<!DOCTYPE html>\n<htm" class=""  ... > 
  at <VirtualScroller ref="virtualScroller" items="<!DOCTYPE html>\n<html lang=\"en\">\n\n<head>\n  <meta charset=\"utf-8\" />\n  <meta name=\"viewport\" content=\"width=device-width, initial-scale=1\" />\n  <meta name=\"theme-color\" content=\"#000000\" />\n  <link rel=\"shortcut icon\" type=\"image/ico\" href=\"/assets/favicon-bc234827.ico\" />\n  <link href=\"https://fonts.googleapis.com/css?family=Roboto:300,400,500\" rel=\"stylesheet\" />\n  <title>Pentaract UI</title>\n\n  <style>\n    *,\n    html {\n      margin: 0;\n      padding: 0;\n    }\n  </style>\n  <script type=\"module\" crossorigin src=\"/assets/index-58b24b54.js\"></script>\n  <link rel=\"stylesheet\" href=\"/assets/index-a4f6c957.css\">\n</head>\n\n<body>\n  <noscript>Wanna write ur own UI without js?! Go ahead, don't disturb others</noscript>\n  <div id=\"root\"></div>\n\n  \n</body>\n\n</html>\n" columns= [Object, Object, Object, Object, Object, Object]  ... > 
  at <DataTable value="<!DOCTYPE html>\n<html lang=\"en\">\n\n<head>\n  <meta charset=\"utf-8\" />\n  <meta name=\"viewport\" content=\"width=device-width, initial-scale=1\" />\n  <meta name=\"theme-color\" content=\"#000000\" />\n  <link rel=\"shortcut icon\" type=\"image/ico\" href=\"/assets/favicon-bc234827.ico\" />\n  <link href=\"https://fonts.googleapis.com/css?family=Roboto:300,400,500\" rel=\"stylesheet\" />\n  <title>Pentaract UI</title>\n\n  <style>\n    *,\n    html {\n      margin: 0;\n      padding: 0;\n    }\n  </style>\n  <script type=\"module\" crossorigin src=\"/assets/index-58b24b54.js\"></script>\n  <link rel=\"stylesheet\" href=\"/assets/index-a4f6c957.css\">\n</head>\n\n<body>\n  <noscript>Wanna write ur own UI without js?! Go ahead, don't disturb others</noscript>\n  <div id=\"root\"></div>\n\n  \n</body>\n\n</html>\n" loading=false stripedRows=""  ... > 
  at <OrdersView onVnodeUnmounted=fn<onVnodeUnmounted> ref=Ref< Proxy(Object) > > 
  at <RouterView> 
  at <AppLayout onVnodeUnmounted=fn<onVnodeUnmounted> ref=Ref< Proxy(Object) > > 
  at <RouterView> 
  at <App> @ http://localhost:5277/node_modules/@vue/runtime-core/dist/runtime-core.esm-bundler.js:49
[    -282ms] [WARNING] [Vue warn]: Invalid prop: type check failed for prop "rowData". Expected Object, got String with value "P". 
  at <BodyCell key="id" rowData="P" column= {__v_isVNode: true, __v_skip: true, type: Object, props: Object, key: null}  ... > 
  at <BodyRow key=undefined rowData="P" index=7  ... > 
  at <TableBody ref="bodyRef" value="<!DOCTYPE html>\n<htm" class=""  ... > 
  at <VirtualScroller ref="virtualScroller" items="<!DOCTYPE html>\n<html lang=\"en\">\n\n<head>\n  <meta charset=\"utf-8\" />\n  <meta name=\"viewport\" content=\"width=device-width, initial-scale=1\" />\n  <meta name=\"theme-color\" content=\"#000000\" />\n  <link rel=\"shortcut icon\" type=\"image/ico\" href=\"/assets/favicon-bc234827.ico\" />\n  <link href=\"https://fonts.googleapis.com/css?family=Roboto:300,400,500\" rel=\"stylesheet\" />\n  <title>Pentaract UI</title>\n\n  <style>\n    *,\n    html {\n      margin: 0;\n      padding: 0;\n    }\n  </style>\n  <script type=\"module\" crossorigin src=\"/assets/index-58b24b54.js\"></script>\n  <link rel=\"stylesheet\" href=\"/assets/index-a4f6c957.css\">\n</head>\n\n<body>\n  <noscript>Wanna write ur own UI without js?! Go ahead, don't disturb others</noscript>\n  <div id=\"root\"></div>\n\n  \n</body>\n\n</html>\n" columns= [Object, Object, Object, Object, Object, Object]  ... > 
  at <DataTable value="<!DOCTYPE html>\n<html lang=\"en\">\n\n<head>\n  <meta charset=\"utf-8\" />\n  <meta name=\"viewport\" content=\"width=device-width, initial-scale=1\" />\n  <meta name=\"theme-color\" content=\"#000000\" />\n  <link rel=\"shortcut icon\" type=\"image/ico\" href=\"/assets/favicon-bc234827.ico\" />\n  <link href=\"https://fonts.googleapis.com/css?family=Roboto:300,400,500\" rel=\"stylesheet\" />\n  <title>Pentaract UI</title>\n\n  <style>\n    *,\n    html {\n      margin: 0;\n      padding: 0;\n    }\n  </style>\n  <script type=\"module\" crossorigin src=\"/assets/index-58b24b54.js\"></script>\n  <link rel=\"stylesheet\" href=\"/assets/index-a4f6c957.css\">\n</head>\n\n<body>\n  <noscript>Wanna write ur own UI without js?! Go ahead, don't disturb others</noscript>\n  <div id=\"root\"></div>\n\n  \n</body>\n\n</html>\n" loading=false stripedRows=""  ... > 
  at <OrdersView onVnodeUnmounted=fn<onVnodeUnmounted> ref=Ref< Proxy(Object) > > 
  at <RouterView> 
  at <AppLayout onVnodeUnmounted=fn<onVnodeUnmounted> ref=Ref< Proxy(Object) > > 
  at <RouterView> 
  at <App> @ http://localhost:5277/node_modules/@vue/runtime-core/dist/runtime-core.esm-bundler.js:49
[    -275ms] [WARNING] [Vue warn]: Invalid prop: type check failed for prop "rowData". Expected Object, got String with value "P". 
  at <BodyCell key="client_id" rowData="P" column= {__v_isVNode: true, __v_skip: true, type: Object, props: Object, key: null}  ... > 
  at <BodyRow key=undefined rowData="P" index=7  ... > 
  at <TableBody ref="bodyRef" value="<!DOCTYPE html>\n<htm" class=""  ... > 
  at <VirtualScroller ref="virtualScroller" items="<!DOCTYPE html>\n<html lang=\"en\">\n\n<head>\n  <meta charset=\"utf-8\" />\n  <meta name=\"viewport\" content=\"width=device-width, initial-scale=1\" />\n  <meta name=\"theme-color\" content=\"#000000\" />\n  <link rel=\"shortcut icon\" type=\"image/ico\" href=\"/assets/favicon-bc234827.ico\" />\n  <link href=\"https://fonts.googleapis.com/css?family=Roboto:300,400,500\" rel=\"stylesheet\" />\n  <title>Pentaract UI</title>\n\n  <style>\n    *,\n    html {\n      margin: 0;\n      padding: 0;\n    }\n  </style>\n  <script type=\"module\" crossorigin src=\"/assets/index-58b24b54.js\"></script>\n  <link rel=\"stylesheet\" href=\"/assets/index-a4f6c957.css\">\n</head>\n\n<body>\n  <noscript>Wanna write ur own UI without js?! Go ahead, don't disturb others</noscript>\n  <div id=\"root\"></div>\n\n  \n</body>\n\n</html>\n" columns= [Object, Object, Object, Object, Object, Object]  ... > 
  at <DataTable value="<!DOCTYPE html>\n<html lang=\"en\">\n\n<head>\n  <meta charset=\"utf-8\" />\n  <meta name=\"viewport\" content=\"width=device-width, initial-scale=1\" />\n  <meta name=\"theme-color\" content=\"#000000\" />\n  <link rel=\"shortcut icon\" type=\"image/ico\" href=\"/assets/favicon-bc234827.ico\" />\n  <link href=\"https://fonts.googleapis.com/css?family=Roboto:300,400,500\" rel=\"stylesheet\" />\n  <title>Pentaract UI</title>\n\n  <style>\n    *,\n    html {\n      margin: 0;\n      padding: 0;\n    }\n  </style>\n  <script type=\"module\" crossorigin src=\"/assets/index-58b24b54.js\"></script>\n  <link rel=\"stylesheet\" href=\"/assets/index-a4f6c957.css\">\n</head>\n\n<body>\n  <noscript>Wanna write ur own UI without js?! Go ahead, don't disturb others</noscript>\n  <div id=\"root\"></div>\n\n  \n</body>\n\n</html>\n" loading=false stripedRows=""  ... > 
  at <OrdersView onVnodeUnmounted=fn<onVnodeUnmounted> ref=Ref< Proxy(Object) > > 
  at <RouterView> 
  at <AppLayout onVnodeUnmounted=fn<onVnodeUnmounted> ref=Ref< Proxy(Object) > > 
  at <RouterView> 
  at <App> @ http://localhost:5277/node_modules/@vue/runtime-core/dist/runtime-core.esm-bundler.js:49
[    -271ms] [WARNING] [Vue warn]: Invalid prop: type check failed for prop "rowData". Expected Object, got String with value "P". 
  at <BodyCell key="source" rowData="P" column= {__v_isVNode: true, __v_skip: true, type: Object, props: Object, key: null}  ... > 
  at <BodyRow key=undefined rowData="P" index=7  ... > 
  at <TableBody ref="bodyRef" value="<!DOCTYPE html>\n<htm" class=""  ... > 
  at <VirtualScroller ref="virtualScroller" items="<!DOCTYPE html>\n<html lang=\"en\">\n\n<head>\n  <meta charset=\"utf-8\" />\n  <meta name=\"viewport\" content=\"width=device-width, initial-scale=1\" />\n  <meta name=\"theme-color\" content=\"#000000\" />\n  <link rel=\"shortcut icon\" type=\"image/ico\" href=\"/assets/favicon-bc234827.ico\" />\n  <link href=\"https://fonts.googleapis.com/css?family=Roboto:300,400,500\" rel=\"stylesheet\" />\n  <title>Pentaract UI</title>\n\n  <style>\n    *,\n    html {\n      margin: 0;\n      padding: 0;\n    }\n  </style>\n  <script type=\"module\" crossorigin src=\"/assets/index-58b24b54.js\"></script>\n  <link rel=\"stylesheet\" href=\"/assets/index-a4f6c957.css\">\n</head>\n\n<body>\n  <noscript>Wanna write ur own UI without js?! Go ahead, don't disturb others</noscript>\n  <div id=\"root\"></div>\n\n  \n</body>\n\n</html>\n" columns= [Object, Object, Object, Object, Object, Object]  ... > 
  at <DataTable value="<!DOCTYPE html>\n<html lang=\"en\">\n\n<head>\n  <meta charset=\"utf-8\" />\n  <meta name=\"viewport\" content=\"width=device-width, initial-scale=1\" />\n  <meta name=\"theme-color\" content=\"#000000\" />\n  <link rel=\"shortcut icon\" type=\"image/ico\" href=\"/assets/favicon-bc234827.ico\" />\n  <link href=\"https://fonts.googleapis.com/css?family=Roboto:300,400,500\" rel=\"stylesheet\" />\n  <title>Pentaract UI</title>\n\n  <style>\n    *,\n    html {\n      margin: 0;\n      padding: 0;\n    }\n  </style>\n  <script type=\"module\" crossorigin src=\"/assets/index-58b24b54.js\"></script>\n  <link rel=\"stylesheet\" href=\"/assets/index-a4f6c957.css\">\n</head>\n\n<body>\n  <noscript>Wanna write ur own UI without js?! Go ahead, don't disturb others</noscript>\n  <div id=\"root\"></div>\n\n  \n</body>\n\n</html>\n" loading=false stripedRows=""  ... > 
  at <OrdersView onVnodeUnmounted=fn<onVnodeUnmounted> ref=Ref< Proxy(Object) > > 
  at <RouterView> 
  at <AppLayout onVnodeUnmounted=fn<onVnodeUnmounted> ref=Ref< Proxy(Object) > > 
  at <RouterView> 
  at <App> @ http://localhost:5277/node_modules/@vue/runtime-core/dist/runtime-core.esm-bundler.js:49
[    -269ms] [WARNING] [Vue warn]: Invalid prop: type check failed for prop "rowData". Expected Object, got String with value "P". 
  at <BodyCell key="status" rowData="P" column= {__v_isVNode: true, __v_skip: true, type: Object, props: Object, key: null}  ... > 
  at <BodyRow key=undefined rowData="P" index=7  ... > 
  at <TableBody ref="bodyRef" value="<!DOCTYPE html>\n<htm" class=""  ... > 
  at <VirtualScroller ref="virtualScroller" items="<!DOCTYPE html>\n<html lang=\"en\">\n\n<head>\n  <meta charset=\"utf-8\" />\n  <meta name=\"viewport\" content=\"width=device-width, initial-scale=1\" />\n  <meta name=\"theme-color\" content=\"#000000\" />\n  <link rel=\"shortcut icon\" type=\"image/ico\" href=\"/assets/favicon-bc234827.ico\" />\n  <link href=\"https://fonts.googleapis.com/css?family=Roboto:300,400,500\" rel=\"stylesheet\" />\n  <title>Pentaract UI</title>\n\n  <style>\n    *,\n    html {\n      margin: 0;\n      padding: 0;\n    }\n  </style>\n  <script type=\"module\" crossorigin src=\"/assets/index-58b24b54.js\"></script>\n  <link rel=\"stylesheet\" href=\"/assets/index-a4f6c957.css\">\n</head>\n\n<body>\n  <noscript>Wanna write ur own UI without js?! Go ahead, don't disturb others</noscript>\n  <div id=\"root\"></div>\n\n  \n</body>\n\n</html>\n" columns= [Object, Object, Object, Object, Object, Object]  ... > 
  at <DataTable value="<!DOCTYPE html>\n<html lang=\"en\">\n\n<head>\n  <meta charset=\"utf-8\" />\n  <meta name=\"viewport\" content=\"width=device-width, initial-scale=1\" />\n  <meta name=\"theme-color\" content=\"#000000\" />\n  <link rel=\"shortcut icon\" type=\"image/ico\" href=\"/assets/favicon-bc234827.ico\" />\n  <link href=\"https://fonts.googleapis.com/css?family=Roboto:300,400,500\" rel=\"stylesheet\" />\n  <title>Pentaract UI</title>\n\n  <style>\n    *,\n    html {\n      margin: 0;\n      padding: 0;\n    }\n  </style>\n  <script type=\"module\" crossorigin src=\"/assets/index-58b24b54.js\"></script>\n  <link rel=\"stylesheet\" href=\"/assets/index-a4f6c957.css\">\n</head>\n\n<body>\n  <noscript>Wanna write ur own UI without js?! Go ahead, don't disturb others</noscript>\n  <div id=\"root\"></div>\n\n  \n</body>\n\n</html>\n" loading=false stripedRows=""  ... > 
  at <OrdersView onVnodeUnmounted=fn<onVnodeUnmounted> ref=Ref< Proxy(Object) > > 
  at <RouterView> 
  at <AppLayout onVnodeUnmounted=fn<onVnodeUnmounted> ref=Ref< Proxy(Object) > > 
  at <RouterView> 
  at <App> @ http://localhost:5277/node_modules/@vue/runtime-core/dist/runtime-core.esm-bundler.js:49
[    -255ms] [WARNING] [Vue warn]: Invalid prop: type check failed for prop "rowData". Expected Object, got String with value "P". 
  at <BodyCell key="created_at" rowData="P" column= {__v_isVNode: true, __v_skip: true, type: Object, props: Object, key: null}  ... > 
  at <BodyRow key=undefined rowData="P" index=7  ... > 
  at <TableBody ref="bodyRef" value="<!DOCTYPE html>\n<htm" class=""  ... > 
  at <VirtualScroller ref="virtualScroller" items="<!DOCTYPE html>\n<html lang=\"en\">\n\n<head>\n  <meta charset=\"utf-8\" />\n  <meta name=\"viewport\" content=\"width=device-width, initial-scale=1\" />\n  <meta name=\"theme-color\" content=\"#000000\" />\n  <link rel=\"shortcut icon\" type=\"image/ico\" href=\"/assets/favicon-bc234827.ico\" />\n  <link href=\"https://fonts.googleapis.com/css?family=Roboto:300,400,500\" rel=\"stylesheet\" />\n  <title>Pentaract UI</title>\n\n  <style>\n    *,\n    html {\n      margin: 0;\n      padding: 0;\n    }\n  </style>\n  <script type=\"module\" crossorigin src=\"/assets/index-58b24b54.js\"></script>\n  <link rel=\"stylesheet\" href=\"/assets/index-a4f6c957.css\">\n</head>\n\n<body>\n  <noscript>Wanna write ur own UI without js?! Go ahead, don't disturb others</noscript>\n  <div id=\"root\"></div>\n\n  \n</body>\n\n</html>\n" columns= [Object, Object, Object, Object, Object, Object]  ... > 
  at <DataTable value="<!DOCTYPE html>\n<html lang=\"en\">\n\n<head>\n  <meta charset=\"utf-8\" />\n  <meta name=\"viewport\" content=\"width=device-width, initial-scale=1\" />\n  <meta name=\"theme-color\" content=\"#000000\" />\n  <link rel=\"shortcut icon\" type=\"image/ico\" href=\"/assets/favicon-bc234827.ico\" />\n  <link href=\"https://fonts.googleapis.com/css?family=Roboto:300,400,500\" rel=\"stylesheet\" />\n  <title>Pentaract UI</title>\n\n  <style>\n    *,\n    html {\n      margin: 0;\n      padding: 0;\n    }\n  </style>\n  <script type=\"module\" crossorigin src=\"/assets/index-58b24b54.js\"></script>\n  <link rel=\"stylesheet\" href=\"/assets/index-a4f6c957.css\">\n</head>\n\n<body>\n  <noscript>Wanna write ur own UI without js?! Go ahead, don't disturb others</noscript>\n  <div id=\"root\"></div>\n\n  \n</body>\n\n</html>\n" loading=false stripedRows=""  ... > 
  at <OrdersView onVnodeUnmounted=fn<onVnodeUnmounted> ref=Ref< Proxy(Object) > > 
  at <RouterView> 
  at <AppLayout onVnodeUnmounted=fn<onVnodeUnmounted> ref=Ref< Proxy(Object) > > 
  at <RouterView> 
  at <App> @ http://localhost:5277/node_modules/@vue/runtime-core/dist/runtime-core.esm-bundler.js:49
[    -252ms] [WARNING] [Vue warn]: Invalid prop: type check failed for prop "rowData". Expected Object, got String with value "P". 
  at <BodyCell key=5 rowData="P" column= {__v_isVNode: true, __v_skip: true, type: Object, props: Object, key: null}  ... > 
  at <BodyRow key=undefined rowData="P" index=7  ... > 
  at <TableBody ref="bodyRef" value="<!DOCTYPE html>\n<htm" class=""  ... > 
  at <VirtualScroller ref="virtualScroller" items="<!DOCTYPE html>\n<html lang=\"en\">\n\n<head>\n  <meta charset=\"utf-8\" />\n  <meta name=\"viewport\" content=\"width=device-width, initial-scale=1\" />\n  <meta name=\"theme-color\" content=\"#000000\" />\n  <link rel=\"shortcut icon\" type=\"image/ico\" href=\"/assets/favicon-bc234827.ico\" />\n  <link href=\"https://fonts.googleapis.com/css?family=Roboto:300,400,500\" rel=\"stylesheet\" />\n  <title>Pentaract UI</title>\n\n  <style>\n    *,\n    html {\n      margin: 0;\n      padding: 0;\n    }\n  </style>\n  <script type=\"module\" crossorigin src=\"/assets/index-58b24b54.js\"></script>\n  <link rel=\"stylesheet\" href=\"/assets/index-a4f6c957.css\">\n</head>\n\n<body>\n  <noscript>Wanna write ur own UI without js?! Go ahead, don't disturb others</noscript>\n  <div id=\"root\"></div>\n\n  \n</body>\n\n</html>\n" columns= [Object, Object, Object, Object, Object, Object]  ... > 
  at <DataTable value="<!DOCTYPE html>\n<html lang=\"en\">\n\n<head>\n  <meta charset=\"utf-8\" />\n  <meta name=\"viewport\" content=\"width=device-width, initial-scale=1\" />\n  <meta name=\"theme-color\" content=\"#000000\" />\n  <link rel=\"shortcut icon\" type=\"image/ico\" href=\"/assets/favicon-bc234827.ico\" />\n  <link href=\"https://fonts.googleapis.com/css?family=Roboto:300,400,500\" rel=\"stylesheet\" />\n  <title>Pentaract UI</title>\n\n  <style>\n    *,\n    html {\n      margin: 0;\n      padding: 0;\n    }\n  </style>\n  <script type=\"module\" crossorigin src=\"/assets/index-58b24b54.js\"></script>\n  <link rel=\"stylesheet\" href=\"/assets/index-a4f6c957.css\">\n</head>\n\n<body>\n  <noscript>Wanna write ur own UI without js?! Go ahead, don't disturb others</noscript>\n  <div id=\"root\"></div>\n\n  \n</body>\n\n</html>\n" loading=false stripedRows=""  ... > 
  at <OrdersView onVnodeUnmounted=fn<onVnodeUnmounted> ref=Ref< Proxy(Object) > > 
  at <RouterView> 
  at <AppLayout onVnodeUnmounted=fn<onVnodeUnmounted> ref=Ref< Proxy(Object) > > 
  at <RouterView> 
  at <App> @ http://localhost:5277/node_modules/@vue/runtime-core/dist/runtime-core.esm-bundler.js:49
[    -242ms] [WARNING] [Vue warn]: Invalid prop: type check failed for prop "rowData". Expected Object, got String with value "E". 
  at <BodyRow key=undefined rowData="E" index=8  ... > 
  at <TableBody ref="bodyRef" value="<!DOCTYPE html>\n<htm" class=""  ... > 
  at <VirtualScroller ref="virtualScroller" items="<!DOCTYPE html>\n<html lang=\"en\">\n\n<head>\n  <meta charset=\"utf-8\" />\n  <meta name=\"viewport\" content=\"width=device-width, initial-scale=1\" />\n  <meta name=\"theme-color\" content=\"#000000\" />\n  <link rel=\"shortcut icon\" type=\"image/ico\" href=\"/assets/favicon-bc234827.ico\" />\n  <link href=\"https://fonts.googleapis.com/css?family=Roboto:300,400,500\" rel=\"stylesheet\" />\n  <title>Pentaract UI</title>\n\n  <style>\n    *,\n    html {\n      margin: 0;\n      padding: 0;\n    }\n  </style>\n  <script type=\"module\" crossorigin src=\"/assets/index-58b24b54.js\"></script>\n  <link rel=\"stylesheet\" href=\"/assets/index-a4f6c957.css\">\n</head>\n\n<body>\n  <noscript>Wanna write ur own UI without js?! Go ahead, don't disturb others</noscript>\n  <div id=\"root\"></div>\n\n  \n</body>\n\n</html>\n" columns= [Object, Object, Object, Object, Object, Object]  ... > 
  at <DataTable value="<!DOCTYPE html>\n<html lang=\"en\">\n\n<head>\n  <meta charset=\"utf-8\" />\n  <meta name=\"viewport\" content=\"width=device-width, initial-scale=1\" />\n  <meta name=\"theme-color\" content=\"#000000\" />\n  <link rel=\"shortcut icon\" type=\"image/ico\" href=\"/assets/favicon-bc234827.ico\" />\n  <link href=\"https://fonts.googleapis.com/css?family=Roboto:300,400,500\" rel=\"stylesheet\" />\n  <title>Pentaract UI</title>\n\n  <style>\n    *,\n    html {\n      margin: 0;\n      padding: 0;\n    }\n  </style>\n  <script type=\"module\" crossorigin src=\"/assets/index-58b24b54.js\"></script>\n  <link rel=\"stylesheet\" href=\"/assets/index-a4f6c957.css\">\n</head>\n\n<body>\n  <noscript>Wanna write ur own UI without js?! Go ahead, don't disturb others</noscript>\n  <div id=\"root\"></div>\n\n  \n</body>\n\n</html>\n" loading=false stripedRows=""  ... > 
  at <OrdersView onVnodeUnmounted=fn<onVnodeUnmounted> ref=Ref< Proxy(Object) > > 
  at <RouterView> 
  at <AppLayout onVnodeUnmounted=fn<onVnodeUnmounted> ref=Ref< Proxy(Object) > > 
  at <RouterView> 
  at <App> @ http://localhost:5277/node_modules/@vue/runtime-core/dist/runtime-core.esm-bundler.js:49
[    -241ms] [WARNING] [Vue warn]: Invalid prop: type check failed for prop "value". Expected Array, got String with value "<!DOCTYPE html>
<htm". 
  at <BodyRow key=undefined rowData="E" index=8  ... > 
  at <TableBody ref="bodyRef" value="<!DOCTYPE html>\n<htm" class=""  ... > 
  at <VirtualScroller ref="virtualScroller" items="<!DOCTYPE html>\n<html lang=\"en\">\n\n<head>\n  <meta charset=\"utf-8\" />\n  <meta name=\"viewport\" content=\"width=device-width, initial-scale=1\" />\n  <meta name=\"theme-color\" content=\"#000000\" />\n  <link rel=\"shortcut icon\" type=\"image/ico\" href=\"/assets/favicon-bc234827.ico\" />\n  <link href=\"https://fonts.googleapis.com/css?family=Roboto:300,400,500\" rel=\"stylesheet\" />\n  <title>Pentaract UI</title>\n\n  <style>\n    *,\n    html {\n      margin: 0;\n      padding: 0;\n    }\n  </style>\n  <script type=\"module\" crossorigin src=\"/assets/index-58b24b54.js\"></script>\n  <link rel=\"stylesheet\" href=\"/assets/index-a4f6c957.css\">\n</head>\n\n<body>\n  <noscript>Wanna write ur own UI without js?! Go ahead, don't disturb others</noscript>\n  <div id=\"root\"></div>\n\n  \n</body>\n\n</html>\n" columns= [Object, Object, Object, Object, Object, Object]  ... > 
  at <DataTable value="<!DOCTYPE html>\n<html lang=\"en\">\n\n<head>\n  <meta charset=\"utf-8\" />\n  <meta name=\"viewport\" content=\"width=device-width, initial-scale=1\" />\n  <meta name=\"theme-color\" content=\"#000000\" />\n  <link rel=\"shortcut icon\" type=\"image/ico\" href=\"/assets/favicon-bc234827.ico\" />\n  <link href=\"https://fonts.googleapis.com/css?family=Roboto:300,400,500\" rel=\"stylesheet\" />\n  <title>Pentaract UI</title>\n\n  <style>\n    *,\n    html {\n      margin: 0;\n      padding: 0;\n    }\n  </style>\n  <script type=\"module\" crossorigin src=\"/assets/index-58b24b54.js\"></script>\n  <link rel=\"stylesheet\" href=\"/assets/index-a4f6c957.css\">\n</head>\n\n<body>\n  <noscript>Wanna write ur own UI without js?! Go ahead, don't disturb others</noscript>\n  <div id=\"root\"></div>\n\n  \n</body>\n\n</html>\n" loading=false stripedRows=""  ... > 
  at <OrdersView onVnodeUnmounted=fn<onVnodeUnmounted> ref=Ref< Proxy(Object) > > 
  at <RouterView> 
  at <AppLayout onVnodeUnmounted=fn<onVnodeUnmounted> ref=Ref< Proxy(Object) > > 
  at <RouterView> 
  at <App> @ http://localhost:5277/node_modules/@vue/runtime-core/dist/runtime-core.esm-bundler.js:49
[    -239ms] [WARNING] [Vue warn]: Invalid prop: type check failed for prop "rowData". Expected Object, got String with value "E". 
  at <BodyCell key="id" rowData="E" column= {__v_isVNode: true, __v_skip: true, type: Object, props: Object, key: null}  ... > 
  at <BodyRow key=undefined rowData="E" index=8  ... > 
  at <TableBody ref="bodyRef" value="<!DOCTYPE html>\n<htm" class=""  ... > 
  at <VirtualScroller ref="virtualScroller" items="<!DOCTYPE html>\n<html lang=\"en\">\n\n<head>\n  <meta charset=\"utf-8\" />\n  <meta name=\"viewport\" content=\"width=device-width, initial-scale=1\" />\n  <meta name=\"theme-color\" content=\"#000000\" />\n  <link rel=\"shortcut icon\" type=\"image/ico\" href=\"/assets/favicon-bc234827.ico\" />\n  <link href=\"https://fonts.googleapis.com/css?family=Roboto:300,400,500\" rel=\"stylesheet\" />\n  <title>Pentaract UI</title>\n\n  <style>\n    *,\n    html {\n      margin: 0;\n      padding: 0;\n    }\n  </style>\n  <script type=\"module\" crossorigin src=\"/assets/index-58b24b54.js\"></script>\n  <link rel=\"stylesheet\" href=\"/assets/index-a4f6c957.css\">\n</head>\n\n<body>\n  <noscript>Wanna write ur own UI without js?! Go ahead, don't disturb others</noscript>\n  <div id=\"root\"></div>\n\n  \n</body>\n\n</html>\n" columns= [Object, Object, Object, Object, Object, Object]  ... > 
  at <DataTable value="<!DOCTYPE html>\n<html lang=\"en\">\n\n<head>\n  <meta charset=\"utf-8\" />\n  <meta name=\"viewport\" content=\"width=device-width, initial-scale=1\" />\n  <meta name=\"theme-color\" content=\"#000000\" />\n  <link rel=\"shortcut icon\" type=\"image/ico\" href=\"/assets/favicon-bc234827.ico\" />\n  <link href=\"https://fonts.googleapis.com/css?family=Roboto:300,400,500\" rel=\"stylesheet\" />\n  <title>Pentaract UI</title>\n\n  <style>\n    *,\n    html {\n      margin: 0;\n      padding: 0;\n    }\n  </style>\n  <script type=\"module\" crossorigin src=\"/assets/index-58b24b54.js\"></script>\n  <link rel=\"stylesheet\" href=\"/assets/index-a4f6c957.css\">\n</head>\n\n<body>\n  <noscript>Wanna write ur own UI without js?! Go ahead, don't disturb others</noscript>\n  <div id=\"root\"></div>\n\n  \n</body>\n\n</html>\n" loading=false stripedRows=""  ... > 
  at <OrdersView onVnodeUnmounted=fn<onVnodeUnmounted> ref=Ref< Proxy(Object) > > 
  at <RouterView> 
  at <AppLayout onVnodeUnmounted=fn<onVnodeUnmounted> ref=Ref< Proxy(Object) > > 
  at <RouterView> 
  at <App> @ http://localhost:5277/node_modules/@vue/runtime-core/dist/runtime-core.esm-bundler.js:49
[    -236ms] [WARNING] [Vue warn]: Invalid prop: type check failed for prop "rowData". Expected Object, got String with value "E". 
  at <BodyCell key="client_id" rowData="E" column= {__v_isVNode: true, __v_skip: true, type: Object, props: Object, key: null}  ... > 
  at <BodyRow key=undefined rowData="E" index=8  ... > 
  at <TableBody ref="bodyRef" value="<!DOCTYPE html>\n<htm" class=""  ... > 
  at <VirtualScroller ref="virtualScroller" items="<!DOCTYPE html>\n<html lang=\"en\">\n\n<head>\n  <meta charset=\"utf-8\" />\n  <meta name=\"viewport\" content=\"width=device-width, initial-scale=1\" />\n  <meta name=\"theme-color\" content=\"#000000\" />\n  <link rel=\"shortcut icon\" type=\"image/ico\" href=\"/assets/favicon-bc234827.ico\" />\n  <link href=\"https://fonts.googleapis.com/css?family=Roboto:300,400,500\" rel=\"stylesheet\" />\n  <title>Pentaract UI</title>\n\n  <style>\n    *,\n    html {\n      margin: 0;\n      padding: 0;\n    }\n  </style>\n  <script type=\"module\" crossorigin src=\"/assets/index-58b24b54.js\"></script>\n  <link rel=\"stylesheet\" href=\"/assets/index-a4f6c957.css\">\n</head>\n\n<body>\n  <noscript>Wanna write ur own UI without js?! Go ahead, don't disturb others</noscript>\n  <div id=\"root\"></div>\n\n  \n</body>\n\n</html>\n" columns= [Object, Object, Object, Object, Object, Object]  ... > 
  at <DataTable value="<!DOCTYPE html>\n<html lang=\"en\">\n\n<head>\n  <meta charset=\"utf-8\" />\n  <meta name=\"viewport\" content=\"width=device-width, initial-scale=1\" />\n  <meta name=\"theme-color\" content=\"#000000\" />\n  <link rel=\"shortcut icon\" type=\"image/ico\" href=\"/assets/favicon-bc234827.ico\" />\n  <link href=\"https://fonts.googleapis.com/css?family=Roboto:300,400,500\" rel=\"stylesheet\" />\n  <title>Pentaract UI</title>\n\n  <style>\n    *,\n    html {\n      margin: 0;\n      padding: 0;\n    }\n  </style>\n  <script type=\"module\" crossorigin src=\"/assets/index-58b24b54.js\"></script>\n  <link rel=\"stylesheet\" href=\"/assets/index-a4f6c957.css\">\n</head>\n\n<body>\n  <noscript>Wanna write ur own UI without js?! Go ahead, don't disturb others</noscript>\n  <div id=\"root\"></div>\n\n  \n</body>\n\n</html>\n" loading=false stripedRows=""  ... > 
  at <OrdersView onVnodeUnmounted=fn<onVnodeUnmounted> ref=Ref< Proxy(Object) > > 
  at <RouterView> 
  at <AppLayout onVnodeUnmounted=fn<onVnodeUnmounted> ref=Ref< Proxy(Object) > > 
  at <RouterView> 
  at <App> @ http://localhost:5277/node_modules/@vue/runtime-core/dist/runtime-core.esm-bundler.js:49
[    -232ms] [WARNING] [Vue warn]: Invalid prop: type check failed for prop "rowData". Expected Object, got String with value "E". 
  at <BodyCell key="source" rowData="E" column= {__v_isVNode: true, __v_skip: true, type: Object, props: Object, key: null}  ... > 
  at <BodyRow key=undefined rowData="E" index=8  ... > 
  at <TableBody ref="bodyRef" value="<!DOCTYPE html>\n<htm" class=""  ... > 
  at <VirtualScroller ref="virtualScroller" items="<!DOCTYPE html>\n<html lang=\"en\">\n\n<head>\n  <meta charset=\"utf-8\" />\n  <meta name=\"viewport\" content=\"width=device-width, initial-scale=1\" />\n  <meta name=\"theme-color\" content=\"#000000\" />\n  <link rel=\"shortcut icon\" type=\"image/ico\" href=\"/assets/favicon-bc234827.ico\" />\n  <link href=\"https://fonts.googleapis.com/css?family=Roboto:300,400,500\" rel=\"stylesheet\" />\n  <title>Pentaract UI</title>\n\n  <style>\n    *,\n    html {\n      margin: 0;\n      padding: 0;\n    }\n  </style>\n  <script type=\"module\" crossorigin src=\"/assets/index-58b24b54.js\"></script>\n  <link rel=\"stylesheet\" href=\"/assets/index-a4f6c957.css\">\n</head>\n\n<body>\n  <noscript>Wanna write ur own UI without js?! Go ahead, don't disturb others</noscript>\n  <div id=\"root\"></div>\n\n  \n</body>\n\n</html>\n" columns= [Object, Object, Object, Object, Object, Object]  ... > 
  at <DataTable value="<!DOCTYPE html>\n<html lang=\"en\">\n\n<head>\n  <meta charset=\"utf-8\" />\n  <meta name=\"viewport\" content=\"width=device-width, initial-scale=1\" />\n  <meta name=\"theme-color\" content=\"#000000\" />\n  <link rel=\"shortcut icon\" type=\"image/ico\" href=\"/assets/favicon-bc234827.ico\" />\n  <link href=\"https://fonts.googleapis.com/css?family=Roboto:300,400,500\" rel=\"stylesheet\" />\n  <title>Pentaract UI</title>\n\n  <style>\n    *,\n    html {\n      margin: 0;\n      padding: 0;\n    }\n  </style>\n  <script type=\"module\" crossorigin src=\"/assets/index-58b24b54.js\"></script>\n  <link rel=\"stylesheet\" href=\"/assets/index-a4f6c957.css\">\n</head>\n\n<body>\n  <noscript>Wanna write ur own UI without js?! Go ahead, don't disturb others</noscript>\n  <div id=\"root\"></div>\n\n  \n</body>\n\n</html>\n" loading=false stripedRows=""  ... > 
  at <OrdersView onVnodeUnmounted=fn<onVnodeUnmounted> ref=Ref< Proxy(Object) > > 
  at <RouterView> 
  at <AppLayout onVnodeUnmounted=fn<onVnodeUnmounted> ref=Ref< Proxy(Object) > > 
  at <RouterView> 
  at <App> @ http://localhost:5277/node_modules/@vue/runtime-core/dist/runtime-core.esm-bundler.js:49
[    -202ms] [WARNING] [Vue warn]: Invalid prop: type check failed for prop "rowData". Expected Object, got String with value "E". 
  at <BodyCell key="status" rowData="E" column= {__v_isVNode: true, __v_skip: true, type: Object, props: Object, key: null}  ... > 
  at <BodyRow key=undefined rowData="E" index=8  ... > 
  at <TableBody ref="bodyRef" value="<!DOCTYPE html>\n<htm" class=""  ... > 
  at <VirtualScroller ref="virtualScroller" items="<!DOCTYPE html>\n<html lang=\"en\">\n\n<head>\n  <meta charset=\"utf-8\" />\n  <meta name=\"viewport\" content=\"width=device-width, initial-scale=1\" />\n  <meta name=\"theme-color\" content=\"#000000\" />\n  <link rel=\"shortcut icon\" type=\"image/ico\" href=\"/assets/favicon-bc234827.ico\" />\n  <link href=\"https://fonts.googleapis.com/css?family=Roboto:300,400,500\" rel=\"stylesheet\" />\n  <title>Pentaract UI</title>\n\n  <style>\n    *,\n    html {\n      margin: 0;\n      padding: 0;\n    }\n  </style>\n  <script type=\"module\" crossorigin src=\"/assets/index-58b24b54.js\"></script>\n  <link rel=\"stylesheet\" href=\"/assets/index-a4f6c957.css\">\n</head>\n\n<body>\n  <noscript>Wanna write ur own UI without js?! Go ahead, don't disturb others</noscript>\n  <div id=\"root\"></div>\n\n  \n</body>\n\n</html>\n" columns= [Object, Object, Object, Object, Object, Object]  ... > 
  at <DataTable value="<!DOCTYPE html>\n<html lang=\"en\">\n\n<head>\n  <meta charset=\"utf-8\" />\n  <meta name=\"viewport\" content=\"width=device-width, initial-scale=1\" />\n  <meta name=\"theme-color\" content=\"#000000\" />\n  <link rel=\"shortcut icon\" type=\"image/ico\" href=\"/assets/favicon-bc234827.ico\" />\n  <link href=\"https://fonts.googleapis.com/css?family=Roboto:300,400,500\" rel=\"stylesheet\" />\n  <title>Pentaract UI</title>\n\n  <style>\n    *,\n    html {\n      margin: 0;\n      padding: 0;\n    }\n  </style>\n  <script type=\"module\" crossorigin src=\"/assets/index-58b24b54.js\"></script>\n  <link rel=\"stylesheet\" href=\"/assets/index-a4f6c957.css\">\n</head>\n\n<body>\n  <noscript>Wanna write ur own UI without js?! Go ahead, don't disturb others</noscript>\n  <div id=\"root\"></div>\n\n  \n</body>\n\n</html>\n" loading=false stripedRows=""  ... > 
  at <OrdersView onVnodeUnmounted=fn<onVnodeUnmounted> ref=Ref< Proxy(Object) > > 
  at <RouterView> 
  at <AppLayout onVnodeUnmounted=fn<onVnodeUnmounted> ref=Ref< Proxy(Object) > > 
  at <RouterView> 
  at <App> @ http://localhost:5277/node_modules/@vue/runtime-core/dist/runtime-core.esm-bundler.js:49
[    -192ms] [WARNING] [Vue warn]: Invalid prop: type check failed for prop "rowData". Expected Object, got String with value "E". 
  at <BodyCell key="created_at" rowData="E" column= {__v_isVNode: true, __v_skip: true, type: Object, props: Object, key: null}  ... > 
  at <BodyRow key=undefined rowData="E" index=8  ... > 
  at <TableBody ref="bodyRef" value="<!DOCTYPE html>\n<htm" class=""  ... > 
  at <VirtualScroller ref="virtualScroller" items="<!DOCTYPE html>\n<html lang=\"en\">\n\n<head>\n  <meta charset=\"utf-8\" />\n  <meta name=\"viewport\" content=\"width=device-width, initial-scale=1\" />\n  <meta name=\"theme-color\" content=\"#000000\" />\n  <link rel=\"shortcut icon\" type=\"image/ico\" href=\"/assets/favicon-bc234827.ico\" />\n  <link href=\"https://fonts.googleapis.com/css?family=Roboto:300,400,500\" rel=\"stylesheet\" />\n  <title>Pentaract UI</title>\n\n  <style>\n    *,\n    html {\n      margin: 0;\n      padding: 0;\n    }\n  </style>\n  <script type=\"module\" crossorigin src=\"/assets/index-58b24b54.js\"></script>\n  <link rel=\"stylesheet\" href=\"/assets/index-a4f6c957.css\">\n</head>\n\n<body>\n  <noscript>Wanna write ur own UI without js?! Go ahead, don't disturb others</noscript>\n  <div id=\"root\"></div>\n\n  \n</body>\n\n</html>\n" columns= [Object, Object, Object, Object, Object, Object]  ... > 
  at <DataTable value="<!DOCTYPE html>\n<html lang=\"en\">\n\n<head>\n  <meta charset=\"utf-8\" />\n  <meta name=\"viewport\" content=\"width=device-width, initial-scale=1\" />\n  <meta name=\"theme-color\" content=\"#000000\" />\n  <link rel=\"shortcut icon\" type=\"image/ico\" href=\"/assets/favicon-bc234827.ico\" />\n  <link href=\"https://fonts.googleapis.com/css?family=Roboto:300,400,500\" rel=\"stylesheet\" />\n  <title>Pentaract UI</title>\n\n  <style>\n    *,\n    html {\n      margin: 0;\n      padding: 0;\n    }\n  </style>\n  <script type=\"module\" crossorigin src=\"/assets/index-58b24b54.js\"></script>\n  <link rel=\"stylesheet\" href=\"/assets/index-a4f6c957.css\">\n</head>\n\n<body>\n  <noscript>Wanna write ur own UI without js?! Go ahead, don't disturb others</noscript>\n  <div id=\"root\"></div>\n\n  \n</body>\n\n</html>\n" loading=false stripedRows=""  ... > 
  at <OrdersView onVnodeUnmounted=fn<onVnodeUnmounted> ref=Ref< Proxy(Object) > > 
  at <RouterView> 
  at <AppLayout onVnodeUnmounted=fn<onVnodeUnmounted> ref=Ref< Proxy(Object) > > 
  at <RouterView> 
  at <App> @ http://localhost:5277/node_modules/@vue/runtime-core/dist/runtime-core.esm-bundler.js:49
[    -188ms] [WARNING] [Vue warn]: Invalid prop: type check failed for prop "rowData". Expected Object, got String with value "E". 
  at <BodyCell key=5 rowData="E" column= {__v_isVNode: true, __v_skip: true, type: Object, props: Object, key: null}  ... > 
  at <BodyRow key=undefined rowData="E" index=8  ... > 
  at <TableBody ref="bodyRef" value="<!DOCTYPE html>\n<htm" class=""  ... > 
  at <VirtualScroller ref="virtualScroller" items="<!DOCTYPE html>\n<html lang=\"en\">\n\n<head>\n  <meta charset=\"utf-8\" />\n  <meta name=\"viewport\" content=\"width=device-width, initial-scale=1\" />\n  <meta name=\"theme-color\" content=\"#000000\" />\n  <link rel=\"shortcut icon\" type=\"image/ico\" href=\"/assets/favicon-bc234827.ico\" />\n  <link href=\"https://fonts.googleapis.com/css?family=Roboto:300,400,500\" rel=\"stylesheet\" />\n  <title>Pentaract UI</title>\n\n  <style>\n    *,\n    html {\n      margin: 0;\n      padding: 0;\n    }\n  </style>\n  <script type=\"module\" crossorigin src=\"/assets/index-58b24b54.js\"></script>\n  <link rel=\"stylesheet\" href=\"/assets/index-a4f6c957.css\">\n</head>\n\n<body>\n  <noscript>Wanna write ur own UI without js?! Go ahead, don't disturb others</noscript>\n  <div id=\"root\"></div>\n\n  \n</body>\n\n</html>\n" columns= [Object, Object, Object, Object, Object, Object]  ... > 
  at <DataTable value="<!DOCTYPE html>\n<html lang=\"en\">\n\n<head>\n  <meta charset=\"utf-8\" />\n  <meta name=\"viewport\" content=\"width=device-width, initial-scale=1\" />\n  <meta name=\"theme-color\" content=\"#000000\" />\n  <link rel=\"shortcut icon\" type=\"image/ico\" href=\"/assets/favicon-bc234827.ico\" />\n  <link href=\"https://fonts.googleapis.com/css?family=Roboto:300,400,500\" rel=\"stylesheet\" />\n  <title>Pentaract UI</title>\n\n  <style>\n    *,\n    html {\n      margin: 0;\n      padding: 0;\n    }\n  </style>\n  <script type=\"module\" crossorigin src=\"/assets/index-58b24b54.js\"></script>\n  <link rel=\"stylesheet\" href=\"/assets/index-a4f6c957.css\">\n</head>\n\n<body>\n  <noscript>Wanna write ur own UI without js?! Go ahead, don't disturb others</noscript>\n  <div id=\"root\"></div>\n\n  \n</body>\n\n</html>\n" loading=false stripedRows=""  ... > 
  at <OrdersView onVnodeUnmounted=fn<onVnodeUnmounted> ref=Ref< Proxy(Object) > > 
  at <RouterView> 
  at <AppLayout onVnodeUnmounted=fn<onVnodeUnmounted> ref=Ref< Proxy(Object) > > 
  at <RouterView> 
  at <App> @ http://localhost:5277/node_modules/@vue/runtime-core/dist/runtime-core.esm-bundler.js:49
[    -183ms] [WARNING] [Vue warn]: Invalid prop: type check failed for prop "rowData". Expected Object, got String with value " ". 
  at <BodyRow key=undefined rowData=" " index=9  ... > 
  at <TableBody ref="bodyRef" value="<!DOCTYPE html>\n<htm" class=""  ... > 
  at <VirtualScroller ref="virtualScroller" items="<!DOCTYPE html>\n<html lang=\"en\">\n\n<head>\n  <meta charset=\"utf-8\" />\n  <meta name=\"viewport\" content=\"width=device-width, initial-scale=1\" />\n  <meta name=\"theme-color\" content=\"#000000\" />\n  <link rel=\"shortcut icon\" type=\"image/ico\" href=\"/assets/favicon-bc234827.ico\" />\n  <link href=\"https://fonts.googleapis.com/css?family=Roboto:300,400,500\" rel=\"stylesheet\" />\n  <title>Pentaract UI</title>\n\n  <style>\n    *,\n    html {\n      margin: 0;\n      padding: 0;\n    }\n  </style>\n  <script type=\"module\" crossorigin src=\"/assets/index-58b24b54.js\"></script>\n  <link rel=\"stylesheet\" href=\"/assets/index-a4f6c957.css\">\n</head>\n\n<body>\n  <noscript>Wanna write ur own UI without js?! Go ahead, don't disturb others</noscript>\n  <div id=\"root\"></div>\n\n  \n</body>\n\n</html>\n" columns= [Object, Object, Object, Object, Object, Object]  ... > 
  at <DataTable value="<!DOCTYPE html>\n<html lang=\"en\">\n\n<head>\n  <meta charset=\"utf-8\" />\n  <meta name=\"viewport\" content=\"width=device-width, initial-scale=1\" />\n  <meta name=\"theme-color\" content=\"#000000\" />\n  <link rel=\"shortcut icon\" type=\"image/ico\" href=\"/assets/favicon-bc234827.ico\" />\n  <link href=\"https://fonts.googleapis.com/css?family=Roboto:300,400,500\" rel=\"stylesheet\" />\n  <title>Pentaract UI</title>\n\n  <style>\n    *,\n    html {\n      margin: 0;\n      padding: 0;\n    }\n  </style>\n  <script type=\"module\" crossorigin src=\"/assets/index-58b24b54.js\"></script>\n  <link rel=\"stylesheet\" href=\"/assets/index-a4f6c957.css\">\n</head>\n\n<body>\n  <noscript>Wanna write ur own UI without js?! Go ahead, don't disturb others</noscript>\n  <div id=\"root\"></div>\n\n  \n</body>\n\n</html>\n" loading=false stripedRows=""  ... > 
  at <OrdersView onVnodeUnmounted=fn<onVnodeUnmounted> ref=Ref< Proxy(Object) > > 
  at <RouterView> 
  at <AppLayout onVnodeUnmounted=fn<onVnodeUnmounted> ref=Ref< Proxy(Object) > > 
  at <RouterView> 
  at <App> @ http://localhost:5277/node_modules/@vue/runtime-core/dist/runtime-core.esm-bundler.js:49
[    -182ms] [WARNING] [Vue warn]: Invalid prop: type check failed for prop "value". Expected Array, got String with value "<!DOCTYPE html>
<htm". 
  at <BodyRow key=undefined rowData=" " index=9  ... > 
  at <TableBody ref="bodyRef" value="<!DOCTYPE html>\n<htm" class=""  ... > 
  at <VirtualScroller ref="virtualScroller" items="<!DOCTYPE html>\n<html lang=\"en\">\n\n<head>\n  <meta charset=\"utf-8\" />\n  <meta name=\"viewport\" content=\"width=device-width, initial-scale=1\" />\n  <meta name=\"theme-color\" content=\"#000000\" />\n  <link rel=\"shortcut icon\" type=\"image/ico\" href=\"/assets/favicon-bc234827.ico\" />\n  <link href=\"https://fonts.googleapis.com/css?family=Roboto:300,400,500\" rel=\"stylesheet\" />\n  <title>Pentaract UI</title>\n\n  <style>\n    *,\n    html {\n      margin: 0;\n      padding: 0;\n    }\n  </style>\n  <script type=\"module\" crossorigin src=\"/assets/index-58b24b54.js\"></script>\n  <link rel=\"stylesheet\" href=\"/assets/index-a4f6c957.css\">\n</head>\n\n<body>\n  <noscript>Wanna write ur own UI without js?! Go ahead, don't disturb others</noscript>\n  <div id=\"root\"></div>\n\n  \n</body>\n\n</html>\n" columns= [Object, Object, Object, Object, Object, Object]  ... > 
  at <DataTable value="<!DOCTYPE html>\n<html lang=\"en\">\n\n<head>\n  <meta charset=\"utf-8\" />\n  <meta name=\"viewport\" content=\"width=device-width, initial-scale=1\" />\n  <meta name=\"theme-color\" content=\"#000000\" />\n  <link rel=\"shortcut icon\" type=\"image/ico\" href=\"/assets/favicon-bc234827.ico\" />\n  <link href=\"https://fonts.googleapis.com/css?family=Roboto:300,400,500\" rel=\"stylesheet\" />\n  <title>Pentaract UI</title>\n\n  <style>\n    *,\n    html {\n      margin: 0;\n      padding: 0;\n    }\n  </style>\n  <script type=\"module\" crossorigin src=\"/assets/index-58b24b54.js\"></script>\n  <link rel=\"stylesheet\" href=\"/assets/index-a4f6c957.css\">\n</head>\n\n<body>\n  <noscript>Wanna write ur own UI without js?! Go ahead, don't disturb others</noscript>\n  <div id=\"root\"></div>\n\n  \n</body>\n\n</html>\n" loading=false stripedRows=""  ... > 
  at <OrdersView onVnodeUnmounted=fn<onVnodeUnmounted> ref=Ref< Proxy(Object) > > 
  at <RouterView> 
  at <AppLayout onVnodeUnmounted=fn<onVnodeUnmounted> ref=Ref< Proxy(Object) > > 
  at <RouterView> 
  at <App> @ http://localhost:5277/node_modules/@vue/runtime-core/dist/runtime-core.esm-bundler.js:49
[    -180ms] [WARNING] [Vue warn]: Invalid prop: type check failed for prop "rowData". Expected Object, got String with value " ". 
  at <BodyCell key="id" rowData=" " column= {__v_isVNode: true, __v_skip: true, type: Object, props: Object, key: null}  ... > 
  at <BodyRow key=undefined rowData=" " index=9  ... > 
  at <TableBody ref="bodyRef" value="<!DOCTYPE html>\n<htm" class=""  ... > 
  at <VirtualScroller ref="virtualScroller" items="<!DOCTYPE html>\n<html lang=\"en\">\n\n<head>\n  <meta charset=\"utf-8\" />\n  <meta name=\"viewport\" content=\"width=device-width, initial-scale=1\" />\n  <meta name=\"theme-color\" content=\"#000000\" />\n  <link rel=\"shortcut icon\" type=\"image/ico\" href=\"/assets/favicon-bc234827.ico\" />\n  <link href=\"https://fonts.googleapis.com/css?family=Roboto:300,400,500\" rel=\"stylesheet\" />\n  <title>Pentaract UI</title>\n\n  <style>\n    *,\n    html {\n      margin: 0;\n      padding: 0;\n    }\n  </style>\n  <script type=\"module\" crossorigin src=\"/assets/index-58b24b54.js\"></script>\n  <link rel=\"stylesheet\" href=\"/assets/index-a4f6c957.css\">\n</head>\n\n<body>\n  <noscript>Wanna write ur own UI without js?! Go ahead, don't disturb others</noscript>\n  <div id=\"root\"></div>\n\n  \n</body>\n\n</html>\n" columns= [Object, Object, Object, Object, Object, Object]  ... > 
  at <DataTable value="<!DOCTYPE html>\n<html lang=\"en\">\n\n<head>\n  <meta charset=\"utf-8\" />\n  <meta name=\"viewport\" content=\"width=device-width, initial-scale=1\" />\n  <meta name=\"theme-color\" content=\"#000000\" />\n  <link rel=\"shortcut icon\" type=\"image/ico\" href=\"/assets/favicon-bc234827.ico\" />\n  <link href=\"https://fonts.googleapis.com/css?family=Roboto:300,400,500\" rel=\"stylesheet\" />\n  <title>Pentaract UI</title>\n\n  <style>\n    *,\n    html {\n      margin: 0;\n      padding: 0;\n    }\n  </style>\n  <script type=\"module\" crossorigin src=\"/assets/index-58b24b54.js\"></script>\n  <link rel=\"stylesheet\" href=\"/assets/index-a4f6c957.css\">\n</head>\n\n<body>\n  <noscript>Wanna write ur own UI without js?! Go ahead, don't disturb others</noscript>\n  <div id=\"root\"></div>\n\n  \n</body>\n\n</html>\n" loading=false stripedRows=""  ... > 
  at <OrdersView onVnodeUnmounted=fn<onVnodeUnmounted> ref=Ref< Proxy(Object) > > 
  at <RouterView> 
  at <AppLayout onVnodeUnmounted=fn<onVnodeUnmounted> ref=Ref< Proxy(Object) > > 
  at <RouterView> 
  at <App> @ http://localhost:5277/node_modules/@vue/runtime-core/dist/runtime-core.esm-bundler.js:49
[    -177ms] [WARNING] [Vue warn]: Invalid prop: type check failed for prop "rowData". Expected Object, got String with value " ". 
  at <BodyCell key="client_id" rowData=" " column= {__v_isVNode: true, __v_skip: true, type: Object, props: Object, key: null}  ... > 
  at <BodyRow key=undefined rowData=" " index=9  ... > 
  at <TableBody ref="bodyRef" value="<!DOCTYPE html>\n<htm" class=""  ... > 
  at <VirtualScroller ref="virtualScroller" items="<!DOCTYPE html>\n<html lang=\"en\">\n\n<head>\n  <meta charset=\"utf-8\" />\n  <meta name=\"viewport\" content=\"width=device-width, initial-scale=1\" />\n  <meta name=\"theme-color\" content=\"#000000\" />\n  <link rel=\"shortcut icon\" type=\"image/ico\" href=\"/assets/favicon-bc234827.ico\" />\n  <link href=\"https://fonts.googleapis.com/css?family=Roboto:300,400,500\" rel=\"stylesheet\" />\n  <title>Pentaract UI</title>\n\n  <style>\n    *,\n    html {\n      margin: 0;\n      padding: 0;\n    }\n  </style>\n  <script type=\"module\" crossorigin src=\"/assets/index-58b24b54.js\"></script>\n  <link rel=\"stylesheet\" href=\"/assets/index-a4f6c957.css\">\n</head>\n\n<body>\n  <noscript>Wanna write ur own UI without js?! Go ahead, don't disturb others</noscript>\n  <div id=\"root\"></div>\n\n  \n</body>\n\n</html>\n" columns= [Object, Object, Object, Object, Object, Object]  ... > 
  at <DataTable value="<!DOCTYPE html>\n<html lang=\"en\">\n\n<head>\n  <meta charset=\"utf-8\" />\n  <meta name=\"viewport\" content=\"width=device-width, initial-scale=1\" />\n  <meta name=\"theme-color\" content=\"#000000\" />\n  <link rel=\"shortcut icon\" type=\"image/ico\" href=\"/assets/favicon-bc234827.ico\" />\n  <link href=\"https://fonts.googleapis.com/css?family=Roboto:300,400,500\" rel=\"stylesheet\" />\n  <title>Pentaract UI</title>\n\n  <style>\n    *,\n    html {\n      margin: 0;\n      padding: 0;\n    }\n  </style>\n  <script type=\"module\" crossorigin src=\"/assets/index-58b24b54.js\"></script>\n  <link rel=\"stylesheet\" href=\"/assets/index-a4f6c957.css\">\n</head>\n\n<body>\n  <noscript>Wanna write ur own UI without js?! Go ahead, don't disturb others</noscript>\n  <div id=\"root\"></div>\n\n  \n</body>\n\n</html>\n" loading=false stripedRows=""  ... > 
  at <OrdersView onVnodeUnmounted=fn<onVnodeUnmounted> ref=Ref< Proxy(Object) > > 
  at <RouterView> 
  at <AppLayout onVnodeUnmounted=fn<onVnodeUnmounted> ref=Ref< Proxy(Object) > > 
  at <RouterView> 
  at <App> @ http://localhost:5277/node_modules/@vue/runtime-core/dist/runtime-core.esm-bundler.js:49
[    -174ms] [WARNING] [Vue warn]: Invalid prop: type check failed for prop "rowData". Expected Object, got String with value " ". 
  at <BodyCell key="source" rowData=" " column= {__v_isVNode: true, __v_skip: true, type: Object, props: Object, key: null}  ... > 
  at <BodyRow key=undefined rowData=" " index=9  ... > 
  at <TableBody ref="bodyRef" value="<!DOCTYPE html>\n<htm" class=""  ... > 
  at <VirtualScroller ref="virtualScroller" items="<!DOCTYPE html>\n<html lang=\"en\">\n\n<head>\n  <meta charset=\"utf-8\" />\n  <meta name=\"viewport\" content=\"width=device-width, initial-scale=1\" />\n  <meta name=\"theme-color\" content=\"#000000\" />\n  <link rel=\"shortcut icon\" type=\"image/ico\" href=\"/assets/favicon-bc234827.ico\" />\n  <link href=\"https://fonts.googleapis.com/css?family=Roboto:300,400,500\" rel=\"stylesheet\" />\n  <title>Pentaract UI</title>\n\n  <style>\n    *,\n    html {\n      margin: 0;\n      padding: 0;\n    }\n  </style>\n  <script type=\"module\" crossorigin src=\"/assets/index-58b24b54.js\"></script>\n  <link rel=\"stylesheet\" href=\"/assets/index-a4f6c957.css\">\n</head>\n\n<body>\n  <noscript>Wanna write ur own UI without js?! Go ahead, don't disturb others</noscript>\n  <div id=\"root\"></div>\n\n  \n</body>\n\n</html>\n" columns= [Object, Object, Object, Object, Object, Object]  ... > 
  at <DataTable value="<!DOCTYPE html>\n<html lang=\"en\">\n\n<head>\n  <meta charset=\"utf-8\" />\n  <meta name=\"viewport\" content=\"width=device-width, initial-scale=1\" />\n  <meta name=\"theme-color\" content=\"#000000\" />\n  <link rel=\"shortcut icon\" type=\"image/ico\" href=\"/assets/favicon-bc234827.ico\" />\n  <link href=\"https://fonts.googleapis.com/css?family=Roboto:300,400,500\" rel=\"stylesheet\" />\n  <title>Pentaract UI</title>\n\n  <style>\n    *,\n    html {\n      margin: 0;\n      padding: 0;\n    }\n  </style>\n  <script type=\"module\" crossorigin src=\"/assets/index-58b24b54.js\"></script>\n  <link rel=\"stylesheet\" href=\"/assets/index-a4f6c957.css\">\n</head>\n\n<body>\n  <noscript>Wanna write ur own UI without js?! Go ahead, don't disturb others</noscript>\n  <div id=\"root\"></div>\n\n  \n</body>\n\n</html>\n" loading=false stripedRows=""  ... > 
  at <OrdersView onVnodeUnmounted=fn<onVnodeUnmounted> ref=Ref< Proxy(Object) > > 
  at <RouterView> 
  at <AppLayout onVnodeUnmounted=fn<onVnodeUnmounted> ref=Ref< Proxy(Object) > > 
  at <RouterView> 
  at <App> @ http://localhost:5277/node_modules/@vue/runtime-core/dist/runtime-core.esm-bundler.js:49
[    -171ms] [WARNING] [Vue warn]: Invalid prop: type check failed for prop "rowData". Expected Object, got String with value " ". 
  at <BodyCell key="status" rowData=" " column= {__v_isVNode: true, __v_skip: true, type: Object, props: Object, key: null}  ... > 
  at <BodyRow key=undefined rowData=" " index=9  ... > 
  at <TableBody ref="bodyRef" value="<!DOCTYPE html>\n<htm" class=""  ... > 
  at <VirtualScroller ref="virtualScroller" items="<!DOCTYPE html>\n<html lang=\"en\">\n\n<head>\n  <meta charset=\"utf-8\" />\n  <meta name=\"viewport\" content=\"width=device-width, initial-scale=1\" />\n  <meta name=\"theme-color\" content=\"#000000\" />\n  <link rel=\"shortcut icon\" type=\"image/ico\" href=\"/assets/favicon-bc234827.ico\" />\n  <link href=\"https://fonts.googleapis.com/css?family=Roboto:300,400,500\" rel=\"stylesheet\" />\n  <title>Pentaract UI</title>\n\n  <style>\n    *,\n    html {\n      margin: 0;\n      padding: 0;\n    }\n  </style>\n  <script type=\"module\" crossorigin src=\"/assets/index-58b24b54.js\"></script>\n  <link rel=\"stylesheet\" href=\"/assets/index-a4f6c957.css\">\n</head>\n\n<body>\n  <noscript>Wanna write ur own UI without js?! Go ahead, don't disturb others</noscript>\n  <div id=\"root\"></div>\n\n  \n</body>\n\n</html>\n" columns= [Object, Object, Object, Object, Object, Object]  ... > 
  at <DataTable value="<!DOCTYPE html>\n<html lang=\"en\">\n\n<head>\n  <meta charset=\"utf-8\" />\n  <meta name=\"viewport\" content=\"width=device-width, initial-scale=1\" />\n  <meta name=\"theme-color\" content=\"#000000\" />\n  <link rel=\"shortcut icon\" type=\"image/ico\" href=\"/assets/favicon-bc234827.ico\" />\n  <link href=\"https://fonts.googleapis.com/css?family=Roboto:300,400,500\" rel=\"stylesheet\" />\n  <title>Pentaract UI</title>\n\n  <style>\n    *,\n    html {\n      margin: 0;\n      padding: 0;\n    }\n  </style>\n  <script type=\"module\" crossorigin src=\"/assets/index-58b24b54.js\"></script>\n  <link rel=\"stylesheet\" href=\"/assets/index-a4f6c957.css\">\n</head>\n\n<body>\n  <noscript>Wanna write ur own UI without js?! Go ahead, don't disturb others</noscript>\n  <div id=\"root\"></div>\n\n  \n</body>\n\n</html>\n" loading=false stripedRows=""  ... > 
  at <OrdersView onVnodeUnmounted=fn<onVnodeUnmounted> ref=Ref< Proxy(Object) > > 
  at <RouterView> 
  at <AppLayout onVnodeUnmounted=fn<onVnodeUnmounted> ref=Ref< Proxy(Object) > > 
  at <RouterView> 
  at <App> @ http://localhost:5277/node_modules/@vue/runtime-core/dist/runtime-core.esm-bundler.js:49
[    -165ms] [WARNING] [Vue warn]: Invalid prop: type check failed for prop "rowData". Expected Object, got String with value " ". 
  at <BodyCell key="created_at" rowData=" " column= {__v_isVNode: true, __v_skip: true, type: Object, props: Object, key: null}  ... > 
  at <BodyRow key=undefined rowData=" " index=9  ... > 
  at <TableBody ref="bodyRef" value="<!DOCTYPE html>\n<htm" class=""  ... > 
  at <VirtualScroller ref="virtualScroller" items="<!DOCTYPE html>\n<html lang=\"en\">\n\n<head>\n  <meta charset=\"utf-8\" />\n  <meta name=\"viewport\" content=\"width=device-width, initial-scale=1\" />\n  <meta name=\"theme-color\" content=\"#000000\" />\n  <link rel=\"shortcut icon\" type=\"image/ico\" href=\"/assets/favicon-bc234827.ico\" />\n  <link href=\"https://fonts.googleapis.com/css?family=Roboto:300,400,500\" rel=\"stylesheet\" />\n  <title>Pentaract UI</title>\n\n  <style>\n    *,\n    html {\n      margin: 0;\n      padding: 0;\n    }\n  </style>\n  <script type=\"module\" crossorigin src=\"/assets/index-58b24b54.js\"></script>\n  <link rel=\"stylesheet\" href=\"/assets/index-a4f6c957.css\">\n</head>\n\n<body>\n  <noscript>Wanna write ur own UI without js?! Go ahead, don't disturb others</noscript>\n  <div id=\"root\"></div>\n\n  \n</body>\n\n</html>\n" columns= [Object, Object, Object, Object, Object, Object]  ... > 
  at <DataTable value="<!DOCTYPE html>\n<html lang=\"en\">\n\n<head>\n  <meta charset=\"utf-8\" />\n  <meta name=\"viewport\" content=\"width=device-width, initial-scale=1\" />\n  <meta name=\"theme-color\" content=\"#000000\" />\n  <link rel=\"shortcut icon\" type=\"image/ico\" href=\"/assets/favicon-bc234827.ico\" />\n  <link href=\"https://fonts.googleapis.com/css?family=Roboto:300,400,500\" rel=\"stylesheet\" />\n  <title>Pentaract UI</title>\n\n  <style>\n    *,\n    html {\n      margin: 0;\n      padding: 0;\n    }\n  </style>\n  <script type=\"module\" crossorigin src=\"/assets/index-58b24b54.js\"></script>\n  <link rel=\"stylesheet\" href=\"/assets/index-a4f6c957.css\">\n</head>\n\n<body>\n  <noscript>Wanna write ur own UI without js?! Go ahead, don't disturb others</noscript>\n  <div id=\"root\"></div>\n\n  \n</body>\n\n</html>\n" loading=false stripedRows=""  ... > 
  at <OrdersView onVnodeUnmounted=fn<onVnodeUnmounted> ref=Ref< Proxy(Object) > > 
  at <RouterView> 
  at <AppLayout onVnodeUnmounted=fn<onVnodeUnmounted> ref=Ref< Proxy(Object) > > 
  at <RouterView> 
  at <App> @ http://localhost:5277/node_modules/@vue/runtime-core/dist/runtime-core.esm-bundler.js:49
[    -163ms] [WARNING] [Vue warn]: Invalid prop: type check failed for prop "rowData". Expected Object, got String with value " ". 
  at <BodyCell key=5 rowData=" " column= {__v_isVNode: true, __v_skip: true, type: Object, props: Object, key: null}  ... > 
  at <BodyRow key=undefined rowData=" " index=9  ... > 
  at <TableBody ref="bodyRef" value="<!DOCTYPE html>\n<htm" class=""  ... > 
  at <VirtualScroller ref="virtualScroller" items="<!DOCTYPE html>\n<html lang=\"en\">\n\n<head>\n  <meta charset=\"utf-8\" />\n  <meta name=\"viewport\" content=\"width=device-width, initial-scale=1\" />\n  <meta name=\"theme-color\" content=\"#000000\" />\n  <link rel=\"shortcut icon\" type=\"image/ico\" href=\"/assets/favicon-bc234827.ico\" />\n  <link href=\"https://fonts.googleapis.com/css?family=Roboto:300,400,500\" rel=\"stylesheet\" />\n  <title>Pentaract UI</title>\n\n  <style>\n    *,\n    html {\n      margin: 0;\n      padding: 0;\n    }\n  </style>\n  <script type=\"module\" crossorigin src=\"/assets/index-58b24b54.js\"></script>\n  <link rel=\"stylesheet\" href=\"/assets/index-a4f6c957.css\">\n</head>\n\n<body>\n  <noscript>Wanna write ur own UI without js?! Go ahead, don't disturb others</noscript>\n  <div id=\"root\"></div>\n\n  \n</body>\n\n</html>\n" columns= [Object, Object, Object, Object, Object, Object]  ... > 
  at <DataTable value="<!DOCTYPE html>\n<html lang=\"en\">\n\n<head>\n  <meta charset=\"utf-8\" />\n  <meta name=\"viewport\" content=\"width=device-width, initial-scale=1\" />\n  <meta name=\"theme-color\" content=\"#000000\" />\n  <link rel=\"shortcut icon\" type=\"image/ico\" href=\"/assets/favicon-bc234827.ico\" />\n  <link href=\"https://fonts.googleapis.com/css?family=Roboto:300,400,500\" rel=\"stylesheet\" />\n  <title>Pentaract UI</title>\n\n  <style>\n    *,\n    html {\n      margin: 0;\n      padding: 0;\n    }\n  </style>\n  <script type=\"module\" crossorigin src=\"/assets/index-58b24b54.js\"></script>\n  <link rel=\"stylesheet\" href=\"/assets/index-a4f6c957.css\">\n</head>\n\n<body>\n  <noscript>Wanna write ur own UI without js?! Go ahead, don't disturb others</noscript>\n  <div id=\"root\"></div>\n\n  \n</body>\n\n</html>\n" loading=false stripedRows=""  ... > 
  at <OrdersView onVnodeUnmounted=fn<onVnodeUnmounted> ref=Ref< Proxy(Object) > > 
  at <RouterView> 
  at <AppLayout onVnodeUnmounted=fn<onVnodeUnmounted> ref=Ref< Proxy(Object) > > 
  at <RouterView> 
  at <App> @ http://localhost:5277/node_modules/@vue/runtime-core/dist/runtime-core.esm-bundler.js:49
[    -156ms] [WARNING] [Vue warn]: Invalid prop: type check failed for prop "rowData". Expected Object, got String with value "h". 
  at <BodyRow key=undefined rowData="h" index=10  ... > 
  at <TableBody ref="bodyRef" value="<!DOCTYPE html>\n<htm" class=""  ... > 
  at <VirtualScroller ref="virtualScroller" items="<!DOCTYPE html>\n<html lang=\"en\">\n\n<head>\n  <meta charset=\"utf-8\" />\n  <meta name=\"viewport\" content=\"width=device-width, initial-scale=1\" />\n  <meta name=\"theme-color\" content=\"#000000\" />\n  <link rel=\"shortcut icon\" type=\"image/ico\" href=\"/assets/favicon-bc234827.ico\" />\n  <link href=\"https://fonts.googleapis.com/css?family=Roboto:300,400,500\" rel=\"stylesheet\" />\n  <title>Pentaract UI</title>\n\n  <style>\n    *,\n    html {\n      margin: 0;\n      padding: 0;\n    }\n  </style>\n  <script type=\"module\" crossorigin src=\"/assets/index-58b24b54.js\"></script>\n  <link rel=\"stylesheet\" href=\"/assets/index-a4f6c957.css\">\n</head>\n\n<body>\n  <noscript>Wanna write ur own UI without js?! Go ahead, don't disturb others</noscript>\n  <div id=\"root\"></div>\n\n  \n</body>\n\n</html>\n" columns= [Object, Object, Object, Object, Object, Object]  ... > 
  at <DataTable value="<!DOCTYPE html>\n<html lang=\"en\">\n\n<head>\n  <meta charset=\"utf-8\" />\n  <meta name=\"viewport\" content=\"width=device-width, initial-scale=1\" />\n  <meta name=\"theme-color\" content=\"#000000\" />\n  <link rel=\"shortcut icon\" type=\"image/ico\" href=\"/assets/favicon-bc234827.ico\" />\n  <link href=\"https://fonts.googleapis.com/css?family=Roboto:300,400,500\" rel=\"stylesheet\" />\n  <title>Pentaract UI</title>\n\n  <style>\n    *,\n    html {\n      margin: 0;\n      padding: 0;\n    }\n  </style>\n  <script type=\"module\" crossorigin src=\"/assets/index-58b24b54.js\"></script>\n  <link rel=\"stylesheet\" href=\"/assets/index-a4f6c957.css\">\n</head>\n\n<body>\n  <noscript>Wanna write ur own UI without js?! Go ahead, don't disturb others</noscript>\n  <div id=\"root\"></div>\n\n  \n</body>\n\n</html>\n" loading=false stripedRows=""  ... > 
  at <OrdersView onVnodeUnmounted=fn<onVnodeUnmounted> ref=Ref< Proxy(Object) > > 
  at <RouterView> 
  at <AppLayout onVnodeUnmounted=fn<onVnodeUnmounted> ref=Ref< Proxy(Object) > > 
  at <RouterView> 
  at <App> @ http://localhost:5277/node_modules/@vue/runtime-core/dist/runtime-core.esm-bundler.js:49
[    -155ms] [WARNING] [Vue warn]: Invalid prop: type check failed for prop "value". Expected Array, got String with value "<!DOCTYPE html>
<htm". 
  at <BodyRow key=undefined rowData="h" index=10  ... > 
  at <TableBody ref="bodyRef" value="<!DOCTYPE html>\n<htm" class=""  ... > 
  at <VirtualScroller ref="virtualScroller" items="<!DOCTYPE html>\n<html lang=\"en\">\n\n<head>\n  <meta charset=\"utf-8\" />\n  <meta name=\"viewport\" content=\"width=device-width, initial-scale=1\" />\n  <meta name=\"theme-color\" content=\"#000000\" />\n  <link rel=\"shortcut icon\" type=\"image/ico\" href=\"/assets/favicon-bc234827.ico\" />\n  <link href=\"https://fonts.googleapis.com/css?family=Roboto:300,400,500\" rel=\"stylesheet\" />\n  <title>Pentaract UI</title>\n\n  <style>\n    *,\n    html {\n      margin: 0;\n      padding: 0;\n    }\n  </style>\n  <script type=\"module\" crossorigin src=\"/assets/index-58b24b54.js\"></script>\n  <link rel=\"stylesheet\" href=\"/assets/index-a4f6c957.css\">\n</head>\n\n<body>\n  <noscript>Wanna write ur own UI without js?! Go ahead, don't disturb others</noscript>\n  <div id=\"root\"></div>\n\n  \n</body>\n\n</html>\n" columns= [Object, Object, Object, Object, Object, Object]  ... > 
  at <DataTable value="<!DOCTYPE html>\n<html lang=\"en\">\n\n<head>\n  <meta charset=\"utf-8\" />\n  <meta name=\"viewport\" content=\"width=device-width, initial-scale=1\" />\n  <meta name=\"theme-color\" content=\"#000000\" />\n  <link rel=\"shortcut icon\" type=\"image/ico\" href=\"/assets/favicon-bc234827.ico\" />\n  <link href=\"https://fonts.googleapis.com/css?family=Roboto:300,400,500\" rel=\"stylesheet\" />\n  <title>Pentaract UI</title>\n\n  <style>\n    *,\n    html {\n      margin: 0;\n      padding: 0;\n    }\n  </style>\n  <script type=\"module\" crossorigin src=\"/assets/index-58b24b54.js\"></script>\n  <link rel=\"stylesheet\" href=\"/assets/index-a4f6c957.css\">\n</head>\n\n<body>\n  <noscript>Wanna write ur own UI without js?! Go ahead, don't disturb others</noscript>\n  <div id=\"root\"></div>\n\n  \n</body>\n\n</html>\n" loading=false stripedRows=""  ... > 
  at <OrdersView onVnodeUnmounted=fn<onVnodeUnmounted> ref=Ref< Proxy(Object) > > 
  at <RouterView> 
  at <AppLayout onVnodeUnmounted=fn<onVnodeUnmounted> ref=Ref< Proxy(Object) > > 
  at <RouterView> 
  at <App> @ http://localhost:5277/node_modules/@vue/runtime-core/dist/runtime-core.esm-bundler.js:49
[    -153ms] [WARNING] [Vue warn]: Invalid prop: type check failed for prop "rowData". Expected Object, got String with value "h". 
  at <BodyCell key="id" rowData="h" column= {__v_isVNode: true, __v_skip: true, type: Object, props: Object, key: null}  ... > 
  at <BodyRow key=undefined rowData="h" index=10  ... > 
  at <TableBody ref="bodyRef" value="<!DOCTYPE html>\n<htm" class=""  ... > 
  at <VirtualScroller ref="virtualScroller" items="<!DOCTYPE html>\n<html lang=\"en\">\n\n<head>\n  <meta charset=\"utf-8\" />\n  <meta name=\"viewport\" content=\"width=device-width, initial-scale=1\" />\n  <meta name=\"theme-color\" content=\"#000000\" />\n  <link rel=\"shortcut icon\" type=\"image/ico\" href=\"/assets/favicon-bc234827.ico\" />\n  <link href=\"https://fonts.googleapis.com/css?family=Roboto:300,400,500\" rel=\"stylesheet\" />\n  <title>Pentaract UI</title>\n\n  <style>\n    *,\n    html {\n      margin: 0;\n      padding: 0;\n    }\n  </style>\n  <script type=\"module\" crossorigin src=\"/assets/index-58b24b54.js\"></script>\n  <link rel=\"stylesheet\" href=\"/assets/index-a4f6c957.css\">\n</head>\n\n<body>\n  <noscript>Wanna write ur own UI without js?! Go ahead, don't disturb others</noscript>\n  <div id=\"root\"></div>\n\n  \n</body>\n\n</html>\n" columns= [Object, Object, Object, Object, Object, Object]  ... > 
  at <DataTable value="<!DOCTYPE html>\n<html lang=\"en\">\n\n<head>\n  <meta charset=\"utf-8\" />\n  <meta name=\"viewport\" content=\"width=device-width, initial-scale=1\" />\n  <meta name=\"theme-color\" content=\"#000000\" />\n  <link rel=\"shortcut icon\" type=\"image/ico\" href=\"/assets/favicon-bc234827.ico\" />\n  <link href=\"https://fonts.googleapis.com/css?family=Roboto:300,400,500\" rel=\"stylesheet\" />\n  <title>Pentaract UI</title>\n\n  <style>\n    *,\n    html {\n      margin: 0;\n      padding: 0;\n    }\n  </style>\n  <script type=\"module\" crossorigin src=\"/assets/index-58b24b54.js\"></script>\n  <link rel=\"stylesheet\" href=\"/assets/index-a4f6c957.css\">\n</head>\n\n<body>\n  <noscript>Wanna write ur own UI without js?! Go ahead, don't disturb others</noscript>\n  <div id=\"root\"></div>\n\n  \n</body>\n\n</html>\n" loading=false stripedRows=""  ... > 
  at <OrdersView onVnodeUnmounted=fn<onVnodeUnmounted> ref=Ref< Proxy(Object) > > 
  at <RouterView> 
  at <AppLayout onVnodeUnmounted=fn<onVnodeUnmounted> ref=Ref< Proxy(Object) > > 
  at <RouterView> 
  at <App> @ http://localhost:5277/node_modules/@vue/runtime-core/dist/runtime-core.esm-bundler.js:49
[    -150ms] [WARNING] [Vue warn]: Invalid prop: type check failed for prop "rowData". Expected Object, got String with value "h". 
  at <BodyCell key="client_id" rowData="h" column= {__v_isVNode: true, __v_skip: true, type: Object, props: Object, key: null}  ... > 
  at <BodyRow key=undefined rowData="h" index=10  ... > 
  at <TableBody ref="bodyRef" value="<!DOCTYPE html>\n<htm" class=""  ... > 
  at <VirtualScroller ref="virtualScroller" items="<!DOCTYPE html>\n<html lang=\"en\">\n\n<head>\n  <meta charset=\"utf-8\" />\n  <meta name=\"viewport\" content=\"width=device-width, initial-scale=1\" />\n  <meta name=\"theme-color\" content=\"#000000\" />\n  <link rel=\"shortcut icon\" type=\"image/ico\" href=\"/assets/favicon-bc234827.ico\" />\n  <link href=\"https://fonts.googleapis.com/css?family=Roboto:300,400,500\" rel=\"stylesheet\" />\n  <title>Pentaract UI</title>\n\n  <style>\n    *,\n    html {\n      margin: 0;\n      padding: 0;\n    }\n  </style>\n  <script type=\"module\" crossorigin src=\"/assets/index-58b24b54.js\"></script>\n  <link rel=\"stylesheet\" href=\"/assets/index-a4f6c957.css\">\n</head>\n\n<body>\n  <noscript>Wanna write ur own UI without js?! Go ahead, don't disturb others</noscript>\n  <div id=\"root\"></div>\n\n  \n</body>\n\n</html>\n" columns= [Object, Object, Object, Object, Object, Object]  ... > 
  at <DataTable value="<!DOCTYPE html>\n<html lang=\"en\">\n\n<head>\n  <meta charset=\"utf-8\" />\n  <meta name=\"viewport\" content=\"width=device-width, initial-scale=1\" />\n  <meta name=\"theme-color\" content=\"#000000\" />\n  <link rel=\"shortcut icon\" type=\"image/ico\" href=\"/assets/favicon-bc234827.ico\" />\n  <link href=\"https://fonts.googleapis.com/css?family=Roboto:300,400,500\" rel=\"stylesheet\" />\n  <title>Pentaract UI</title>\n\n  <style>\n    *,\n    html {\n      margin: 0;\n      padding: 0;\n    }\n  </style>\n  <script type=\"module\" crossorigin src=\"/assets/index-58b24b54.js\"></script>\n  <link rel=\"stylesheet\" href=\"/assets/index-a4f6c957.css\">\n</head>\n\n<body>\n  <noscript>Wanna write ur own UI without js?! Go ahead, don't disturb others</noscript>\n  <div id=\"root\"></div>\n\n  \n</body>\n\n</html>\n" loading=false stripedRows=""  ... > 
  at <OrdersView onVnodeUnmounted=fn<onVnodeUnmounted> ref=Ref< Proxy(Object) > > 
  at <RouterView> 
  at <AppLayout onVnodeUnmounted=fn<onVnodeUnmounted> ref=Ref< Proxy(Object) > > 
  at <RouterView> 
  at <App> @ http://localhost:5277/node_modules/@vue/runtime-core/dist/runtime-core.esm-bundler.js:49
[    -122ms] [WARNING] [Vue warn]: Invalid prop: type check failed for prop "rowData". Expected Object, got String with value "h". 
  at <BodyCell key="source" rowData="h" column= {__v_isVNode: true, __v_skip: true, type: Object, props: Object, key: null}  ... > 
  at <BodyRow key=undefined rowData="h" index=10  ... > 
  at <TableBody ref="bodyRef" value="<!DOCTYPE html>\n<htm" class=""  ... > 
  at <VirtualScroller ref="virtualScroller" items="<!DOCTYPE html>\n<html lang=\"en\">\n\n<head>\n  <meta charset=\"utf-8\" />\n  <meta name=\"viewport\" content=\"width=device-width, initial-scale=1\" />\n  <meta name=\"theme-color\" content=\"#000000\" />\n  <link rel=\"shortcut icon\" type=\"image/ico\" href=\"/assets/favicon-bc234827.ico\" />\n  <link href=\"https://fonts.googleapis.com/css?family=Roboto:300,400,500\" rel=\"stylesheet\" />\n  <title>Pentaract UI</title>\n\n  <style>\n    *,\n    html {\n      margin: 0;\n      padding: 0;\n    }\n  </style>\n  <script type=\"module\" crossorigin src=\"/assets/index-58b24b54.js\"></script>\n  <link rel=\"stylesheet\" href=\"/assets/index-a4f6c957.css\">\n</head>\n\n<body>\n  <noscript>Wanna write ur own UI without js?! Go ahead, don't disturb others</noscript>\n  <div id=\"root\"></div>\n\n  \n</body>\n\n</html>\n" columns= [Object, Object, Object, Object, Object, Object]  ... > 
  at <DataTable value="<!DOCTYPE html>\n<html lang=\"en\">\n\n<head>\n  <meta charset=\"utf-8\" />\n  <meta name=\"viewport\" content=\"width=device-width, initial-scale=1\" />\n  <meta name=\"theme-color\" content=\"#000000\" />\n  <link rel=\"shortcut icon\" type=\"image/ico\" href=\"/assets/favicon-bc234827.ico\" />\n  <link href=\"https://fonts.googleapis.com/css?family=Roboto:300,400,500\" rel=\"stylesheet\" />\n  <title>Pentaract UI</title>\n\n  <style>\n    *,\n    html {\n      margin: 0;\n      padding: 0;\n    }\n  </style>\n  <script type=\"module\" crossorigin src=\"/assets/index-58b24b54.js\"></script>\n  <link rel=\"stylesheet\" href=\"/assets/index-a4f6c957.css\">\n</head>\n\n<body>\n  <noscript>Wanna write ur own UI without js?! Go ahead, don't disturb others</noscript>\n  <div id=\"root\"></div>\n\n  \n</body>\n\n</html>\n" loading=false stripedRows=""  ... > 
  at <OrdersView onVnodeUnmounted=fn<onVnodeUnmounted> ref=Ref< Proxy(Object) > > 
  at <RouterView> 
  at <AppLayout onVnodeUnmounted=fn<onVnodeUnmounted> ref=Ref< Proxy(Object) > > 
  at <RouterView> 
  at <App> @ http://localhost:5277/node_modules/@vue/runtime-core/dist/runtime-core.esm-bundler.js:49
[    -120ms] [WARNING] [Vue warn]: Invalid prop: type check failed for prop "rowData". Expected Object, got String with value "h". 
  at <BodyCell key="status" rowData="h" column= {__v_isVNode: true, __v_skip: true, type: Object, props: Object, key: null}  ... > 
  at <BodyRow key=undefined rowData="h" index=10  ... > 
  at <TableBody ref="bodyRef" value="<!DOCTYPE html>\n<htm" class=""  ... > 
  at <VirtualScroller ref="virtualScroller" items="<!DOCTYPE html>\n<html lang=\"en\">\n\n<head>\n  <meta charset=\"utf-8\" />\n  <meta name=\"viewport\" content=\"width=device-width, initial-scale=1\" />\n  <meta name=\"theme-color\" content=\"#000000\" />\n  <link rel=\"shortcut icon\" type=\"image/ico\" href=\"/assets/favicon-bc234827.ico\" />\n  <link href=\"https://fonts.googleapis.com/css?family=Roboto:300,400,500\" rel=\"stylesheet\" />\n  <title>Pentaract UI</title>\n\n  <style>\n    *,\n    html {\n      margin: 0;\n      padding: 0;\n    }\n  </style>\n  <script type=\"module\" crossorigin src=\"/assets/index-58b24b54.js\"></script>\n  <link rel=\"stylesheet\" href=\"/assets/index-a4f6c957.css\">\n</head>\n\n<body>\n  <noscript>Wanna write ur own UI without js?! Go ahead, don't disturb others</noscript>\n  <div id=\"root\"></div>\n\n  \n</body>\n\n</html>\n" columns= [Object, Object, Object, Object, Object, Object]  ... > 
  at <DataTable value="<!DOCTYPE html>\n<html lang=\"en\">\n\n<head>\n  <meta charset=\"utf-8\" />\n  <meta name=\"viewport\" content=\"width=device-width, initial-scale=1\" />\n  <meta name=\"theme-color\" content=\"#000000\" />\n  <link rel=\"shortcut icon\" type=\"image/ico\" href=\"/assets/favicon-bc234827.ico\" />\n  <link href=\"https://fonts.googleapis.com/css?family=Roboto:300,400,500\" rel=\"stylesheet\" />\n  <title>Pentaract UI</title>\n\n  <style>\n    *,\n    html {\n      margin: 0;\n      padding: 0;\n    }\n  </style>\n  <script type=\"module\" crossorigin src=\"/assets/index-58b24b54.js\"></script>\n  <link rel=\"stylesheet\" href=\"/assets/index-a4f6c957.css\">\n</head>\n\n<body>\n  <noscript>Wanna write ur own UI without js?! Go ahead, don't disturb others</noscript>\n  <div id=\"root\"></div>\n\n  \n</body>\n\n</html>\n" loading=false stripedRows=""  ... > 
  at <OrdersView onVnodeUnmounted=fn<onVnodeUnmounted> ref=Ref< Proxy(Object) > > 
  at <RouterView> 
  at <AppLayout onVnodeUnmounted=fn<onVnodeUnmounted> ref=Ref< Proxy(Object) > > 
  at <RouterView> 
  at <App> @ http://localhost:5277/node_modules/@vue/runtime-core/dist/runtime-core.esm-bundler.js:49
[    -117ms] [WARNING] [Vue warn]: Invalid prop: type check failed for prop "rowData". Expected Object, got String with value "h". 
  at <BodyCell key="created_at" rowData="h" column= {__v_isVNode: true, __v_skip: true, type: Object, props: Object, key: null}  ... > 
  at <BodyRow key=undefined rowData="h" index=10  ... > 
  at <TableBody ref="bodyRef" value="<!DOCTYPE html>\n<htm" class=""  ... > 
  at <VirtualScroller ref="virtualScroller" items="<!DOCTYPE html>\n<html lang=\"en\">\n\n<head>\n  <meta charset=\"utf-8\" />\n  <meta name=\"viewport\" content=\"width=device-width, initial-scale=1\" />\n  <meta name=\"theme-color\" content=\"#000000\" />\n  <link rel=\"shortcut icon\" type=\"image/ico\" href=\"/assets/favicon-bc234827.ico\" />\n  <link href=\"https://fonts.googleapis.com/css?family=Roboto:300,400,500\" rel=\"stylesheet\" />\n  <title>Pentaract UI</title>\n\n  <style>\n    *,\n    html {\n      margin: 0;\n      padding: 0;\n    }\n  </style>\n  <script type=\"module\" crossorigin src=\"/assets/index-58b24b54.js\"></script>\n  <link rel=\"stylesheet\" href=\"/assets/index-a4f6c957.css\">\n</head>\n\n<body>\n  <noscript>Wanna write ur own UI without js?! Go ahead, don't disturb others</noscript>\n  <div id=\"root\"></div>\n\n  \n</body>\n\n</html>\n" columns= [Object, Object, Object, Object, Object, Object]  ... > 
  at <DataTable value="<!DOCTYPE html>\n<html lang=\"en\">\n\n<head>\n  <meta charset=\"utf-8\" />\n  <meta name=\"viewport\" content=\"width=device-width, initial-scale=1\" />\n  <meta name=\"theme-color\" content=\"#000000\" />\n  <link rel=\"shortcut icon\" type=\"image/ico\" href=\"/assets/favicon-bc234827.ico\" />\n  <link href=\"https://fonts.googleapis.com/css?family=Roboto:300,400,500\" rel=\"stylesheet\" />\n  <title>Pentaract UI</title>\n\n  <style>\n    *,\n    html {\n      margin: 0;\n      padding: 0;\n    }\n  </style>\n  <script type=\"module\" crossorigin src=\"/assets/index-58b24b54.js\"></script>\n  <link rel=\"stylesheet\" href=\"/assets/index-a4f6c957.css\">\n</head>\n\n<body>\n  <noscript>Wanna write ur own UI without js?! Go ahead, don't disturb others</noscript>\n  <div id=\"root\"></div>\n\n  \n</body>\n\n</html>\n" loading=false stripedRows=""  ... > 
  at <OrdersView onVnodeUnmounted=fn<onVnodeUnmounted> ref=Ref< Proxy(Object) > > 
  at <RouterView> 
  at <AppLayout onVnodeUnmounted=fn<onVnodeUnmounted> ref=Ref< Proxy(Object) > > 
  at <RouterView> 
  at <App> @ http://localhost:5277/node_modules/@vue/runtime-core/dist/runtime-core.esm-bundler.js:49
[    -114ms] [WARNING] [Vue warn]: Invalid prop: type check failed for prop "rowData". Expected Object, got String with value "h". 
  at <BodyCell key=5 rowData="h" column= {__v_isVNode: true, __v_skip: true, type: Object, props: Object, key: null}  ... > 
  at <BodyRow key=undefined rowData="h" index=10  ... > 
  at <TableBody ref="bodyRef" value="<!DOCTYPE html>\n<htm" class=""  ... > 
  at <VirtualScroller ref="virtualScroller" items="<!DOCTYPE html>\n<html lang=\"en\">\n\n<head>\n  <meta charset=\"utf-8\" />\n  <meta name=\"viewport\" content=\"width=device-width, initial-scale=1\" />\n  <meta name=\"theme-color\" content=\"#000000\" />\n  <link rel=\"shortcut icon\" type=\"image/ico\" href=\"/assets/favicon-bc234827.ico\" />\n  <link href=\"https://fonts.googleapis.com/css?family=Roboto:300,400,500\" rel=\"stylesheet\" />\n  <title>Pentaract UI</title>\n\n  <style>\n    *,\n    html {\n      margin: 0;\n      padding: 0;\n    }\n  </style>\n  <script type=\"module\" crossorigin src=\"/assets/index-58b24b54.js\"></script>\n  <link rel=\"stylesheet\" href=\"/assets/index-a4f6c957.css\">\n</head>\n\n<body>\n  <noscript>Wanna write ur own UI without js?! Go ahead, don't disturb others</noscript>\n  <div id=\"root\"></div>\n\n  \n</body>\n\n</html>\n" columns= [Object, Object, Object, Object, Object, Object]  ... > 
  at <DataTable value="<!DOCTYPE html>\n<html lang=\"en\">\n\n<head>\n  <meta charset=\"utf-8\" />\n  <meta name=\"viewport\" content=\"width=device-width, initial-scale=1\" />\n  <meta name=\"theme-color\" content=\"#000000\" />\n  <link rel=\"shortcut icon\" type=\"image/ico\" href=\"/assets/favicon-bc234827.ico\" />\n  <link href=\"https://fonts.googleapis.com/css?family=Roboto:300,400,500\" rel=\"stylesheet\" />\n  <title>Pentaract UI</title>\n\n  <style>\n    *,\n    html {\n      margin: 0;\n      padding: 0;\n    }\n  </style>\n  <script type=\"module\" crossorigin src=\"/assets/index-58b24b54.js\"></script>\n  <link rel=\"stylesheet\" href=\"/assets/index-a4f6c957.css\">\n</head>\n\n<body>\n  <noscript>Wanna write ur own UI without js?! Go ahead, don't disturb others</noscript>\n  <div id=\"root\"></div>\n\n  \n</body>\n\n</html>\n" loading=false stripedRows=""  ... > 
  at <OrdersView onVnodeUnmounted=fn<onVnodeUnmounted> ref=Ref< Proxy(Object) > > 
  at <RouterView> 
  at <AppLayout onVnodeUnmounted=fn<onVnodeUnmounted> ref=Ref< Proxy(Object) > > 
  at <RouterView> 
  at <App> @ http://localhost:5277/node_modules/@vue/runtime-core/dist/runtime-core.esm-bundler.js:49
[    -107ms] [WARNING] [Vue warn]: Invalid prop: type check failed for prop "rowData". Expected Object, got String with value "t". 
  at <BodyRow key=undefined rowData="t" index=11  ... > 
  at <TableBody ref="bodyRef" value="<!DOCTYPE html>\n<htm" class=""  ... > 
  at <VirtualScroller ref="virtualScroller" items="<!DOCTYPE html>\n<html lang=\"en\">\n\n<head>\n  <meta charset=\"utf-8\" />\n  <meta name=\"viewport\" content=\"width=device-width, initial-scale=1\" />\n  <meta name=\"theme-color\" content=\"#000000\" />\n  <link rel=\"shortcut icon\" type=\"image/ico\" href=\"/assets/favicon-bc234827.ico\" />\n  <link href=\"https://fonts.googleapis.com/css?family=Roboto:300,400,500\" rel=\"stylesheet\" />\n  <title>Pentaract UI</title>\n\n  <style>\n    *,\n    html {\n      margin: 0;\n      padding: 0;\n    }\n  </style>\n  <script type=\"module\" crossorigin src=\"/assets/index-58b24b54.js\"></script>\n  <link rel=\"stylesheet\" href=\"/assets/index-a4f6c957.css\">\n</head>\n\n<body>\n  <noscript>Wanna write ur own UI without js?! Go ahead, don't disturb others</noscript>\n  <div id=\"root\"></div>\n\n  \n</body>\n\n</html>\n" columns= [Object, Object, Object, Object, Object, Object]  ... > 
  at <DataTable value="<!DOCTYPE html>\n<html lang=\"en\">\n\n<head>\n  <meta charset=\"utf-8\" />\n  <meta name=\"viewport\" content=\"width=device-width, initial-scale=1\" />\n  <meta name=\"theme-color\" content=\"#000000\" />\n  <link rel=\"shortcut icon\" type=\"image/ico\" href=\"/assets/favicon-bc234827.ico\" />\n  <link href=\"https://fonts.googleapis.com/css?family=Roboto:300,400,500\" rel=\"stylesheet\" />\n  <title>Pentaract UI</title>\n\n  <style>\n    *,\n    html {\n      margin: 0;\n      padding: 0;\n    }\n  </style>\n  <script type=\"module\" crossorigin src=\"/assets/index-58b24b54.js\"></script>\n  <link rel=\"stylesheet\" href=\"/assets/index-a4f6c957.css\">\n</head>\n\n<body>\n  <noscript>Wanna write ur own UI without js?! Go ahead, don't disturb others</noscript>\n  <div id=\"root\"></div>\n\n  \n</body>\n\n</html>\n" loading=false stripedRows=""  ... > 
  at <OrdersView onVnodeUnmounted=fn<onVnodeUnmounted> ref=Ref< Proxy(Object) > > 
  at <RouterView> 
  at <AppLayout onVnodeUnmounted=fn<onVnodeUnmounted> ref=Ref< Proxy(Object) > > 
  at <RouterView> 
  at <App> @ http://localhost:5277/node_modules/@vue/runtime-core/dist/runtime-core.esm-bundler.js:49
[    -105ms] [WARNING] [Vue warn]: Invalid prop: type check failed for prop "value". Expected Array, got String with value "<!DOCTYPE html>
<htm". 
  at <BodyRow key=undefined rowData="t" index=11  ... > 
  at <TableBody ref="bodyRef" value="<!DOCTYPE html>\n<htm" class=""  ... > 
  at <VirtualScroller ref="virtualScroller" items="<!DOCTYPE html>\n<html lang=\"en\">\n\n<head>\n  <meta charset=\"utf-8\" />\n  <meta name=\"viewport\" content=\"width=device-width, initial-scale=1\" />\n  <meta name=\"theme-color\" content=\"#000000\" />\n  <link rel=\"shortcut icon\" type=\"image/ico\" href=\"/assets/favicon-bc234827.ico\" />\n  <link href=\"https://fonts.googleapis.com/css?family=Roboto:300,400,500\" rel=\"stylesheet\" />\n  <title>Pentaract UI</title>\n\n  <style>\n    *,\n    html {\n      margin: 0;\n      padding: 0;\n    }\n  </style>\n  <script type=\"module\" crossorigin src=\"/assets/index-58b24b54.js\"></script>\n  <link rel=\"stylesheet\" href=\"/assets/index-a4f6c957.css\">\n</head>\n\n<body>\n  <noscript>Wanna write ur own UI without js?! Go ahead, don't disturb others</noscript>\n  <div id=\"root\"></div>\n\n  \n</body>\n\n</html>\n" columns= [Object, Object, Object, Object, Object, Object]  ... > 
  at <DataTable value="<!DOCTYPE html>\n<html lang=\"en\">\n\n<head>\n  <meta charset=\"utf-8\" />\n  <meta name=\"viewport\" content=\"width=device-width, initial-scale=1\" />\n  <meta name=\"theme-color\" content=\"#000000\" />\n  <link rel=\"shortcut icon\" type=\"image/ico\" href=\"/assets/favicon-bc234827.ico\" />\n  <link href=\"https://fonts.googleapis.com/css?family=Roboto:300,400,500\" rel=\"stylesheet\" />\n  <title>Pentaract UI</title>\n\n  <style>\n    *,\n    html {\n      margin: 0;\n      padding: 0;\n    }\n  </style>\n  <script type=\"module\" crossorigin src=\"/assets/index-58b24b54.js\"></script>\n  <link rel=\"stylesheet\" href=\"/assets/index-a4f6c957.css\">\n</head>\n\n<body>\n  <noscript>Wanna write ur own UI without js?! Go ahead, don't disturb others</noscript>\n  <div id=\"root\"></div>\n\n  \n</body>\n\n</html>\n" loading=false stripedRows=""  ... > 
  at <OrdersView onVnodeUnmounted=fn<onVnodeUnmounted> ref=Ref< Proxy(Object) > > 
  at <RouterView> 
  at <AppLayout onVnodeUnmounted=fn<onVnodeUnmounted> ref=Ref< Proxy(Object) > > 
  at <RouterView> 
  at <App> @ http://localhost:5277/node_modules/@vue/runtime-core/dist/runtime-core.esm-bundler.js:49
[    -101ms] [WARNING] [Vue warn]: Invalid prop: type check failed for prop "rowData". Expected Object, got String with value "t". 
  at <BodyCell key="id" rowData="t" column= {__v_isVNode: true, __v_skip: true, type: Object, props: Object, key: null}  ... > 
  at <BodyRow key=undefined rowData="t" index=11  ... > 
  at <TableBody ref="bodyRef" value="<!DOCTYPE html>\n<htm" class=""  ... > 
  at <VirtualScroller ref="virtualScroller" items="<!DOCTYPE html>\n<html lang=\"en\">\n\n<head>\n  <meta charset=\"utf-8\" />\n  <meta name=\"viewport\" content=\"width=device-width, initial-scale=1\" />\n  <meta name=\"theme-color\" content=\"#000000\" />\n  <link rel=\"shortcut icon\" type=\"image/ico\" href=\"/assets/favicon-bc234827.ico\" />\n  <link href=\"https://fonts.googleapis.com/css?family=Roboto:300,400,500\" rel=\"stylesheet\" />\n  <title>Pentaract UI</title>\n\n  <style>\n    *,\n    html {\n      margin: 0;\n      padding: 0;\n    }\n  </style>\n  <script type=\"module\" crossorigin src=\"/assets/index-58b24b54.js\"></script>\n  <link rel=\"stylesheet\" href=\"/assets/index-a4f6c957.css\">\n</head>\n\n<body>\n  <noscript>Wanna write ur own UI without js?! Go ahead, don't disturb others</noscript>\n  <div id=\"root\"></div>\n\n  \n</body>\n\n</html>\n" columns= [Object, Object, Object, Object, Object, Object]  ... > 
  at <DataTable value="<!DOCTYPE html>\n<html lang=\"en\">\n\n<head>\n  <meta charset=\"utf-8\" />\n  <meta name=\"viewport\" content=\"width=device-width, initial-scale=1\" />\n  <meta name=\"theme-color\" content=\"#000000\" />\n  <link rel=\"shortcut icon\" type=\"image/ico\" href=\"/assets/favicon-bc234827.ico\" />\n  <link href=\"https://fonts.googleapis.com/css?family=Roboto:300,400,500\" rel=\"stylesheet\" />\n  <title>Pentaract UI</title>\n\n  <style>\n    *,\n    html {\n      margin: 0;\n      padding: 0;\n    }\n  </style>\n  <script type=\"module\" crossorigin src=\"/assets/index-58b24b54.js\"></script>\n  <link rel=\"stylesheet\" href=\"/assets/index-a4f6c957.css\">\n</head>\n\n<body>\n  <noscript>Wanna write ur own UI without js?! Go ahead, don't disturb others</noscript>\n  <div id=\"root\"></div>\n\n  \n</body>\n\n</html>\n" loading=false stripedRows=""  ... > 
  at <OrdersView onVnodeUnmounted=fn<onVnodeUnmounted> ref=Ref< Proxy(Object) > > 
  at <RouterView> 
  at <AppLayout onVnodeUnmounted=fn<onVnodeUnmounted> ref=Ref< Proxy(Object) > > 
  at <RouterView> 
  at <App> @ http://localhost:5277/node_modules/@vue/runtime-core/dist/runtime-core.esm-bundler.js:49
[     -99ms] [WARNING] [Vue warn]: Invalid prop: type check failed for prop "rowData". Expected Object, got String with value "t". 
  at <BodyCell key="client_id" rowData="t" column= {__v_isVNode: true, __v_skip: true, type: Object, props: Object, key: null}  ... > 
  at <BodyRow key=undefined rowData="t" index=11  ... > 
  at <TableBody ref="bodyRef" value="<!DOCTYPE html>\n<htm" class=""  ... > 
  at <VirtualScroller ref="virtualScroller" items="<!DOCTYPE html>\n<html lang=\"en\">\n\n<head>\n  <meta charset=\"utf-8\" />\n  <meta name=\"viewport\" content=\"width=device-width, initial-scale=1\" />\n  <meta name=\"theme-color\" content=\"#000000\" />\n  <link rel=\"shortcut icon\" type=\"image/ico\" href=\"/assets/favicon-bc234827.ico\" />\n  <link href=\"https://fonts.googleapis.com/css?family=Roboto:300,400,500\" rel=\"stylesheet\" />\n  <title>Pentaract UI</title>\n\n  <style>\n    *,\n    html {\n      margin: 0;\n      padding: 0;\n    }\n  </style>\n  <script type=\"module\" crossorigin src=\"/assets/index-58b24b54.js\"></script>\n  <link rel=\"stylesheet\" href=\"/assets/index-a4f6c957.css\">\n</head>\n\n<body>\n  <noscript>Wanna write ur own UI without js?! Go ahead, don't disturb others</noscript>\n  <div id=\"root\"></div>\n\n  \n</body>\n\n</html>\n" columns= [Object, Object, Object, Object, Object, Object]  ... > 
  at <DataTable value="<!DOCTYPE html>\n<html lang=\"en\">\n\n<head>\n  <meta charset=\"utf-8\" />\n  <meta name=\"viewport\" content=\"width=device-width, initial-scale=1\" />\n  <meta name=\"theme-color\" content=\"#000000\" />\n  <link rel=\"shortcut icon\" type=\"image/ico\" href=\"/assets/favicon-bc234827.ico\" />\n  <link href=\"https://fonts.googleapis.com/css?family=Roboto:300,400,500\" rel=\"stylesheet\" />\n  <title>Pentaract UI</title>\n\n  <style>\n    *,\n    html {\n      margin: 0;\n      padding: 0;\n    }\n  </style>\n  <script type=\"module\" crossorigin src=\"/assets/index-58b24b54.js\"></script>\n  <link rel=\"stylesheet\" href=\"/assets/index-a4f6c957.css\">\n</head>\n\n<body>\n  <noscript>Wanna write ur own UI without js?! Go ahead, don't disturb others</noscript>\n  <div id=\"root\"></div>\n\n  \n</body>\n\n</html>\n" loading=false stripedRows=""  ... > 
  at <OrdersView onVnodeUnmounted=fn<onVnodeUnmounted> ref=Ref< Proxy(Object) > > 
  at <RouterView> 
  at <AppLayout onVnodeUnmounted=fn<onVnodeUnmounted> ref=Ref< Proxy(Object) > > 
  at <RouterView> 
  at <App> @ http://localhost:5277/node_modules/@vue/runtime-core/dist/runtime-core.esm-bundler.js:49
[     -96ms] [WARNING] [Vue warn]: Invalid prop: type check failed for prop "rowData". Expected Object, got String with value "t". 
  at <BodyCell key="source" rowData="t" column= {__v_isVNode: true, __v_skip: true, type: Object, props: Object, key: null}  ... > 
  at <BodyRow key=undefined rowData="t" index=11  ... > 
  at <TableBody ref="bodyRef" value="<!DOCTYPE html>\n<htm" class=""  ... > 
  at <VirtualScroller ref="virtualScroller" items="<!DOCTYPE html>\n<html lang=\"en\">\n\n<head>\n  <meta charset=\"utf-8\" />\n  <meta name=\"viewport\" content=\"width=device-width, initial-scale=1\" />\n  <meta name=\"theme-color\" content=\"#000000\" />\n  <link rel=\"shortcut icon\" type=\"image/ico\" href=\"/assets/favicon-bc234827.ico\" />\n  <link href=\"https://fonts.googleapis.com/css?family=Roboto:300,400,500\" rel=\"stylesheet\" />\n  <title>Pentaract UI</title>\n\n  <style>\n    *,\n    html {\n      margin: 0;\n      padding: 0;\n    }\n  </style>\n  <script type=\"module\" crossorigin src=\"/assets/index-58b24b54.js\"></script>\n  <link rel=\"stylesheet\" href=\"/assets/index-a4f6c957.css\">\n</head>\n\n<body>\n  <noscript>Wanna write ur own UI without js?! Go ahead, don't disturb others</noscript>\n  <div id=\"root\"></div>\n\n  \n</body>\n\n</html>\n" columns= [Object, Object, Object, Object, Object, Object]  ... > 
  at <DataTable value="<!DOCTYPE html>\n<html lang=\"en\">\n\n<head>\n  <meta charset=\"utf-8\" />\n  <meta name=\"viewport\" content=\"width=device-width, initial-scale=1\" />\n  <meta name=\"theme-color\" content=\"#000000\" />\n  <link rel=\"shortcut icon\" type=\"image/ico\" href=\"/assets/favicon-bc234827.ico\" />\n  <link href=\"https://fonts.googleapis.com/css?family=Roboto:300,400,500\" rel=\"stylesheet\" />\n  <title>Pentaract UI</title>\n\n  <style>\n    *,\n    html {\n      margin: 0;\n      padding: 0;\n    }\n  </style>\n  <script type=\"module\" crossorigin src=\"/assets/index-58b24b54.js\"></script>\n  <link rel=\"stylesheet\" href=\"/assets/index-a4f6c957.css\">\n</head>\n\n<body>\n  <noscript>Wanna write ur own UI without js?! Go ahead, don't disturb others</noscript>\n  <div id=\"root\"></div>\n\n  \n</body>\n\n</html>\n" loading=false stripedRows=""  ... > 
  at <OrdersView onVnodeUnmounted=fn<onVnodeUnmounted> ref=Ref< Proxy(Object) > > 
  at <RouterView> 
  at <AppLayout onVnodeUnmounted=fn<onVnodeUnmounted> ref=Ref< Proxy(Object) > > 
  at <RouterView> 
  at <App> @ http://localhost:5277/node_modules/@vue/runtime-core/dist/runtime-core.esm-bundler.js:49
[     -94ms] [WARNING] [Vue warn]: Invalid prop: type check failed for prop "rowData". Expected Object, got String with value "t". 
  at <BodyCell key="status" rowData="t" column= {__v_isVNode: true, __v_skip: true, type: Object, props: Object, key: null}  ... > 
  at <BodyRow key=undefined rowData="t" index=11  ... > 
  at <TableBody ref="bodyRef" value="<!DOCTYPE html>\n<htm" class=""  ... > 
  at <VirtualScroller ref="virtualScroller" items="<!DOCTYPE html>\n<html lang=\"en\">\n\n<head>\n  <meta charset=\"utf-8\" />\n  <meta name=\"viewport\" content=\"width=device-width, initial-scale=1\" />\n  <meta name=\"theme-color\" content=\"#000000\" />\n  <link rel=\"shortcut icon\" type=\"image/ico\" href=\"/assets/favicon-bc234827.ico\" />\n  <link href=\"https://fonts.googleapis.com/css?family=Roboto:300,400,500\" rel=\"stylesheet\" />\n  <title>Pentaract UI</title>\n\n  <style>\n    *,\n    html {\n      margin: 0;\n      padding: 0;\n    }\n  </style>\n  <script type=\"module\" crossorigin src=\"/assets/index-58b24b54.js\"></script>\n  <link rel=\"stylesheet\" href=\"/assets/index-a4f6c957.css\">\n</head>\n\n<body>\n  <noscript>Wanna write ur own UI without js?! Go ahead, don't disturb others</noscript>\n  <div id=\"root\"></div>\n\n  \n</body>\n\n</html>\n" columns= [Object, Object, Object, Object, Object, Object]  ... > 
  at <DataTable value="<!DOCTYPE html>\n<html lang=\"en\">\n\n<head>\n  <meta charset=\"utf-8\" />\n  <meta name=\"viewport\" content=\"width=device-width, initial-scale=1\" />\n  <meta name=\"theme-color\" content=\"#000000\" />\n  <link rel=\"shortcut icon\" type=\"image/ico\" href=\"/assets/favicon-bc234827.ico\" />\n  <link href=\"https://fonts.googleapis.com/css?family=Roboto:300,400,500\" rel=\"stylesheet\" />\n  <title>Pentaract UI</title>\n\n  <style>\n    *,\n    html {\n      margin: 0;\n      padding: 0;\n    }\n  </style>\n  <script type=\"module\" crossorigin src=\"/assets/index-58b24b54.js\"></script>\n  <link rel=\"stylesheet\" href=\"/assets/index-a4f6c957.css\">\n</head>\n\n<body>\n  <noscript>Wanna write ur own UI without js?! Go ahead, don't disturb others</noscript>\n  <div id=\"root\"></div>\n\n  \n</body>\n\n</html>\n" loading=false stripedRows=""  ... > 
  at <OrdersView onVnodeUnmounted=fn<onVnodeUnmounted> ref=Ref< Proxy(Object) > > 
  at <RouterView> 
  at <AppLayout onVnodeUnmounted=fn<onVnodeUnmounted> ref=Ref< Proxy(Object) > > 
  at <RouterView> 
  at <App> @ http://localhost:5277/node_modules/@vue/runtime-core/dist/runtime-core.esm-bundler.js:49
[     -86ms] [WARNING] [Vue warn]: Invalid prop: type check failed for prop "rowData". Expected Object, got String with value "t". 
  at <BodyCell key="created_at" rowData="t" column= {__v_isVNode: true, __v_skip: true, type: Object, props: Object, key: null}  ... > 
  at <BodyRow key=undefined rowData="t" index=11  ... > 
  at <TableBody ref="bodyRef" value="<!DOCTYPE html>\n<htm" class=""  ... > 
  at <VirtualScroller ref="virtualScroller" items="<!DOCTYPE html>\n<html lang=\"en\">\n\n<head>\n  <meta charset=\"utf-8\" />\n  <meta name=\"viewport\" content=\"width=device-width, initial-scale=1\" />\n  <meta name=\"theme-color\" content=\"#000000\" />\n  <link rel=\"shortcut icon\" type=\"image/ico\" href=\"/assets/favicon-bc234827.ico\" />\n  <link href=\"https://fonts.googleapis.com/css?family=Roboto:300,400,500\" rel=\"stylesheet\" />\n  <title>Pentaract UI</title>\n\n  <style>\n    *,\n    html {\n      margin: 0;\n      padding: 0;\n    }\n  </style>\n  <script type=\"module\" crossorigin src=\"/assets/index-58b24b54.js\"></script>\n  <link rel=\"stylesheet\" href=\"/assets/index-a4f6c957.css\">\n</head>\n\n<body>\n  <noscript>Wanna write ur own UI without js?! Go ahead, don't disturb others</noscript>\n  <div id=\"root\"></div>\n\n  \n</body>\n\n</html>\n" columns= [Object, Object, Object, Object, Object, Object]  ... > 
  at <DataTable value="<!DOCTYPE html>\n<html lang=\"en\">\n\n<head>\n  <meta charset=\"utf-8\" />\n  <meta name=\"viewport\" content=\"width=device-width, initial-scale=1\" />\n  <meta name=\"theme-color\" content=\"#000000\" />\n  <link rel=\"shortcut icon\" type=\"image/ico\" href=\"/assets/favicon-bc234827.ico\" />\n  <link href=\"https://fonts.googleapis.com/css?family=Roboto:300,400,500\" rel=\"stylesheet\" />\n  <title>Pentaract UI</title>\n\n  <style>\n    *,\n    html {\n      margin: 0;\n      padding: 0;\n    }\n  </style>\n  <script type=\"module\" crossorigin src=\"/assets/index-58b24b54.js\"></script>\n  <link rel=\"stylesheet\" href=\"/assets/index-a4f6c957.css\">\n</head>\n\n<body>\n  <noscript>Wanna write ur own UI without js?! Go ahead, don't disturb others</noscript>\n  <div id=\"root\"></div>\n\n  \n</body>\n\n</html>\n" loading=false stripedRows=""  ... > 
  at <OrdersView onVnodeUnmounted=fn<onVnodeUnmounted> ref=Ref< Proxy(Object) > > 
  at <RouterView> 
  at <AppLayout onVnodeUnmounted=fn<onVnodeUnmounted> ref=Ref< Proxy(Object) > > 
  at <RouterView> 
  at <App> @ http://localhost:5277/node_modules/@vue/runtime-core/dist/runtime-core.esm-bundler.js:49
[     -83ms] [WARNING] [Vue warn]: Invalid prop: type check failed for prop "rowData". Expected Object, got String with value "t". 
  at <BodyCell key=5 rowData="t" column= {__v_isVNode: true, __v_skip: true, type: Object, props: Object, key: null}  ... > 
  at <BodyRow key=undefined rowData="t" index=11  ... > 
  at <TableBody ref="bodyRef" value="<!DOCTYPE html>\n<htm" class=""  ... > 
  at <VirtualScroller ref="virtualScroller" items="<!DOCTYPE html>\n<html lang=\"en\">\n\n<head>\n  <meta charset=\"utf-8\" />\n  <meta name=\"viewport\" content=\"width=device-width, initial-scale=1\" />\n  <meta name=\"theme-color\" content=\"#000000\" />\n  <link rel=\"shortcut icon\" type=\"image/ico\" href=\"/assets/favicon-bc234827.ico\" />\n  <link href=\"https://fonts.googleapis.com/css?family=Roboto:300,400,500\" rel=\"stylesheet\" />\n  <title>Pentaract UI</title>\n\n  <style>\n    *,\n    html {\n      margin: 0;\n      padding: 0;\n    }\n  </style>\n  <script type=\"module\" crossorigin src=\"/assets/index-58b24b54.js\"></script>\n  <link rel=\"stylesheet\" href=\"/assets/index-a4f6c957.css\">\n</head>\n\n<body>\n  <noscript>Wanna write ur own UI without js?! Go ahead, don't disturb others</noscript>\n  <div id=\"root\"></div>\n\n  \n</body>\n\n</html>\n" columns= [Object, Object, Object, Object, Object, Object]  ... > 
  at <DataTable value="<!DOCTYPE html>\n<html lang=\"en\">\n\n<head>\n  <meta charset=\"utf-8\" />\n  <meta name=\"viewport\" content=\"width=device-width, initial-scale=1\" />\n  <meta name=\"theme-color\" content=\"#000000\" />\n  <link rel=\"shortcut icon\" type=\"image/ico\" href=\"/assets/favicon-bc234827.ico\" />\n  <link href=\"https://fonts.googleapis.com/css?family=Roboto:300,400,500\" rel=\"stylesheet\" />\n  <title>Pentaract UI</title>\n\n  <style>\n    *,\n    html {\n      margin: 0;\n      padding: 0;\n    }\n  </style>\n  <script type=\"module\" crossorigin src=\"/assets/index-58b24b54.js\"></script>\n  <link rel=\"stylesheet\" href=\"/assets/index-a4f6c957.css\">\n</head>\n\n<body>\n  <noscript>Wanna write ur own UI without js?! Go ahead, don't disturb others</noscript>\n  <div id=\"root\"></div>\n\n  \n</body>\n\n</html>\n" loading=false stripedRows=""  ... > 
  at <OrdersView onVnodeUnmounted=fn<onVnodeUnmounted> ref=Ref< Proxy(Object) > > 
  at <RouterView> 
  at <AppLayout onVnodeUnmounted=fn<onVnodeUnmounted> ref=Ref< Proxy(Object) > > 
  at <RouterView> 
  at <App> @ http://localhost:5277/node_modules/@vue/runtime-core/dist/runtime-core.esm-bundler.js:49
[     -78ms] [WARNING] [Vue warn]: Invalid prop: type check failed for prop "rowData". Expected Object, got String with value "m". 
  at <BodyRow key=undefined rowData="m" index=12  ... > 
  at <TableBody ref="bodyRef" value="<!DOCTYPE html>\n<htm" class=""  ... > 
  at <VirtualScroller ref="virtualScroller" items="<!DOCTYPE html>\n<html lang=\"en\">\n\n<head>\n  <meta charset=\"utf-8\" />\n  <meta name=\"viewport\" content=\"width=device-width, initial-scale=1\" />\n  <meta name=\"theme-color\" content=\"#000000\" />\n  <link rel=\"shortcut icon\" type=\"image/ico\" href=\"/assets/favicon-bc234827.ico\" />\n  <link href=\"https://fonts.googleapis.com/css?family=Roboto:300,400,500\" rel=\"stylesheet\" />\n  <title>Pentaract UI</title>\n\n  <style>\n    *,\n    html {\n      margin: 0;\n      padding: 0;\n    }\n  </style>\n  <script type=\"module\" crossorigin src=\"/assets/index-58b24b54.js\"></script>\n  <link rel=\"stylesheet\" href=\"/assets/index-a4f6c957.css\">\n</head>\n\n<body>\n  <noscript>Wanna write ur own UI without js?! Go ahead, don't disturb others</noscript>\n  <div id=\"root\"></div>\n\n  \n</body>\n\n</html>\n" columns= [Object, Object, Object, Object, Object, Object]  ... > 
  at <DataTable value="<!DOCTYPE html>\n<html lang=\"en\">\n\n<head>\n  <meta charset=\"utf-8\" />\n  <meta name=\"viewport\" content=\"width=device-width, initial-scale=1\" />\n  <meta name=\"theme-color\" content=\"#000000\" />\n  <link rel=\"shortcut icon\" type=\"image/ico\" href=\"/assets/favicon-bc234827.ico\" />\n  <link href=\"https://fonts.googleapis.com/css?family=Roboto:300,400,500\" rel=\"stylesheet\" />\n  <title>Pentaract UI</title>\n\n  <style>\n    *,\n    html {\n      margin: 0;\n      padding: 0;\n    }\n  </style>\n  <script type=\"module\" crossorigin src=\"/assets/index-58b24b54.js\"></script>\n  <link rel=\"stylesheet\" href=\"/assets/index-a4f6c957.css\">\n</head>\n\n<body>\n  <noscript>Wanna write ur own UI without js?! Go ahead, don't disturb others</noscript>\n  <div id=\"root\"></div>\n\n  \n</body>\n\n</html>\n" loading=false stripedRows=""  ... > 
  at <OrdersView onVnodeUnmounted=fn<onVnodeUnmounted> ref=Ref< Proxy(Object) > > 
  at <RouterView> 
  at <AppLayout onVnodeUnmounted=fn<onVnodeUnmounted> ref=Ref< Proxy(Object) > > 
  at <RouterView> 
  at <App> @ http://localhost:5277/node_modules/@vue/runtime-core/dist/runtime-core.esm-bundler.js:49
[     -77ms] [WARNING] [Vue warn]: Invalid prop: type check failed for prop "value". Expected Array, got String with value "<!DOCTYPE html>
<htm". 
  at <BodyRow key=undefined rowData="m" index=12  ... > 
  at <TableBody ref="bodyRef" value="<!DOCTYPE html>\n<htm" class=""  ... > 
  at <VirtualScroller ref="virtualScroller" items="<!DOCTYPE html>\n<html lang=\"en\">\n\n<head>\n  <meta charset=\"utf-8\" />\n  <meta name=\"viewport\" content=\"width=device-width, initial-scale=1\" />\n  <meta name=\"theme-color\" content=\"#000000\" />\n  <link rel=\"shortcut icon\" type=\"image/ico\" href=\"/assets/favicon-bc234827.ico\" />\n  <link href=\"https://fonts.googleapis.com/css?family=Roboto:300,400,500\" rel=\"stylesheet\" />\n  <title>Pentaract UI</title>\n\n  <style>\n    *,\n    html {\n      margin: 0;\n      padding: 0;\n    }\n  </style>\n  <script type=\"module\" crossorigin src=\"/assets/index-58b24b54.js\"></script>\n  <link rel=\"stylesheet\" href=\"/assets/index-a4f6c957.css\">\n</head>\n\n<body>\n  <noscript>Wanna write ur own UI without js?! Go ahead, don't disturb others</noscript>\n  <div id=\"root\"></div>\n\n  \n</body>\n\n</html>\n" columns= [Object, Object, Object, Object, Object, Object]  ... > 
  at <DataTable value="<!DOCTYPE html>\n<html lang=\"en\">\n\n<head>\n  <meta charset=\"utf-8\" />\n  <meta name=\"viewport\" content=\"width=device-width, initial-scale=1\" />\n  <meta name=\"theme-color\" content=\"#000000\" />\n  <link rel=\"shortcut icon\" type=\"image/ico\" href=\"/assets/favicon-bc234827.ico\" />\n  <link href=\"https://fonts.googleapis.com/css?family=Roboto:300,400,500\" rel=\"stylesheet\" />\n  <title>Pentaract UI</title>\n\n  <style>\n    *,\n    html {\n      margin: 0;\n      padding: 0;\n    }\n  </style>\n  <script type=\"module\" crossorigin src=\"/assets/index-58b24b54.js\"></script>\n  <link rel=\"stylesheet\" href=\"/assets/index-a4f6c957.css\">\n</head>\n\n<body>\n  <noscript>Wanna write ur own UI without js?! Go ahead, don't disturb others</noscript>\n  <div id=\"root\"></div>\n\n  \n</body>\n\n</html>\n" loading=false stripedRows=""  ... > 
  at <OrdersView onVnodeUnmounted=fn<onVnodeUnmounted> ref=Ref< Proxy(Object) > > 
  at <RouterView> 
  at <AppLayout onVnodeUnmounted=fn<onVnodeUnmounted> ref=Ref< Proxy(Object) > > 
  at <RouterView> 
  at <App> @ http://localhost:5277/node_modules/@vue/runtime-core/dist/runtime-core.esm-bundler.js:49
[     -71ms] [WARNING] [Vue warn]: Invalid prop: type check failed for prop "rowData". Expected Object, got String with value "m". 
  at <BodyCell key="id" rowData="m" column= {__v_isVNode: true, __v_skip: true, type: Object, props: Object, key: null}  ... > 
  at <BodyRow key=undefined rowData="m" index=12  ... > 
  at <TableBody ref="bodyRef" value="<!DOCTYPE html>\n<htm" class=""  ... > 
  at <VirtualScroller ref="virtualScroller" items="<!DOCTYPE html>\n<html lang=\"en\">\n\n<head>\n  <meta charset=\"utf-8\" />\n  <meta name=\"viewport\" content=\"width=device-width, initial-scale=1\" />\n  <meta name=\"theme-color\" content=\"#000000\" />\n  <link rel=\"shortcut icon\" type=\"image/ico\" href=\"/assets/favicon-bc234827.ico\" />\n  <link href=\"https://fonts.googleapis.com/css?family=Roboto:300,400,500\" rel=\"stylesheet\" />\n  <title>Pentaract UI</title>\n\n  <style>\n    *,\n    html {\n      margin: 0;\n      padding: 0;\n    }\n  </style>\n  <script type=\"module\" crossorigin src=\"/assets/index-58b24b54.js\"></script>\n  <link rel=\"stylesheet\" href=\"/assets/index-a4f6c957.css\">\n</head>\n\n<body>\n  <noscript>Wanna write ur own UI without js?! Go ahead, don't disturb others</noscript>\n  <div id=\"root\"></div>\n\n  \n</body>\n\n</html>\n" columns= [Object, Object, Object, Object, Object, Object]  ... > 
  at <DataTable value="<!DOCTYPE html>\n<html lang=\"en\">\n\n<head>\n  <meta charset=\"utf-8\" />\n  <meta name=\"viewport\" content=\"width=device-width, initial-scale=1\" />\n  <meta name=\"theme-color\" content=\"#000000\" />\n  <link rel=\"shortcut icon\" type=\"image/ico\" href=\"/assets/favicon-bc234827.ico\" />\n  <link href=\"https://fonts.googleapis.com/css?family=Roboto:300,400,500\" rel=\"stylesheet\" />\n  <title>Pentaract UI</title>\n\n  <style>\n    *,\n    html {\n      margin: 0;\n      padding: 0;\n    }\n  </style>\n  <script type=\"module\" crossorigin src=\"/assets/index-58b24b54.js\"></script>\n  <link rel=\"stylesheet\" href=\"/assets/index-a4f6c957.css\">\n</head>\n\n<body>\n  <noscript>Wanna write ur own UI without js?! Go ahead, don't disturb others</noscript>\n  <div id=\"root\"></div>\n\n  \n</body>\n\n</html>\n" loading=false stripedRows=""  ... > 
  at <OrdersView onVnodeUnmounted=fn<onVnodeUnmounted> ref=Ref< Proxy(Object) > > 
  at <RouterView> 
  at <AppLayout onVnodeUnmounted=fn<onVnodeUnmounted> ref=Ref< Proxy(Object) > > 
  at <RouterView> 
  at <App> @ http://localhost:5277/node_modules/@vue/runtime-core/dist/runtime-core.esm-bundler.js:49
[     -69ms] [WARNING] [Vue warn]: Invalid prop: type check failed for prop "rowData". Expected Object, got String with value "m". 
  at <BodyCell key="client_id" rowData="m" column= {__v_isVNode: true, __v_skip: true, type: Object, props: Object, key: null}  ... > 
  at <BodyRow key=undefined rowData="m" index=12  ... > 
  at <TableBody ref="bodyRef" value="<!DOCTYPE html>\n<htm" class=""  ... > 
  at <VirtualScroller ref="virtualScroller" items="<!DOCTYPE html>\n<html lang=\"en\">\n\n<head>\n  <meta charset=\"utf-8\" />\n  <meta name=\"viewport\" content=\"width=device-width, initial-scale=1\" />\n  <meta name=\"theme-color\" content=\"#000000\" />\n  <link rel=\"shortcut icon\" type=\"image/ico\" href=\"/assets/favicon-bc234827.ico\" />\n  <link href=\"https://fonts.googleapis.com/css?family=Roboto:300,400,500\" rel=\"stylesheet\" />\n  <title>Pentaract UI</title>\n\n  <style>\n    *,\n    html {\n      margin: 0;\n      padding: 0;\n    }\n  </style>\n  <script type=\"module\" crossorigin src=\"/assets/index-58b24b54.js\"></script>\n  <link rel=\"stylesheet\" href=\"/assets/index-a4f6c957.css\">\n</head>\n\n<body>\n  <noscript>Wanna write ur own UI without js?! Go ahead, don't disturb others</noscript>\n  <div id=\"root\"></div>\n\n  \n</body>\n\n</html>\n" columns= [Object, Object, Object, Object, Object, Object]  ... > 
  at <DataTable value="<!DOCTYPE html>\n<html lang=\"en\">\n\n<head>\n  <meta charset=\"utf-8\" />\n  <meta name=\"viewport\" content=\"width=device-width, initial-scale=1\" />\n  <meta name=\"theme-color\" content=\"#000000\" />\n  <link rel=\"shortcut icon\" type=\"image/ico\" href=\"/assets/favicon-bc234827.ico\" />\n  <link href=\"https://fonts.googleapis.com/css?family=Roboto:300,400,500\" rel=\"stylesheet\" />\n  <title>Pentaract UI</title>\n\n  <style>\n    *,\n    html {\n      margin: 0;\n      padding: 0;\n    }\n  </style>\n  <script type=\"module\" crossorigin src=\"/assets/index-58b24b54.js\"></script>\n  <link rel=\"stylesheet\" href=\"/assets/index-a4f6c957.css\">\n</head>\n\n<body>\n  <noscript>Wanna write ur own UI without js?! Go ahead, don't disturb others</noscript>\n  <div id=\"root\"></div>\n\n  \n</body>\n\n</html>\n" loading=false stripedRows=""  ... > 
  at <OrdersView onVnodeUnmounted=fn<onVnodeUnmounted> ref=Ref< Proxy(Object) > > 
  at <RouterView> 
  at <AppLayout onVnodeUnmounted=fn<onVnodeUnmounted> ref=Ref< Proxy(Object) > > 
  at <RouterView> 
  at <App> @ http://localhost:5277/node_modules/@vue/runtime-core/dist/runtime-core.esm-bundler.js:49
[     -67ms] [WARNING] [Vue warn]: Invalid prop: type check failed for prop "rowData". Expected Object, got String with value "m". 
  at <BodyCell key="source" rowData="m" column= {__v_isVNode: true, __v_skip: true, type: Object, props: Object, key: null}  ... > 
  at <BodyRow key=undefined rowData="m" index=12  ... > 
  at <TableBody ref="bodyRef" value="<!DOCTYPE html>\n<htm" class=""  ... > 
  at <VirtualScroller ref="virtualScroller" items="<!DOCTYPE html>\n<html lang=\"en\">\n\n<head>\n  <meta charset=\"utf-8\" />\n  <meta name=\"viewport\" content=\"width=device-width, initial-scale=1\" />\n  <meta name=\"theme-color\" content=\"#000000\" />\n  <link rel=\"shortcut icon\" type=\"image/ico\" href=\"/assets/favicon-bc234827.ico\" />\n  <link href=\"https://fonts.googleapis.com/css?family=Roboto:300,400,500\" rel=\"stylesheet\" />\n  <title>Pentaract UI</title>\n\n  <style>\n    *,\n    html {\n      margin: 0;\n      padding: 0;\n    }\n  </style>\n  <script type=\"module\" crossorigin src=\"/assets/index-58b24b54.js\"></script>\n  <link rel=\"stylesheet\" href=\"/assets/index-a4f6c957.css\">\n</head>\n\n<body>\n  <noscript>Wanna write ur own UI without js?! Go ahead, don't disturb others</noscript>\n  <div id=\"root\"></div>\n\n  \n</body>\n\n</html>\n" columns= [Object, Object, Object, Object, Object, Object]  ... > 
  at <DataTable value="<!DOCTYPE html>\n<html lang=\"en\">\n\n<head>\n  <meta charset=\"utf-8\" />\n  <meta name=\"viewport\" content=\"width=device-width, initial-scale=1\" />\n  <meta name=\"theme-color\" content=\"#000000\" />\n  <link rel=\"shortcut icon\" type=\"image/ico\" href=\"/assets/favicon-bc234827.ico\" />\n  <link href=\"https://fonts.googleapis.com/css?family=Roboto:300,400,500\" rel=\"stylesheet\" />\n  <title>Pentaract UI</title>\n\n  <style>\n    *,\n    html {\n      margin: 0;\n      padding: 0;\n    }\n  </style>\n  <script type=\"module\" crossorigin src=\"/assets/index-58b24b54.js\"></script>\n  <link rel=\"stylesheet\" href=\"/assets/index-a4f6c957.css\">\n</head>\n\n<body>\n  <noscript>Wanna write ur own UI without js?! Go ahead, don't disturb others</noscript>\n  <div id=\"root\"></div>\n\n  \n</body>\n\n</html>\n" loading=false stripedRows=""  ... > 
  at <OrdersView onVnodeUnmounted=fn<onVnodeUnmounted> ref=Ref< Proxy(Object) > > 
  at <RouterView> 
  at <AppLayout onVnodeUnmounted=fn<onVnodeUnmounted> ref=Ref< Proxy(Object) > > 
  at <RouterView> 
  at <App> @ http://localhost:5277/node_modules/@vue/runtime-core/dist/runtime-core.esm-bundler.js:49
[     -64ms] [WARNING] [Vue warn]: Invalid prop: type check failed for prop "rowData". Expected Object, got String with value "m". 
  at <BodyCell key="status" rowData="m" column= {__v_isVNode: true, __v_skip: true, type: Object, props: Object, key: null}  ... > 
  at <BodyRow key=undefined rowData="m" index=12  ... > 
  at <TableBody ref="bodyRef" value="<!DOCTYPE html>\n<htm" class=""  ... > 
  at <VirtualScroller ref="virtualScroller" items="<!DOCTYPE html>\n<html lang=\"en\">\n\n<head>\n  <meta charset=\"utf-8\" />\n  <meta name=\"viewport\" content=\"width=device-width, initial-scale=1\" />\n  <meta name=\"theme-color\" content=\"#000000\" />\n  <link rel=\"shortcut icon\" type=\"image/ico\" href=\"/assets/favicon-bc234827.ico\" />\n  <link href=\"https://fonts.googleapis.com/css?family=Roboto:300,400,500\" rel=\"stylesheet\" />\n  <title>Pentaract UI</title>\n\n  <style>\n    *,\n    html {\n      margin: 0;\n      padding: 0;\n    }\n  </style>\n  <script type=\"module\" crossorigin src=\"/assets/index-58b24b54.js\"></script>\n  <link rel=\"stylesheet\" href=\"/assets/index-a4f6c957.css\">\n</head>\n\n<body>\n  <noscript>Wanna write ur own UI without js?! Go ahead, don't disturb others</noscript>\n  <div id=\"root\"></div>\n\n  \n</body>\n\n</html>\n" columns= [Object, Object, Object, Object, Object, Object]  ... > 
  at <DataTable value="<!DOCTYPE html>\n<html lang=\"en\">\n\n<head>\n  <meta charset=\"utf-8\" />\n  <meta name=\"viewport\" content=\"width=device-width, initial-scale=1\" />\n  <meta name=\"theme-color\" content=\"#000000\" />\n  <link rel=\"shortcut icon\" type=\"image/ico\" href=\"/assets/favicon-bc234827.ico\" />\n  <link href=\"https://fonts.googleapis.com/css?family=Roboto:300,400,500\" rel=\"stylesheet\" />\n  <title>Pentaract UI</title>\n\n  <style>\n    *,\n    html {\n      margin: 0;\n      padding: 0;\n    }\n  </style>\n  <script type=\"module\" crossorigin src=\"/assets/index-58b24b54.js\"></script>\n  <link rel=\"stylesheet\" href=\"/assets/index-a4f6c957.css\">\n</head>\n\n<body>\n  <noscript>Wanna write ur own UI without js?! Go ahead, don't disturb others</noscript>\n  <div id=\"root\"></div>\n\n  \n</body>\n\n</html>\n" loading=false stripedRows=""  ... > 
  at <OrdersView onVnodeUnmounted=fn<onVnodeUnmounted> ref=Ref< Proxy(Object) > > 
  at <RouterView> 
  at <AppLayout onVnodeUnmounted=fn<onVnodeUnmounted> ref=Ref< Proxy(Object) > > 
  at <RouterView> 
  at <App> @ http://localhost:5277/node_modules/@vue/runtime-core/dist/runtime-core.esm-bundler.js:49
[     -58ms] [WARNING] [Vue warn]: Invalid prop: type check failed for prop "rowData". Expected Object, got String with value "m". 
  at <BodyCell key="created_at" rowData="m" column= {__v_isVNode: true, __v_skip: true, type: Object, props: Object, key: null}  ... > 
  at <BodyRow key=undefined rowData="m" index=12  ... > 
  at <TableBody ref="bodyRef" value="<!DOCTYPE html>\n<htm" class=""  ... > 
  at <VirtualScroller ref="virtualScroller" items="<!DOCTYPE html>\n<html lang=\"en\">\n\n<head>\n  <meta charset=\"utf-8\" />\n  <meta name=\"viewport\" content=\"width=device-width, initial-scale=1\" />\n  <meta name=\"theme-color\" content=\"#000000\" />\n  <link rel=\"shortcut icon\" type=\"image/ico\" href=\"/assets/favicon-bc234827.ico\" />\n  <link href=\"https://fonts.googleapis.com/css?family=Roboto:300,400,500\" rel=\"stylesheet\" />\n  <title>Pentaract UI</title>\n\n  <style>\n    *,\n    html {\n      margin: 0;\n      padding: 0;\n    }\n  </style>\n  <script type=\"module\" crossorigin src=\"/assets/index-58b24b54.js\"></script>\n  <link rel=\"stylesheet\" href=\"/assets/index-a4f6c957.css\">\n</head>\n\n<body>\n  <noscript>Wanna write ur own UI without js?! Go ahead, don't disturb others</noscript>\n  <div id=\"root\"></div>\n\n  \n</body>\n\n</html>\n" columns= [Object, Object, Object, Object, Object, Object]  ... > 
  at <DataTable value="<!DOCTYPE html>\n<html lang=\"en\">\n\n<head>\n  <meta charset=\"utf-8\" />\n  <meta name=\"viewport\" content=\"width=device-width, initial-scale=1\" />\n  <meta name=\"theme-color\" content=\"#000000\" />\n  <link rel=\"shortcut icon\" type=\"image/ico\" href=\"/assets/favicon-bc234827.ico\" />\n  <link href=\"https://fonts.googleapis.com/css?family=Roboto:300,400,500\" rel=\"stylesheet\" />\n  <title>Pentaract UI</title>\n\n  <style>\n    *,\n    html {\n      margin: 0;\n      padding: 0;\n    }\n  </style>\n  <script type=\"module\" crossorigin src=\"/assets/index-58b24b54.js\"></script>\n  <link rel=\"stylesheet\" href=\"/assets/index-a4f6c957.css\">\n</head>\n\n<body>\n  <noscript>Wanna write ur own UI without js?! Go ahead, don't disturb others</noscript>\n  <div id=\"root\"></div>\n\n  \n</body>\n\n</html>\n" loading=false stripedRows=""  ... > 
  at <OrdersView onVnodeUnmounted=fn<onVnodeUnmounted> ref=Ref< Proxy(Object) > > 
  at <RouterView> 
  at <AppLayout onVnodeUnmounted=fn<onVnodeUnmounted> ref=Ref< Proxy(Object) > > 
  at <RouterView> 
  at <App> @ http://localhost:5277/node_modules/@vue/runtime-core/dist/runtime-core.esm-bundler.js:49
[     -54ms] [WARNING] [Vue warn]: Invalid prop: type check failed for prop "rowData". Expected Object, got String with value "m". 
  at <BodyCell key=5 rowData="m" column= {__v_isVNode: true, __v_skip: true, type: Object, props: Object, key: null}  ... > 
  at <BodyRow key=undefined rowData="m" index=12  ... > 
  at <TableBody ref="bodyRef" value="<!DOCTYPE html>\n<htm" class=""  ... > 
  at <VirtualScroller ref="virtualScroller" items="<!DOCTYPE html>\n<html lang=\"en\">\n\n<head>\n  <meta charset=\"utf-8\" />\n  <meta name=\"viewport\" content=\"width=device-width, initial-scale=1\" />\n  <meta name=\"theme-color\" content=\"#000000\" />\n  <link rel=\"shortcut icon\" type=\"image/ico\" href=\"/assets/favicon-bc234827.ico\" />\n  <link href=\"https://fonts.googleapis.com/css?family=Roboto:300,400,500\" rel=\"stylesheet\" />\n  <title>Pentaract UI</title>\n\n  <style>\n    *,\n    html {\n      margin: 0;\n      padding: 0;\n    }\n  </style>\n  <script type=\"module\" crossorigin src=\"/assets/index-58b24b54.js\"></script>\n  <link rel=\"stylesheet\" href=\"/assets/index-a4f6c957.css\">\n</head>\n\n<body>\n  <noscript>Wanna write ur own UI without js?! Go ahead, don't disturb others</noscript>\n  <div id=\"root\"></div>\n\n  \n</body>\n\n</html>\n" columns= [Object, Object, Object, Object, Object, Object]  ... > 
  at <DataTable value="<!DOCTYPE html>\n<html lang=\"en\">\n\n<head>\n  <meta charset=\"utf-8\" />\n  <meta name=\"viewport\" content=\"width=device-width, initial-scale=1\" />\n  <meta name=\"theme-color\" content=\"#000000\" />\n  <link rel=\"shortcut icon\" type=\"image/ico\" href=\"/assets/favicon-bc234827.ico\" />\n  <link href=\"https://fonts.googleapis.com/css?family=Roboto:300,400,500\" rel=\"stylesheet\" />\n  <title>Pentaract UI</title>\n\n  <style>\n    *,\n    html {\n      margin: 0;\n      padding: 0;\n    }\n  </style>\n  <script type=\"module\" crossorigin src=\"/assets/index-58b24b54.js\"></script>\n  <link rel=\"stylesheet\" href=\"/assets/index-a4f6c957.css\">\n</head>\n\n<body>\n  <noscript>Wanna write ur own UI without js?! Go ahead, don't disturb others</noscript>\n  <div id=\"root\"></div>\n\n  \n</body>\n\n</html>\n" loading=false stripedRows=""  ... > 
  at <OrdersView onVnodeUnmounted=fn<onVnodeUnmounted> ref=Ref< Proxy(Object) > > 
  at <RouterView> 
  at <AppLayout onVnodeUnmounted=fn<onVnodeUnmounted> ref=Ref< Proxy(Object) > > 
  at <RouterView> 
  at <App> @ http://localhost:5277/node_modules/@vue/runtime-core/dist/runtime-core.esm-bundler.js:49
[     -49ms] [WARNING] [Vue warn]: Invalid prop: type check failed for prop "rowData". Expected Object, got String with value "l". 
  at <BodyRow key=undefined rowData="l" index=13  ... > 
  at <TableBody ref="bodyRef" value="<!DOCTYPE html>\n<htm" class=""  ... > 
  at <VirtualScroller ref="virtualScroller" items="<!DOCTYPE html>\n<html lang=\"en\">\n\n<head>\n  <meta charset=\"utf-8\" />\n  <meta name=\"viewport\" content=\"width=device-width, initial-scale=1\" />\n  <meta name=\"theme-color\" content=\"#000000\" />\n  <link rel=\"shortcut icon\" type=\"image/ico\" href=\"/assets/favicon-bc234827.ico\" />\n  <link href=\"https://fonts.googleapis.com/css?family=Roboto:300,400,500\" rel=\"stylesheet\" />\n  <title>Pentaract UI</title>\n\n  <style>\n    *,\n    html {\n      margin: 0;\n      padding: 0;\n    }\n  </style>\n  <script type=\"module\" crossorigin src=\"/assets/index-58b24b54.js\"></script>\n  <link rel=\"stylesheet\" href=\"/assets/index-a4f6c957.css\">\n</head>\n\n<body>\n  <noscript>Wanna write ur own UI without js?! Go ahead, don't disturb others</noscript>\n  <div id=\"root\"></div>\n\n  \n</body>\n\n</html>\n" columns= [Object, Object, Object, Object, Object, Object]  ... > 
  at <DataTable value="<!DOCTYPE html>\n<html lang=\"en\">\n\n<head>\n  <meta charset=\"utf-8\" />\n  <meta name=\"viewport\" content=\"width=device-width, initial-scale=1\" />\n  <meta name=\"theme-color\" content=\"#000000\" />\n  <link rel=\"shortcut icon\" type=\"image/ico\" href=\"/assets/favicon-bc234827.ico\" />\n  <link href=\"https://fonts.googleapis.com/css?family=Roboto:300,400,500\" rel=\"stylesheet\" />\n  <title>Pentaract UI</title>\n\n  <style>\n    *,\n    html {\n      margin: 0;\n      padding: 0;\n    }\n  </style>\n  <script type=\"module\" crossorigin src=\"/assets/index-58b24b54.js\"></script>\n  <link rel=\"stylesheet\" href=\"/assets/index-a4f6c957.css\">\n</head>\n\n<body>\n  <noscript>Wanna write ur own UI without js?! Go ahead, don't disturb others</noscript>\n  <div id=\"root\"></div>\n\n  \n</body>\n\n</html>\n" loading=false stripedRows=""  ... > 
  at <OrdersView onVnodeUnmounted=fn<onVnodeUnmounted> ref=Ref< Proxy(Object) > > 
  at <RouterView> 
  at <AppLayout onVnodeUnmounted=fn<onVnodeUnmounted> ref=Ref< Proxy(Object) > > 
  at <RouterView> 
  at <App> @ http://localhost:5277/node_modules/@vue/runtime-core/dist/runtime-core.esm-bundler.js:49
[     -48ms] [WARNING] [Vue warn]: Invalid prop: type check failed for prop "value". Expected Array, got String with value "<!DOCTYPE html>
<htm". 
  at <BodyRow key=undefined rowData="l" index=13  ... > 
  at <TableBody ref="bodyRef" value="<!DOCTYPE html>\n<htm" class=""  ... > 
  at <VirtualScroller ref="virtualScroller" items="<!DOCTYPE html>\n<html lang=\"en\">\n\n<head>\n  <meta charset=\"utf-8\" />\n  <meta name=\"viewport\" content=\"width=device-width, initial-scale=1\" />\n  <meta name=\"theme-color\" content=\"#000000\" />\n  <link rel=\"shortcut icon\" type=\"image/ico\" href=\"/assets/favicon-bc234827.ico\" />\n  <link href=\"https://fonts.googleapis.com/css?family=Roboto:300,400,500\" rel=\"stylesheet\" />\n  <title>Pentaract UI</title>\n\n  <style>\n    *,\n    html {\n      margin: 0;\n      padding: 0;\n    }\n  </style>\n  <script type=\"module\" crossorigin src=\"/assets/index-58b24b54.js\"></script>\n  <link rel=\"stylesheet\" href=\"/assets/index-a4f6c957.css\">\n</head>\n\n<body>\n  <noscript>Wanna write ur own UI without js?! Go ahead, don't disturb others</noscript>\n  <div id=\"root\"></div>\n\n  \n</body>\n\n</html>\n" columns= [Object, Object, Object, Object, Object, Object]  ... > 
  at <DataTable value="<!DOCTYPE html>\n<html lang=\"en\">\n\n<head>\n  <meta charset=\"utf-8\" />\n  <meta name=\"viewport\" content=\"width=device-width, initial-scale=1\" />\n  <meta name=\"theme-color\" content=\"#000000\" />\n  <link rel=\"shortcut icon\" type=\"image/ico\" href=\"/assets/favicon-bc234827.ico\" />\n  <link href=\"https://fonts.googleapis.com/css?family=Roboto:300,400,500\" rel=\"stylesheet\" />\n  <title>Pentaract UI</title>\n\n  <style>\n    *,\n    html {\n      margin: 0;\n      padding: 0;\n    }\n  </style>\n  <script type=\"module\" crossorigin src=\"/assets/index-58b24b54.js\"></script>\n  <link rel=\"stylesheet\" href=\"/assets/index-a4f6c957.css\">\n</head>\n\n<body>\n  <noscript>Wanna write ur own UI without js?! Go ahead, don't disturb others</noscript>\n  <div id=\"root\"></div>\n\n  \n</body>\n\n</html>\n" loading=false stripedRows=""  ... > 
  at <OrdersView onVnodeUnmounted=fn<onVnodeUnmounted> ref=Ref< Proxy(Object) > > 
  at <RouterView> 
  at <AppLayout onVnodeUnmounted=fn<onVnodeUnmounted> ref=Ref< Proxy(Object) > > 
  at <RouterView> 
  at <App> @ http://localhost:5277/node_modules/@vue/runtime-core/dist/runtime-core.esm-bundler.js:49
[     -46ms] [WARNING] [Vue warn]: Invalid prop: type check failed for prop "rowData". Expected Object, got String with value "l". 
  at <BodyCell key="id" rowData="l" column= {__v_isVNode: true, __v_skip: true, type: Object, props: Object, key: null}  ... > 
  at <BodyRow key=undefined rowData="l" index=13  ... > 
  at <TableBody ref="bodyRef" value="<!DOCTYPE html>\n<htm" class=""  ... > 
  at <VirtualScroller ref="virtualScroller" items="<!DOCTYPE html>\n<html lang=\"en\">\n\n<head>\n  <meta charset=\"utf-8\" />\n  <meta name=\"viewport\" content=\"width=device-width, initial-scale=1\" />\n  <meta name=\"theme-color\" content=\"#000000\" />\n  <link rel=\"shortcut icon\" type=\"image/ico\" href=\"/assets/favicon-bc234827.ico\" />\n  <link href=\"https://fonts.googleapis.com/css?family=Roboto:300,400,500\" rel=\"stylesheet\" />\n  <title>Pentaract UI</title>\n\n  <style>\n    *,\n    html {\n      margin: 0;\n      padding: 0;\n    }\n  </style>\n  <script type=\"module\" crossorigin src=\"/assets/index-58b24b54.js\"></script>\n  <link rel=\"stylesheet\" href=\"/assets/index-a4f6c957.css\">\n</head>\n\n<body>\n  <noscript>Wanna write ur own UI without js?! Go ahead, don't disturb others</noscript>\n  <div id=\"root\"></div>\n\n  \n</body>\n\n</html>\n" columns= [Object, Object, Object, Object, Object, Object]  ... > 
  at <DataTable value="<!DOCTYPE html>\n<html lang=\"en\">\n\n<head>\n  <meta charset=\"utf-8\" />\n  <meta name=\"viewport\" content=\"width=device-width, initial-scale=1\" />\n  <meta name=\"theme-color\" content=\"#000000\" />\n  <link rel=\"shortcut icon\" type=\"image/ico\" href=\"/assets/favicon-bc234827.ico\" />\n  <link href=\"https://fonts.googleapis.com/css?family=Roboto:300,400,500\" rel=\"stylesheet\" />\n  <title>Pentaract UI</title>\n\n  <style>\n    *,\n    html {\n      margin: 0;\n      padding: 0;\n    }\n  </style>\n  <script type=\"module\" crossorigin src=\"/assets/index-58b24b54.js\"></script>\n  <link rel=\"stylesheet\" href=\"/assets/index-a4f6c957.css\">\n</head>\n\n<body>\n  <noscript>Wanna write ur own UI without js?! Go ahead, don't disturb others</noscript>\n  <div id=\"root\"></div>\n\n  \n</body>\n\n</html>\n" loading=false stripedRows=""  ... > 
  at <OrdersView onVnodeUnmounted=fn<onVnodeUnmounted> ref=Ref< Proxy(Object) > > 
  at <RouterView> 
  at <AppLayout onVnodeUnmounted=fn<onVnodeUnmounted> ref=Ref< Proxy(Object) > > 
  at <RouterView> 
  at <App> @ http://localhost:5277/node_modules/@vue/runtime-core/dist/runtime-core.esm-bundler.js:49
[     -43ms] [WARNING] [Vue warn]: Invalid prop: type check failed for prop "rowData". Expected Object, got String with value "l". 
  at <BodyCell key="client_id" rowData="l" column= {__v_isVNode: true, __v_skip: true, type: Object, props: Object, key: null}  ... > 
  at <BodyRow key=undefined rowData="l" index=13  ... > 
  at <TableBody ref="bodyRef" value="<!DOCTYPE html>\n<htm" class=""  ... > 
  at <VirtualScroller ref="virtualScroller" items="<!DOCTYPE html>\n<html lang=\"en\">\n\n<head>\n  <meta charset=\"utf-8\" />\n  <meta name=\"viewport\" content=\"width=device-width, initial-scale=1\" />\n  <meta name=\"theme-color\" content=\"#000000\" />\n  <link rel=\"shortcut icon\" type=\"image/ico\" href=\"/assets/favicon-bc234827.ico\" />\n  <link href=\"https://fonts.googleapis.com/css?family=Roboto:300,400,500\" rel=\"stylesheet\" />\n  <title>Pentaract UI</title>\n\n  <style>\n    *,\n    html {\n      margin: 0;\n      padding: 0;\n    }\n  </style>\n  <script type=\"module\" crossorigin src=\"/assets/index-58b24b54.js\"></script>\n  <link rel=\"stylesheet\" href=\"/assets/index-a4f6c957.css\">\n</head>\n\n<body>\n  <noscript>Wanna write ur own UI without js?! Go ahead, don't disturb others</noscript>\n  <div id=\"root\"></div>\n\n  \n</body>\n\n</html>\n" columns= [Object, Object, Object, Object, Object, Object]  ... > 
  at <DataTable value="<!DOCTYPE html>\n<html lang=\"en\">\n\n<head>\n  <meta charset=\"utf-8\" />\n  <meta name=\"viewport\" content=\"width=device-width, initial-scale=1\" />\n  <meta name=\"theme-color\" content=\"#000000\" />\n  <link rel=\"shortcut icon\" type=\"image/ico\" href=\"/assets/favicon-bc234827.ico\" />\n  <link href=\"https://fonts.googleapis.com/css?family=Roboto:300,400,500\" rel=\"stylesheet\" />\n  <title>Pentaract UI</title>\n\n  <style>\n    *,\n    html {\n      margin: 0;\n      padding: 0;\n    }\n  </style>\n  <script type=\"module\" crossorigin src=\"/assets/index-58b24b54.js\"></script>\n  <link rel=\"stylesheet\" href=\"/assets/index-a4f6c957.css\">\n</head>\n\n<body>\n  <noscript>Wanna write ur own UI without js?! Go ahead, don't disturb others</noscript>\n  <div id=\"root\"></div>\n\n  \n</body>\n\n</html>\n" loading=false stripedRows=""  ... > 
  at <OrdersView onVnodeUnmounted=fn<onVnodeUnmounted> ref=Ref< Proxy(Object) > > 
  at <RouterView> 
  at <AppLayout onVnodeUnmounted=fn<onVnodeUnmounted> ref=Ref< Proxy(Object) > > 
  at <RouterView> 
  at <App> @ http://localhost:5277/node_modules/@vue/runtime-core/dist/runtime-core.esm-bundler.js:49
[     -41ms] [WARNING] [Vue warn]: Invalid prop: type check failed for prop "rowData". Expected Object, got String with value "l". 
  at <BodyCell key="source" rowData="l" column= {__v_isVNode: true, __v_skip: true, type: Object, props: Object, key: null}  ... > 
  at <BodyRow key=undefined rowData="l" index=13  ... > 
  at <TableBody ref="bodyRef" value="<!DOCTYPE html>\n<htm" class=""  ... > 
  at <VirtualScroller ref="virtualScroller" items="<!DOCTYPE html>\n<html lang=\"en\">\n\n<head>\n  <meta charset=\"utf-8\" />\n  <meta name=\"viewport\" content=\"width=device-width, initial-scale=1\" />\n  <meta name=\"theme-color\" content=\"#000000\" />\n  <link rel=\"shortcut icon\" type=\"image/ico\" href=\"/assets/favicon-bc234827.ico\" />\n  <link href=\"https://fonts.googleapis.com/css?family=Roboto:300,400,500\" rel=\"stylesheet\" />\n  <title>Pentaract UI</title>\n\n  <style>\n    *,\n    html {\n      margin: 0;\n      padding: 0;\n    }\n  </style>\n  <script type=\"module\" crossorigin src=\"/assets/index-58b24b54.js\"></script>\n  <link rel=\"stylesheet\" href=\"/assets/index-a4f6c957.css\">\n</head>\n\n<body>\n  <noscript>Wanna write ur own UI without js?! Go ahead, don't disturb others</noscript>\n  <div id=\"root\"></div>\n\n  \n</body>\n\n</html>\n" columns= [Object, Object, Object, Object, Object, Object]  ... > 
  at <DataTable value="<!DOCTYPE html>\n<html lang=\"en\">\n\n<head>\n  <meta charset=\"utf-8\" />\n  <meta name=\"viewport\" content=\"width=device-width, initial-scale=1\" />\n  <meta name=\"theme-color\" content=\"#000000\" />\n  <link rel=\"shortcut icon\" type=\"image/ico\" href=\"/assets/favicon-bc234827.ico\" />\n  <link href=\"https://fonts.googleapis.com/css?family=Roboto:300,400,500\" rel=\"stylesheet\" />\n  <title>Pentaract UI</title>\n\n  <style>\n    *,\n    html {\n      margin: 0;\n      padding: 0;\n    }\n  </style>\n  <script type=\"module\" crossorigin src=\"/assets/index-58b24b54.js\"></script>\n  <link rel=\"stylesheet\" href=\"/assets/index-a4f6c957.css\">\n</head>\n\n<body>\n  <noscript>Wanna write ur own UI without js?! Go ahead, don't disturb others</noscript>\n  <div id=\"root\"></div>\n\n  \n</body>\n\n</html>\n" loading=false stripedRows=""  ... > 
  at <OrdersView onVnodeUnmounted=fn<onVnodeUnmounted> ref=Ref< Proxy(Object) > > 
  at <RouterView> 
  at <AppLayout onVnodeUnmounted=fn<onVnodeUnmounted> ref=Ref< Proxy(Object) > > 
  at <RouterView> 
  at <App> @ http://localhost:5277/node_modules/@vue/runtime-core/dist/runtime-core.esm-bundler.js:49
[     -37ms] [WARNING] [Vue warn]: Invalid prop: type check failed for prop "rowData". Expected Object, got String with value "l". 
  at <BodyCell key="status" rowData="l" column= {__v_isVNode: true, __v_skip: true, type: Object, props: Object, key: null}  ... > 
  at <BodyRow key=undefined rowData="l" index=13  ... > 
  at <TableBody ref="bodyRef" value="<!DOCTYPE html>\n<htm" class=""  ... > 
  at <VirtualScroller ref="virtualScroller" items="<!DOCTYPE html>\n<html lang=\"en\">\n\n<head>\n  <meta charset=\"utf-8\" />\n  <meta name=\"viewport\" content=\"width=device-width, initial-scale=1\" />\n  <meta name=\"theme-color\" content=\"#000000\" />\n  <link rel=\"shortcut icon\" type=\"image/ico\" href=\"/assets/favicon-bc234827.ico\" />\n  <link href=\"https://fonts.googleapis.com/css?family=Roboto:300,400,500\" rel=\"stylesheet\" />\n  <title>Pentaract UI</title>\n\n  <style>\n    *,\n    html {\n      margin: 0;\n      padding: 0;\n    }\n  </style>\n  <script type=\"module\" crossorigin src=\"/assets/index-58b24b54.js\"></script>\n  <link rel=\"stylesheet\" href=\"/assets/index-a4f6c957.css\">\n</head>\n\n<body>\n  <noscript>Wanna write ur own UI without js?! Go ahead, don't disturb others</noscript>\n  <div id=\"root\"></div>\n\n  \n</body>\n\n</html>\n" columns= [Object, Object, Object, Object, Object, Object]  ... > 
  at <DataTable value="<!DOCTYPE html>\n<html lang=\"en\">\n\n<head>\n  <meta charset=\"utf-8\" />\n  <meta name=\"viewport\" content=\"width=device-width, initial-scale=1\" />\n  <meta name=\"theme-color\" content=\"#000000\" />\n  <link rel=\"shortcut icon\" type=\"image/ico\" href=\"/assets/favicon-bc234827.ico\" />\n  <link href=\"https://fonts.googleapis.com/css?family=Roboto:300,400,500\" rel=\"stylesheet\" />\n  <title>Pentaract UI</title>\n\n  <style>\n    *,\n    html {\n      margin: 0;\n      padding: 0;\n    }\n  </style>\n  <script type=\"module\" crossorigin src=\"/assets/index-58b24b54.js\"></script>\n  <link rel=\"stylesheet\" href=\"/assets/index-a4f6c957.css\">\n</head>\n\n<body>\n  <noscript>Wanna write ur own UI without js?! Go ahead, don't disturb others</noscript>\n  <div id=\"root\"></div>\n\n  \n</body>\n\n</html>\n" loading=false stripedRows=""  ... > 
  at <OrdersView onVnodeUnmounted=fn<onVnodeUnmounted> ref=Ref< Proxy(Object) > > 
  at <RouterView> 
  at <AppLayout onVnodeUnmounted=fn<onVnodeUnmounted> ref=Ref< Proxy(Object) > > 
  at <RouterView> 
  at <App> @ http://localhost:5277/node_modules/@vue/runtime-core/dist/runtime-core.esm-bundler.js:49
[     -32ms] [WARNING] [Vue warn]: Invalid prop: type check failed for prop "rowData". Expected Object, got String with value "l". 
  at <BodyCell key="created_at" rowData="l" column= {__v_isVNode: true, __v_skip: true, type: Object, props: Object, key: null}  ... > 
  at <BodyRow key=undefined rowData="l" index=13  ... > 
  at <TableBody ref="bodyRef" value="<!DOCTYPE html>\n<htm" class=""  ... > 
  at <VirtualScroller ref="virtualScroller" items="<!DOCTYPE html>\n<html lang=\"en\">\n\n<head>\n  <meta charset=\"utf-8\" />\n  <meta name=\"viewport\" content=\"width=device-width, initial-scale=1\" />\n  <meta name=\"theme-color\" content=\"#000000\" />\n  <link rel=\"shortcut icon\" type=\"image/ico\" href=\"/assets/favicon-bc234827.ico\" />\n  <link href=\"https://fonts.googleapis.com/css?family=Roboto:300,400,500\" rel=\"stylesheet\" />\n  <title>Pentaract UI</title>\n\n  <style>\n    *,\n    html {\n      margin: 0;\n      padding: 0;\n    }\n  </style>\n  <script type=\"module\" crossorigin src=\"/assets/index-58b24b54.js\"></script>\n  <link rel=\"stylesheet\" href=\"/assets/index-a4f6c957.css\">\n</head>\n\n<body>\n  <noscript>Wanna write ur own UI without js?! Go ahead, don't disturb others</noscript>\n  <div id=\"root\"></div>\n\n  \n</body>\n\n</html>\n" columns= [Object, Object, Object, Object, Object, Object]  ... > 
  at <DataTable value="<!DOCTYPE html>\n<html lang=\"en\">\n\n<head>\n  <meta charset=\"utf-8\" />\n  <meta name=\"viewport\" content=\"width=device-width, initial-scale=1\" />\n  <meta name=\"theme-color\" content=\"#000000\" />\n  <link rel=\"shortcut icon\" type=\"image/ico\" href=\"/assets/favicon-bc234827.ico\" />\n  <link href=\"https://fonts.googleapis.com/css?family=Roboto:300,400,500\" rel=\"stylesheet\" />\n  <title>Pentaract UI</title>\n\n  <style>\n    *,\n    html {\n      margin: 0;\n      padding: 0;\n    }\n  </style>\n  <script type=\"module\" crossorigin src=\"/assets/index-58b24b54.js\"></script>\n  <link rel=\"stylesheet\" href=\"/assets/index-a4f6c957.css\">\n</head>\n\n<body>\n  <noscript>Wanna write ur own UI without js?! Go ahead, don't disturb others</noscript>\n  <div id=\"root\"></div>\n\n  \n</body>\n\n</html>\n" loading=false stripedRows=""  ... > 
  at <OrdersView onVnodeUnmounted=fn<onVnodeUnmounted> ref=Ref< Proxy(Object) > > 
  at <RouterView> 
  at <AppLayout onVnodeUnmounted=fn<onVnodeUnmounted> ref=Ref< Proxy(Object) > > 
  at <RouterView> 
  at <App> @ http://localhost:5277/node_modules/@vue/runtime-core/dist/runtime-core.esm-bundler.js:49
[     -30ms] [WARNING] [Vue warn]: Invalid prop: type check failed for prop "rowData". Expected Object, got String with value "l". 
  at <BodyCell key=5 rowData="l" column= {__v_isVNode: true, __v_skip: true, type: Object, props: Object, key: null}  ... > 
  at <BodyRow key=undefined rowData="l" index=13  ... > 
  at <TableBody ref="bodyRef" value="<!DOCTYPE html>\n<htm" class=""  ... > 
  at <VirtualScroller ref="virtualScroller" items="<!DOCTYPE html>\n<html lang=\"en\">\n\n<head>\n  <meta charset=\"utf-8\" />\n  <meta name=\"viewport\" content=\"width=device-width, initial-scale=1\" />\n  <meta name=\"theme-color\" content=\"#000000\" />\n  <link rel=\"shortcut icon\" type=\"image/ico\" href=\"/assets/favicon-bc234827.ico\" />\n  <link href=\"https://fonts.googleapis.com/css?family=Roboto:300,400,500\" rel=\"stylesheet\" />\n  <title>Pentaract UI</title>\n\n  <style>\n    *,\n    html {\n      margin: 0;\n      padding: 0;\n    }\n  </style>\n  <script type=\"module\" crossorigin src=\"/assets/index-58b24b54.js\"></script>\n  <link rel=\"stylesheet\" href=\"/assets/index-a4f6c957.css\">\n</head>\n\n<body>\n  <noscript>Wanna write ur own UI without js?! Go ahead, don't disturb others</noscript>\n  <div id=\"root\"></div>\n\n  \n</body>\n\n</html>\n" columns= [Object, Object, Object, Object, Object, Object]  ... > 
  at <DataTable value="<!DOCTYPE html>\n<html lang=\"en\">\n\n<head>\n  <meta charset=\"utf-8\" />\n  <meta name=\"viewport\" content=\"width=device-width, initial-scale=1\" />\n  <meta name=\"theme-color\" content=\"#000000\" />\n  <link rel=\"shortcut icon\" type=\"image/ico\" href=\"/assets/favicon-bc234827.ico\" />\n  <link href=\"https://fonts.googleapis.com/css?family=Roboto:300,400,500\" rel=\"stylesheet\" />\n  <title>Pentaract UI</title>\n\n  <style>\n    *,\n    html {\n      margin: 0;\n      padding: 0;\n    }\n  </style>\n  <script type=\"module\" crossorigin src=\"/assets/index-58b24b54.js\"></script>\n  <link rel=\"stylesheet\" href=\"/assets/index-a4f6c957.css\">\n</head>\n\n<body>\n  <noscript>Wanna write ur own UI without js?! Go ahead, don't disturb others</noscript>\n  <div id=\"root\"></div>\n\n  \n</body>\n\n</html>\n" loading=false stripedRows=""  ... > 
  at <OrdersView onVnodeUnmounted=fn<onVnodeUnmounted> ref=Ref< Proxy(Object) > > 
  at <RouterView> 
  at <AppLayout onVnodeUnmounted=fn<onVnodeUnmounted> ref=Ref< Proxy(Object) > > 
  at <RouterView> 
  at <App> @ http://localhost:5277/node_modules/@vue/runtime-core/dist/runtime-core.esm-bundler.js:49
[       7ms] [WARNING] [Vue warn]: Invalid prop: type check failed for prop "rowData". Expected Object, got String with value ">". 
  at <BodyRow key=undefined rowData=">" index=14  ... > 
  at <TableBody ref="bodyRef" value="<!DOCTYPE html>\n<htm" class=""  ... > 
  at <VirtualScroller ref="virtualScroller" items="<!DOCTYPE html>\n<html lang=\"en\">\n\n<head>\n  <meta charset=\"utf-8\" />\n  <meta name=\"viewport\" content=\"width=device-width, initial-scale=1\" />\n  <meta name=\"theme-color\" content=\"#000000\" />\n  <link rel=\"shortcut icon\" type=\"image/ico\" href=\"/assets/favicon-bc234827.ico\" />\n  <link href=\"https://fonts.googleapis.com/css?family=Roboto:300,400,500\" rel=\"stylesheet\" />\n  <title>Pentaract UI</title>\n\n  <style>\n    *,\n    html {\n      margin: 0;\n      padding: 0;\n    }\n  </style>\n  <script type=\"module\" crossorigin src=\"/assets/index-58b24b54.js\"></script>\n  <link rel=\"stylesheet\" href=\"/assets/index-a4f6c957.css\">\n</head>\n\n<body>\n  <noscript>Wanna write ur own UI without js?! Go ahead, don't disturb others</noscript>\n  <div id=\"root\"></div>\n\n  \n</body>\n\n</html>\n" columns= [Object, Object, Object, Object, Object, Object]  ... > 
  at <DataTable value="<!DOCTYPE html>\n<html lang=\"en\">\n\n<head>\n  <meta charset=\"utf-8\" />\n  <meta name=\"viewport\" content=\"width=device-width, initial-scale=1\" />\n  <meta name=\"theme-color\" content=\"#000000\" />\n  <link rel=\"shortcut icon\" type=\"image/ico\" href=\"/assets/favicon-bc234827.ico\" />\n  <link href=\"https://fonts.googleapis.com/css?family=Roboto:300,400,500\" rel=\"stylesheet\" />\n  <title>Pentaract UI</title>\n\n  <style>\n    *,\n    html {\n      margin: 0;\n      padding: 0;\n    }\n  </style>\n  <script type=\"module\" crossorigin src=\"/assets/index-58b24b54.js\"></script>\n  <link rel=\"stylesheet\" href=\"/assets/index-a4f6c957.css\">\n</head>\n\n<body>\n  <noscript>Wanna write ur own UI without js?! Go ahead, don't disturb others</noscript>\n  <div id=\"root\"></div>\n\n  \n</body>\n\n</html>\n" loading=false stripedRows=""  ... > 
  at <OrdersView onVnodeUnmounted=fn<onVnodeUnmounted> ref=Ref< Proxy(Object) > > 
  at <RouterView> 
  at <AppLayout onVnodeUnmounted=fn<onVnodeUnmounted> ref=Ref< Proxy(Object) > > 
  at <RouterView> 
  at <App> @ http://localhost:5277/node_modules/@vue/runtime-core/dist/runtime-core.esm-bundler.js:49
[       8ms] [WARNING] [Vue warn]: Invalid prop: type check failed for prop "value". Expected Array, got String with value "<!DOCTYPE html>
<htm". 
  at <BodyRow key=undefined rowData=">" index=14  ... > 
  at <TableBody ref="bodyRef" value="<!DOCTYPE html>\n<htm" class=""  ... > 
  at <VirtualScroller ref="virtualScroller" items="<!DOCTYPE html>\n<html lang=\"en\">\n\n<head>\n  <meta charset=\"utf-8\" />\n  <meta name=\"viewport\" content=\"width=device-width, initial-scale=1\" />\n  <meta name=\"theme-color\" content=\"#000000\" />\n  <link rel=\"shortcut icon\" type=\"image/ico\" href=\"/assets/favicon-bc234827.ico\" />\n  <link href=\"https://fonts.googleapis.com/css?family=Roboto:300,400,500\" rel=\"stylesheet\" />\n  <title>Pentaract UI</title>\n\n  <style>\n    *,\n    html {\n      margin: 0;\n      padding: 0;\n    }\n  </style>\n  <script type=\"module\" crossorigin src=\"/assets/index-58b24b54.js\"></script>\n  <link rel=\"stylesheet\" href=\"/assets/index-a4f6c957.css\">\n</head>\n\n<body>\n  <noscript>Wanna write ur own UI without js?! Go ahead, don't disturb others</noscript>\n  <div id=\"root\"></div>\n\n  \n</body>\n\n</html>\n" columns= [Object, Object, Object, Object, Object, Object]  ... > 
  at <DataTable value="<!DOCTYPE html>\n<html lang=\"en\">\n\n<head>\n  <meta charset=\"utf-8\" />\n  <meta name=\"viewport\" content=\"width=device-width, initial-scale=1\" />\n  <meta name=\"theme-color\" content=\"#000000\" />\n  <link rel=\"shortcut icon\" type=\"image/ico\" href=\"/assets/favicon-bc234827.ico\" />\n  <link href=\"https://fonts.googleapis.com/css?family=Roboto:300,400,500\" rel=\"stylesheet\" />\n  <title>Pentaract UI</title>\n\n  <style>\n    *,\n    html {\n      margin: 0;\n      padding: 0;\n    }\n  </style>\n  <script type=\"module\" crossorigin src=\"/assets/index-58b24b54.js\"></script>\n  <link rel=\"stylesheet\" href=\"/assets/index-a4f6c957.css\">\n</head>\n\n<body>\n  <noscript>Wanna write ur own UI without js?! Go ahead, don't disturb others</noscript>\n  <div id=\"root\"></div>\n\n  \n</body>\n\n</html>\n" loading=false stripedRows=""  ... > 
  at <OrdersView onVnodeUnmounted=fn<onVnodeUnmounted> ref=Ref< Proxy(Object) > > 
  at <RouterView> 
  at <AppLayout onVnodeUnmounted=fn<onVnodeUnmounted> ref=Ref< Proxy(Object) > > 
  at <RouterView> 
  at <App> @ http://localhost:5277/node_modules/@vue/runtime-core/dist/runtime-core.esm-bundler.js:49
[      10ms] [WARNING] [Vue warn]: Invalid prop: type check failed for prop "rowData". Expected Object, got String with value ">". 
  at <BodyCell key="id" rowData=">" column= {__v_isVNode: true, __v_skip: true, type: Object, props: Object, key: null}  ... > 
  at <BodyRow key=undefined rowData=">" index=14  ... > 
  at <TableBody ref="bodyRef" value="<!DOCTYPE html>\n<htm" class=""  ... > 
  at <VirtualScroller ref="virtualScroller" items="<!DOCTYPE html>\n<html lang=\"en\">\n\n<head>\n  <meta charset=\"utf-8\" />\n  <meta name=\"viewport\" content=\"width=device-width, initial-scale=1\" />\n  <meta name=\"theme-color\" content=\"#000000\" />\n  <link rel=\"shortcut icon\" type=\"image/ico\" href=\"/assets/favicon-bc234827.ico\" />\n  <link href=\"https://fonts.googleapis.com/css?family=Roboto:300,400,500\" rel=\"stylesheet\" />\n  <title>Pentaract UI</title>\n\n  <style>\n    *,\n    html {\n      margin: 0;\n      padding: 0;\n    }\n  </style>\n  <script type=\"module\" crossorigin src=\"/assets/index-58b24b54.js\"></script>\n  <link rel=\"stylesheet\" href=\"/assets/index-a4f6c957.css\">\n</head>\n\n<body>\n  <noscript>Wanna write ur own UI without js?! Go ahead, don't disturb others</noscript>\n  <div id=\"root\"></div>\n\n  \n</body>\n\n</html>\n" columns= [Object, Object, Object, Object, Object, Object]  ... > 
  at <DataTable value="<!DOCTYPE html>\n<html lang=\"en\">\n\n<head>\n  <meta charset=\"utf-8\" />\n  <meta name=\"viewport\" content=\"width=device-width, initial-scale=1\" />\n  <meta name=\"theme-color\" content=\"#000000\" />\n  <link rel=\"shortcut icon\" type=\"image/ico\" href=\"/assets/favicon-bc234827.ico\" />\n  <link href=\"https://fonts.googleapis.com/css?family=Roboto:300,400,500\" rel=\"stylesheet\" />\n  <title>Pentaract UI</title>\n\n  <style>\n    *,\n    html {\n      margin: 0;\n      padding: 0;\n    }\n  </style>\n  <script type=\"module\" crossorigin src=\"/assets/index-58b24b54.js\"></script>\n  <link rel=\"stylesheet\" href=\"/assets/index-a4f6c957.css\">\n</head>\n\n<body>\n  <noscript>Wanna write ur own UI without js?! Go ahead, don't disturb others</noscript>\n  <div id=\"root\"></div>\n\n  \n</body>\n\n</html>\n" loading=false stripedRows=""  ... > 
  at <OrdersView onVnodeUnmounted=fn<onVnodeUnmounted> ref=Ref< Proxy(Object) > > 
  at <RouterView> 
  at <AppLayout onVnodeUnmounted=fn<onVnodeUnmounted> ref=Ref< Proxy(Object) > > 
  at <RouterView> 
  at <App> @ http://localhost:5277/node_modules/@vue/runtime-core/dist/runtime-core.esm-bundler.js:49
[      13ms] [WARNING] [Vue warn]: Invalid prop: type check failed for prop "rowData". Expected Object, got String with value ">". 
  at <BodyCell key="client_id" rowData=">" column= {__v_isVNode: true, __v_skip: true, type: Object, props: Object, key: null}  ... > 
  at <BodyRow key=undefined rowData=">" index=14  ... > 
  at <TableBody ref="bodyRef" value="<!DOCTYPE html>\n<htm" class=""  ... > 
  at <VirtualScroller ref="virtualScroller" items="<!DOCTYPE html>\n<html lang=\"en\">\n\n<head>\n  <meta charset=\"utf-8\" />\n  <meta name=\"viewport\" content=\"width=device-width, initial-scale=1\" />\n  <meta name=\"theme-color\" content=\"#000000\" />\n  <link rel=\"shortcut icon\" type=\"image/ico\" href=\"/assets/favicon-bc234827.ico\" />\n  <link href=\"https://fonts.googleapis.com/css?family=Roboto:300,400,500\" rel=\"stylesheet\" />\n  <title>Pentaract UI</title>\n\n  <style>\n    *,\n    html {\n      margin: 0;\n      padding: 0;\n    }\n  </style>\n  <script type=\"module\" crossorigin src=\"/assets/index-58b24b54.js\"></script>\n  <link rel=\"stylesheet\" href=\"/assets/index-a4f6c957.css\">\n</head>\n\n<body>\n  <noscript>Wanna write ur own UI without js?! Go ahead, don't disturb others</noscript>\n  <div id=\"root\"></div>\n\n  \n</body>\n\n</html>\n" columns= [Object, Object, Object, Object, Object, Object]  ... > 
  at <DataTable value="<!DOCTYPE html>\n<html lang=\"en\">\n\n<head>\n  <meta charset=\"utf-8\" />\n  <meta name=\"viewport\" content=\"width=device-width, initial-scale=1\" />\n  <meta name=\"theme-color\" content=\"#000000\" />\n  <link rel=\"shortcut icon\" type=\"image/ico\" href=\"/assets/favicon-bc234827.ico\" />\n  <link href=\"https://fonts.googleapis.com/css?family=Roboto:300,400,500\" rel=\"stylesheet\" />\n  <title>Pentaract UI</title>\n\n  <style>\n    *,\n    html {\n      margin: 0;\n      padding: 0;\n    }\n  </style>\n  <script type=\"module\" crossorigin src=\"/assets/index-58b24b54.js\"></script>\n  <link rel=\"stylesheet\" href=\"/assets/index-a4f6c957.css\">\n</head>\n\n<body>\n  <noscript>Wanna write ur own UI without js?! Go ahead, don't disturb others</noscript>\n  <div id=\"root\"></div>\n\n  \n</body>\n\n</html>\n" loading=false stripedRows=""  ... > 
  at <OrdersView onVnodeUnmounted=fn<onVnodeUnmounted> ref=Ref< Proxy(Object) > > 
  at <RouterView> 
  at <AppLayout onVnodeUnmounted=fn<onVnodeUnmounted> ref=Ref< Proxy(Object) > > 
  at <RouterView> 
  at <App> @ http://localhost:5277/node_modules/@vue/runtime-core/dist/runtime-core.esm-bundler.js:49
[      15ms] [WARNING] [Vue warn]: Invalid prop: type check failed for prop "rowData". Expected Object, got String with value ">". 
  at <BodyCell key="source" rowData=">" column= {__v_isVNode: true, __v_skip: true, type: Object, props: Object, key: null}  ... > 
  at <BodyRow key=undefined rowData=">" index=14  ... > 
  at <TableBody ref="bodyRef" value="<!DOCTYPE html>\n<htm" class=""  ... > 
  at <VirtualScroller ref="virtualScroller" items="<!DOCTYPE html>\n<html lang=\"en\">\n\n<head>\n  <meta charset=\"utf-8\" />\n  <meta name=\"viewport\" content=\"width=device-width, initial-scale=1\" />\n  <meta name=\"theme-color\" content=\"#000000\" />\n  <link rel=\"shortcut icon\" type=\"image/ico\" href=\"/assets/favicon-bc234827.ico\" />\n  <link href=\"https://fonts.googleapis.com/css?family=Roboto:300,400,500\" rel=\"stylesheet\" />\n  <title>Pentaract UI</title>\n\n  <style>\n    *,\n    html {\n      margin: 0;\n      padding: 0;\n    }\n  </style>\n  <script type=\"module\" crossorigin src=\"/assets/index-58b24b54.js\"></script>\n  <link rel=\"stylesheet\" href=\"/assets/index-a4f6c957.css\">\n</head>\n\n<body>\n  <noscript>Wanna write ur own UI without js?! Go ahead, don't disturb others</noscript>\n  <div id=\"root\"></div>\n\n  \n</body>\n\n</html>\n" columns= [Object, Object, Object, Object, Object, Object]  ... > 
  at <DataTable value="<!DOCTYPE html>\n<html lang=\"en\">\n\n<head>\n  <meta charset=\"utf-8\" />\n  <meta name=\"viewport\" content=\"width=device-width, initial-scale=1\" />\n  <meta name=\"theme-color\" content=\"#000000\" />\n  <link rel=\"shortcut icon\" type=\"image/ico\" href=\"/assets/favicon-bc234827.ico\" />\n  <link href=\"https://fonts.googleapis.com/css?family=Roboto:300,400,500\" rel=\"stylesheet\" />\n  <title>Pentaract UI</title>\n\n  <style>\n    *,\n    html {\n      margin: 0;\n      padding: 0;\n    }\n  </style>\n  <script type=\"module\" crossorigin src=\"/assets/index-58b24b54.js\"></script>\n  <link rel=\"stylesheet\" href=\"/assets/index-a4f6c957.css\">\n</head>\n\n<body>\n  <noscript>Wanna write ur own UI without js?! Go ahead, don't disturb others</noscript>\n  <div id=\"root\"></div>\n\n  \n</body>\n\n</html>\n" loading=false stripedRows=""  ... > 
  at <OrdersView onVnodeUnmounted=fn<onVnodeUnmounted> ref=Ref< Proxy(Object) > > 
  at <RouterView> 
  at <AppLayout onVnodeUnmounted=fn<onVnodeUnmounted> ref=Ref< Proxy(Object) > > 
  at <RouterView> 
  at <App> @ http://localhost:5277/node_modules/@vue/runtime-core/dist/runtime-core.esm-bundler.js:49
[      18ms] [WARNING] [Vue warn]: Invalid prop: type check failed for prop "rowData". Expected Object, got String with value ">". 
  at <BodyCell key="status" rowData=">" column= {__v_isVNode: true, __v_skip: true, type: Object, props: Object, key: null}  ... > 
  at <BodyRow key=undefined rowData=">" index=14  ... > 
  at <TableBody ref="bodyRef" value="<!DOCTYPE html>\n<htm" class=""  ... > 
  at <VirtualScroller ref="virtualScroller" items="<!DOCTYPE html>\n<html lang=\"en\">\n\n<head>\n  <meta charset=\"utf-8\" />\n  <meta name=\"viewport\" content=\"width=device-width, initial-scale=1\" />\n  <meta name=\"theme-color\" content=\"#000000\" />\n  <link rel=\"shortcut icon\" type=\"image/ico\" href=\"/assets/favicon-bc234827.ico\" />\n  <link href=\"https://fonts.googleapis.com/css?family=Roboto:300,400,500\" rel=\"stylesheet\" />\n  <title>Pentaract UI</title>\n\n  <style>\n    *,\n    html {\n      margin: 0;\n      padding: 0;\n    }\n  </style>\n  <script type=\"module\" crossorigin src=\"/assets/index-58b24b54.js\"></script>\n  <link rel=\"stylesheet\" href=\"/assets/index-a4f6c957.css\">\n</head>\n\n<body>\n  <noscript>Wanna write ur own UI without js?! Go ahead, don't disturb others</noscript>\n  <div id=\"root\"></div>\n\n  \n</body>\n\n</html>\n" columns= [Object, Object, Object, Object, Object, Object]  ... > 
  at <DataTable value="<!DOCTYPE html>\n<html lang=\"en\">\n\n<head>\n  <meta charset=\"utf-8\" />\n  <meta name=\"viewport\" content=\"width=device-width, initial-scale=1\" />\n  <meta name=\"theme-color\" content=\"#000000\" />\n  <link rel=\"shortcut icon\" type=\"image/ico\" href=\"/assets/favicon-bc234827.ico\" />\n  <link href=\"https://fonts.googleapis.com/css?family=Roboto:300,400,500\" rel=\"stylesheet\" />\n  <title>Pentaract UI</title>\n\n  <style>\n    *,\n    html {\n      margin: 0;\n      padding: 0;\n    }\n  </style>\n  <script type=\"module\" crossorigin src=\"/assets/index-58b24b54.js\"></script>\n  <link rel=\"stylesheet\" href=\"/assets/index-a4f6c957.css\">\n</head>\n\n<body>\n  <noscript>Wanna write ur own UI without js?! Go ahead, don't disturb others</noscript>\n  <div id=\"root\"></div>\n\n  \n</body>\n\n</html>\n" loading=false stripedRows=""  ... > 
  at <OrdersView onVnodeUnmounted=fn<onVnodeUnmounted> ref=Ref< Proxy(Object) > > 
  at <RouterView> 
  at <AppLayout onVnodeUnmounted=fn<onVnodeUnmounted> ref=Ref< Proxy(Object) > > 
  at <RouterView> 
  at <App> @ http://localhost:5277/node_modules/@vue/runtime-core/dist/runtime-core.esm-bundler.js:49
[      21ms] [WARNING] [Vue warn]: Invalid prop: type check failed for prop "rowData". Expected Object, got String with value ">". 
  at <BodyCell key="created_at" rowData=">" column= {__v_isVNode: true, __v_skip: true, type: Object, props: Object, key: null}  ... > 
  at <BodyRow key=undefined rowData=">" index=14  ... > 
  at <TableBody ref="bodyRef" value="<!DOCTYPE html>\n<htm" class=""  ... > 
  at <VirtualScroller ref="virtualScroller" items="<!DOCTYPE html>\n<html lang=\"en\">\n\n<head>\n  <meta charset=\"utf-8\" />\n  <meta name=\"viewport\" content=\"width=device-width, initial-scale=1\" />\n  <meta name=\"theme-color\" content=\"#000000\" />\n  <link rel=\"shortcut icon\" type=\"image/ico\" href=\"/assets/favicon-bc234827.ico\" />\n  <link href=\"https://fonts.googleapis.com/css?family=Roboto:300,400,500\" rel=\"stylesheet\" />\n  <title>Pentaract UI</title>\n\n  <style>\n    *,\n    html {\n      margin: 0;\n      padding: 0;\n    }\n  </style>\n  <script type=\"module\" crossorigin src=\"/assets/index-58b24b54.js\"></script>\n  <link rel=\"stylesheet\" href=\"/assets/index-a4f6c957.css\">\n</head>\n\n<body>\n  <noscript>Wanna write ur own UI without js?! Go ahead, don't disturb others</noscript>\n  <div id=\"root\"></div>\n\n  \n</body>\n\n</html>\n" columns= [Object, Object, Object, Object, Object, Object]  ... > 
  at <DataTable value="<!DOCTYPE html>\n<html lang=\"en\">\n\n<head>\n  <meta charset=\"utf-8\" />\n  <meta name=\"viewport\" content=\"width=device-width, initial-scale=1\" />\n  <meta name=\"theme-color\" content=\"#000000\" />\n  <link rel=\"shortcut icon\" type=\"image/ico\" href=\"/assets/favicon-bc234827.ico\" />\n  <link href=\"https://fonts.googleapis.com/css?family=Roboto:300,400,500\" rel=\"stylesheet\" />\n  <title>Pentaract UI</title>\n\n  <style>\n    *,\n    html {\n      margin: 0;\n      padding: 0;\n    }\n  </style>\n  <script type=\"module\" crossorigin src=\"/assets/index-58b24b54.js\"></script>\n  <link rel=\"stylesheet\" href=\"/assets/index-a4f6c957.css\">\n</head>\n\n<body>\n  <noscript>Wanna write ur own UI without js?! Go ahead, don't disturb others</noscript>\n  <div id=\"root\"></div>\n\n  \n</body>\n\n</html>\n" loading=false stripedRows=""  ... > 
  at <OrdersView onVnodeUnmounted=fn<onVnodeUnmounted> ref=Ref< Proxy(Object) > > 
  at <RouterView> 
  at <AppLayout onVnodeUnmounted=fn<onVnodeUnmounted> ref=Ref< Proxy(Object) > > 
  at <RouterView> 
  at <App> @ http://localhost:5277/node_modules/@vue/runtime-core/dist/runtime-core.esm-bundler.js:49
[      24ms] [WARNING] [Vue warn]: Invalid prop: type check failed for prop "rowData". Expected Object, got String with value ">". 
  at <BodyCell key=5 rowData=">" column= {__v_isVNode: true, __v_skip: true, type: Object, props: Object, key: null}  ... > 
  at <BodyRow key=undefined rowData=">" index=14  ... > 
  at <TableBody ref="bodyRef" value="<!DOCTYPE html>\n<htm" class=""  ... > 
  at <VirtualScroller ref="virtualScroller" items="<!DOCTYPE html>\n<html lang=\"en\">\n\n<head>\n  <meta charset=\"utf-8\" />\n  <meta name=\"viewport\" content=\"width=device-width, initial-scale=1\" />\n  <meta name=\"theme-color\" content=\"#000000\" />\n  <link rel=\"shortcut icon\" type=\"image/ico\" href=\"/assets/favicon-bc234827.ico\" />\n  <link href=\"https://fonts.googleapis.com/css?family=Roboto:300,400,500\" rel=\"stylesheet\" />\n  <title>Pentaract UI</title>\n\n  <style>\n    *,\n    html {\n      margin: 0;\n      padding: 0;\n    }\n  </style>\n  <script type=\"module\" crossorigin src=\"/assets/index-58b24b54.js\"></script>\n  <link rel=\"stylesheet\" href=\"/assets/index-a4f6c957.css\">\n</head>\n\n<body>\n  <noscript>Wanna write ur own UI without js?! Go ahead, don't disturb others</noscript>\n  <div id=\"root\"></div>\n\n  \n</body>\n\n</html>\n" columns= [Object, Object, Object, Object, Object, Object]  ... > 
  at <DataTable value="<!DOCTYPE html>\n<html lang=\"en\">\n\n<head>\n  <meta charset=\"utf-8\" />\n  <meta name=\"viewport\" content=\"width=device-width, initial-scale=1\" />\n  <meta name=\"theme-color\" content=\"#000000\" />\n  <link rel=\"shortcut icon\" type=\"image/ico\" href=\"/assets/favicon-bc234827.ico\" />\n  <link href=\"https://fonts.googleapis.com/css?family=Roboto:300,400,500\" rel=\"stylesheet\" />\n  <title>Pentaract UI</title>\n\n  <style>\n    *,\n    html {\n      margin: 0;\n      padding: 0;\n    }\n  </style>\n  <script type=\"module\" crossorigin src=\"/assets/index-58b24b54.js\"></script>\n  <link rel=\"stylesheet\" href=\"/assets/index-a4f6c957.css\">\n</head>\n\n<body>\n  <noscript>Wanna write ur own UI without js?! Go ahead, don't disturb others</noscript>\n  <div id=\"root\"></div>\n\n  \n</body>\n\n</html>\n" loading=false stripedRows=""  ... > 
  at <OrdersView onVnodeUnmounted=fn<onVnodeUnmounted> ref=Ref< Proxy(Object) > > 
  at <RouterView> 
  at <AppLayout onVnodeUnmounted=fn<onVnodeUnmounted> ref=Ref< Proxy(Object) > > 
  at <RouterView> 
  at <App> @ http://localhost:5277/node_modules/@vue/runtime-core/dist/runtime-core.esm-bundler.js:49
[      28ms] [WARNING] [Vue warn]: Invalid prop: type check failed for prop "rowData". Expected Object, got String with value "
". 
  at <BodyRow key=undefined rowData="\n" index=15  ... > 
  at <TableBody ref="bodyRef" value="<!DOCTYPE html>\n<htm" class=""  ... > 
  at <VirtualScroller ref="virtualScroller" items="<!DOCTYPE html>\n<html lang=\"en\">\n\n<head>\n  <meta charset=\"utf-8\" />\n  <meta name=\"viewport\" content=\"width=device-width, initial-scale=1\" />\n  <meta name=\"theme-color\" content=\"#000000\" />\n  <link rel=\"shortcut icon\" type=\"image/ico\" href=\"/assets/favicon-bc234827.ico\" />\n  <link href=\"https://fonts.googleapis.com/css?family=Roboto:300,400,500\" rel=\"stylesheet\" />\n  <title>Pentaract UI</title>\n\n  <style>\n    *,\n    html {\n      margin: 0;\n      padding: 0;\n    }\n  </style>\n  <script type=\"module\" crossorigin src=\"/assets/index-58b24b54.js\"></script>\n  <link rel=\"stylesheet\" href=\"/assets/index-a4f6c957.css\">\n</head>\n\n<body>\n  <noscript>Wanna write ur own UI without js?! Go ahead, don't disturb others</noscript>\n  <div id=\"root\"></div>\n\n  \n</body>\n\n</html>\n" columns= [Object, Object, Object, Object, Object, Object]  ... > 
  at <DataTable value="<!DOCTYPE html>\n<html lang=\"en\">\n\n<head>\n  <meta charset=\"utf-8\" />\n  <meta name=\"viewport\" content=\"width=device-width, initial-scale=1\" />\n  <meta name=\"theme-color\" content=\"#000000\" />\n  <link rel=\"shortcut icon\" type=\"image/ico\" href=\"/assets/favicon-bc234827.ico\" />\n  <link href=\"https://fonts.googleapis.com/css?family=Roboto:300,400,500\" rel=\"stylesheet\" />\n  <title>Pentaract UI</title>\n\n  <style>\n    *,\n    html {\n      margin: 0;\n      padding: 0;\n    }\n  </style>\n  <script type=\"module\" crossorigin src=\"/assets/index-58b24b54.js\"></script>\n  <link rel=\"stylesheet\" href=\"/assets/index-a4f6c957.css\">\n</head>\n\n<body>\n  <noscript>Wanna write ur own UI without js?! Go ahead, don't disturb others</noscript>\n  <div id=\"root\"></div>\n\n  \n</body>\n\n</html>\n" loading=false stripedRows=""  ... > 
  at <OrdersView onVnodeUnmounted=fn<onVnodeUnmounted> ref=Ref< Proxy(Object) > > 
  at <RouterView> 
  at <AppLayout onVnodeUnmounted=fn<onVnodeUnmounted> ref=Ref< Proxy(Object) > > 
  at <RouterView> 
  at <App> @ http://localhost:5277/node_modules/@vue/runtime-core/dist/runtime-core.esm-bundler.js:49
[      29ms] [WARNING] [Vue warn]: Invalid prop: type check failed for prop "value". Expected Array, got String with value "<!DOCTYPE html>
<htm". 
  at <BodyRow key=undefined rowData="\n" index=15  ... > 
  at <TableBody ref="bodyRef" value="<!DOCTYPE html>\n<htm" class=""  ... > 
  at <VirtualScroller ref="virtualScroller" items="<!DOCTYPE html>\n<html lang=\"en\">\n\n<head>\n  <meta charset=\"utf-8\" />\n  <meta name=\"viewport\" content=\"width=device-width, initial-scale=1\" />\n  <meta name=\"theme-color\" content=\"#000000\" />\n  <link rel=\"shortcut icon\" type=\"image/ico\" href=\"/assets/favicon-bc234827.ico\" />\n  <link href=\"https://fonts.googleapis.com/css?family=Roboto:300,400,500\" rel=\"stylesheet\" />\n  <title>Pentaract UI</title>\n\n  <style>\n    *,\n    html {\n      margin: 0;\n      padding: 0;\n    }\n  </style>\n  <script type=\"module\" crossorigin src=\"/assets/index-58b24b54.js\"></script>\n  <link rel=\"stylesheet\" href=\"/assets/index-a4f6c957.css\">\n</head>\n\n<body>\n  <noscript>Wanna write ur own UI without js?! Go ahead, don't disturb others</noscript>\n  <div id=\"root\"></div>\n\n  \n</body>\n\n</html>\n" columns= [Object, Object, Object, Object, Object, Object]  ... > 
  at <DataTable value="<!DOCTYPE html>\n<html lang=\"en\">\n\n<head>\n  <meta charset=\"utf-8\" />\n  <meta name=\"viewport\" content=\"width=device-width, initial-scale=1\" />\n  <meta name=\"theme-color\" content=\"#000000\" />\n  <link rel=\"shortcut icon\" type=\"image/ico\" href=\"/assets/favicon-bc234827.ico\" />\n  <link href=\"https://fonts.googleapis.com/css?family=Roboto:300,400,500\" rel=\"stylesheet\" />\n  <title>Pentaract UI</title>\n\n  <style>\n    *,\n    html {\n      margin: 0;\n      padding: 0;\n    }\n  </style>\n  <script type=\"module\" crossorigin src=\"/assets/index-58b24b54.js\"></script>\n  <link rel=\"stylesheet\" href=\"/assets/index-a4f6c957.css\">\n</head>\n\n<body>\n  <noscript>Wanna write ur own UI without js?! Go ahead, don't disturb others</noscript>\n  <div id=\"root\"></div>\n\n  \n</body>\n\n</html>\n" loading=false stripedRows=""  ... > 
  at <OrdersView onVnodeUnmounted=fn<onVnodeUnmounted> ref=Ref< Proxy(Object) > > 
  at <RouterView> 
  at <AppLayout onVnodeUnmounted=fn<onVnodeUnmounted> ref=Ref< Proxy(Object) > > 
  at <RouterView> 
  at <App> @ http://localhost:5277/node_modules/@vue/runtime-core/dist/runtime-core.esm-bundler.js:49
[      30ms] [WARNING] [Vue warn]: Invalid prop: type check failed for prop "rowData". Expected Object, got String with value "
". 
  at <BodyCell key="id" rowData="\n" column= {__v_isVNode: true, __v_skip: true, type: Object, props: Object, key: null}  ... > 
  at <BodyRow key=undefined rowData="\n" index=15  ... > 
  at <TableBody ref="bodyRef" value="<!DOCTYPE html>\n<htm" class=""  ... > 
  at <VirtualScroller ref="virtualScroller" items="<!DOCTYPE html>\n<html lang=\"en\">\n\n<head>\n  <meta charset=\"utf-8\" />\n  <meta name=\"viewport\" content=\"width=device-width, initial-scale=1\" />\n  <meta name=\"theme-color\" content=\"#000000\" />\n  <link rel=\"shortcut icon\" type=\"image/ico\" href=\"/assets/favicon-bc234827.ico\" />\n  <link href=\"https://fonts.googleapis.com/css?family=Roboto:300,400,500\" rel=\"stylesheet\" />\n  <title>Pentaract UI</title>\n\n  <style>\n    *,\n    html {\n      margin: 0;\n      padding: 0;\n    }\n  </style>\n  <script type=\"module\" crossorigin src=\"/assets/index-58b24b54.js\"></script>\n  <link rel=\"stylesheet\" href=\"/assets/index-a4f6c957.css\">\n</head>\n\n<body>\n  <noscript>Wanna write ur own UI without js?! Go ahead, don't disturb others</noscript>\n  <div id=\"root\"></div>\n\n  \n</body>\n\n</html>\n" columns= [Object, Object, Object, Object, Object, Object]  ... > 
  at <DataTable value="<!DOCTYPE html>\n<html lang=\"en\">\n\n<head>\n  <meta charset=\"utf-8\" />\n  <meta name=\"viewport\" content=\"width=device-width, initial-scale=1\" />\n  <meta name=\"theme-color\" content=\"#000000\" />\n  <link rel=\"shortcut icon\" type=\"image/ico\" href=\"/assets/favicon-bc234827.ico\" />\n  <link href=\"https://fonts.googleapis.com/css?family=Roboto:300,400,500\" rel=\"stylesheet\" />\n  <title>Pentaract UI</title>\n\n  <style>\n    *,\n    html {\n      margin: 0;\n      padding: 0;\n    }\n  </style>\n  <script type=\"module\" crossorigin src=\"/assets/index-58b24b54.js\"></script>\n  <link rel=\"stylesheet\" href=\"/assets/index-a4f6c957.css\">\n</head>\n\n<body>\n  <noscript>Wanna write ur own UI without js?! Go ahead, don't disturb others</noscript>\n  <div id=\"root\"></div>\n\n  \n</body>\n\n</html>\n" loading=false stripedRows=""  ... > 
  at <OrdersView onVnodeUnmounted=fn<onVnodeUnmounted> ref=Ref< Proxy(Object) > > 
  at <RouterView> 
  at <AppLayout onVnodeUnmounted=fn<onVnodeUnmounted> ref=Ref< Proxy(Object) > > 
  at <RouterView> 
  at <App> @ http://localhost:5277/node_modules/@vue/runtime-core/dist/runtime-core.esm-bundler.js:49
[      33ms] [WARNING] [Vue warn]: Invalid prop: type check failed for prop "rowData". Expected Object, got String with value "
". 
  at <BodyCell key="client_id" rowData="\n" column= {__v_isVNode: true, __v_skip: true, type: Object, props: Object, key: null}  ... > 
  at <BodyRow key=undefined rowData="\n" index=15  ... > 
  at <TableBody ref="bodyRef" value="<!DOCTYPE html>\n<htm" class=""  ... > 
  at <VirtualScroller ref="virtualScroller" items="<!DOCTYPE html>\n<html lang=\"en\">\n\n<head>\n  <meta charset=\"utf-8\" />\n  <meta name=\"viewport\" content=\"width=device-width, initial-scale=1\" />\n  <meta name=\"theme-color\" content=\"#000000\" />\n  <link rel=\"shortcut icon\" type=\"image/ico\" href=\"/assets/favicon-bc234827.ico\" />\n  <link href=\"https://fonts.googleapis.com/css?family=Roboto:300,400,500\" rel=\"stylesheet\" />\n  <title>Pentaract UI</title>\n\n  <style>\n    *,\n    html {\n      margin: 0;\n      padding: 0;\n    }\n  </style>\n  <script type=\"module\" crossorigin src=\"/assets/index-58b24b54.js\"></script>\n  <link rel=\"stylesheet\" href=\"/assets/index-a4f6c957.css\">\n</head>\n\n<body>\n  <noscript>Wanna write ur own UI without js?! Go ahead, don't disturb others</noscript>\n  <div id=\"root\"></div>\n\n  \n</body>\n\n</html>\n" columns= [Object, Object, Object, Object, Object, Object]  ... > 
  at <DataTable value="<!DOCTYPE html>\n<html lang=\"en\">\n\n<head>\n  <meta charset=\"utf-8\" />\n  <meta name=\"viewport\" content=\"width=device-width, initial-scale=1\" />\n  <meta name=\"theme-color\" content=\"#000000\" />\n  <link rel=\"shortcut icon\" type=\"image/ico\" href=\"/assets/favicon-bc234827.ico\" />\n  <link href=\"https://fonts.googleapis.com/css?family=Roboto:300,400,500\" rel=\"stylesheet\" />\n  <title>Pentaract UI</title>\n\n  <style>\n    *,\n    html {\n      margin: 0;\n      padding: 0;\n    }\n  </style>\n  <script type=\"module\" crossorigin src=\"/assets/index-58b24b54.js\"></script>\n  <link rel=\"stylesheet\" href=\"/assets/index-a4f6c957.css\">\n</head>\n\n<body>\n  <noscript>Wanna write ur own UI without js?! Go ahead, don't disturb others</noscript>\n  <div id=\"root\"></div>\n\n  \n</body>\n\n</html>\n" loading=false stripedRows=""  ... > 
  at <OrdersView onVnodeUnmounted=fn<onVnodeUnmounted> ref=Ref< Proxy(Object) > > 
  at <RouterView> 
  at <AppLayout onVnodeUnmounted=fn<onVnodeUnmounted> ref=Ref< Proxy(Object) > > 
  at <RouterView> 
  at <App> @ http://localhost:5277/node_modules/@vue/runtime-core/dist/runtime-core.esm-bundler.js:49
[      35ms] [WARNING] [Vue warn]: Invalid prop: type check failed for prop "rowData". Expected Object, got String with value "
". 
  at <BodyCell key="source" rowData="\n" column= {__v_isVNode: true, __v_skip: true, type: Object, props: Object, key: null}  ... > 
  at <BodyRow key=undefined rowData="\n" index=15  ... > 
  at <TableBody ref="bodyRef" value="<!DOCTYPE html>\n<htm" class=""  ... > 
  at <VirtualScroller ref="virtualScroller" items="<!DOCTYPE html>\n<html lang=\"en\">\n\n<head>\n  <meta charset=\"utf-8\" />\n  <meta name=\"viewport\" content=\"width=device-width, initial-scale=1\" />\n  <meta name=\"theme-color\" content=\"#000000\" />\n  <link rel=\"shortcut icon\" type=\"image/ico\" href=\"/assets/favicon-bc234827.ico\" />\n  <link href=\"https://fonts.googleapis.com/css?family=Roboto:300,400,500\" rel=\"stylesheet\" />\n  <title>Pentaract UI</title>\n\n  <style>\n    *,\n    html {\n      margin: 0;\n      padding: 0;\n    }\n  </style>\n  <script type=\"module\" crossorigin src=\"/assets/index-58b24b54.js\"></script>\n  <link rel=\"stylesheet\" href=\"/assets/index-a4f6c957.css\">\n</head>\n\n<body>\n  <noscript>Wanna write ur own UI without js?! Go ahead, don't disturb others</noscript>\n  <div id=\"root\"></div>\n\n  \n</body>\n\n</html>\n" columns= [Object, Object, Object, Object, Object, Object]  ... > 
  at <DataTable value="<!DOCTYPE html>\n<html lang=\"en\">\n\n<head>\n  <meta charset=\"utf-8\" />\n  <meta name=\"viewport\" content=\"width=device-width, initial-scale=1\" />\n  <meta name=\"theme-color\" content=\"#000000\" />\n  <link rel=\"shortcut icon\" type=\"image/ico\" href=\"/assets/favicon-bc234827.ico\" />\n  <link href=\"https://fonts.googleapis.com/css?family=Roboto:300,400,500\" rel=\"stylesheet\" />\n  <title>Pentaract UI</title>\n\n  <style>\n    *,\n    html {\n      margin: 0;\n      padding: 0;\n    }\n  </style>\n  <script type=\"module\" crossorigin src=\"/assets/index-58b24b54.js\"></script>\n  <link rel=\"stylesheet\" href=\"/assets/index-a4f6c957.css\">\n</head>\n\n<body>\n  <noscript>Wanna write ur own UI without js?! Go ahead, don't disturb others</noscript>\n  <div id=\"root\"></div>\n\n  \n</body>\n\n</html>\n" loading=false stripedRows=""  ... > 
  at <OrdersView onVnodeUnmounted=fn<onVnodeUnmounted> ref=Ref< Proxy(Object) > > 
  at <RouterView> 
  at <AppLayout onVnodeUnmounted=fn<onVnodeUnmounted> ref=Ref< Proxy(Object) > > 
  at <RouterView> 
  at <App> @ http://localhost:5277/node_modules/@vue/runtime-core/dist/runtime-core.esm-bundler.js:49
[      37ms] [WARNING] [Vue warn]: Invalid prop: type check failed for prop "rowData". Expected Object, got String with value "
". 
  at <BodyCell key="status" rowData="\n" column= {__v_isVNode: true, __v_skip: true, type: Object, props: Object, key: null}  ... > 
  at <BodyRow key=undefined rowData="\n" index=15  ... > 
  at <TableBody ref="bodyRef" value="<!DOCTYPE html>\n<htm" class=""  ... > 
  at <VirtualScroller ref="virtualScroller" items="<!DOCTYPE html>\n<html lang=\"en\">\n\n<head>\n  <meta charset=\"utf-8\" />\n  <meta name=\"viewport\" content=\"width=device-width, initial-scale=1\" />\n  <meta name=\"theme-color\" content=\"#000000\" />\n  <link rel=\"shortcut icon\" type=\"image/ico\" href=\"/assets/favicon-bc234827.ico\" />\n  <link href=\"https://fonts.googleapis.com/css?family=Roboto:300,400,500\" rel=\"stylesheet\" />\n  <title>Pentaract UI</title>\n\n  <style>\n    *,\n    html {\n      margin: 0;\n      padding: 0;\n    }\n  </style>\n  <script type=\"module\" crossorigin src=\"/assets/index-58b24b54.js\"></script>\n  <link rel=\"stylesheet\" href=\"/assets/index-a4f6c957.css\">\n</head>\n\n<body>\n  <noscript>Wanna write ur own UI without js?! Go ahead, don't disturb others</noscript>\n  <div id=\"root\"></div>\n\n  \n</body>\n\n</html>\n" columns= [Object, Object, Object, Object, Object, Object]  ... > 
  at <DataTable value="<!DOCTYPE html>\n<html lang=\"en\">\n\n<head>\n  <meta charset=\"utf-8\" />\n  <meta name=\"viewport\" content=\"width=device-width, initial-scale=1\" />\n  <meta name=\"theme-color\" content=\"#000000\" />\n  <link rel=\"shortcut icon\" type=\"image/ico\" href=\"/assets/favicon-bc234827.ico\" />\n  <link href=\"https://fonts.googleapis.com/css?family=Roboto:300,400,500\" rel=\"stylesheet\" />\n  <title>Pentaract UI</title>\n\n  <style>\n    *,\n    html {\n      margin: 0;\n      padding: 0;\n    }\n  </style>\n  <script type=\"module\" crossorigin src=\"/assets/index-58b24b54.js\"></script>\n  <link rel=\"stylesheet\" href=\"/assets/index-a4f6c957.css\">\n</head>\n\n<body>\n  <noscript>Wanna write ur own UI without js?! Go ahead, don't disturb others</noscript>\n  <div id=\"root\"></div>\n\n  \n</body>\n\n</html>\n" loading=false stripedRows=""  ... > 
  at <OrdersView onVnodeUnmounted=fn<onVnodeUnmounted> ref=Ref< Proxy(Object) > > 
  at <RouterView> 
  at <AppLayout onVnodeUnmounted=fn<onVnodeUnmounted> ref=Ref< Proxy(Object) > > 
  at <RouterView> 
  at <App> @ http://localhost:5277/node_modules/@vue/runtime-core/dist/runtime-core.esm-bundler.js:49
[      39ms] [WARNING] [Vue warn]: Invalid prop: type check failed for prop "rowData". Expected Object, got String with value "
". 
  at <BodyCell key="created_at" rowData="\n" column= {__v_isVNode: true, __v_skip: true, type: Object, props: Object, key: null}  ... > 
  at <BodyRow key=undefined rowData="\n" index=15  ... > 
  at <TableBody ref="bodyRef" value="<!DOCTYPE html>\n<htm" class=""  ... > 
  at <VirtualScroller ref="virtualScroller" items="<!DOCTYPE html>\n<html lang=\"en\">\n\n<head>\n  <meta charset=\"utf-8\" />\n  <meta name=\"viewport\" content=\"width=device-width, initial-scale=1\" />\n  <meta name=\"theme-color\" content=\"#000000\" />\n  <link rel=\"shortcut icon\" type=\"image/ico\" href=\"/assets/favicon-bc234827.ico\" />\n  <link href=\"https://fonts.googleapis.com/css?family=Roboto:300,400,500\" rel=\"stylesheet\" />\n  <title>Pentaract UI</title>\n\n  <style>\n    *,\n    html {\n      margin: 0;\n      padding: 0;\n    }\n  </style>\n  <script type=\"module\" crossorigin src=\"/assets/index-58b24b54.js\"></script>\n  <link rel=\"stylesheet\" href=\"/assets/index-a4f6c957.css\">\n</head>\n\n<body>\n  <noscript>Wanna write ur own UI without js?! Go ahead, don't disturb others</noscript>\n  <div id=\"root\"></div>\n\n  \n</body>\n\n</html>\n" columns= [Object, Object, Object, Object, Object, Object]  ... > 
  at <DataTable value="<!DOCTYPE html>\n<html lang=\"en\">\n\n<head>\n  <meta charset=\"utf-8\" />\n  <meta name=\"viewport\" content=\"width=device-width, initial-scale=1\" />\n  <meta name=\"theme-color\" content=\"#000000\" />\n  <link rel=\"shortcut icon\" type=\"image/ico\" href=\"/assets/favicon-bc234827.ico\" />\n  <link href=\"https://fonts.googleapis.com/css?family=Roboto:300,400,500\" rel=\"stylesheet\" />\n  <title>Pentaract UI</title>\n\n  <style>\n    *,\n    html {\n      margin: 0;\n      padding: 0;\n    }\n  </style>\n  <script type=\"module\" crossorigin src=\"/assets/index-58b24b54.js\"></script>\n  <link rel=\"stylesheet\" href=\"/assets/index-a4f6c957.css\">\n</head>\n\n<body>\n  <noscript>Wanna write ur own UI without js?! Go ahead, don't disturb others</noscript>\n  <div id=\"root\"></div>\n\n  \n</body>\n\n</html>\n" loading=false stripedRows=""  ... > 
  at <OrdersView onVnodeUnmounted=fn<onVnodeUnmounted> ref=Ref< Proxy(Object) > > 
  at <RouterView> 
  at <AppLayout onVnodeUnmounted=fn<onVnodeUnmounted> ref=Ref< Proxy(Object) > > 
  at <RouterView> 
  at <App> @ http://localhost:5277/node_modules/@vue/runtime-core/dist/runtime-core.esm-bundler.js:49
[      42ms] [WARNING] [Vue warn]: Invalid prop: type check failed for prop "rowData". Expected Object, got String with value "
". 
  at <BodyCell key=5 rowData="\n" column= {__v_isVNode: true, __v_skip: true, type: Object, props: Object, key: null}  ... > 
  at <BodyRow key=undefined rowData="\n" index=15  ... > 
  at <TableBody ref="bodyRef" value="<!DOCTYPE html>\n<htm" class=""  ... > 
  at <VirtualScroller ref="virtualScroller" items="<!DOCTYPE html>\n<html lang=\"en\">\n\n<head>\n  <meta charset=\"utf-8\" />\n  <meta name=\"viewport\" content=\"width=device-width, initial-scale=1\" />\n  <meta name=\"theme-color\" content=\"#000000\" />\n  <link rel=\"shortcut icon\" type=\"image/ico\" href=\"/assets/favicon-bc234827.ico\" />\n  <link href=\"https://fonts.googleapis.com/css?family=Roboto:300,400,500\" rel=\"stylesheet\" />\n  <title>Pentaract UI</title>\n\n  <style>\n    *,\n    html {\n      margin: 0;\n      padding: 0;\n    }\n  </style>\n  <script type=\"module\" crossorigin src=\"/assets/index-58b24b54.js\"></script>\n  <link rel=\"stylesheet\" href=\"/assets/index-a4f6c957.css\">\n</head>\n\n<body>\n  <noscript>Wanna write ur own UI without js?! Go ahead, don't disturb others</noscript>\n  <div id=\"root\"></div>\n\n  \n</body>\n\n</html>\n" columns= [Object, Object, Object, Object, Object, Object]  ... > 
  at <DataTable value="<!DOCTYPE html>\n<html lang=\"en\">\n\n<head>\n  <meta charset=\"utf-8\" />\n  <meta name=\"viewport\" content=\"width=device-width, initial-scale=1\" />\n  <meta name=\"theme-color\" content=\"#000000\" />\n  <link rel=\"shortcut icon\" type=\"image/ico\" href=\"/assets/favicon-bc234827.ico\" />\n  <link href=\"https://fonts.googleapis.com/css?family=Roboto:300,400,500\" rel=\"stylesheet\" />\n  <title>Pentaract UI</title>\n\n  <style>\n    *,\n    html {\n      margin: 0;\n      padding: 0;\n    }\n  </style>\n  <script type=\"module\" crossorigin src=\"/assets/index-58b24b54.js\"></script>\n  <link rel=\"stylesheet\" href=\"/assets/index-a4f6c957.css\">\n</head>\n\n<body>\n  <noscript>Wanna write ur own UI without js?! Go ahead, don't disturb others</noscript>\n  <div id=\"root\"></div>\n\n  \n</body>\n\n</html>\n" loading=false stripedRows=""  ... > 
  at <OrdersView onVnodeUnmounted=fn<onVnodeUnmounted> ref=Ref< Proxy(Object) > > 
  at <RouterView> 
  at <AppLayout onVnodeUnmounted=fn<onVnodeUnmounted> ref=Ref< Proxy(Object) > > 
  at <RouterView> 
  at <App> @ http://localhost:5277/node_modules/@vue/runtime-core/dist/runtime-core.esm-bundler.js:49
[      47ms] [WARNING] [Vue warn]: Invalid prop: type check failed for prop "rowData". Expected Object, got String with value "<". 
  at <BodyRow key=undefined rowData="<" index=16  ... > 
  at <TableBody ref="bodyRef" value="<!DOCTYPE html>\n<htm" class=""  ... > 
  at <VirtualScroller ref="virtualScroller" items="<!DOCTYPE html>\n<html lang=\"en\">\n\n<head>\n  <meta charset=\"utf-8\" />\n  <meta name=\"viewport\" content=\"width=device-width, initial-scale=1\" />\n  <meta name=\"theme-color\" content=\"#000000\" />\n  <link rel=\"shortcut icon\" type=\"image/ico\" href=\"/assets/favicon-bc234827.ico\" />\n  <link href=\"https://fonts.googleapis.com/css?family=Roboto:300,400,500\" rel=\"stylesheet\" />\n  <title>Pentaract UI</title>\n\n  <style>\n    *,\n    html {\n      margin: 0;\n      padding: 0;\n    }\n  </style>\n  <script type=\"module\" crossorigin src=\"/assets/index-58b24b54.js\"></script>\n  <link rel=\"stylesheet\" href=\"/assets/index-a4f6c957.css\">\n</head>\n\n<body>\n  <noscript>Wanna write ur own UI without js?! Go ahead, don't disturb others</noscript>\n  <div id=\"root\"></div>\n\n  \n</body>\n\n</html>\n" columns= [Object, Object, Object, Object, Object, Object]  ... > 
  at <DataTable value="<!DOCTYPE html>\n<html lang=\"en\">\n\n<head>\n  <meta charset=\"utf-8\" />\n  <meta name=\"viewport\" content=\"width=device-width, initial-scale=1\" />\n  <meta name=\"theme-color\" content=\"#000000\" />\n  <link rel=\"shortcut icon\" type=\"image/ico\" href=\"/assets/favicon-bc234827.ico\" />\n  <link href=\"https://fonts.googleapis.com/css?family=Roboto:300,400,500\" rel=\"stylesheet\" />\n  <title>Pentaract UI</title>\n\n  <style>\n    *,\n    html {\n      margin: 0;\n      padding: 0;\n    }\n  </style>\n  <script type=\"module\" crossorigin src=\"/assets/index-58b24b54.js\"></script>\n  <link rel=\"stylesheet\" href=\"/assets/index-a4f6c957.css\">\n</head>\n\n<body>\n  <noscript>Wanna write ur own UI without js?! Go ahead, don't disturb others</noscript>\n  <div id=\"root\"></div>\n\n  \n</body>\n\n</html>\n" loading=false stripedRows=""  ... > 
  at <OrdersView onVnodeUnmounted=fn<onVnodeUnmounted> ref=Ref< Proxy(Object) > > 
  at <RouterView> 
  at <AppLayout onVnodeUnmounted=fn<onVnodeUnmounted> ref=Ref< Proxy(Object) > > 
  at <RouterView> 
  at <App> @ http://localhost:5277/node_modules/@vue/runtime-core/dist/runtime-core.esm-bundler.js:49
[      48ms] [WARNING] [Vue warn]: Invalid prop: type check failed for prop "value". Expected Array, got String with value "<!DOCTYPE html>
<htm". 
  at <BodyRow key=undefined rowData="<" index=16  ... > 
  at <TableBody ref="bodyRef" value="<!DOCTYPE html>\n<htm" class=""  ... > 
  at <VirtualScroller ref="virtualScroller" items="<!DOCTYPE html>\n<html lang=\"en\">\n\n<head>\n  <meta charset=\"utf-8\" />\n  <meta name=\"viewport\" content=\"width=device-width, initial-scale=1\" />\n  <meta name=\"theme-color\" content=\"#000000\" />\n  <link rel=\"shortcut icon\" type=\"image/ico\" href=\"/assets/favicon-bc234827.ico\" />\n  <link href=\"https://fonts.googleapis.com/css?family=Roboto:300,400,500\" rel=\"stylesheet\" />\n  <title>Pentaract UI</title>\n\n  <style>\n    *,\n    html {\n      margin: 0;\n      padding: 0;\n    }\n  </style>\n  <script type=\"module\" crossorigin src=\"/assets/index-58b24b54.js\"></script>\n  <link rel=\"stylesheet\" href=\"/assets/index-a4f6c957.css\">\n</head>\n\n<body>\n  <noscript>Wanna write ur own UI without js?! Go ahead, don't disturb others</noscript>\n  <div id=\"root\"></div>\n\n  \n</body>\n\n</html>\n" columns= [Object, Object, Object, Object, Object, Object]  ... > 
  at <DataTable value="<!DOCTYPE html>\n<html lang=\"en\">\n\n<head>\n  <meta charset=\"utf-8\" />\n  <meta name=\"viewport\" content=\"width=device-width, initial-scale=1\" />\n  <meta name=\"theme-color\" content=\"#000000\" />\n  <link rel=\"shortcut icon\" type=\"image/ico\" href=\"/assets/favicon-bc234827.ico\" />\n  <link href=\"https://fonts.googleapis.com/css?family=Roboto:300,400,500\" rel=\"stylesheet\" />\n  <title>Pentaract UI</title>\n\n  <style>\n    *,\n    html {\n      margin: 0;\n      padding: 0;\n    }\n  </style>\n  <script type=\"module\" crossorigin src=\"/assets/index-58b24b54.js\"></script>\n  <link rel=\"stylesheet\" href=\"/assets/index-a4f6c957.css\">\n</head>\n\n<body>\n  <noscript>Wanna write ur own UI without js?! Go ahead, don't disturb others</noscript>\n  <div id=\"root\"></div>\n\n  \n</body>\n\n</html>\n" loading=false stripedRows=""  ... > 
  at <OrdersView onVnodeUnmounted=fn<onVnodeUnmounted> ref=Ref< Proxy(Object) > > 
  at <RouterView> 
  at <AppLayout onVnodeUnmounted=fn<onVnodeUnmounted> ref=Ref< Proxy(Object) > > 
  at <RouterView> 
  at <App> @ http://localhost:5277/node_modules/@vue/runtime-core/dist/runtime-core.esm-bundler.js:49
[      50ms] [WARNING] [Vue warn]: Invalid prop: type check failed for prop "rowData". Expected Object, got String with value "<". 
  at <BodyCell key="id" rowData="<" column= {__v_isVNode: true, __v_skip: true, type: Object, props: Object, key: null}  ... > 
  at <BodyRow key=undefined rowData="<" index=16  ... > 
  at <TableBody ref="bodyRef" value="<!DOCTYPE html>\n<htm" class=""  ... > 
  at <VirtualScroller ref="virtualScroller" items="<!DOCTYPE html>\n<html lang=\"en\">\n\n<head>\n  <meta charset=\"utf-8\" />\n  <meta name=\"viewport\" content=\"width=device-width, initial-scale=1\" />\n  <meta name=\"theme-color\" content=\"#000000\" />\n  <link rel=\"shortcut icon\" type=\"image/ico\" href=\"/assets/favicon-bc234827.ico\" />\n  <link href=\"https://fonts.googleapis.com/css?family=Roboto:300,400,500\" rel=\"stylesheet\" />\n  <title>Pentaract UI</title>\n\n  <style>\n    *,\n    html {\n      margin: 0;\n      padding: 0;\n    }\n  </style>\n  <script type=\"module\" crossorigin src=\"/assets/index-58b24b54.js\"></script>\n  <link rel=\"stylesheet\" href=\"/assets/index-a4f6c957.css\">\n</head>\n\n<body>\n  <noscript>Wanna write ur own UI without js?! Go ahead, don't disturb others</noscript>\n  <div id=\"root\"></div>\n\n  \n</body>\n\n</html>\n" columns= [Object, Object, Object, Object, Object, Object]  ... > 
  at <DataTable value="<!DOCTYPE html>\n<html lang=\"en\">\n\n<head>\n  <meta charset=\"utf-8\" />\n  <meta name=\"viewport\" content=\"width=device-width, initial-scale=1\" />\n  <meta name=\"theme-color\" content=\"#000000\" />\n  <link rel=\"shortcut icon\" type=\"image/ico\" href=\"/assets/favicon-bc234827.ico\" />\n  <link href=\"https://fonts.googleapis.com/css?family=Roboto:300,400,500\" rel=\"stylesheet\" />\n  <title>Pentaract UI</title>\n\n  <style>\n    *,\n    html {\n      margin: 0;\n      padding: 0;\n    }\n  </style>\n  <script type=\"module\" crossorigin src=\"/assets/index-58b24b54.js\"></script>\n  <link rel=\"stylesheet\" href=\"/assets/index-a4f6c957.css\">\n</head>\n\n<body>\n  <noscript>Wanna write ur own UI without js?! Go ahead, don't disturb others</noscript>\n  <div id=\"root\"></div>\n\n  \n</body>\n\n</html>\n" loading=false stripedRows=""  ... > 
  at <OrdersView onVnodeUnmounted=fn<onVnodeUnmounted> ref=Ref< Proxy(Object) > > 
  at <RouterView> 
  at <AppLayout onVnodeUnmounted=fn<onVnodeUnmounted> ref=Ref< Proxy(Object) > > 
  at <RouterView> 
  at <App> @ http://localhost:5277/node_modules/@vue/runtime-core/dist/runtime-core.esm-bundler.js:49
[      53ms] [WARNING] [Vue warn]: Invalid prop: type check failed for prop "rowData". Expected Object, got String with value "<". 
  at <BodyCell key="client_id" rowData="<" column= {__v_isVNode: true, __v_skip: true, type: Object, props: Object, key: null}  ... > 
  at <BodyRow key=undefined rowData="<" index=16  ... > 
  at <TableBody ref="bodyRef" value="<!DOCTYPE html>\n<htm" class=""  ... > 
  at <VirtualScroller ref="virtualScroller" items="<!DOCTYPE html>\n<html lang=\"en\">\n\n<head>\n  <meta charset=\"utf-8\" />\n  <meta name=\"viewport\" content=\"width=device-width, initial-scale=1\" />\n  <meta name=\"theme-color\" content=\"#000000\" />\n  <link rel=\"shortcut icon\" type=\"image/ico\" href=\"/assets/favicon-bc234827.ico\" />\n  <link href=\"https://fonts.googleapis.com/css?family=Roboto:300,400,500\" rel=\"stylesheet\" />\n  <title>Pentaract UI</title>\n\n  <style>\n    *,\n    html {\n      margin: 0;\n      padding: 0;\n    }\n  </style>\n  <script type=\"module\" crossorigin src=\"/assets/index-58b24b54.js\"></script>\n  <link rel=\"stylesheet\" href=\"/assets/index-a4f6c957.css\">\n</head>\n\n<body>\n  <noscript>Wanna write ur own UI without js?! Go ahead, don't disturb others</noscript>\n  <div id=\"root\"></div>\n\n  \n</body>\n\n</html>\n" columns= [Object, Object, Object, Object, Object, Object]  ... > 
  at <DataTable value="<!DOCTYPE html>\n<html lang=\"en\">\n\n<head>\n  <meta charset=\"utf-8\" />\n  <meta name=\"viewport\" content=\"width=device-width, initial-scale=1\" />\n  <meta name=\"theme-color\" content=\"#000000\" />\n  <link rel=\"shortcut icon\" type=\"image/ico\" href=\"/assets/favicon-bc234827.ico\" />\n  <link href=\"https://fonts.googleapis.com/css?family=Roboto:300,400,500\" rel=\"stylesheet\" />\n  <title>Pentaract UI</title>\n\n  <style>\n    *,\n    html {\n      margin: 0;\n      padding: 0;\n    }\n  </style>\n  <script type=\"module\" crossorigin src=\"/assets/index-58b24b54.js\"></script>\n  <link rel=\"stylesheet\" href=\"/assets/index-a4f6c957.css\">\n</head>\n\n<body>\n  <noscript>Wanna write ur own UI without js?! Go ahead, don't disturb others</noscript>\n  <div id=\"root\"></div>\n\n  \n</body>\n\n</html>\n" loading=false stripedRows=""  ... > 
  at <OrdersView onVnodeUnmounted=fn<onVnodeUnmounted> ref=Ref< Proxy(Object) > > 
  at <RouterView> 
  at <AppLayout onVnodeUnmounted=fn<onVnodeUnmounted> ref=Ref< Proxy(Object) > > 
  at <RouterView> 
  at <App> @ http://localhost:5277/node_modules/@vue/runtime-core/dist/runtime-core.esm-bundler.js:49
[      56ms] [WARNING] [Vue warn]: Invalid prop: type check failed for prop "rowData". Expected Object, got String with value "<". 
  at <BodyCell key="source" rowData="<" column= {__v_isVNode: true, __v_skip: true, type: Object, props: Object, key: null}  ... > 
  at <BodyRow key=undefined rowData="<" index=16  ... > 
  at <TableBody ref="bodyRef" value="<!DOCTYPE html>\n<htm" class=""  ... > 
  at <VirtualScroller ref="virtualScroller" items="<!DOCTYPE html>\n<html lang=\"en\">\n\n<head>\n  <meta charset=\"utf-8\" />\n  <meta name=\"viewport\" content=\"width=device-width, initial-scale=1\" />\n  <meta name=\"theme-color\" content=\"#000000\" />\n  <link rel=\"shortcut icon\" type=\"image/ico\" href=\"/assets/favicon-bc234827.ico\" />\n  <link href=\"https://fonts.googleapis.com/css?family=Roboto:300,400,500\" rel=\"stylesheet\" />\n  <title>Pentaract UI</title>\n\n  <style>\n    *,\n    html {\n      margin: 0;\n      padding: 0;\n    }\n  </style>\n  <script type=\"module\" crossorigin src=\"/assets/index-58b24b54.js\"></script>\n  <link rel=\"stylesheet\" href=\"/assets/index-a4f6c957.css\">\n</head>\n\n<body>\n  <noscript>Wanna write ur own UI without js?! Go ahead, don't disturb others</noscript>\n  <div id=\"root\"></div>\n\n  \n</body>\n\n</html>\n" columns= [Object, Object, Object, Object, Object, Object]  ... > 
  at <DataTable value="<!DOCTYPE html>\n<html lang=\"en\">\n\n<head>\n  <meta charset=\"utf-8\" />\n  <meta name=\"viewport\" content=\"width=device-width, initial-scale=1\" />\n  <meta name=\"theme-color\" content=\"#000000\" />\n  <link rel=\"shortcut icon\" type=\"image/ico\" href=\"/assets/favicon-bc234827.ico\" />\n  <link href=\"https://fonts.googleapis.com/css?family=Roboto:300,400,500\" rel=\"stylesheet\" />\n  <title>Pentaract UI</title>\n\n  <style>\n    *,\n    html {\n      margin: 0;\n      padding: 0;\n    }\n  </style>\n  <script type=\"module\" crossorigin src=\"/assets/index-58b24b54.js\"></script>\n  <link rel=\"stylesheet\" href=\"/assets/index-a4f6c957.css\">\n</head>\n\n<body>\n  <noscript>Wanna write ur own UI without js?! Go ahead, don't disturb others</noscript>\n  <div id=\"root\"></div>\n\n  \n</body>\n\n</html>\n" loading=false stripedRows=""  ... > 
  at <OrdersView onVnodeUnmounted=fn<onVnodeUnmounted> ref=Ref< Proxy(Object) > > 
  at <RouterView> 
  at <AppLayout onVnodeUnmounted=fn<onVnodeUnmounted> ref=Ref< Proxy(Object) > > 
  at <RouterView> 
  at <App> @ http://localhost:5277/node_modules/@vue/runtime-core/dist/runtime-core.esm-bundler.js:49
[      59ms] [WARNING] [Vue warn]: Invalid prop: type check failed for prop "rowData". Expected Object, got String with value "<". 
  at <BodyCell key="status" rowData="<" column= {__v_isVNode: true, __v_skip: true, type: Object, props: Object, key: null}  ... > 
  at <BodyRow key=undefined rowData="<" index=16  ... > 
  at <TableBody ref="bodyRef" value="<!DOCTYPE html>\n<htm" class=""  ... > 
  at <VirtualScroller ref="virtualScroller" items="<!DOCTYPE html>\n<html lang=\"en\">\n\n<head>\n  <meta charset=\"utf-8\" />\n  <meta name=\"viewport\" content=\"width=device-width, initial-scale=1\" />\n  <meta name=\"theme-color\" content=\"#000000\" />\n  <link rel=\"shortcut icon\" type=\"image/ico\" href=\"/assets/favicon-bc234827.ico\" />\n  <link href=\"https://fonts.googleapis.com/css?family=Roboto:300,400,500\" rel=\"stylesheet\" />\n  <title>Pentaract UI</title>\n\n  <style>\n    *,\n    html {\n      margin: 0;\n      padding: 0;\n    }\n  </style>\n  <script type=\"module\" crossorigin src=\"/assets/index-58b24b54.js\"></script>\n  <link rel=\"stylesheet\" href=\"/assets/index-a4f6c957.css\">\n</head>\n\n<body>\n  <noscript>Wanna write ur own UI without js?! Go ahead, don't disturb others</noscript>\n  <div id=\"root\"></div>\n\n  \n</body>\n\n</html>\n" columns= [Object, Object, Object, Object, Object, Object]  ... > 
  at <DataTable value="<!DOCTYPE html>\n<html lang=\"en\">\n\n<head>\n  <meta charset=\"utf-8\" />\n  <meta name=\"viewport\" content=\"width=device-width, initial-scale=1\" />\n  <meta name=\"theme-color\" content=\"#000000\" />\n  <link rel=\"shortcut icon\" type=\"image/ico\" href=\"/assets/favicon-bc234827.ico\" />\n  <link href=\"https://fonts.googleapis.com/css?family=Roboto:300,400,500\" rel=\"stylesheet\" />\n  <title>Pentaract UI</title>\n\n  <style>\n    *,\n    html {\n      margin: 0;\n      padding: 0;\n    }\n  </style>\n  <script type=\"module\" crossorigin src=\"/assets/index-58b24b54.js\"></script>\n  <link rel=\"stylesheet\" href=\"/assets/index-a4f6c957.css\">\n</head>\n\n<body>\n  <noscript>Wanna write ur own UI without js?! Go ahead, don't disturb others</noscript>\n  <div id=\"root\"></div>\n\n  \n</body>\n\n</html>\n" loading=false stripedRows=""  ... > 
  at <OrdersView onVnodeUnmounted=fn<onVnodeUnmounted> ref=Ref< Proxy(Object) > > 
  at <RouterView> 
  at <AppLayout onVnodeUnmounted=fn<onVnodeUnmounted> ref=Ref< Proxy(Object) > > 
  at <RouterView> 
  at <App> @ http://localhost:5277/node_modules/@vue/runtime-core/dist/runtime-core.esm-bundler.js:49
[      61ms] [WARNING] [Vue warn]: Invalid prop: type check failed for prop "rowData". Expected Object, got String with value "<". 
  at <BodyCell key="created_at" rowData="<" column= {__v_isVNode: true, __v_skip: true, type: Object, props: Object, key: null}  ... > 
  at <BodyRow key=undefined rowData="<" index=16  ... > 
  at <TableBody ref="bodyRef" value="<!DOCTYPE html>\n<htm" class=""  ... > 
  at <VirtualScroller ref="virtualScroller" items="<!DOCTYPE html>\n<html lang=\"en\">\n\n<head>\n  <meta charset=\"utf-8\" />\n  <meta name=\"viewport\" content=\"width=device-width, initial-scale=1\" />\n  <meta name=\"theme-color\" content=\"#000000\" />\n  <link rel=\"shortcut icon\" type=\"image/ico\" href=\"/assets/favicon-bc234827.ico\" />\n  <link href=\"https://fonts.googleapis.com/css?family=Roboto:300,400,500\" rel=\"stylesheet\" />\n  <title>Pentaract UI</title>\n\n  <style>\n    *,\n    html {\n      margin: 0;\n      padding: 0;\n    }\n  </style>\n  <script type=\"module\" crossorigin src=\"/assets/index-58b24b54.js\"></script>\n  <link rel=\"stylesheet\" href=\"/assets/index-a4f6c957.css\">\n</head>\n\n<body>\n  <noscript>Wanna write ur own UI without js?! Go ahead, don't disturb others</noscript>\n  <div id=\"root\"></div>\n\n  \n</body>\n\n</html>\n" columns= [Object, Object, Object, Object, Object, Object]  ... > 
  at <DataTable value="<!DOCTYPE html>\n<html lang=\"en\">\n\n<head>\n  <meta charset=\"utf-8\" />\n  <meta name=\"viewport\" content=\"width=device-width, initial-scale=1\" />\n  <meta name=\"theme-color\" content=\"#000000\" />\n  <link rel=\"shortcut icon\" type=\"image/ico\" href=\"/assets/favicon-bc234827.ico\" />\n  <link href=\"https://fonts.googleapis.com/css?family=Roboto:300,400,500\" rel=\"stylesheet\" />\n  <title>Pentaract UI</title>\n\n  <style>\n    *,\n    html {\n      margin: 0;\n      padding: 0;\n    }\n  </style>\n  <script type=\"module\" crossorigin src=\"/assets/index-58b24b54.js\"></script>\n  <link rel=\"stylesheet\" href=\"/assets/index-a4f6c957.css\">\n</head>\n\n<body>\n  <noscript>Wanna write ur own UI without js?! Go ahead, don't disturb others</noscript>\n  <div id=\"root\"></div>\n\n  \n</body>\n\n</html>\n" loading=false stripedRows=""  ... > 
  at <OrdersView onVnodeUnmounted=fn<onVnodeUnmounted> ref=Ref< Proxy(Object) > > 
  at <RouterView> 
  at <AppLayout onVnodeUnmounted=fn<onVnodeUnmounted> ref=Ref< Proxy(Object) > > 
  at <RouterView> 
  at <App> @ http://localhost:5277/node_modules/@vue/runtime-core/dist/runtime-core.esm-bundler.js:49
[      63ms] [WARNING] [Vue warn]: Invalid prop: type check failed for prop "rowData". Expected Object, got String with value "<". 
  at <BodyCell key=5 rowData="<" column= {__v_isVNode: true, __v_skip: true, type: Object, props: Object, key: null}  ... > 
  at <BodyRow key=undefined rowData="<" index=16  ... > 
  at <TableBody ref="bodyRef" value="<!DOCTYPE html>\n<htm" class=""  ... > 
  at <VirtualScroller ref="virtualScroller" items="<!DOCTYPE html>\n<html lang=\"en\">\n\n<head>\n  <meta charset=\"utf-8\" />\n  <meta name=\"viewport\" content=\"width=device-width, initial-scale=1\" />\n  <meta name=\"theme-color\" content=\"#000000\" />\n  <link rel=\"shortcut icon\" type=\"image/ico\" href=\"/assets/favicon-bc234827.ico\" />\n  <link href=\"https://fonts.googleapis.com/css?family=Roboto:300,400,500\" rel=\"stylesheet\" />\n  <title>Pentaract UI</title>\n\n  <style>\n    *,\n    html {\n      margin: 0;\n      padding: 0;\n    }\n  </style>\n  <script type=\"module\" crossorigin src=\"/assets/index-58b24b54.js\"></script>\n  <link rel=\"stylesheet\" href=\"/assets/index-a4f6c957.css\">\n</head>\n\n<body>\n  <noscript>Wanna write ur own UI without js?! Go ahead, don't disturb others</noscript>\n  <div id=\"root\"></div>\n\n  \n</body>\n\n</html>\n" columns= [Object, Object, Object, Object, Object, Object]  ... > 
  at <DataTable value="<!DOCTYPE html>\n<html lang=\"en\">\n\n<head>\n  <meta charset=\"utf-8\" />\n  <meta name=\"viewport\" content=\"width=device-width, initial-scale=1\" />\n  <meta name=\"theme-color\" content=\"#000000\" />\n  <link rel=\"shortcut icon\" type=\"image/ico\" href=\"/assets/favicon-bc234827.ico\" />\n  <link href=\"https://fonts.googleapis.com/css?family=Roboto:300,400,500\" rel=\"stylesheet\" />\n  <title>Pentaract UI</title>\n\n  <style>\n    *,\n    html {\n      margin: 0;\n      padding: 0;\n    }\n  </style>\n  <script type=\"module\" crossorigin src=\"/assets/index-58b24b54.js\"></script>\n  <link rel=\"stylesheet\" href=\"/assets/index-a4f6c957.css\">\n</head>\n\n<body>\n  <noscript>Wanna write ur own UI without js?! Go ahead, don't disturb others</noscript>\n  <div id=\"root\"></div>\n\n  \n</body>\n\n</html>\n" loading=false stripedRows=""  ... > 
  at <OrdersView onVnodeUnmounted=fn<onVnodeUnmounted> ref=Ref< Proxy(Object) > > 
  at <RouterView> 
  at <AppLayout onVnodeUnmounted=fn<onVnodeUnmounted> ref=Ref< Proxy(Object) > > 
  at <RouterView> 
  at <App> @ http://localhost:5277/node_modules/@vue/runtime-core/dist/runtime-core.esm-bundler.js:49
[     101ms] [WARNING] [Vue warn]: Invalid prop: type check failed for prop "rowData". Expected Object, got String with value "h". 
  at <BodyRow key=undefined rowData="h" index=17  ... > 
  at <TableBody ref="bodyRef" value="<!DOCTYPE html>\n<htm" class=""  ... > 
  at <VirtualScroller ref="virtualScroller" items="<!DOCTYPE html>\n<html lang=\"en\">\n\n<head>\n  <meta charset=\"utf-8\" />\n  <meta name=\"viewport\" content=\"width=device-width, initial-scale=1\" />\n  <meta name=\"theme-color\" content=\"#000000\" />\n  <link rel=\"shortcut icon\" type=\"image/ico\" href=\"/assets/favicon-bc234827.ico\" />\n  <link href=\"https://fonts.googleapis.com/css?family=Roboto:300,400,500\" rel=\"stylesheet\" />\n  <title>Pentaract UI</title>\n\n  <style>\n    *,\n    html {\n      margin: 0;\n      padding: 0;\n    }\n  </style>\n  <script type=\"module\" crossorigin src=\"/assets/index-58b24b54.js\"></script>\n  <link rel=\"stylesheet\" href=\"/assets/index-a4f6c957.css\">\n</head>\n\n<body>\n  <noscript>Wanna write ur own UI without js?! Go ahead, don't disturb others</noscript>\n  <div id=\"root\"></div>\n\n  \n</body>\n\n</html>\n" columns= [Object, Object, Object, Object, Object, Object]  ... > 
  at <DataTable value="<!DOCTYPE html>\n<html lang=\"en\">\n\n<head>\n  <meta charset=\"utf-8\" />\n  <meta name=\"viewport\" content=\"width=device-width, initial-scale=1\" />\n  <meta name=\"theme-color\" content=\"#000000\" />\n  <link rel=\"shortcut icon\" type=\"image/ico\" href=\"/assets/favicon-bc234827.ico\" />\n  <link href=\"https://fonts.googleapis.com/css?family=Roboto:300,400,500\" rel=\"stylesheet\" />\n  <title>Pentaract UI</title>\n\n  <style>\n    *,\n    html {\n      margin: 0;\n      padding: 0;\n    }\n  </style>\n  <script type=\"module\" crossorigin src=\"/assets/index-58b24b54.js\"></script>\n  <link rel=\"stylesheet\" href=\"/assets/index-a4f6c957.css\">\n</head>\n\n<body>\n  <noscript>Wanna write ur own UI without js?! Go ahead, don't disturb others</noscript>\n  <div id=\"root\"></div>\n\n  \n</body>\n\n</html>\n" loading=false stripedRows=""  ... > 
  at <OrdersView onVnodeUnmounted=fn<onVnodeUnmounted> ref=Ref< Proxy(Object) > > 
  at <RouterView> 
  at <AppLayout onVnodeUnmounted=fn<onVnodeUnmounted> ref=Ref< Proxy(Object) > > 
  at <RouterView> 
  at <App> @ http://localhost:5277/node_modules/@vue/runtime-core/dist/runtime-core.esm-bundler.js:49
[     103ms] [WARNING] [Vue warn]: Invalid prop: type check failed for prop "value". Expected Array, got String with value "<!DOCTYPE html>
<htm". 
  at <BodyRow key=undefined rowData="h" index=17  ... > 
  at <TableBody ref="bodyRef" value="<!DOCTYPE html>\n<htm" class=""  ... > 
  at <VirtualScroller ref="virtualScroller" items="<!DOCTYPE html>\n<html lang=\"en\">\n\n<head>\n  <meta charset=\"utf-8\" />\n  <meta name=\"viewport\" content=\"width=device-width, initial-scale=1\" />\n  <meta name=\"theme-color\" content=\"#000000\" />\n  <link rel=\"shortcut icon\" type=\"image/ico\" href=\"/assets/favicon-bc234827.ico\" />\n  <link href=\"https://fonts.googleapis.com/css?family=Roboto:300,400,500\" rel=\"stylesheet\" />\n  <title>Pentaract UI</title>\n\n  <style>\n    *,\n    html {\n      margin: 0;\n      padding: 0;\n    }\n  </style>\n  <script type=\"module\" crossorigin src=\"/assets/index-58b24b54.js\"></script>\n  <link rel=\"stylesheet\" href=\"/assets/index-a4f6c957.css\">\n</head>\n\n<body>\n  <noscript>Wanna write ur own UI without js?! Go ahead, don't disturb others</noscript>\n  <div id=\"root\"></div>\n\n  \n</body>\n\n</html>\n" columns= [Object, Object, Object, Object, Object, Object]  ... > 
  at <DataTable value="<!DOCTYPE html>\n<html lang=\"en\">\n\n<head>\n  <meta charset=\"utf-8\" />\n  <meta name=\"viewport\" content=\"width=device-width, initial-scale=1\" />\n  <meta name=\"theme-color\" content=\"#000000\" />\n  <link rel=\"shortcut icon\" type=\"image/ico\" href=\"/assets/favicon-bc234827.ico\" />\n  <link href=\"https://fonts.googleapis.com/css?family=Roboto:300,400,500\" rel=\"stylesheet\" />\n  <title>Pentaract UI</title>\n\n  <style>\n    *,\n    html {\n      margin: 0;\n      padding: 0;\n    }\n  </style>\n  <script type=\"module\" crossorigin src=\"/assets/index-58b24b54.js\"></script>\n  <link rel=\"stylesheet\" href=\"/assets/index-a4f6c957.css\">\n</head>\n\n<body>\n  <noscript>Wanna write ur own UI without js?! Go ahead, don't disturb others</noscript>\n  <div id=\"root\"></div>\n\n  \n</body>\n\n</html>\n" loading=false stripedRows=""  ... > 
  at <OrdersView onVnodeUnmounted=fn<onVnodeUnmounted> ref=Ref< Proxy(Object) > > 
  at <RouterView> 
  at <AppLayout onVnodeUnmounted=fn<onVnodeUnmounted> ref=Ref< Proxy(Object) > > 
  at <RouterView> 
  at <App> @ http://localhost:5277/node_modules/@vue/runtime-core/dist/runtime-core.esm-bundler.js:49
[     105ms] [WARNING] [Vue warn]: Invalid prop: type check failed for prop "rowData". Expected Object, got String with value "h". 
  at <BodyCell key="id" rowData="h" column= {__v_isVNode: true, __v_skip: true, type: Object, props: Object, key: null}  ... > 
  at <BodyRow key=undefined rowData="h" index=17  ... > 
  at <TableBody ref="bodyRef" value="<!DOCTYPE html>\n<htm" class=""  ... > 
  at <VirtualScroller ref="virtualScroller" items="<!DOCTYPE html>\n<html lang=\"en\">\n\n<head>\n  <meta charset=\"utf-8\" />\n  <meta name=\"viewport\" content=\"width=device-width, initial-scale=1\" />\n  <meta name=\"theme-color\" content=\"#000000\" />\n  <link rel=\"shortcut icon\" type=\"image/ico\" href=\"/assets/favicon-bc234827.ico\" />\n  <link href=\"https://fonts.googleapis.com/css?family=Roboto:300,400,500\" rel=\"stylesheet\" />\n  <title>Pentaract UI</title>\n\n  <style>\n    *,\n    html {\n      margin: 0;\n      padding: 0;\n    }\n  </style>\n  <script type=\"module\" crossorigin src=\"/assets/index-58b24b54.js\"></script>\n  <link rel=\"stylesheet\" href=\"/assets/index-a4f6c957.css\">\n</head>\n\n<body>\n  <noscript>Wanna write ur own UI without js?! Go ahead, don't disturb others</noscript>\n  <div id=\"root\"></div>\n\n  \n</body>\n\n</html>\n" columns= [Object, Object, Object, Object, Object, Object]  ... > 
  at <DataTable value="<!DOCTYPE html>\n<html lang=\"en\">\n\n<head>\n  <meta charset=\"utf-8\" />\n  <meta name=\"viewport\" content=\"width=device-width, initial-scale=1\" />\n  <meta name=\"theme-color\" content=\"#000000\" />\n  <link rel=\"shortcut icon\" type=\"image/ico\" href=\"/assets/favicon-bc234827.ico\" />\n  <link href=\"https://fonts.googleapis.com/css?family=Roboto:300,400,500\" rel=\"stylesheet\" />\n  <title>Pentaract UI</title>\n\n  <style>\n    *,\n    html {\n      margin: 0;\n      padding: 0;\n    }\n  </style>\n  <script type=\"module\" crossorigin src=\"/assets/index-58b24b54.js\"></script>\n  <link rel=\"stylesheet\" href=\"/assets/index-a4f6c957.css\">\n</head>\n\n<body>\n  <noscript>Wanna write ur own UI without js?! Go ahead, don't disturb others</noscript>\n  <div id=\"root\"></div>\n\n  \n</body>\n\n</html>\n" loading=false stripedRows=""  ... > 
  at <OrdersView onVnodeUnmounted=fn<onVnodeUnmounted> ref=Ref< Proxy(Object) > > 
  at <RouterView> 
  at <AppLayout onVnodeUnmounted=fn<onVnodeUnmounted> ref=Ref< Proxy(Object) > > 
  at <RouterView> 
  at <App> @ http://localhost:5277/node_modules/@vue/runtime-core/dist/runtime-core.esm-bundler.js:49
[     109ms] [WARNING] [Vue warn]: Invalid prop: type check failed for prop "rowData". Expected Object, got String with value "h". 
  at <BodyCell key="client_id" rowData="h" column= {__v_isVNode: true, __v_skip: true, type: Object, props: Object, key: null}  ... > 
  at <BodyRow key=undefined rowData="h" index=17  ... > 
  at <TableBody ref="bodyRef" value="<!DOCTYPE html>\n<htm" class=""  ... > 
  at <VirtualScroller ref="virtualScroller" items="<!DOCTYPE html>\n<html lang=\"en\">\n\n<head>\n  <meta charset=\"utf-8\" />\n  <meta name=\"viewport\" content=\"width=device-width, initial-scale=1\" />\n  <meta name=\"theme-color\" content=\"#000000\" />\n  <link rel=\"shortcut icon\" type=\"image/ico\" href=\"/assets/favicon-bc234827.ico\" />\n  <link href=\"https://fonts.googleapis.com/css?family=Roboto:300,400,500\" rel=\"stylesheet\" />\n  <title>Pentaract UI</title>\n\n  <style>\n    *,\n    html {\n      margin: 0;\n      padding: 0;\n    }\n  </style>\n  <script type=\"module\" crossorigin src=\"/assets/index-58b24b54.js\"></script>\n  <link rel=\"stylesheet\" href=\"/assets/index-a4f6c957.css\">\n</head>\n\n<body>\n  <noscript>Wanna write ur own UI without js?! Go ahead, don't disturb others</noscript>\n  <div id=\"root\"></div>\n\n  \n</body>\n\n</html>\n" columns= [Object, Object, Object, Object, Object, Object]  ... > 
  at <DataTable value="<!DOCTYPE html>\n<html lang=\"en\">\n\n<head>\n  <meta charset=\"utf-8\" />\n  <meta name=\"viewport\" content=\"width=device-width, initial-scale=1\" />\n  <meta name=\"theme-color\" content=\"#000000\" />\n  <link rel=\"shortcut icon\" type=\"image/ico\" href=\"/assets/favicon-bc234827.ico\" />\n  <link href=\"https://fonts.googleapis.com/css?family=Roboto:300,400,500\" rel=\"stylesheet\" />\n  <title>Pentaract UI</title>\n\n  <style>\n    *,\n    html {\n      margin: 0;\n      padding: 0;\n    }\n  </style>\n  <script type=\"module\" crossorigin src=\"/assets/index-58b24b54.js\"></script>\n  <link rel=\"stylesheet\" href=\"/assets/index-a4f6c957.css\">\n</head>\n\n<body>\n  <noscript>Wanna write ur own UI without js?! Go ahead, don't disturb others</noscript>\n  <div id=\"root\"></div>\n\n  \n</body>\n\n</html>\n" loading=false stripedRows=""  ... > 
  at <OrdersView onVnodeUnmounted=fn<onVnodeUnmounted> ref=Ref< Proxy(Object) > > 
  at <RouterView> 
  at <AppLayout onVnodeUnmounted=fn<onVnodeUnmounted> ref=Ref< Proxy(Object) > > 
  at <RouterView> 
  at <App> @ http://localhost:5277/node_modules/@vue/runtime-core/dist/runtime-core.esm-bundler.js:49
[     111ms] [WARNING] [Vue warn]: Invalid prop: type check failed for prop "rowData". Expected Object, got String with value "h". 
  at <BodyCell key="source" rowData="h" column= {__v_isVNode: true, __v_skip: true, type: Object, props: Object, key: null}  ... > 
  at <BodyRow key=undefined rowData="h" index=17  ... > 
  at <TableBody ref="bodyRef" value="<!DOCTYPE html>\n<htm" class=""  ... > 
  at <VirtualScroller ref="virtualScroller" items="<!DOCTYPE html>\n<html lang=\"en\">\n\n<head>\n  <meta charset=\"utf-8\" />\n  <meta name=\"viewport\" content=\"width=device-width, initial-scale=1\" />\n  <meta name=\"theme-color\" content=\"#000000\" />\n  <link rel=\"shortcut icon\" type=\"image/ico\" href=\"/assets/favicon-bc234827.ico\" />\n  <link href=\"https://fonts.googleapis.com/css?family=Roboto:300,400,500\" rel=\"stylesheet\" />\n  <title>Pentaract UI</title>\n\n  <style>\n    *,\n    html {\n      margin: 0;\n      padding: 0;\n    }\n  </style>\n  <script type=\"module\" crossorigin src=\"/assets/index-58b24b54.js\"></script>\n  <link rel=\"stylesheet\" href=\"/assets/index-a4f6c957.css\">\n</head>\n\n<body>\n  <noscript>Wanna write ur own UI without js?! Go ahead, don't disturb others</noscript>\n  <div id=\"root\"></div>\n\n  \n</body>\n\n</html>\n" columns= [Object, Object, Object, Object, Object, Object]  ... > 
  at <DataTable value="<!DOCTYPE html>\n<html lang=\"en\">\n\n<head>\n  <meta charset=\"utf-8\" />\n  <meta name=\"viewport\" content=\"width=device-width, initial-scale=1\" />\n  <meta name=\"theme-color\" content=\"#000000\" />\n  <link rel=\"shortcut icon\" type=\"image/ico\" href=\"/assets/favicon-bc234827.ico\" />\n  <link href=\"https://fonts.googleapis.com/css?family=Roboto:300,400,500\" rel=\"stylesheet\" />\n  <title>Pentaract UI</title>\n\n  <style>\n    *,\n    html {\n      margin: 0;\n      padding: 0;\n    }\n  </style>\n  <script type=\"module\" crossorigin src=\"/assets/index-58b24b54.js\"></script>\n  <link rel=\"stylesheet\" href=\"/assets/index-a4f6c957.css\">\n</head>\n\n<body>\n  <noscript>Wanna write ur own UI without js?! Go ahead, don't disturb others</noscript>\n  <div id=\"root\"></div>\n\n  \n</body>\n\n</html>\n" loading=false stripedRows=""  ... > 
  at <OrdersView onVnodeUnmounted=fn<onVnodeUnmounted> ref=Ref< Proxy(Object) > > 
  at <RouterView> 
  at <AppLayout onVnodeUnmounted=fn<onVnodeUnmounted> ref=Ref< Proxy(Object) > > 
  at <RouterView> 
  at <App> @ http://localhost:5277/node_modules/@vue/runtime-core/dist/runtime-core.esm-bundler.js:49
[     113ms] [WARNING] [Vue warn]: Invalid prop: type check failed for prop "rowData". Expected Object, got String with value "h". 
  at <BodyCell key="status" rowData="h" column= {__v_isVNode: true, __v_skip: true, type: Object, props: Object, key: null}  ... > 
  at <BodyRow key=undefined rowData="h" index=17  ... > 
  at <TableBody ref="bodyRef" value="<!DOCTYPE html>\n<htm" class=""  ... > 
  at <VirtualScroller ref="virtualScroller" items="<!DOCTYPE html>\n<html lang=\"en\">\n\n<head>\n  <meta charset=\"utf-8\" />\n  <meta name=\"viewport\" content=\"width=device-width, initial-scale=1\" />\n  <meta name=\"theme-color\" content=\"#000000\" />\n  <link rel=\"shortcut icon\" type=\"image/ico\" href=\"/assets/favicon-bc234827.ico\" />\n  <link href=\"https://fonts.googleapis.com/css?family=Roboto:300,400,500\" rel=\"stylesheet\" />\n  <title>Pentaract UI</title>\n\n  <style>\n    *,\n    html {\n      margin: 0;\n      padding: 0;\n    }\n  </style>\n  <script type=\"module\" crossorigin src=\"/assets/index-58b24b54.js\"></script>\n  <link rel=\"stylesheet\" href=\"/assets/index-a4f6c957.css\">\n</head>\n\n<body>\n  <noscript>Wanna write ur own UI without js?! Go ahead, don't disturb others</noscript>\n  <div id=\"root\"></div>\n\n  \n</body>\n\n</html>\n" columns= [Object, Object, Object, Object, Object, Object]  ... > 
  at <DataTable value="<!DOCTYPE html>\n<html lang=\"en\">\n\n<head>\n  <meta charset=\"utf-8\" />\n  <meta name=\"viewport\" content=\"width=device-width, initial-scale=1\" />\n  <meta name=\"theme-color\" content=\"#000000\" />\n  <link rel=\"shortcut icon\" type=\"image/ico\" href=\"/assets/favicon-bc234827.ico\" />\n  <link href=\"https://fonts.googleapis.com/css?family=Roboto:300,400,500\" rel=\"stylesheet\" />\n  <title>Pentaract UI</title>\n\n  <style>\n    *,\n    html {\n      margin: 0;\n      padding: 0;\n    }\n  </style>\n  <script type=\"module\" crossorigin src=\"/assets/index-58b24b54.js\"></script>\n  <link rel=\"stylesheet\" href=\"/assets/index-a4f6c957.css\">\n</head>\n\n<body>\n  <noscript>Wanna write ur own UI without js?! Go ahead, don't disturb others</noscript>\n  <div id=\"root\"></div>\n\n  \n</body>\n\n</html>\n" loading=false stripedRows=""  ... > 
  at <OrdersView onVnodeUnmounted=fn<onVnodeUnmounted> ref=Ref< Proxy(Object) > > 
  at <RouterView> 
  at <AppLayout onVnodeUnmounted=fn<onVnodeUnmounted> ref=Ref< Proxy(Object) > > 
  at <RouterView> 
  at <App> @ http://localhost:5277/node_modules/@vue/runtime-core/dist/runtime-core.esm-bundler.js:49
[     117ms] [WARNING] [Vue warn]: Invalid prop: type check failed for prop "rowData". Expected Object, got String with value "h". 
  at <BodyCell key="created_at" rowData="h" column= {__v_isVNode: true, __v_skip: true, type: Object, props: Object, key: null}  ... > 
  at <BodyRow key=undefined rowData="h" index=17  ... > 
  at <TableBody ref="bodyRef" value="<!DOCTYPE html>\n<htm" class=""  ... > 
  at <VirtualScroller ref="virtualScroller" items="<!DOCTYPE html>\n<html lang=\"en\">\n\n<head>\n  <meta charset=\"utf-8\" />\n  <meta name=\"viewport\" content=\"width=device-width, initial-scale=1\" />\n  <meta name=\"theme-color\" content=\"#000000\" />\n  <link rel=\"shortcut icon\" type=\"image/ico\" href=\"/assets/favicon-bc234827.ico\" />\n  <link href=\"https://fonts.googleapis.com/css?family=Roboto:300,400,500\" rel=\"stylesheet\" />\n  <title>Pentaract UI</title>\n\n  <style>\n    *,\n    html {\n      margin: 0;\n      padding: 0;\n    }\n  </style>\n  <script type=\"module\" crossorigin src=\"/assets/index-58b24b54.js\"></script>\n  <link rel=\"stylesheet\" href=\"/assets/index-a4f6c957.css\">\n</head>\n\n<body>\n  <noscript>Wanna write ur own UI without js?! Go ahead, don't disturb others</noscript>\n  <div id=\"root\"></div>\n\n  \n</body>\n\n</html>\n" columns= [Object, Object, Object, Object, Object, Object]  ... > 
  at <DataTable value="<!DOCTYPE html>\n<html lang=\"en\">\n\n<head>\n  <meta charset=\"utf-8\" />\n  <meta name=\"viewport\" content=\"width=device-width, initial-scale=1\" />\n  <meta name=\"theme-color\" content=\"#000000\" />\n  <link rel=\"shortcut icon\" type=\"image/ico\" href=\"/assets/favicon-bc234827.ico\" />\n  <link href=\"https://fonts.googleapis.com/css?family=Roboto:300,400,500\" rel=\"stylesheet\" />\n  <title>Pentaract UI</title>\n\n  <style>\n    *,\n    html {\n      margin: 0;\n      padding: 0;\n    }\n  </style>\n  <script type=\"module\" crossorigin src=\"/assets/index-58b24b54.js\"></script>\n  <link rel=\"stylesheet\" href=\"/assets/index-a4f6c957.css\">\n</head>\n\n<body>\n  <noscript>Wanna write ur own UI without js?! Go ahead, don't disturb others</noscript>\n  <div id=\"root\"></div>\n\n  \n</body>\n\n</html>\n" loading=false stripedRows=""  ... > 
  at <OrdersView onVnodeUnmounted=fn<onVnodeUnmounted> ref=Ref< Proxy(Object) > > 
  at <RouterView> 
  at <AppLayout onVnodeUnmounted=fn<onVnodeUnmounted> ref=Ref< Proxy(Object) > > 
  at <RouterView> 
  at <App> @ http://localhost:5277/node_modules/@vue/runtime-core/dist/runtime-core.esm-bundler.js:49
[     121ms] [WARNING] [Vue warn]: Invalid prop: type check failed for prop "rowData". Expected Object, got String with value "h". 
  at <BodyCell key=5 rowData="h" column= {__v_isVNode: true, __v_skip: true, type: Object, props: Object, key: null}  ... > 
  at <BodyRow key=undefined rowData="h" index=17  ... > 
  at <TableBody ref="bodyRef" value="<!DOCTYPE html>\n<htm" class=""  ... > 
  at <VirtualScroller ref="virtualScroller" items="<!DOCTYPE html>\n<html lang=\"en\">\n\n<head>\n  <meta charset=\"utf-8\" />\n  <meta name=\"viewport\" content=\"width=device-width, initial-scale=1\" />\n  <meta name=\"theme-color\" content=\"#000000\" />\n  <link rel=\"shortcut icon\" type=\"image/ico\" href=\"/assets/favicon-bc234827.ico\" />\n  <link href=\"https://fonts.googleapis.com/css?family=Roboto:300,400,500\" rel=\"stylesheet\" />\n  <title>Pentaract UI</title>\n\n  <style>\n    *,\n    html {\n      margin: 0;\n      padding: 0;\n    }\n  </style>\n  <script type=\"module\" crossorigin src=\"/assets/index-58b24b54.js\"></script>\n  <link rel=\"stylesheet\" href=\"/assets/index-a4f6c957.css\">\n</head>\n\n<body>\n  <noscript>Wanna write ur own UI without js?! Go ahead, don't disturb others</noscript>\n  <div id=\"root\"></div>\n\n  \n</body>\n\n</html>\n" columns= [Object, Object, Object, Object, Object, Object]  ... > 
  at <DataTable value="<!DOCTYPE html>\n<html lang=\"en\">\n\n<head>\n  <meta charset=\"utf-8\" />\n  <meta name=\"viewport\" content=\"width=device-width, initial-scale=1\" />\n  <meta name=\"theme-color\" content=\"#000000\" />\n  <link rel=\"shortcut icon\" type=\"image/ico\" href=\"/assets/favicon-bc234827.ico\" />\n  <link href=\"https://fonts.googleapis.com/css?family=Roboto:300,400,500\" rel=\"stylesheet\" />\n  <title>Pentaract UI</title>\n\n  <style>\n    *,\n    html {\n      margin: 0;\n      padding: 0;\n    }\n  </style>\n  <script type=\"module\" crossorigin src=\"/assets/index-58b24b54.js\"></script>\n  <link rel=\"stylesheet\" href=\"/assets/index-a4f6c957.css\">\n</head>\n\n<body>\n  <noscript>Wanna write ur own UI without js?! Go ahead, don't disturb others</noscript>\n  <div id=\"root\"></div>\n\n  \n</body>\n\n</html>\n" loading=false stripedRows=""  ... > 
  at <OrdersView onVnodeUnmounted=fn<onVnodeUnmounted> ref=Ref< Proxy(Object) > > 
  at <RouterView> 
  at <AppLayout onVnodeUnmounted=fn<onVnodeUnmounted> ref=Ref< Proxy(Object) > > 
  at <RouterView> 
  at <App> @ http://localhost:5277/node_modules/@vue/runtime-core/dist/runtime-core.esm-bundler.js:49
[     126ms] [WARNING] [Vue warn]: Invalid prop: type check failed for prop "rowData". Expected Object, got String with value "t". 
  at <BodyRow key=undefined rowData="t" index=18  ... > 
  at <TableBody ref="bodyRef" value="<!DOCTYPE html>\n<htm" class=""  ... > 
  at <VirtualScroller ref="virtualScroller" items="<!DOCTYPE html>\n<html lang=\"en\">\n\n<head>\n  <meta charset=\"utf-8\" />\n  <meta name=\"viewport\" content=\"width=device-width, initial-scale=1\" />\n  <meta name=\"theme-color\" content=\"#000000\" />\n  <link rel=\"shortcut icon\" type=\"image/ico\" href=\"/assets/favicon-bc234827.ico\" />\n  <link href=\"https://fonts.googleapis.com/css?family=Roboto:300,400,500\" rel=\"stylesheet\" />\n  <title>Pentaract UI</title>\n\n  <style>\n    *,\n    html {\n      margin: 0;\n      padding: 0;\n    }\n  </style>\n  <script type=\"module\" crossorigin src=\"/assets/index-58b24b54.js\"></script>\n  <link rel=\"stylesheet\" href=\"/assets/index-a4f6c957.css\">\n</head>\n\n<body>\n  <noscript>Wanna write ur own UI without js?! Go ahead, don't disturb others</noscript>\n  <div id=\"root\"></div>\n\n  \n</body>\n\n</html>\n" columns= [Object, Object, Object, Object, Object, Object]  ... > 
  at <DataTable value="<!DOCTYPE html>\n<html lang=\"en\">\n\n<head>\n  <meta charset=\"utf-8\" />\n  <meta name=\"viewport\" content=\"width=device-width, initial-scale=1\" />\n  <meta name=\"theme-color\" content=\"#000000\" />\n  <link rel=\"shortcut icon\" type=\"image/ico\" href=\"/assets/favicon-bc234827.ico\" />\n  <link href=\"https://fonts.googleapis.com/css?family=Roboto:300,400,500\" rel=\"stylesheet\" />\n  <title>Pentaract UI</title>\n\n  <style>\n    *,\n    html {\n      margin: 0;\n      padding: 0;\n    }\n  </style>\n  <script type=\"module\" crossorigin src=\"/assets/index-58b24b54.js\"></script>\n  <link rel=\"stylesheet\" href=\"/assets/index-a4f6c957.css\">\n</head>\n\n<body>\n  <noscript>Wanna write ur own UI without js?! Go ahead, don't disturb others</noscript>\n  <div id=\"root\"></div>\n\n  \n</body>\n\n</html>\n" loading=false stripedRows=""  ... > 
  at <OrdersView onVnodeUnmounted=fn<onVnodeUnmounted> ref=Ref< Proxy(Object) > > 
  at <RouterView> 
  at <AppLayout onVnodeUnmounted=fn<onVnodeUnmounted> ref=Ref< Proxy(Object) > > 
  at <RouterView> 
  at <App> @ http://localhost:5277/node_modules/@vue/runtime-core/dist/runtime-core.esm-bundler.js:49
[     127ms] [WARNING] [Vue warn]: Invalid prop: type check failed for prop "value". Expected Array, got String with value "<!DOCTYPE html>
<htm". 
  at <BodyRow key=undefined rowData="t" index=18  ... > 
  at <TableBody ref="bodyRef" value="<!DOCTYPE html>\n<htm" class=""  ... > 
  at <VirtualScroller ref="virtualScroller" items="<!DOCTYPE html>\n<html lang=\"en\">\n\n<head>\n  <meta charset=\"utf-8\" />\n  <meta name=\"viewport\" content=\"width=device-width, initial-scale=1\" />\n  <meta name=\"theme-color\" content=\"#000000\" />\n  <link rel=\"shortcut icon\" type=\"image/ico\" href=\"/assets/favicon-bc234827.ico\" />\n  <link href=\"https://fonts.googleapis.com/css?family=Roboto:300,400,500\" rel=\"stylesheet\" />\n  <title>Pentaract UI</title>\n\n  <style>\n    *,\n    html {\n      margin: 0;\n      padding: 0;\n    }\n  </style>\n  <script type=\"module\" crossorigin src=\"/assets/index-58b24b54.js\"></script>\n  <link rel=\"stylesheet\" href=\"/assets/index-a4f6c957.css\">\n</head>\n\n<body>\n  <noscript>Wanna write ur own UI without js?! Go ahead, don't disturb others</noscript>\n  <div id=\"root\"></div>\n\n  \n</body>\n\n</html>\n" columns= [Object, Object, Object, Object, Object, Object]  ... > 
  at <DataTable value="<!DOCTYPE html>\n<html lang=\"en\">\n\n<head>\n  <meta charset=\"utf-8\" />\n  <meta name=\"viewport\" content=\"width=device-width, initial-scale=1\" />\n  <meta name=\"theme-color\" content=\"#000000\" />\n  <link rel=\"shortcut icon\" type=\"image/ico\" href=\"/assets/favicon-bc234827.ico\" />\n  <link href=\"https://fonts.googleapis.com/css?family=Roboto:300,400,500\" rel=\"stylesheet\" />\n  <title>Pentaract UI</title>\n\n  <style>\n    *,\n    html {\n      margin: 0;\n      padding: 0;\n    }\n  </style>\n  <script type=\"module\" crossorigin src=\"/assets/index-58b24b54.js\"></script>\n  <link rel=\"stylesheet\" href=\"/assets/index-a4f6c957.css\">\n</head>\n\n<body>\n  <noscript>Wanna write ur own UI without js?! Go ahead, don't disturb others</noscript>\n  <div id=\"root\"></div>\n\n  \n</body>\n\n</html>\n" loading=false stripedRows=""  ... > 
  at <OrdersView onVnodeUnmounted=fn<onVnodeUnmounted> ref=Ref< Proxy(Object) > > 
  at <RouterView> 
  at <AppLayout onVnodeUnmounted=fn<onVnodeUnmounted> ref=Ref< Proxy(Object) > > 
  at <RouterView> 
  at <App> @ http://localhost:5277/node_modules/@vue/runtime-core/dist/runtime-core.esm-bundler.js:49
[     129ms] [WARNING] [Vue warn]: Invalid prop: type check failed for prop "rowData". Expected Object, got String with value "t". 
  at <BodyCell key="id" rowData="t" column= {__v_isVNode: true, __v_skip: true, type: Object, props: Object, key: null}  ... > 
  at <BodyRow key=undefined rowData="t" index=18  ... > 
  at <TableBody ref="bodyRef" value="<!DOCTYPE html>\n<htm" class=""  ... > 
  at <VirtualScroller ref="virtualScroller" items="<!DOCTYPE html>\n<html lang=\"en\">\n\n<head>\n  <meta charset=\"utf-8\" />\n  <meta name=\"viewport\" content=\"width=device-width, initial-scale=1\" />\n  <meta name=\"theme-color\" content=\"#000000\" />\n  <link rel=\"shortcut icon\" type=\"image/ico\" href=\"/assets/favicon-bc234827.ico\" />\n  <link href=\"https://fonts.googleapis.com/css?family=Roboto:300,400,500\" rel=\"stylesheet\" />\n  <title>Pentaract UI</title>\n\n  <style>\n    *,\n    html {\n      margin: 0;\n      padding: 0;\n    }\n  </style>\n  <script type=\"module\" crossorigin src=\"/assets/index-58b24b54.js\"></script>\n  <link rel=\"stylesheet\" href=\"/assets/index-a4f6c957.css\">\n</head>\n\n<body>\n  <noscript>Wanna write ur own UI without js?! Go ahead, don't disturb others</noscript>\n  <div id=\"root\"></div>\n\n  \n</body>\n\n</html>\n" columns= [Object, Object, Object, Object, Object, Object]  ... > 
  at <DataTable value="<!DOCTYPE html>\n<html lang=\"en\">\n\n<head>\n  <meta charset=\"utf-8\" />\n  <meta name=\"viewport\" content=\"width=device-width, initial-scale=1\" />\n  <meta name=\"theme-color\" content=\"#000000\" />\n  <link rel=\"shortcut icon\" type=\"image/ico\" href=\"/assets/favicon-bc234827.ico\" />\n  <link href=\"https://fonts.googleapis.com/css?family=Roboto:300,400,500\" rel=\"stylesheet\" />\n  <title>Pentaract UI</title>\n\n  <style>\n    *,\n    html {\n      margin: 0;\n      padding: 0;\n    }\n  </style>\n  <script type=\"module\" crossorigin src=\"/assets/index-58b24b54.js\"></script>\n  <link rel=\"stylesheet\" href=\"/assets/index-a4f6c957.css\">\n</head>\n\n<body>\n  <noscript>Wanna write ur own UI without js?! Go ahead, don't disturb others</noscript>\n  <div id=\"root\"></div>\n\n  \n</body>\n\n</html>\n" loading=false stripedRows=""  ... > 
  at <OrdersView onVnodeUnmounted=fn<onVnodeUnmounted> ref=Ref< Proxy(Object) > > 
  at <RouterView> 
  at <AppLayout onVnodeUnmounted=fn<onVnodeUnmounted> ref=Ref< Proxy(Object) > > 
  at <RouterView> 
  at <App> @ http://localhost:5277/node_modules/@vue/runtime-core/dist/runtime-core.esm-bundler.js:49
[     132ms] [WARNING] [Vue warn]: Invalid prop: type check failed for prop "rowData". Expected Object, got String with value "t". 
  at <BodyCell key="client_id" rowData="t" column= {__v_isVNode: true, __v_skip: true, type: Object, props: Object, key: null}  ... > 
  at <BodyRow key=undefined rowData="t" index=18  ... > 
  at <TableBody ref="bodyRef" value="<!DOCTYPE html>\n<htm" class=""  ... > 
  at <VirtualScroller ref="virtualScroller" items="<!DOCTYPE html>\n<html lang=\"en\">\n\n<head>\n  <meta charset=\"utf-8\" />\n  <meta name=\"viewport\" content=\"width=device-width, initial-scale=1\" />\n  <meta name=\"theme-color\" content=\"#000000\" />\n  <link rel=\"shortcut icon\" type=\"image/ico\" href=\"/assets/favicon-bc234827.ico\" />\n  <link href=\"https://fonts.googleapis.com/css?family=Roboto:300,400,500\" rel=\"stylesheet\" />\n  <title>Pentaract UI</title>\n\n  <style>\n    *,\n    html {\n      margin: 0;\n      padding: 0;\n    }\n  </style>\n  <script type=\"module\" crossorigin src=\"/assets/index-58b24b54.js\"></script>\n  <link rel=\"stylesheet\" href=\"/assets/index-a4f6c957.css\">\n</head>\n\n<body>\n  <noscript>Wanna write ur own UI without js?! Go ahead, don't disturb others</noscript>\n  <div id=\"root\"></div>\n\n  \n</body>\n\n</html>\n" columns= [Object, Object, Object, Object, Object, Object]  ... > 
  at <DataTable value="<!DOCTYPE html>\n<html lang=\"en\">\n\n<head>\n  <meta charset=\"utf-8\" />\n  <meta name=\"viewport\" content=\"width=device-width, initial-scale=1\" />\n  <meta name=\"theme-color\" content=\"#000000\" />\n  <link rel=\"shortcut icon\" type=\"image/ico\" href=\"/assets/favicon-bc234827.ico\" />\n  <link href=\"https://fonts.googleapis.com/css?family=Roboto:300,400,500\" rel=\"stylesheet\" />\n  <title>Pentaract UI</title>\n\n  <style>\n    *,\n    html {\n      margin: 0;\n      padding: 0;\n    }\n  </style>\n  <script type=\"module\" crossorigin src=\"/assets/index-58b24b54.js\"></script>\n  <link rel=\"stylesheet\" href=\"/assets/index-a4f6c957.css\">\n</head>\n\n<body>\n  <noscript>Wanna write ur own UI without js?! Go ahead, don't disturb others</noscript>\n  <div id=\"root\"></div>\n\n  \n</body>\n\n</html>\n" loading=false stripedRows=""  ... > 
  at <OrdersView onVnodeUnmounted=fn<onVnodeUnmounted> ref=Ref< Proxy(Object) > > 
  at <RouterView> 
  at <AppLayout onVnodeUnmounted=fn<onVnodeUnmounted> ref=Ref< Proxy(Object) > > 
  at <RouterView> 
  at <App> @ http://localhost:5277/node_modules/@vue/runtime-core/dist/runtime-core.esm-bundler.js:49
[     135ms] [WARNING] [Vue warn]: Invalid prop: type check failed for prop "rowData". Expected Object, got String with value "t". 
  at <BodyCell key="source" rowData="t" column= {__v_isVNode: true, __v_skip: true, type: Object, props: Object, key: null}  ... > 
  at <BodyRow key=undefined rowData="t" index=18  ... > 
  at <TableBody ref="bodyRef" value="<!DOCTYPE html>\n<htm" class=""  ... > 
  at <VirtualScroller ref="virtualScroller" items="<!DOCTYPE html>\n<html lang=\"en\">\n\n<head>\n  <meta charset=\"utf-8\" />\n  <meta name=\"viewport\" content=\"width=device-width, initial-scale=1\" />\n  <meta name=\"theme-color\" content=\"#000000\" />\n  <link rel=\"shortcut icon\" type=\"image/ico\" href=\"/assets/favicon-bc234827.ico\" />\n  <link href=\"https://fonts.googleapis.com/css?family=Roboto:300,400,500\" rel=\"stylesheet\" />\n  <title>Pentaract UI</title>\n\n  <style>\n    *,\n    html {\n      margin: 0;\n      padding: 0;\n    }\n  </style>\n  <script type=\"module\" crossorigin src=\"/assets/index-58b24b54.js\"></script>\n  <link rel=\"stylesheet\" href=\"/assets/index-a4f6c957.css\">\n</head>\n\n<body>\n  <noscript>Wanna write ur own UI without js?! Go ahead, don't disturb others</noscript>\n  <div id=\"root\"></div>\n\n  \n</body>\n\n</html>\n" columns= [Object, Object, Object, Object, Object, Object]  ... > 
  at <DataTable value="<!DOCTYPE html>\n<html lang=\"en\">\n\n<head>\n  <meta charset=\"utf-8\" />\n  <meta name=\"viewport\" content=\"width=device-width, initial-scale=1\" />\n  <meta name=\"theme-color\" content=\"#000000\" />\n  <link rel=\"shortcut icon\" type=\"image/ico\" href=\"/assets/favicon-bc234827.ico\" />\n  <link href=\"https://fonts.googleapis.com/css?family=Roboto:300,400,500\" rel=\"stylesheet\" />\n  <title>Pentaract UI</title>\n\n  <style>\n    *,\n    html {\n      margin: 0;\n      padding: 0;\n    }\n  </style>\n  <script type=\"module\" crossorigin src=\"/assets/index-58b24b54.js\"></script>\n  <link rel=\"stylesheet\" href=\"/assets/index-a4f6c957.css\">\n</head>\n\n<body>\n  <noscript>Wanna write ur own UI without js?! Go ahead, don't disturb others</noscript>\n  <div id=\"root\"></div>\n\n  \n</body>\n\n</html>\n" loading=false stripedRows=""  ... > 
  at <OrdersView onVnodeUnmounted=fn<onVnodeUnmounted> ref=Ref< Proxy(Object) > > 
  at <RouterView> 
  at <AppLayout onVnodeUnmounted=fn<onVnodeUnmounted> ref=Ref< Proxy(Object) > > 
  at <RouterView> 
  at <App> @ http://localhost:5277/node_modules/@vue/runtime-core/dist/runtime-core.esm-bundler.js:49
[     139ms] [WARNING] [Vue warn]: Invalid prop: type check failed for prop "rowData". Expected Object, got String with value "t". 
  at <BodyCell key="status" rowData="t" column= {__v_isVNode: true, __v_skip: true, type: Object, props: Object, key: null}  ... > 
  at <BodyRow key=undefined rowData="t" index=18  ... > 
  at <TableBody ref="bodyRef" value="<!DOCTYPE html>\n<htm" class=""  ... > 
  at <VirtualScroller ref="virtualScroller" items="<!DOCTYPE html>\n<html lang=\"en\">\n\n<head>\n  <meta charset=\"utf-8\" />\n  <meta name=\"viewport\" content=\"width=device-width, initial-scale=1\" />\n  <meta name=\"theme-color\" content=\"#000000\" />\n  <link rel=\"shortcut icon\" type=\"image/ico\" href=\"/assets/favicon-bc234827.ico\" />\n  <link href=\"https://fonts.googleapis.com/css?family=Roboto:300,400,500\" rel=\"stylesheet\" />\n  <title>Pentaract UI</title>\n\n  <style>\n    *,\n    html {\n      margin: 0;\n      padding: 0;\n    }\n  </style>\n  <script type=\"module\" crossorigin src=\"/assets/index-58b24b54.js\"></script>\n  <link rel=\"stylesheet\" href=\"/assets/index-a4f6c957.css\">\n</head>\n\n<body>\n  <noscript>Wanna write ur own UI without js?! Go ahead, don't disturb others</noscript>\n  <div id=\"root\"></div>\n\n  \n</body>\n\n</html>\n" columns= [Object, Object, Object, Object, Object, Object]  ... > 
  at <DataTable value="<!DOCTYPE html>\n<html lang=\"en\">\n\n<head>\n  <meta charset=\"utf-8\" />\n  <meta name=\"viewport\" content=\"width=device-width, initial-scale=1\" />\n  <meta name=\"theme-color\" content=\"#000000\" />\n  <link rel=\"shortcut icon\" type=\"image/ico\" href=\"/assets/favicon-bc234827.ico\" />\n  <link href=\"https://fonts.googleapis.com/css?family=Roboto:300,400,500\" rel=\"stylesheet\" />\n  <title>Pentaract UI</title>\n\n  <style>\n    *,\n    html {\n      margin: 0;\n      padding: 0;\n    }\n  </style>\n  <script type=\"module\" crossorigin src=\"/assets/index-58b24b54.js\"></script>\n  <link rel=\"stylesheet\" href=\"/assets/index-a4f6c957.css\">\n</head>\n\n<body>\n  <noscript>Wanna write ur own UI without js?! Go ahead, don't disturb others</noscript>\n  <div id=\"root\"></div>\n\n  \n</body>\n\n</html>\n" loading=false stripedRows=""  ... > 
  at <OrdersView onVnodeUnmounted=fn<onVnodeUnmounted> ref=Ref< Proxy(Object) > > 
  at <RouterView> 
  at <AppLayout onVnodeUnmounted=fn<onVnodeUnmounted> ref=Ref< Proxy(Object) > > 
  at <RouterView> 
  at <App> @ http://localhost:5277/node_modules/@vue/runtime-core/dist/runtime-core.esm-bundler.js:49
[     143ms] [WARNING] [Vue warn]: Invalid prop: type check failed for prop "rowData". Expected Object, got String with value "t". 
  at <BodyCell key="created_at" rowData="t" column= {__v_isVNode: true, __v_skip: true, type: Object, props: Object, key: null}  ... > 
  at <BodyRow key=undefined rowData="t" index=18  ... > 
  at <TableBody ref="bodyRef" value="<!DOCTYPE html>\n<htm" class=""  ... > 
  at <VirtualScroller ref="virtualScroller" items="<!DOCTYPE html>\n<html lang=\"en\">\n\n<head>\n  <meta charset=\"utf-8\" />\n  <meta name=\"viewport\" content=\"width=device-width, initial-scale=1\" />\n  <meta name=\"theme-color\" content=\"#000000\" />\n  <link rel=\"shortcut icon\" type=\"image/ico\" href=\"/assets/favicon-bc234827.ico\" />\n  <link href=\"https://fonts.googleapis.com/css?family=Roboto:300,400,500\" rel=\"stylesheet\" />\n  <title>Pentaract UI</title>\n\n  <style>\n    *,\n    html {\n      margin: 0;\n      padding: 0;\n    }\n  </style>\n  <script type=\"module\" crossorigin src=\"/assets/index-58b24b54.js\"></script>\n  <link rel=\"stylesheet\" href=\"/assets/index-a4f6c957.css\">\n</head>\n\n<body>\n  <noscript>Wanna write ur own UI without js?! Go ahead, don't disturb others</noscript>\n  <div id=\"root\"></div>\n\n  \n</body>\n\n</html>\n" columns= [Object, Object, Object, Object, Object, Object]  ... > 
  at <DataTable value="<!DOCTYPE html>\n<html lang=\"en\">\n\n<head>\n  <meta charset=\"utf-8\" />\n  <meta name=\"viewport\" content=\"width=device-width, initial-scale=1\" />\n  <meta name=\"theme-color\" content=\"#000000\" />\n  <link rel=\"shortcut icon\" type=\"image/ico\" href=\"/assets/favicon-bc234827.ico\" />\n  <link href=\"https://fonts.googleapis.com/css?family=Roboto:300,400,500\" rel=\"stylesheet\" />\n  <title>Pentaract UI</title>\n\n  <style>\n    *,\n    html {\n      margin: 0;\n      padding: 0;\n    }\n  </style>\n  <script type=\"module\" crossorigin src=\"/assets/index-58b24b54.js\"></script>\n  <link rel=\"stylesheet\" href=\"/assets/index-a4f6c957.css\">\n</head>\n\n<body>\n  <noscript>Wanna write ur own UI without js?! Go ahead, don't disturb others</noscript>\n  <div id=\"root\"></div>\n\n  \n</body>\n\n</html>\n" loading=false stripedRows=""  ... > 
  at <OrdersView onVnodeUnmounted=fn<onVnodeUnmounted> ref=Ref< Proxy(Object) > > 
  at <RouterView> 
  at <AppLayout onVnodeUnmounted=fn<onVnodeUnmounted> ref=Ref< Proxy(Object) > > 
  at <RouterView> 
  at <App> @ http://localhost:5277/node_modules/@vue/runtime-core/dist/runtime-core.esm-bundler.js:49
[     148ms] [WARNING] [Vue warn]: Invalid prop: type check failed for prop "rowData". Expected Object, got String with value "t". 
  at <BodyCell key=5 rowData="t" column= {__v_isVNode: true, __v_skip: true, type: Object, props: Object, key: null}  ... > 
  at <BodyRow key=undefined rowData="t" index=18  ... > 
  at <TableBody ref="bodyRef" value="<!DOCTYPE html>\n<htm" class=""  ... > 
  at <VirtualScroller ref="virtualScroller" items="<!DOCTYPE html>\n<html lang=\"en\">\n\n<head>\n  <meta charset=\"utf-8\" />\n  <meta name=\"viewport\" content=\"width=device-width, initial-scale=1\" />\n  <meta name=\"theme-color\" content=\"#000000\" />\n  <link rel=\"shortcut icon\" type=\"image/ico\" href=\"/assets/favicon-bc234827.ico\" />\n  <link href=\"https://fonts.googleapis.com/css?family=Roboto:300,400,500\" rel=\"stylesheet\" />\n  <title>Pentaract UI</title>\n\n  <style>\n    *,\n    html {\n      margin: 0;\n      padding: 0;\n    }\n  </style>\n  <script type=\"module\" crossorigin src=\"/assets/index-58b24b54.js\"></script>\n  <link rel=\"stylesheet\" href=\"/assets/index-a4f6c957.css\">\n</head>\n\n<body>\n  <noscript>Wanna write ur own UI without js?! Go ahead, don't disturb others</noscript>\n  <div id=\"root\"></div>\n\n  \n</body>\n\n</html>\n" columns= [Object, Object, Object, Object, Object, Object]  ... > 
  at <DataTable value="<!DOCTYPE html>\n<html lang=\"en\">\n\n<head>\n  <meta charset=\"utf-8\" />\n  <meta name=\"viewport\" content=\"width=device-width, initial-scale=1\" />\n  <meta name=\"theme-color\" content=\"#000000\" />\n  <link rel=\"shortcut icon\" type=\"image/ico\" href=\"/assets/favicon-bc234827.ico\" />\n  <link href=\"https://fonts.googleapis.com/css?family=Roboto:300,400,500\" rel=\"stylesheet\" />\n  <title>Pentaract UI</title>\n\n  <style>\n    *,\n    html {\n      margin: 0;\n      padding: 0;\n    }\n  </style>\n  <script type=\"module\" crossorigin src=\"/assets/index-58b24b54.js\"></script>\n  <link rel=\"stylesheet\" href=\"/assets/index-a4f6c957.css\">\n</head>\n\n<body>\n  <noscript>Wanna write ur own UI without js?! Go ahead, don't disturb others</noscript>\n  <div id=\"root\"></div>\n\n  \n</body>\n\n</html>\n" loading=false stripedRows=""  ... > 
  at <OrdersView onVnodeUnmounted=fn<onVnodeUnmounted> ref=Ref< Proxy(Object) > > 
  at <RouterView> 
  at <AppLayout onVnodeUnmounted=fn<onVnodeUnmounted> ref=Ref< Proxy(Object) > > 
  at <RouterView> 
  at <App> @ http://localhost:5277/node_modules/@vue/runtime-core/dist/runtime-core.esm-bundler.js:49
[     159ms] [WARNING] [Vue warn]: Invalid prop: type check failed for prop "rowData". Expected Object, got String with value "m". 
  at <BodyRow key=undefined rowData="m" index=19  ... > 
  at <TableBody ref="bodyRef" value="<!DOCTYPE html>\n<htm" class=""  ... > 
  at <VirtualScroller ref="virtualScroller" items="<!DOCTYPE html>\n<html lang=\"en\">\n\n<head>\n  <meta charset=\"utf-8\" />\n  <meta name=\"viewport\" content=\"width=device-width, initial-scale=1\" />\n  <meta name=\"theme-color\" content=\"#000000\" />\n  <link rel=\"shortcut icon\" type=\"image/ico\" href=\"/assets/favicon-bc234827.ico\" />\n  <link href=\"https://fonts.googleapis.com/css?family=Roboto:300,400,500\" rel=\"stylesheet\" />\n  <title>Pentaract UI</title>\n\n  <style>\n    *,\n    html {\n      margin: 0;\n      padding: 0;\n    }\n  </style>\n  <script type=\"module\" crossorigin src=\"/assets/index-58b24b54.js\"></script>\n  <link rel=\"stylesheet\" href=\"/assets/index-a4f6c957.css\">\n</head>\n\n<body>\n  <noscript>Wanna write ur own UI without js?! Go ahead, don't disturb others</noscript>\n  <div id=\"root\"></div>\n\n  \n</body>\n\n</html>\n" columns= [Object, Object, Object, Object, Object, Object]  ... > 
  at <DataTable value="<!DOCTYPE html>\n<html lang=\"en\">\n\n<head>\n  <meta charset=\"utf-8\" />\n  <meta name=\"viewport\" content=\"width=device-width, initial-scale=1\" />\n  <meta name=\"theme-color\" content=\"#000000\" />\n  <link rel=\"shortcut icon\" type=\"image/ico\" href=\"/assets/favicon-bc234827.ico\" />\n  <link href=\"https://fonts.googleapis.com/css?family=Roboto:300,400,500\" rel=\"stylesheet\" />\n  <title>Pentaract UI</title>\n\n  <style>\n    *,\n    html {\n      margin: 0;\n      padding: 0;\n    }\n  </style>\n  <script type=\"module\" crossorigin src=\"/assets/index-58b24b54.js\"></script>\n  <link rel=\"stylesheet\" href=\"/assets/index-a4f6c957.css\">\n</head>\n\n<body>\n  <noscript>Wanna write ur own UI without js?! Go ahead, don't disturb others</noscript>\n  <div id=\"root\"></div>\n\n  \n</body>\n\n</html>\n" loading=false stripedRows=""  ... > 
  at <OrdersView onVnodeUnmounted=fn<onVnodeUnmounted> ref=Ref< Proxy(Object) > > 
  at <RouterView> 
  at <AppLayout onVnodeUnmounted=fn<onVnodeUnmounted> ref=Ref< Proxy(Object) > > 
  at <RouterView> 
  at <App> @ http://localhost:5277/node_modules/@vue/runtime-core/dist/runtime-core.esm-bundler.js:49
[     160ms] [WARNING] [Vue warn]: Invalid prop: type check failed for prop "value". Expected Array, got String with value "<!DOCTYPE html>
<htm". 
  at <BodyRow key=undefined rowData="m" index=19  ... > 
  at <TableBody ref="bodyRef" value="<!DOCTYPE html>\n<htm" class=""  ... > 
  at <VirtualScroller ref="virtualScroller" items="<!DOCTYPE html>\n<html lang=\"en\">\n\n<head>\n  <meta charset=\"utf-8\" />\n  <meta name=\"viewport\" content=\"width=device-width, initial-scale=1\" />\n  <meta name=\"theme-color\" content=\"#000000\" />\n  <link rel=\"shortcut icon\" type=\"image/ico\" href=\"/assets/favicon-bc234827.ico\" />\n  <link href=\"https://fonts.googleapis.com/css?family=Roboto:300,400,500\" rel=\"stylesheet\" />\n  <title>Pentaract UI</title>\n\n  <style>\n    *,\n    html {\n      margin: 0;\n      padding: 0;\n    }\n  </style>\n  <script type=\"module\" crossorigin src=\"/assets/index-58b24b54.js\"></script>\n  <link rel=\"stylesheet\" href=\"/assets/index-a4f6c957.css\">\n</head>\n\n<body>\n  <noscript>Wanna write ur own UI without js?! Go ahead, don't disturb others</noscript>\n  <div id=\"root\"></div>\n\n  \n</body>\n\n</html>\n" columns= [Object, Object, Object, Object, Object, Object]  ... > 
  at <DataTable value="<!DOCTYPE html>\n<html lang=\"en\">\n\n<head>\n  <meta charset=\"utf-8\" />\n  <meta name=\"viewport\" content=\"width=device-width, initial-scale=1\" />\n  <meta name=\"theme-color\" content=\"#000000\" />\n  <link rel=\"shortcut icon\" type=\"image/ico\" href=\"/assets/favicon-bc234827.ico\" />\n  <link href=\"https://fonts.googleapis.com/css?family=Roboto:300,400,500\" rel=\"stylesheet\" />\n  <title>Pentaract UI</title>\n\n  <style>\n    *,\n    html {\n      margin: 0;\n      padding: 0;\n    }\n  </style>\n  <script type=\"module\" crossorigin src=\"/assets/index-58b24b54.js\"></script>\n  <link rel=\"stylesheet\" href=\"/assets/index-a4f6c957.css\">\n</head>\n\n<body>\n  <noscript>Wanna write ur own UI without js?! Go ahead, don't disturb others</noscript>\n  <div id=\"root\"></div>\n\n  \n</body>\n\n</html>\n" loading=false stripedRows=""  ... > 
  at <OrdersView onVnodeUnmounted=fn<onVnodeUnmounted> ref=Ref< Proxy(Object) > > 
  at <RouterView> 
  at <AppLayout onVnodeUnmounted=fn<onVnodeUnmounted> ref=Ref< Proxy(Object) > > 
  at <RouterView> 
  at <App> @ http://localhost:5277/node_modules/@vue/runtime-core/dist/runtime-core.esm-bundler.js:49
[     162ms] [WARNING] [Vue warn]: Invalid prop: type check failed for prop "rowData". Expected Object, got String with value "m". 
  at <BodyCell key="id" rowData="m" column= {__v_isVNode: true, __v_skip: true, type: Object, props: Object, key: null}  ... > 
  at <BodyRow key=undefined rowData="m" index=19  ... > 
  at <TableBody ref="bodyRef" value="<!DOCTYPE html>\n<htm" class=""  ... > 
  at <VirtualScroller ref="virtualScroller" items="<!DOCTYPE html>\n<html lang=\"en\">\n\n<head>\n  <meta charset=\"utf-8\" />\n  <meta name=\"viewport\" content=\"width=device-width, initial-scale=1\" />\n  <meta name=\"theme-color\" content=\"#000000\" />\n  <link rel=\"shortcut icon\" type=\"image/ico\" href=\"/assets/favicon-bc234827.ico\" />\n  <link href=\"https://fonts.googleapis.com/css?family=Roboto:300,400,500\" rel=\"stylesheet\" />\n  <title>Pentaract UI</title>\n\n  <style>\n    *,\n    html {\n      margin: 0;\n      padding: 0;\n    }\n  </style>\n  <script type=\"module\" crossorigin src=\"/assets/index-58b24b54.js\"></script>\n  <link rel=\"stylesheet\" href=\"/assets/index-a4f6c957.css\">\n</head>\n\n<body>\n  <noscript>Wanna write ur own UI without js?! Go ahead, don't disturb others</noscript>\n  <div id=\"root\"></div>\n\n  \n</body>\n\n</html>\n" columns= [Object, Object, Object, Object, Object, Object]  ... > 
  at <DataTable value="<!DOCTYPE html>\n<html lang=\"en\">\n\n<head>\n  <meta charset=\"utf-8\" />\n  <meta name=\"viewport\" content=\"width=device-width, initial-scale=1\" />\n  <meta name=\"theme-color\" content=\"#000000\" />\n  <link rel=\"shortcut icon\" type=\"image/ico\" href=\"/assets/favicon-bc234827.ico\" />\n  <link href=\"https://fonts.googleapis.com/css?family=Roboto:300,400,500\" rel=\"stylesheet\" />\n  <title>Pentaract UI</title>\n\n  <style>\n    *,\n    html {\n      margin: 0;\n      padding: 0;\n    }\n  </style>\n  <script type=\"module\" crossorigin src=\"/assets/index-58b24b54.js\"></script>\n  <link rel=\"stylesheet\" href=\"/assets/index-a4f6c957.css\">\n</head>\n\n<body>\n  <noscript>Wanna write ur own UI without js?! Go ahead, don't disturb others</noscript>\n  <div id=\"root\"></div>\n\n  \n</body>\n\n</html>\n" loading=false stripedRows=""  ... > 
  at <OrdersView onVnodeUnmounted=fn<onVnodeUnmounted> ref=Ref< Proxy(Object) > > 
  at <RouterView> 
  at <AppLayout onVnodeUnmounted=fn<onVnodeUnmounted> ref=Ref< Proxy(Object) > > 
  at <RouterView> 
  at <App> @ http://localhost:5277/node_modules/@vue/runtime-core/dist/runtime-core.esm-bundler.js:49
[     170ms] [WARNING] [Vue warn]: Invalid prop: type check failed for prop "rowData". Expected Object, got String with value "m". 
  at <BodyCell key="client_id" rowData="m" column= {__v_isVNode: true, __v_skip: true, type: Object, props: Object, key: null}  ... > 
  at <BodyRow key=undefined rowData="m" index=19  ... > 
  at <TableBody ref="bodyRef" value="<!DOCTYPE html>\n<htm" class=""  ... > 
  at <VirtualScroller ref="virtualScroller" items="<!DOCTYPE html>\n<html lang=\"en\">\n\n<head>\n  <meta charset=\"utf-8\" />\n  <meta name=\"viewport\" content=\"width=device-width, initial-scale=1\" />\n  <meta name=\"theme-color\" content=\"#000000\" />\n  <link rel=\"shortcut icon\" type=\"image/ico\" href=\"/assets/favicon-bc234827.ico\" />\n  <link href=\"https://fonts.googleapis.com/css?family=Roboto:300,400,500\" rel=\"stylesheet\" />\n  <title>Pentaract UI</title>\n\n  <style>\n    *,\n    html {\n      margin: 0;\n      padding: 0;\n    }\n  </style>\n  <script type=\"module\" crossorigin src=\"/assets/index-58b24b54.js\"></script>\n  <link rel=\"stylesheet\" href=\"/assets/index-a4f6c957.css\">\n</head>\n\n<body>\n  <noscript>Wanna write ur own UI without js?! Go ahead, don't disturb others</noscript>\n  <div id=\"root\"></div>\n\n  \n</body>\n\n</html>\n" columns= [Object, Object, Object, Object, Object, Object]  ... > 
  at <DataTable value="<!DOCTYPE html>\n<html lang=\"en\">\n\n<head>\n  <meta charset=\"utf-8\" />\n  <meta name=\"viewport\" content=\"width=device-width, initial-scale=1\" />\n  <meta name=\"theme-color\" content=\"#000000\" />\n  <link rel=\"shortcut icon\" type=\"image/ico\" href=\"/assets/favicon-bc234827.ico\" />\n  <link href=\"https://fonts.googleapis.com/css?family=Roboto:300,400,500\" rel=\"stylesheet\" />\n  <title>Pentaract UI</title>\n\n  <style>\n    *,\n    html {\n      margin: 0;\n      padding: 0;\n    }\n  </style>\n  <script type=\"module\" crossorigin src=\"/assets/index-58b24b54.js\"></script>\n  <link rel=\"stylesheet\" href=\"/assets/index-a4f6c957.css\">\n</head>\n\n<body>\n  <noscript>Wanna write ur own UI without js?! Go ahead, don't disturb others</noscript>\n  <div id=\"root\"></div>\n\n  \n</body>\n\n</html>\n" loading=false stripedRows=""  ... > 
  at <OrdersView onVnodeUnmounted=fn<onVnodeUnmounted> ref=Ref< Proxy(Object) > > 
  at <RouterView> 
  at <AppLayout onVnodeUnmounted=fn<onVnodeUnmounted> ref=Ref< Proxy(Object) > > 
  at <RouterView> 
  at <App> @ http://localhost:5277/node_modules/@vue/runtime-core/dist/runtime-core.esm-bundler.js:49
[     174ms] [WARNING] [Vue warn]: Invalid prop: type check failed for prop "rowData". Expected Object, got String with value "m". 
  at <BodyCell key="source" rowData="m" column= {__v_isVNode: true, __v_skip: true, type: Object, props: Object, key: null}  ... > 
  at <BodyRow key=undefined rowData="m" index=19  ... > 
  at <TableBody ref="bodyRef" value="<!DOCTYPE html>\n<htm" class=""  ... > 
  at <VirtualScroller ref="virtualScroller" items="<!DOCTYPE html>\n<html lang=\"en\">\n\n<head>\n  <meta charset=\"utf-8\" />\n  <meta name=\"viewport\" content=\"width=device-width, initial-scale=1\" />\n  <meta name=\"theme-color\" content=\"#000000\" />\n  <link rel=\"shortcut icon\" type=\"image/ico\" href=\"/assets/favicon-bc234827.ico\" />\n  <link href=\"https://fonts.googleapis.com/css?family=Roboto:300,400,500\" rel=\"stylesheet\" />\n  <title>Pentaract UI</title>\n\n  <style>\n    *,\n    html {\n      margin: 0;\n      padding: 0;\n    }\n  </style>\n  <script type=\"module\" crossorigin src=\"/assets/index-58b24b54.js\"></script>\n  <link rel=\"stylesheet\" href=\"/assets/index-a4f6c957.css\">\n</head>\n\n<body>\n  <noscript>Wanna write ur own UI without js?! Go ahead, don't disturb others</noscript>\n  <div id=\"root\"></div>\n\n  \n</body>\n\n</html>\n" columns= [Object, Object, Object, Object, Object, Object]  ... > 
  at <DataTable value="<!DOCTYPE html>\n<html lang=\"en\">\n\n<head>\n  <meta charset=\"utf-8\" />\n  <meta name=\"viewport\" content=\"width=device-width, initial-scale=1\" />\n  <meta name=\"theme-color\" content=\"#000000\" />\n  <link rel=\"shortcut icon\" type=\"image/ico\" href=\"/assets/favicon-bc234827.ico\" />\n  <link href=\"https://fonts.googleapis.com/css?family=Roboto:300,400,500\" rel=\"stylesheet\" />\n  <title>Pentaract UI</title>\n\n  <style>\n    *,\n    html {\n      margin: 0;\n      padding: 0;\n    }\n  </style>\n  <script type=\"module\" crossorigin src=\"/assets/index-58b24b54.js\"></script>\n  <link rel=\"stylesheet\" href=\"/assets/index-a4f6c957.css\">\n</head>\n\n<body>\n  <noscript>Wanna write ur own UI without js?! Go ahead, don't disturb others</noscript>\n  <div id=\"root\"></div>\n\n  \n</body>\n\n</html>\n" loading=false stripedRows=""  ... > 
  at <OrdersView onVnodeUnmounted=fn<onVnodeUnmounted> ref=Ref< Proxy(Object) > > 
  at <RouterView> 
  at <AppLayout onVnodeUnmounted=fn<onVnodeUnmounted> ref=Ref< Proxy(Object) > > 
  at <RouterView> 
  at <App> @ http://localhost:5277/node_modules/@vue/runtime-core/dist/runtime-core.esm-bundler.js:49
[     177ms] [WARNING] [Vue warn]: Invalid prop: type check failed for prop "rowData". Expected Object, got String with value "m". 
  at <BodyCell key="status" rowData="m" column= {__v_isVNode: true, __v_skip: true, type: Object, props: Object, key: null}  ... > 
  at <BodyRow key=undefined rowData="m" index=19  ... > 
  at <TableBody ref="bodyRef" value="<!DOCTYPE html>\n<htm" class=""  ... > 
  at <VirtualScroller ref="virtualScroller" items="<!DOCTYPE html>\n<html lang=\"en\">\n\n<head>\n  <meta charset=\"utf-8\" />\n  <meta name=\"viewport\" content=\"width=device-width, initial-scale=1\" />\n  <meta name=\"theme-color\" content=\"#000000\" />\n  <link rel=\"shortcut icon\" type=\"image/ico\" href=\"/assets/favicon-bc234827.ico\" />\n  <link href=\"https://fonts.googleapis.com/css?family=Roboto:300,400,500\" rel=\"stylesheet\" />\n  <title>Pentaract UI</title>\n\n  <style>\n    *,\n    html {\n      margin: 0;\n      padding: 0;\n    }\n  </style>\n  <script type=\"module\" crossorigin src=\"/assets/index-58b24b54.js\"></script>\n  <link rel=\"stylesheet\" href=\"/assets/index-a4f6c957.css\">\n</head>\n\n<body>\n  <noscript>Wanna write ur own UI without js?! Go ahead, don't disturb others</noscript>\n  <div id=\"root\"></div>\n\n  \n</body>\n\n</html>\n" columns= [Object, Object, Object, Object, Object, Object]  ... > 
  at <DataTable value="<!DOCTYPE html>\n<html lang=\"en\">\n\n<head>\n  <meta charset=\"utf-8\" />\n  <meta name=\"viewport\" content=\"width=device-width, initial-scale=1\" />\n  <meta name=\"theme-color\" content=\"#000000\" />\n  <link rel=\"shortcut icon\" type=\"image/ico\" href=\"/assets/favicon-bc234827.ico\" />\n  <link href=\"https://fonts.googleapis.com/css?family=Roboto:300,400,500\" rel=\"stylesheet\" />\n  <title>Pentaract UI</title>\n\n  <style>\n    *,\n    html {\n      margin: 0;\n      padding: 0;\n    }\n  </style>\n  <script type=\"module\" crossorigin src=\"/assets/index-58b24b54.js\"></script>\n  <link rel=\"stylesheet\" href=\"/assets/index-a4f6c957.css\">\n</head>\n\n<body>\n  <noscript>Wanna write ur own UI without js?! Go ahead, don't disturb others</noscript>\n  <div id=\"root\"></div>\n\n  \n</body>\n\n</html>\n" loading=false stripedRows=""  ... > 
  at <OrdersView onVnodeUnmounted=fn<onVnodeUnmounted> ref=Ref< Proxy(Object) > > 
  at <RouterView> 
  at <AppLayout onVnodeUnmounted=fn<onVnodeUnmounted> ref=Ref< Proxy(Object) > > 
  at <RouterView> 
  at <App> @ http://localhost:5277/node_modules/@vue/runtime-core/dist/runtime-core.esm-bundler.js:49
[     180ms] [WARNING] [Vue warn]: Invalid prop: type check failed for prop "rowData". Expected Object, got String with value "m". 
  at <BodyCell key="created_at" rowData="m" column= {__v_isVNode: true, __v_skip: true, type: Object, props: Object, key: null}  ... > 
  at <BodyRow key=undefined rowData="m" index=19  ... > 
  at <TableBody ref="bodyRef" value="<!DOCTYPE html>\n<htm" class=""  ... > 
  at <VirtualScroller ref="virtualScroller" items="<!DOCTYPE html>\n<html lang=\"en\">\n\n<head>\n  <meta charset=\"utf-8\" />\n  <meta name=\"viewport\" content=\"width=device-width, initial-scale=1\" />\n  <meta name=\"theme-color\" content=\"#000000\" />\n  <link rel=\"shortcut icon\" type=\"image/ico\" href=\"/assets/favicon-bc234827.ico\" />\n  <link href=\"https://fonts.googleapis.com/css?family=Roboto:300,400,500\" rel=\"stylesheet\" />\n  <title>Pentaract UI</title>\n\n  <style>\n    *,\n    html {\n      margin: 0;\n      padding: 0;\n    }\n  </style>\n  <script type=\"module\" crossorigin src=\"/assets/index-58b24b54.js\"></script>\n  <link rel=\"stylesheet\" href=\"/assets/index-a4f6c957.css\">\n</head>\n\n<body>\n  <noscript>Wanna write ur own UI without js?! Go ahead, don't disturb others</noscript>\n  <div id=\"root\"></div>\n\n  \n</body>\n\n</html>\n" columns= [Object, Object, Object, Object, Object, Object]  ... > 
  at <DataTable value="<!DOCTYPE html>\n<html lang=\"en\">\n\n<head>\n  <meta charset=\"utf-8\" />\n  <meta name=\"viewport\" content=\"width=device-width, initial-scale=1\" />\n  <meta name=\"theme-color\" content=\"#000000\" />\n  <link rel=\"shortcut icon\" type=\"image/ico\" href=\"/assets/favicon-bc234827.ico\" />\n  <link href=\"https://fonts.googleapis.com/css?family=Roboto:300,400,500\" rel=\"stylesheet\" />\n  <title>Pentaract UI</title>\n\n  <style>\n    *,\n    html {\n      margin: 0;\n      padding: 0;\n    }\n  </style>\n  <script type=\"module\" crossorigin src=\"/assets/index-58b24b54.js\"></script>\n  <link rel=\"stylesheet\" href=\"/assets/index-a4f6c957.css\">\n</head>\n\n<body>\n  <noscript>Wanna write ur own UI without js?! Go ahead, don't disturb others</noscript>\n  <div id=\"root\"></div>\n\n  \n</body>\n\n</html>\n" loading=false stripedRows=""  ... > 
  at <OrdersView onVnodeUnmounted=fn<onVnodeUnmounted> ref=Ref< Proxy(Object) > > 
  at <RouterView> 
  at <AppLayout onVnodeUnmounted=fn<onVnodeUnmounted> ref=Ref< Proxy(Object) > > 
  at <RouterView> 
  at <App> @ http://localhost:5277/node_modules/@vue/runtime-core/dist/runtime-core.esm-bundler.js:49
[     183ms] [WARNING] [Vue warn]: Invalid prop: type check failed for prop "rowData". Expected Object, got String with value "m". 
  at <BodyCell key=5 rowData="m" column= {__v_isVNode: true, __v_skip: true, type: Object, props: Object, key: null}  ... > 
  at <BodyRow key=undefined rowData="m" index=19  ... > 
  at <TableBody ref="bodyRef" value="<!DOCTYPE html>\n<htm" class=""  ... > 
  at <VirtualScroller ref="virtualScroller" items="<!DOCTYPE html>\n<html lang=\"en\">\n\n<head>\n  <meta charset=\"utf-8\" />\n  <meta name=\"viewport\" content=\"width=device-width, initial-scale=1\" />\n  <meta name=\"theme-color\" content=\"#000000\" />\n  <link rel=\"shortcut icon\" type=\"image/ico\" href=\"/assets/favicon-bc234827.ico\" />\n  <link href=\"https://fonts.googleapis.com/css?family=Roboto:300,400,500\" rel=\"stylesheet\" />\n  <title>Pentaract UI</title>\n\n  <style>\n    *,\n    html {\n      margin: 0;\n      padding: 0;\n    }\n  </style>\n  <script type=\"module\" crossorigin src=\"/assets/index-58b24b54.js\"></script>\n  <link rel=\"stylesheet\" href=\"/assets/index-a4f6c957.css\">\n</head>\n\n<body>\n  <noscript>Wanna write ur own UI without js?! Go ahead, don't disturb others</noscript>\n  <div id=\"root\"></div>\n\n  \n</body>\n\n</html>\n" columns= [Object, Object, Object, Object, Object, Object]  ... > 
  at <DataTable value="<!DOCTYPE html>\n<html lang=\"en\">\n\n<head>\n  <meta charset=\"utf-8\" />\n  <meta name=\"viewport\" content=\"width=device-width, initial-scale=1\" />\n  <meta name=\"theme-color\" content=\"#000000\" />\n  <link rel=\"shortcut icon\" type=\"image/ico\" href=\"/assets/favicon-bc234827.ico\" />\n  <link href=\"https://fonts.googleapis.com/css?family=Roboto:300,400,500\" rel=\"stylesheet\" />\n  <title>Pentaract UI</title>\n\n  <style>\n    *,\n    html {\n      margin: 0;\n      padding: 0;\n    }\n  </style>\n  <script type=\"module\" crossorigin src=\"/assets/index-58b24b54.js\"></script>\n  <link rel=\"stylesheet\" href=\"/assets/index-a4f6c957.css\">\n</head>\n\n<body>\n  <noscript>Wanna write ur own UI without js?! Go ahead, don't disturb others</noscript>\n  <div id=\"root\"></div>\n\n  \n</body>\n\n</html>\n" loading=false stripedRows=""  ... > 
  at <OrdersView onVnodeUnmounted=fn<onVnodeUnmounted> ref=Ref< Proxy(Object) > > 
  at <RouterView> 
  at <AppLayout onVnodeUnmounted=fn<onVnodeUnmounted> ref=Ref< Proxy(Object) > > 
  at <RouterView> 
  at <App> @ http://localhost:5277/node_modules/@vue/runtime-core/dist/runtime-core.esm-bundler.js:49
[    1775ms] [WARNING] [Vue warn]: Invalid prop: type check failed for prop "value". Expected Array, got String with value "<!DOCTYPE html>
<html lang="en">

<head>
  <meta charset="utf-8" />
  <meta name="viewport" content="width=device-width, initial-scale=1" />
  <meta name="theme-color" content="#000000" />
  <link rel="shortcut icon" type="image/ico" href="/assets/favicon-bc234827.ico" />
  <link href="https://fonts.googleapis.com/css?family=Roboto:300,400,500" rel="stylesheet" />
  <title>Pentaract UI</title>

  <style>
    *,
    html {
      margin: 0;
      padding: 0;
    }
  </style>
  <script type="module" crossorigin src="/assets/index-58b24b54.js"></script>
  <link rel="stylesheet" href="/assets/index-a4f6c957.css">
</head>

<body>
  <noscript>Wanna write ur own UI without js?! Go ahead, don't disturb others</noscript>
  <div id="root"></div>

  
</body>

</html>
". 
  at <DataTable value="<!DOCTYPE html>\n<html lang=\"en\">\n\n<head>\n  <meta charset=\"utf-8\" />\n  <meta name=\"viewport\" content=\"width=device-width, initial-scale=1\" />\n  <meta name=\"theme-color\" content=\"#000000\" />\n  <link rel=\"shortcut icon\" type=\"image/ico\" href=\"/assets/favicon-bc234827.ico\" />\n  <link href=\"https://fonts.googleapis.com/css?family=Roboto:300,400,500\" rel=\"stylesheet\" />\n  <title>Pentaract UI</title>\n\n  <style>\n    *,\n    html {\n      margin: 0;\n      padding: 0;\n    }\n  </style>\n  <script type=\"module\" crossorigin src=\"/assets/index-58b24b54.js\"></script>\n  <link rel=\"stylesheet\" href=\"/assets/index-a4f6c957.css\">\n</head>\n\n<body>\n  <noscript>Wanna write ur own UI without js?! Go ahead, don't disturb others</noscript>\n  <div id=\"root\"></div>\n\n  \n</body>\n\n</html>\n" loading=false stripedRows=""  ... > 
  at <OrdersView onVnodeUnmounted=fn<onVnodeUnmounted> ref=Ref< Proxy(Object) > > 
  at <RouterView> 
  at <AppLayout onVnodeUnmounted=fn<onVnodeUnmounted> ref=Ref< Proxy(Object) > > 
  at <RouterView> 
  at <App> @ http://localhost:5277/node_modules/@vue/runtime-core/dist/runtime-core.esm-bundler.js:49
[    1780ms] [WARNING] [Vue warn]: Invalid prop: type check failed for prop "items". Expected Array, got String with value "<!DOCTYPE html>
<html lang="en">

<head>
  <meta charset="utf-8" />
  <meta name="viewport" content="width=device-width, initial-scale=1" />
  <meta name="theme-color" content="#000000" />
  <link rel="shortcut icon" type="image/ico" href="/assets/favicon-bc234827.ico" />
  <link href="https://fonts.googleapis.com/css?family=Roboto:300,400,500" rel="stylesheet" />
  <title>Pentaract UI</title>

  <style>
    *,
    html {
      margin: 0;
      padding: 0;
    }
  </style>
  <script type="module" crossorigin src="/assets/index-58b24b54.js"></script>
  <link rel="stylesheet" href="/assets/index-a4f6c957.css">
</head>

<body>
  <noscript>Wanna write ur own UI without js?! Go ahead, don't disturb others</noscript>
  <div id="root"></div>

  
</body>

</html>
". 
  at <VirtualScroller ref="virtualScroller" items="<!DOCTYPE html>\n<html lang=\"en\">\n\n<head>\n  <meta charset=\"utf-8\" />\n  <meta name=\"viewport\" content=\"width=device-width, initial-scale=1\" />\n  <meta name=\"theme-color\" content=\"#000000\" />\n  <link rel=\"shortcut icon\" type=\"image/ico\" href=\"/assets/favicon-bc234827.ico\" />\n  <link href=\"https://fonts.googleapis.com/css?family=Roboto:300,400,500\" rel=\"stylesheet\" />\n  <title>Pentaract UI</title>\n\n  <style>\n    *,\n    html {\n      margin: 0;\n      padding: 0;\n    }\n  </style>\n  <script type=\"module\" crossorigin src=\"/assets/index-58b24b54.js\"></script>\n  <link rel=\"stylesheet\" href=\"/assets/index-a4f6c957.css\">\n</head>\n\n<body>\n  <noscript>Wanna write ur own UI without js?! Go ahead, don't disturb others</noscript>\n  <div id=\"root\"></div>\n\n  \n</body>\n\n</html>\n" columns= [Object, Object, Object, Object, Object, Object]  ... > 
  at <DataTable value="<!DOCTYPE html>\n<html lang=\"en\">\n\n<head>\n  <meta charset=\"utf-8\" />\n  <meta name=\"viewport\" content=\"width=device-width, initial-scale=1\" />\n  <meta name=\"theme-color\" content=\"#000000\" />\n  <link rel=\"shortcut icon\" type=\"image/ico\" href=\"/assets/favicon-bc234827.ico\" />\n  <link href=\"https://fonts.googleapis.com/css?family=Roboto:300,400,500\" rel=\"stylesheet\" />\n  <title>Pentaract UI</title>\n\n  <style>\n    *,\n    html {\n      margin: 0;\n      padding: 0;\n    }\n  </style>\n  <script type=\"module\" crossorigin src=\"/assets/index-58b24b54.js\"></script>\n  <link rel=\"stylesheet\" href=\"/assets/index-a4f6c957.css\">\n</head>\n\n<body>\n  <noscript>Wanna write ur own UI without js?! Go ahead, don't disturb others</noscript>\n  <div id=\"root\"></div>\n\n  \n</body>\n\n</html>\n" loading=false stripedRows=""  ... > 
  at <OrdersView onVnodeUnmounted=fn<onVnodeUnmounted> ref=Ref< Proxy(Object) > > 
  at <RouterView> 
  at <AppLayout onVnodeUnmounted=fn<onVnodeUnmounted> ref=Ref< Proxy(Object) > > 
  at <RouterView> 
  at <App> @ http://localhost:5277/node_modules/@vue/runtime-core/dist/runtime-core.esm-bundler.js:49
[    1792ms] [WARNING] [Vue warn]: Invalid prop: type check failed for prop "value". Expected Array, got String with value "<!DOCTYPE html>
<htm". 
  at <TableBody ref="bodyRef" value="<!DOCTYPE html>\n<htm" class=""  ... > 
  at <VirtualScroller ref="virtualScroller" items="<!DOCTYPE html>\n<html lang=\"en\">\n\n<head>\n  <meta charset=\"utf-8\" />\n  <meta name=\"viewport\" content=\"width=device-width, initial-scale=1\" />\n  <meta name=\"theme-color\" content=\"#000000\" />\n  <link rel=\"shortcut icon\" type=\"image/ico\" href=\"/assets/favicon-bc234827.ico\" />\n  <link href=\"https://fonts.googleapis.com/css?family=Roboto:300,400,500\" rel=\"stylesheet\" />\n  <title>Pentaract UI</title>\n\n  <style>\n    *,\n    html {\n      margin: 0;\n      padding: 0;\n    }\n  </style>\n  <script type=\"module\" crossorigin src=\"/assets/index-58b24b54.js\"></script>\n  <link rel=\"stylesheet\" href=\"/assets/index-a4f6c957.css\">\n</head>\n\n<body>\n  <noscript>Wanna write ur own UI without js?! Go ahead, don't disturb others</noscript>\n  <div id=\"root\"></div>\n\n  \n</body>\n\n</html>\n" columns= [Object, Object, Object, Object, Object, Object]  ... > 
  at <DataTable value="<!DOCTYPE html>\n<html lang=\"en\">\n\n<head>\n  <meta charset=\"utf-8\" />\n  <meta name=\"viewport\" content=\"width=device-width, initial-scale=1\" />\n  <meta name=\"theme-color\" content=\"#000000\" />\n  <link rel=\"shortcut icon\" type=\"image/ico\" href=\"/assets/favicon-bc234827.ico\" />\n  <link href=\"https://fonts.googleapis.com/css?family=Roboto:300,400,500\" rel=\"stylesheet\" />\n  <title>Pentaract UI</title>\n\n  <style>\n    *,\n    html {\n      margin: 0;\n      padding: 0;\n    }\n  </style>\n  <script type=\"module\" crossorigin src=\"/assets/index-58b24b54.js\"></script>\n  <link rel=\"stylesheet\" href=\"/assets/index-a4f6c957.css\">\n</head>\n\n<body>\n  <noscript>Wanna write ur own UI without js?! Go ahead, don't disturb others</noscript>\n  <div id=\"root\"></div>\n\n  \n</body>\n\n</html>\n" loading=false stripedRows=""  ... > 
  at <OrdersView onVnodeUnmounted=fn<onVnodeUnmounted> ref=Ref< Proxy(Object) > > 
  at <RouterView> 
  at <AppLayout onVnodeUnmounted=fn<onVnodeUnmounted> ref=Ref< Proxy(Object) > > 
  at <RouterView> 
  at <App> @ http://localhost:5277/node_modules/@vue/runtime-core/dist/runtime-core.esm-bundler.js:49
[    1797ms] [WARNING] [Vue warn]: Invalid prop: type check failed for prop "rowData". Expected Object, got String with value "<". 
  at <BodyRow key=undefined rowData="<" index=0  ... > 
  at <TableBody ref="bodyRef" value="<!DOCTYPE html>\n<htm" class=""  ... > 
  at <VirtualScroller ref="virtualScroller" items="<!DOCTYPE html>\n<html lang=\"en\">\n\n<head>\n  <meta charset=\"utf-8\" />\n  <meta name=\"viewport\" content=\"width=device-width, initial-scale=1\" />\n  <meta name=\"theme-color\" content=\"#000000\" />\n  <link rel=\"shortcut icon\" type=\"image/ico\" href=\"/assets/favicon-bc234827.ico\" />\n  <link href=\"https://fonts.googleapis.com/css?family=Roboto:300,400,500\" rel=\"stylesheet\" />\n  <title>Pentaract UI</title>\n\n  <style>\n    *,\n    html {\n      margin: 0;\n      padding: 0;\n    }\n  </style>\n  <script type=\"module\" crossorigin src=\"/assets/index-58b24b54.js\"></script>\n  <link rel=\"stylesheet\" href=\"/assets/index-a4f6c957.css\">\n</head>\n\n<body>\n  <noscript>Wanna write ur own UI without js?! Go ahead, don't disturb others</noscript>\n  <div id=\"root\"></div>\n\n  \n</body>\n\n</html>\n" columns= [Object, Object, Object, Object, Object, Object]  ... > 
  at <DataTable value="<!DOCTYPE html>\n<html lang=\"en\">\n\n<head>\n  <meta charset=\"utf-8\" />\n  <meta name=\"viewport\" content=\"width=device-width, initial-scale=1\" />\n  <meta name=\"theme-color\" content=\"#000000\" />\n  <link rel=\"shortcut icon\" type=\"image/ico\" href=\"/assets/favicon-bc234827.ico\" />\n  <link href=\"https://fonts.googleapis.com/css?family=Roboto:300,400,500\" rel=\"stylesheet\" />\n  <title>Pentaract UI</title>\n\n  <style>\n    *,\n    html {\n      margin: 0;\n      padding: 0;\n    }\n  </style>\n  <script type=\"module\" crossorigin src=\"/assets/index-58b24b54.js\"></script>\n  <link rel=\"stylesheet\" href=\"/assets/index-a4f6c957.css\">\n</head>\n\n<body>\n  <noscript>Wanna write ur own UI without js?! Go ahead, don't disturb others</noscript>\n  <div id=\"root\"></div>\n\n  \n</body>\n\n</html>\n" loading=false stripedRows=""  ... > 
  at <OrdersView onVnodeUnmounted=fn<onVnodeUnmounted> ref=Ref< Proxy(Object) > > 
  at <RouterView> 
  at <AppLayout onVnodeUnmounted=fn<onVnodeUnmounted> ref=Ref< Proxy(Object) > > 
  at <RouterView> 
  at <App> @ http://localhost:5277/node_modules/@vue/runtime-core/dist/runtime-core.esm-bundler.js:49
[    1798ms] [WARNING] [Vue warn]: Invalid prop: type check failed for prop "value". Expected Array, got String with value "<!DOCTYPE html>
<htm". 
  at <BodyRow key=undefined rowData="<" index=0  ... > 
  at <TableBody ref="bodyRef" value="<!DOCTYPE html>\n<htm" class=""  ... > 
  at <VirtualScroller ref="virtualScroller" items="<!DOCTYPE html>\n<html lang=\"en\">\n\n<head>\n  <meta charset=\"utf-8\" />\n  <meta name=\"viewport\" content=\"width=device-width, initial-scale=1\" />\n  <meta name=\"theme-color\" content=\"#000000\" />\n  <link rel=\"shortcut icon\" type=\"image/ico\" href=\"/assets/favicon-bc234827.ico\" />\n  <link href=\"https://fonts.googleapis.com/css?family=Roboto:300,400,500\" rel=\"stylesheet\" />\n  <title>Pentaract UI</title>\n\n  <style>\n    *,\n    html {\n      margin: 0;\n      padding: 0;\n    }\n  </style>\n  <script type=\"module\" crossorigin src=\"/assets/index-58b24b54.js\"></script>\n  <link rel=\"stylesheet\" href=\"/assets/index-a4f6c957.css\">\n</head>\n\n<body>\n  <noscript>Wanna write ur own UI without js?! Go ahead, don't disturb others</noscript>\n  <div id=\"root\"></div>\n\n  \n</body>\n\n</html>\n" columns= [Object, Object, Object, Object, Object, Object]  ... > 
  at <DataTable value="<!DOCTYPE html>\n<html lang=\"en\">\n\n<head>\n  <meta charset=\"utf-8\" />\n  <meta name=\"viewport\" content=\"width=device-width, initial-scale=1\" />\n  <meta name=\"theme-color\" content=\"#000000\" />\n  <link rel=\"shortcut icon\" type=\"image/ico\" href=\"/assets/favicon-bc234827.ico\" />\n  <link href=\"https://fonts.googleapis.com/css?family=Roboto:300,400,500\" rel=\"stylesheet\" />\n  <title>Pentaract UI</title>\n\n  <style>\n    *,\n    html {\n      margin: 0;\n      padding: 0;\n    }\n  </style>\n  <script type=\"module\" crossorigin src=\"/assets/index-58b24b54.js\"></script>\n  <link rel=\"stylesheet\" href=\"/assets/index-a4f6c957.css\">\n</head>\n\n<body>\n  <noscript>Wanna write ur own UI without js?! Go ahead, don't disturb others</noscript>\n  <div id=\"root\"></div>\n\n  \n</body>\n\n</html>\n" loading=false stripedRows=""  ... > 
  at <OrdersView onVnodeUnmounted=fn<onVnodeUnmounted> ref=Ref< Proxy(Object) > > 
  at <RouterView> 
  at <AppLayout onVnodeUnmounted=fn<onVnodeUnmounted> ref=Ref< Proxy(Object) > > 
  at <RouterView> 
  at <App> @ http://localhost:5277/node_modules/@vue/runtime-core/dist/runtime-core.esm-bundler.js:49
[    1802ms] [WARNING] [Vue warn]: Invalid prop: type check failed for prop "rowData". Expected Object, got String with value "<". 
  at <BodyCell key="id" rowData="<" column= {__v_isVNode: true, __v_skip: true, type: Object, props: Object, key: null}  ... > 
  at <BodyRow key=undefined rowData="<" index=0  ... > 
  at <TableBody ref="bodyRef" value="<!DOCTYPE html>\n<htm" class=""  ... > 
  at <VirtualScroller ref="virtualScroller" items="<!DOCTYPE html>\n<html lang=\"en\">\n\n<head>\n  <meta charset=\"utf-8\" />\n  <meta name=\"viewport\" content=\"width=device-width, initial-scale=1\" />\n  <meta name=\"theme-color\" content=\"#000000\" />\n  <link rel=\"shortcut icon\" type=\"image/ico\" href=\"/assets/favicon-bc234827.ico\" />\n  <link href=\"https://fonts.googleapis.com/css?family=Roboto:300,400,500\" rel=\"stylesheet\" />\n  <title>Pentaract UI</title>\n\n  <style>\n    *,\n    html {\n      margin: 0;\n      padding: 0;\n    }\n  </style>\n  <script type=\"module\" crossorigin src=\"/assets/index-58b24b54.js\"></script>\n  <link rel=\"stylesheet\" href=\"/assets/index-a4f6c957.css\">\n</head>\n\n<body>\n  <noscript>Wanna write ur own UI without js?! Go ahead, don't disturb others</noscript>\n  <div id=\"root\"></div>\n\n  \n</body>\n\n</html>\n" columns= [Object, Object, Object, Object, Object, Object]  ... > 
  at <DataTable value="<!DOCTYPE html>\n<html lang=\"en\">\n\n<head>\n  <meta charset=\"utf-8\" />\n  <meta name=\"viewport\" content=\"width=device-width, initial-scale=1\" />\n  <meta name=\"theme-color\" content=\"#000000\" />\n  <link rel=\"shortcut icon\" type=\"image/ico\" href=\"/assets/favicon-bc234827.ico\" />\n  <link href=\"https://fonts.googleapis.com/css?family=Roboto:300,400,500\" rel=\"stylesheet\" />\n  <title>Pentaract UI</title>\n\n  <style>\n    *,\n    html {\n      margin: 0;\n      padding: 0;\n    }\n  </style>\n  <script type=\"module\" crossorigin src=\"/assets/index-58b24b54.js\"></script>\n  <link rel=\"stylesheet\" href=\"/assets/index-a4f6c957.css\">\n</head>\n\n<body>\n  <noscript>Wanna write ur own UI without js?! Go ahead, don't disturb others</noscript>\n  <div id=\"root\"></div>\n\n  \n</body>\n\n</html>\n" loading=false stripedRows=""  ... > 
  at <OrdersView onVnodeUnmounted=fn<onVnodeUnmounted> ref=Ref< Proxy(Object) > > 
  at <RouterView> 
  at <AppLayout onVnodeUnmounted=fn<onVnodeUnmounted> ref=Ref< Proxy(Object) > > 
  at <RouterView> 
  at <App> @ http://localhost:5277/node_modules/@vue/runtime-core/dist/runtime-core.esm-bundler.js:49
[    1806ms] [WARNING] [Vue warn]: Invalid prop: type check failed for prop "rowData". Expected Object, got String with value "<". 
  at <BodyCell key="client_id" rowData="<" column= {__v_isVNode: true, __v_skip: true, type: Object, props: Object, key: null}  ... > 
  at <BodyRow key=undefined rowData="<" index=0  ... > 
  at <TableBody ref="bodyRef" value="<!DOCTYPE html>\n<htm" class=""  ... > 
  at <VirtualScroller ref="virtualScroller" items="<!DOCTYPE html>\n<html lang=\"en\">\n\n<head>\n  <meta charset=\"utf-8\" />\n  <meta name=\"viewport\" content=\"width=device-width, initial-scale=1\" />\n  <meta name=\"theme-color\" content=\"#000000\" />\n  <link rel=\"shortcut icon\" type=\"image/ico\" href=\"/assets/favicon-bc234827.ico\" />\n  <link href=\"https://fonts.googleapis.com/css?family=Roboto:300,400,500\" rel=\"stylesheet\" />\n  <title>Pentaract UI</title>\n\n  <style>\n    *,\n    html {\n      margin: 0;\n      padding: 0;\n    }\n  </style>\n  <script type=\"module\" crossorigin src=\"/assets/index-58b24b54.js\"></script>\n  <link rel=\"stylesheet\" href=\"/assets/index-a4f6c957.css\">\n</head>\n\n<body>\n  <noscript>Wanna write ur own UI without js?! Go ahead, don't disturb others</noscript>\n  <div id=\"root\"></div>\n\n  \n</body>\n\n</html>\n" columns= [Object, Object, Object, Object, Object, Object]  ... > 
  at <DataTable value="<!DOCTYPE html>\n<html lang=\"en\">\n\n<head>\n  <meta charset=\"utf-8\" />\n  <meta name=\"viewport\" content=\"width=device-width, initial-scale=1\" />\n  <meta name=\"theme-color\" content=\"#000000\" />\n  <link rel=\"shortcut icon\" type=\"image/ico\" href=\"/assets/favicon-bc234827.ico\" />\n  <link href=\"https://fonts.googleapis.com/css?family=Roboto:300,400,500\" rel=\"stylesheet\" />\n  <title>Pentaract UI</title>\n\n  <style>\n    *,\n    html {\n      margin: 0;\n      padding: 0;\n    }\n  </style>\n  <script type=\"module\" crossorigin src=\"/assets/index-58b24b54.js\"></script>\n  <link rel=\"stylesheet\" href=\"/assets/index-a4f6c957.css\">\n</head>\n\n<body>\n  <noscript>Wanna write ur own UI without js?! Go ahead, don't disturb others</noscript>\n  <div id=\"root\"></div>\n\n  \n</body>\n\n</html>\n" loading=false stripedRows=""  ... > 
  at <OrdersView onVnodeUnmounted=fn<onVnodeUnmounted> ref=Ref< Proxy(Object) > > 
  at <RouterView> 
  at <AppLayout onVnodeUnmounted=fn<onVnodeUnmounted> ref=Ref< Proxy(Object) > > 
  at <RouterView> 
  at <App> @ http://localhost:5277/node_modules/@vue/runtime-core/dist/runtime-core.esm-bundler.js:49
[    1809ms] [WARNING] [Vue warn]: Invalid prop: type check failed for prop "rowData". Expected Object, got String with value "<". 
  at <BodyCell key="source" rowData="<" column= {__v_isVNode: true, __v_skip: true, type: Object, props: Object, key: null}  ... > 
  at <BodyRow key=undefined rowData="<" index=0  ... > 
  at <TableBody ref="bodyRef" value="<!DOCTYPE html>\n<htm" class=""  ... > 
  at <VirtualScroller ref="virtualScroller" items="<!DOCTYPE html>\n<html lang=\"en\">\n\n<head>\n  <meta charset=\"utf-8\" />\n  <meta name=\"viewport\" content=\"width=device-width, initial-scale=1\" />\n  <meta name=\"theme-color\" content=\"#000000\" />\n  <link rel=\"shortcut icon\" type=\"image/ico\" href=\"/assets/favicon-bc234827.ico\" />\n  <link href=\"https://fonts.googleapis.com/css?family=Roboto:300,400,500\" rel=\"stylesheet\" />\n  <title>Pentaract UI</title>\n\n  <style>\n    *,\n    html {\n      margin: 0;\n      padding: 0;\n    }\n  </style>\n  <script type=\"module\" crossorigin src=\"/assets/index-58b24b54.js\"></script>\n  <link rel=\"stylesheet\" href=\"/assets/index-a4f6c957.css\">\n</head>\n\n<body>\n  <noscript>Wanna write ur own UI without js?! Go ahead, don't disturb others</noscript>\n  <div id=\"root\"></div>\n\n  \n</body>\n\n</html>\n" columns= [Object, Object, Object, Object, Object, Object]  ... > 
  at <DataTable value="<!DOCTYPE html>\n<html lang=\"en\">\n\n<head>\n  <meta charset=\"utf-8\" />\n  <meta name=\"viewport\" content=\"width=device-width, initial-scale=1\" />\n  <meta name=\"theme-color\" content=\"#000000\" />\n  <link rel=\"shortcut icon\" type=\"image/ico\" href=\"/assets/favicon-bc234827.ico\" />\n  <link href=\"https://fonts.googleapis.com/css?family=Roboto:300,400,500\" rel=\"stylesheet\" />\n  <title>Pentaract UI</title>\n\n  <style>\n    *,\n    html {\n      margin: 0;\n      padding: 0;\n    }\n  </style>\n  <script type=\"module\" crossorigin src=\"/assets/index-58b24b54.js\"></script>\n  <link rel=\"stylesheet\" href=\"/assets/index-a4f6c957.css\">\n</head>\n\n<body>\n  <noscript>Wanna write ur own UI without js?! Go ahead, don't disturb others</noscript>\n  <div id=\"root\"></div>\n\n  \n</body>\n\n</html>\n" loading=false stripedRows=""  ... > 
  at <OrdersView onVnodeUnmounted=fn<onVnodeUnmounted> ref=Ref< Proxy(Object) > > 
  at <RouterView> 
  at <AppLayout onVnodeUnmounted=fn<onVnodeUnmounted> ref=Ref< Proxy(Object) > > 
  at <RouterView> 
  at <App> @ http://localhost:5277/node_modules/@vue/runtime-core/dist/runtime-core.esm-bundler.js:49
[    1812ms] [WARNING] [Vue warn]: Invalid prop: type check failed for prop "rowData". Expected Object, got String with value "<". 
  at <BodyCell key="status" rowData="<" column= {__v_isVNode: true, __v_skip: true, type: Object, props: Object, key: null}  ... > 
  at <BodyRow key=undefined rowData="<" index=0  ... > 
  at <TableBody ref="bodyRef" value="<!DOCTYPE html>\n<htm" class=""  ... > 
  at <VirtualScroller ref="virtualScroller" items="<!DOCTYPE html>\n<html lang=\"en\">\n\n<head>\n  <meta charset=\"utf-8\" />\n  <meta name=\"viewport\" content=\"width=device-width, initial-scale=1\" />\n  <meta name=\"theme-color\" content=\"#000000\" />\n  <link rel=\"shortcut icon\" type=\"image/ico\" href=\"/assets/favicon-bc234827.ico\" />\n  <link href=\"https://fonts.googleapis.com/css?family=Roboto:300,400,500\" rel=\"stylesheet\" />\n  <title>Pentaract UI</title>\n\n  <style>\n    *,\n    html {\n      margin: 0;\n      padding: 0;\n    }\n  </style>\n  <script type=\"module\" crossorigin src=\"/assets/index-58b24b54.js\"></script>\n  <link rel=\"stylesheet\" href=\"/assets/index-a4f6c957.css\">\n</head>\n\n<body>\n  <noscript>Wanna write ur own UI without js?! Go ahead, don't disturb others</noscript>\n  <div id=\"root\"></div>\n\n  \n</body>\n\n</html>\n" columns= [Object, Object, Object, Object, Object, Object]  ... > 
  at <DataTable value="<!DOCTYPE html>\n<html lang=\"en\">\n\n<head>\n  <meta charset=\"utf-8\" />\n  <meta name=\"viewport\" content=\"width=device-width, initial-scale=1\" />\n  <meta name=\"theme-color\" content=\"#000000\" />\n  <link rel=\"shortcut icon\" type=\"image/ico\" href=\"/assets/favicon-bc234827.ico\" />\n  <link href=\"https://fonts.googleapis.com/css?family=Roboto:300,400,500\" rel=\"stylesheet\" />\n  <title>Pentaract UI</title>\n\n  <style>\n    *,\n    html {\n      margin: 0;\n      padding: 0;\n    }\n  </style>\n  <script type=\"module\" crossorigin src=\"/assets/index-58b24b54.js\"></script>\n  <link rel=\"stylesheet\" href=\"/assets/index-a4f6c957.css\">\n</head>\n\n<body>\n  <noscript>Wanna write ur own UI without js?! Go ahead, don't disturb others</noscript>\n  <div id=\"root\"></div>\n\n  \n</body>\n\n</html>\n" loading=false stripedRows=""  ... > 
  at <OrdersView onVnodeUnmounted=fn<onVnodeUnmounted> ref=Ref< Proxy(Object) > > 
  at <RouterView> 
  at <AppLayout onVnodeUnmounted=fn<onVnodeUnmounted> ref=Ref< Proxy(Object) > > 
  at <RouterView> 
  at <App> @ http://localhost:5277/node_modules/@vue/runtime-core/dist/runtime-core.esm-bundler.js:49
[    1820ms] [WARNING] [Vue warn]: Invalid prop: type check failed for prop "rowData". Expected Object, got String with value "<". 
  at <BodyCell key="created_at" rowData="<" column= {__v_isVNode: true, __v_skip: true, type: Object, props: Object, key: null}  ... > 
  at <BodyRow key=undefined rowData="<" index=0  ... > 
  at <TableBody ref="bodyRef" value="<!DOCTYPE html>\n<htm" class=""  ... > 
  at <VirtualScroller ref="virtualScroller" items="<!DOCTYPE html>\n<html lang=\"en\">\n\n<head>\n  <meta charset=\"utf-8\" />\n  <meta name=\"viewport\" content=\"width=device-width, initial-scale=1\" />\n  <meta name=\"theme-color\" content=\"#000000\" />\n  <link rel=\"shortcut icon\" type=\"image/ico\" href=\"/assets/favicon-bc234827.ico\" />\n  <link href=\"https://fonts.googleapis.com/css?family=Roboto:300,400,500\" rel=\"stylesheet\" />\n  <title>Pentaract UI</title>\n\n  <style>\n    *,\n    html {\n      margin: 0;\n      padding: 0;\n    }\n  </style>\n  <script type=\"module\" crossorigin src=\"/assets/index-58b24b54.js\"></script>\n  <link rel=\"stylesheet\" href=\"/assets/index-a4f6c957.css\">\n</head>\n\n<body>\n  <noscript>Wanna write ur own UI without js?! Go ahead, don't disturb others</noscript>\n  <div id=\"root\"></div>\n\n  \n</body>\n\n</html>\n" columns= [Object, Object, Object, Object, Object, Object]  ... > 
  at <DataTable value="<!DOCTYPE html>\n<html lang=\"en\">\n\n<head>\n  <meta charset=\"utf-8\" />\n  <meta name=\"viewport\" content=\"width=device-width, initial-scale=1\" />\n  <meta name=\"theme-color\" content=\"#000000\" />\n  <link rel=\"shortcut icon\" type=\"image/ico\" href=\"/assets/favicon-bc234827.ico\" />\n  <link href=\"https://fonts.googleapis.com/css?family=Roboto:300,400,500\" rel=\"stylesheet\" />\n  <title>Pentaract UI</title>\n\n  <style>\n    *,\n    html {\n      margin: 0;\n      padding: 0;\n    }\n  </style>\n  <script type=\"module\" crossorigin src=\"/assets/index-58b24b54.js\"></script>\n  <link rel=\"stylesheet\" href=\"/assets/index-a4f6c957.css\">\n</head>\n\n<body>\n  <noscript>Wanna write ur own UI without js?! Go ahead, don't disturb others</noscript>\n  <div id=\"root\"></div>\n\n  \n</body>\n\n</html>\n" loading=false stripedRows=""  ... > 
  at <OrdersView onVnodeUnmounted=fn<onVnodeUnmounted> ref=Ref< Proxy(Object) > > 
  at <RouterView> 
  at <AppLayout onVnodeUnmounted=fn<onVnodeUnmounted> ref=Ref< Proxy(Object) > > 
  at <RouterView> 
  at <App> @ http://localhost:5277/node_modules/@vue/runtime-core/dist/runtime-core.esm-bundler.js:49
[    1823ms] [WARNING] [Vue warn]: Invalid prop: type check failed for prop "rowData". Expected Object, got String with value "<". 
  at <BodyCell key=5 rowData="<" column= {__v_isVNode: true, __v_skip: true, type: Object, props: Object, key: null}  ... > 
  at <BodyRow key=undefined rowData="<" index=0  ... > 
  at <TableBody ref="bodyRef" value="<!DOCTYPE html>\n<htm" class=""  ... > 
  at <VirtualScroller ref="virtualScroller" items="<!DOCTYPE html>\n<html lang=\"en\">\n\n<head>\n  <meta charset=\"utf-8\" />\n  <meta name=\"viewport\" content=\"width=device-width, initial-scale=1\" />\n  <meta name=\"theme-color\" content=\"#000000\" />\n  <link rel=\"shortcut icon\" type=\"image/ico\" href=\"/assets/favicon-bc234827.ico\" />\n  <link href=\"https://fonts.googleapis.com/css?family=Roboto:300,400,500\" rel=\"stylesheet\" />\n  <title>Pentaract UI</title>\n\n  <style>\n    *,\n    html {\n      margin: 0;\n      padding: 0;\n    }\n  </style>\n  <script type=\"module\" crossorigin src=\"/assets/index-58b24b54.js\"></script>\n  <link rel=\"stylesheet\" href=\"/assets/index-a4f6c957.css\">\n</head>\n\n<body>\n  <noscript>Wanna write ur own UI without js?! Go ahead, don't disturb others</noscript>\n  <div id=\"root\"></div>\n\n  \n</body>\n\n</html>\n" columns= [Object, Object, Object, Object, Object, Object]  ... > 
  at <DataTable value="<!DOCTYPE html>\n<html lang=\"en\">\n\n<head>\n  <meta charset=\"utf-8\" />\n  <meta name=\"viewport\" content=\"width=device-width, initial-scale=1\" />\n  <meta name=\"theme-color\" content=\"#000000\" />\n  <link rel=\"shortcut icon\" type=\"image/ico\" href=\"/assets/favicon-bc234827.ico\" />\n  <link href=\"https://fonts.googleapis.com/css?family=Roboto:300,400,500\" rel=\"stylesheet\" />\n  <title>Pentaract UI</title>\n\n  <style>\n    *,\n    html {\n      margin: 0;\n      padding: 0;\n    }\n  </style>\n  <script type=\"module\" crossorigin src=\"/assets/index-58b24b54.js\"></script>\n  <link rel=\"stylesheet\" href=\"/assets/index-a4f6c957.css\">\n</head>\n\n<body>\n  <noscript>Wanna write ur own UI without js?! Go ahead, don't disturb others</noscript>\n  <div id=\"root\"></div>\n\n  \n</body>\n\n</html>\n" loading=false stripedRows=""  ... > 
  at <OrdersView onVnodeUnmounted=fn<onVnodeUnmounted> ref=Ref< Proxy(Object) > > 
  at <RouterView> 
  at <AppLayout onVnodeUnmounted=fn<onVnodeUnmounted> ref=Ref< Proxy(Object) > > 
  at <RouterView> 
  at <App> @ http://localhost:5277/node_modules/@vue/runtime-core/dist/runtime-core.esm-bundler.js:49
[    1827ms] [WARNING] [Vue warn]: Invalid prop: type check failed for prop "rowData". Expected Object, got String with value "!". 
  at <BodyRow key=undefined rowData="!" index=1  ... > 
  at <TableBody ref="bodyRef" value="<!DOCTYPE html>\n<htm" class=""  ... > 
  at <VirtualScroller ref="virtualScroller" items="<!DOCTYPE html>\n<html lang=\"en\">\n\n<head>\n  <meta charset=\"utf-8\" />\n  <meta name=\"viewport\" content=\"width=device-width, initial-scale=1\" />\n  <meta name=\"theme-color\" content=\"#000000\" />\n  <link rel=\"shortcut icon\" type=\"image/ico\" href=\"/assets/favicon-bc234827.ico\" />\n  <link href=\"https://fonts.googleapis.com/css?family=Roboto:300,400,500\" rel=\"stylesheet\" />\n  <title>Pentaract UI</title>\n\n  <style>\n    *,\n    html {\n      margin: 0;\n      padding: 0;\n    }\n  </style>\n  <script type=\"module\" crossorigin src=\"/assets/index-58b24b54.js\"></script>\n  <link rel=\"stylesheet\" href=\"/assets/index-a4f6c957.css\">\n</head>\n\n<body>\n  <noscript>Wanna write ur own UI without js?! Go ahead, don't disturb others</noscript>\n  <div id=\"root\"></div>\n\n  \n</body>\n\n</html>\n" columns= [Object, Object, Object, Object, Object, Object]  ... > 
  at <DataTable value="<!DOCTYPE html>\n<html lang=\"en\">\n\n<head>\n  <meta charset=\"utf-8\" />\n  <meta name=\"viewport\" content=\"width=device-width, initial-scale=1\" />\n  <meta name=\"theme-color\" content=\"#000000\" />\n  <link rel=\"shortcut icon\" type=\"image/ico\" href=\"/assets/favicon-bc234827.ico\" />\n  <link href=\"https://fonts.googleapis.com/css?family=Roboto:300,400,500\" rel=\"stylesheet\" />\n  <title>Pentaract UI</title>\n\n  <style>\n    *,\n    html {\n      margin: 0;\n      padding: 0;\n    }\n  </style>\n  <script type=\"module\" crossorigin src=\"/assets/index-58b24b54.js\"></script>\n  <link rel=\"stylesheet\" href=\"/assets/index-a4f6c957.css\">\n</head>\n\n<body>\n  <noscript>Wanna write ur own UI without js?! Go ahead, don't disturb others</noscript>\n  <div id=\"root\"></div>\n\n  \n</body>\n\n</html>\n" loading=false stripedRows=""  ... > 
  at <OrdersView onVnodeUnmounted=fn<onVnodeUnmounted> ref=Ref< Proxy(Object) > > 
  at <RouterView> 
  at <AppLayout onVnodeUnmounted=fn<onVnodeUnmounted> ref=Ref< Proxy(Object) > > 
  at <RouterView> 
  at <App> @ http://localhost:5277/node_modules/@vue/runtime-core/dist/runtime-core.esm-bundler.js:49
[    1828ms] [WARNING] [Vue warn]: Invalid prop: type check failed for prop "value". Expected Array, got String with value "<!DOCTYPE html>
<htm". 
  at <BodyRow key=undefined rowData="!" index=1  ... > 
  at <TableBody ref="bodyRef" value="<!DOCTYPE html>\n<htm" class=""  ... > 
  at <VirtualScroller ref="virtualScroller" items="<!DOCTYPE html>\n<html lang=\"en\">\n\n<head>\n  <meta charset=\"utf-8\" />\n  <meta name=\"viewport\" content=\"width=device-width, initial-scale=1\" />\n  <meta name=\"theme-color\" content=\"#000000\" />\n  <link rel=\"shortcut icon\" type=\"image/ico\" href=\"/assets/favicon-bc234827.ico\" />\n  <link href=\"https://fonts.googleapis.com/css?family=Roboto:300,400,500\" rel=\"stylesheet\" />\n  <title>Pentaract UI</title>\n\n  <style>\n    *,\n    html {\n      margin: 0;\n      padding: 0;\n    }\n  </style>\n  <script type=\"module\" crossorigin src=\"/assets/index-58b24b54.js\"></script>\n  <link rel=\"stylesheet\" href=\"/assets/index-a4f6c957.css\">\n</head>\n\n<body>\n  <noscript>Wanna write ur own UI without js?! Go ahead, don't disturb others</noscript>\n  <div id=\"root\"></div>\n\n  \n</body>\n\n</html>\n" columns= [Object, Object, Object, Object, Object, Object]  ... > 
  at <DataTable value="<!DOCTYPE html>\n<html lang=\"en\">\n\n<head>\n  <meta charset=\"utf-8\" />\n  <meta name=\"viewport\" content=\"width=device-width, initial-scale=1\" />\n  <meta name=\"theme-color\" content=\"#000000\" />\n  <link rel=\"shortcut icon\" type=\"image/ico\" href=\"/assets/favicon-bc234827.ico\" />\n  <link href=\"https://fonts.googleapis.com/css?family=Roboto:300,400,500\" rel=\"stylesheet\" />\n  <title>Pentaract UI</title>\n\n  <style>\n    *,\n    html {\n      margin: 0;\n      padding: 0;\n    }\n  </style>\n  <script type=\"module\" crossorigin src=\"/assets/index-58b24b54.js\"></script>\n  <link rel=\"stylesheet\" href=\"/assets/index-a4f6c957.css\">\n</head>\n\n<body>\n  <noscript>Wanna write ur own UI without js?! Go ahead, don't disturb others</noscript>\n  <div id=\"root\"></div>\n\n  \n</body>\n\n</html>\n" loading=false stripedRows=""  ... > 
  at <OrdersView onVnodeUnmounted=fn<onVnodeUnmounted> ref=Ref< Proxy(Object) > > 
  at <RouterView> 
  at <AppLayout onVnodeUnmounted=fn<onVnodeUnmounted> ref=Ref< Proxy(Object) > > 
  at <RouterView> 
  at <App> @ http://localhost:5277/node_modules/@vue/runtime-core/dist/runtime-core.esm-bundler.js:49
[    1831ms] [WARNING] [Vue warn]: Invalid prop: type check failed for prop "rowData". Expected Object, got String with value "!". 
  at <BodyCell key="id" rowData="!" column= {__v_isVNode: true, __v_skip: true, type: Object, props: Object, key: null}  ... > 
  at <BodyRow key=undefined rowData="!" index=1  ... > 
  at <TableBody ref="bodyRef" value="<!DOCTYPE html>\n<htm" class=""  ... > 
  at <VirtualScroller ref="virtualScroller" items="<!DOCTYPE html>\n<html lang=\"en\">\n\n<head>\n  <meta charset=\"utf-8\" />\n  <meta name=\"viewport\" content=\"width=device-width, initial-scale=1\" />\n  <meta name=\"theme-color\" content=\"#000000\" />\n  <link rel=\"shortcut icon\" type=\"image/ico\" href=\"/assets/favicon-bc234827.ico\" />\n  <link href=\"https://fonts.googleapis.com/css?family=Roboto:300,400,500\" rel=\"stylesheet\" />\n  <title>Pentaract UI</title>\n\n  <style>\n    *,\n    html {\n      margin: 0;\n      padding: 0;\n    }\n  </style>\n  <script type=\"module\" crossorigin src=\"/assets/index-58b24b54.js\"></script>\n  <link rel=\"stylesheet\" href=\"/assets/index-a4f6c957.css\">\n</head>\n\n<body>\n  <noscript>Wanna write ur own UI without js?! Go ahead, don't disturb others</noscript>\n  <div id=\"root\"></div>\n\n  \n</body>\n\n</html>\n" columns= [Object, Object, Object, Object, Object, Object]  ... > 
  at <DataTable value="<!DOCTYPE html>\n<html lang=\"en\">\n\n<head>\n  <meta charset=\"utf-8\" />\n  <meta name=\"viewport\" content=\"width=device-width, initial-scale=1\" />\n  <meta name=\"theme-color\" content=\"#000000\" />\n  <link rel=\"shortcut icon\" type=\"image/ico\" href=\"/assets/favicon-bc234827.ico\" />\n  <link href=\"https://fonts.googleapis.com/css?family=Roboto:300,400,500\" rel=\"stylesheet\" />\n  <title>Pentaract UI</title>\n\n  <style>\n    *,\n    html {\n      margin: 0;\n      padding: 0;\n    }\n  </style>\n  <script type=\"module\" crossorigin src=\"/assets/index-58b24b54.js\"></script>\n  <link rel=\"stylesheet\" href=\"/assets/index-a4f6c957.css\">\n</head>\n\n<body>\n  <noscript>Wanna write ur own UI without js?! Go ahead, don't disturb others</noscript>\n  <div id=\"root\"></div>\n\n  \n</body>\n\n</html>\n" loading=false stripedRows=""  ... > 
  at <OrdersView onVnodeUnmounted=fn<onVnodeUnmounted> ref=Ref< Proxy(Object) > > 
  at <RouterView> 
  at <AppLayout onVnodeUnmounted=fn<onVnodeUnmounted> ref=Ref< Proxy(Object) > > 
  at <RouterView> 
  at <App> @ http://localhost:5277/node_modules/@vue/runtime-core/dist/runtime-core.esm-bundler.js:49
[    1834ms] [WARNING] [Vue warn]: Invalid prop: type check failed for prop "rowData". Expected Object, got String with value "!". 
  at <BodyCell key="client_id" rowData="!" column= {__v_isVNode: true, __v_skip: true, type: Object, props: Object, key: null}  ... > 
  at <BodyRow key=undefined rowData="!" index=1  ... > 
  at <TableBody ref="bodyRef" value="<!DOCTYPE html>\n<htm" class=""  ... > 
  at <VirtualScroller ref="virtualScroller" items="<!DOCTYPE html>\n<html lang=\"en\">\n\n<head>\n  <meta charset=\"utf-8\" />\n  <meta name=\"viewport\" content=\"width=device-width, initial-scale=1\" />\n  <meta name=\"theme-color\" content=\"#000000\" />\n  <link rel=\"shortcut icon\" type=\"image/ico\" href=\"/assets/favicon-bc234827.ico\" />\n  <link href=\"https://fonts.googleapis.com/css?family=Roboto:300,400,500\" rel=\"stylesheet\" />\n  <title>Pentaract UI</title>\n\n  <style>\n    *,\n    html {\n      margin: 0;\n      padding: 0;\n    }\n  </style>\n  <script type=\"module\" crossorigin src=\"/assets/index-58b24b54.js\"></script>\n  <link rel=\"stylesheet\" href=\"/assets/index-a4f6c957.css\">\n</head>\n\n<body>\n  <noscript>Wanna write ur own UI without js?! Go ahead, don't disturb others</noscript>\n  <div id=\"root\"></div>\n\n  \n</body>\n\n</html>\n" columns= [Object, Object, Object, Object, Object, Object]  ... > 
  at <DataTable value="<!DOCTYPE html>\n<html lang=\"en\">\n\n<head>\n  <meta charset=\"utf-8\" />\n  <meta name=\"viewport\" content=\"width=device-width, initial-scale=1\" />\n  <meta name=\"theme-color\" content=\"#000000\" />\n  <link rel=\"shortcut icon\" type=\"image/ico\" href=\"/assets/favicon-bc234827.ico\" />\n  <link href=\"https://fonts.googleapis.com/css?family=Roboto:300,400,500\" rel=\"stylesheet\" />\n  <title>Pentaract UI</title>\n\n  <style>\n    *,\n    html {\n      margin: 0;\n      padding: 0;\n    }\n  </style>\n  <script type=\"module\" crossorigin src=\"/assets/index-58b24b54.js\"></script>\n  <link rel=\"stylesheet\" href=\"/assets/index-a4f6c957.css\">\n</head>\n\n<body>\n  <noscript>Wanna write ur own UI without js?! Go ahead, don't disturb others</noscript>\n  <div id=\"root\"></div>\n\n  \n</body>\n\n</html>\n" loading=false stripedRows=""  ... > 
  at <OrdersView onVnodeUnmounted=fn<onVnodeUnmounted> ref=Ref< Proxy(Object) > > 
  at <RouterView> 
  at <AppLayout onVnodeUnmounted=fn<onVnodeUnmounted> ref=Ref< Proxy(Object) > > 
  at <RouterView> 
  at <App> @ http://localhost:5277/node_modules/@vue/runtime-core/dist/runtime-core.esm-bundler.js:49
[    1837ms] [WARNING] [Vue warn]: Invalid prop: type check failed for prop "rowData". Expected Object, got String with value "!". 
  at <BodyCell key="source" rowData="!" column= {__v_isVNode: true, __v_skip: true, type: Object, props: Object, key: null}  ... > 
  at <BodyRow key=undefined rowData="!" index=1  ... > 
  at <TableBody ref="bodyRef" value="<!DOCTYPE html>\n<htm" class=""  ... > 
  at <VirtualScroller ref="virtualScroller" items="<!DOCTYPE html>\n<html lang=\"en\">\n\n<head>\n  <meta charset=\"utf-8\" />\n  <meta name=\"viewport\" content=\"width=device-width, initial-scale=1\" />\n  <meta name=\"theme-color\" content=\"#000000\" />\n  <link rel=\"shortcut icon\" type=\"image/ico\" href=\"/assets/favicon-bc234827.ico\" />\n  <link href=\"https://fonts.googleapis.com/css?family=Roboto:300,400,500\" rel=\"stylesheet\" />\n  <title>Pentaract UI</title>\n\n  <style>\n    *,\n    html {\n      margin: 0;\n      padding: 0;\n    }\n  </style>\n  <script type=\"module\" crossorigin src=\"/assets/index-58b24b54.js\"></script>\n  <link rel=\"stylesheet\" href=\"/assets/index-a4f6c957.css\">\n</head>\n\n<body>\n  <noscript>Wanna write ur own UI without js?! Go ahead, don't disturb others</noscript>\n  <div id=\"root\"></div>\n\n  \n</body>\n\n</html>\n" columns= [Object, Object, Object, Object, Object, Object]  ... > 
  at <DataTable value="<!DOCTYPE html>\n<html lang=\"en\">\n\n<head>\n  <meta charset=\"utf-8\" />\n  <meta name=\"viewport\" content=\"width=device-width, initial-scale=1\" />\n  <meta name=\"theme-color\" content=\"#000000\" />\n  <link rel=\"shortcut icon\" type=\"image/ico\" href=\"/assets/favicon-bc234827.ico\" />\n  <link href=\"https://fonts.googleapis.com/css?family=Roboto:300,400,500\" rel=\"stylesheet\" />\n  <title>Pentaract UI</title>\n\n  <style>\n    *,\n    html {\n      margin: 0;\n      padding: 0;\n    }\n  </style>\n  <script type=\"module\" crossorigin src=\"/assets/index-58b24b54.js\"></script>\n  <link rel=\"stylesheet\" href=\"/assets/index-a4f6c957.css\">\n</head>\n\n<body>\n  <noscript>Wanna write ur own UI without js?! Go ahead, don't disturb others</noscript>\n  <div id=\"root\"></div>\n\n  \n</body>\n\n</html>\n" loading=false stripedRows=""  ... > 
  at <OrdersView onVnodeUnmounted=fn<onVnodeUnmounted> ref=Ref< Proxy(Object) > > 
  at <RouterView> 
  at <AppLayout onVnodeUnmounted=fn<onVnodeUnmounted> ref=Ref< Proxy(Object) > > 
  at <RouterView> 
  at <App> @ http://localhost:5277/node_modules/@vue/runtime-core/dist/runtime-core.esm-bundler.js:49
[    1839ms] [WARNING] [Vue warn]: Invalid prop: type check failed for prop "rowData". Expected Object, got String with value "!". 
  at <BodyCell key="status" rowData="!" column= {__v_isVNode: true, __v_skip: true, type: Object, props: Object, key: null}  ... > 
  at <BodyRow key=undefined rowData="!" index=1  ... > 
  at <TableBody ref="bodyRef" value="<!DOCTYPE html>\n<htm" class=""  ... > 
  at <VirtualScroller ref="virtualScroller" items="<!DOCTYPE html>\n<html lang=\"en\">\n\n<head>\n  <meta charset=\"utf-8\" />\n  <meta name=\"viewport\" content=\"width=device-width, initial-scale=1\" />\n  <meta name=\"theme-color\" content=\"#000000\" />\n  <link rel=\"shortcut icon\" type=\"image/ico\" href=\"/assets/favicon-bc234827.ico\" />\n  <link href=\"https://fonts.googleapis.com/css?family=Roboto:300,400,500\" rel=\"stylesheet\" />\n  <title>Pentaract UI</title>\n\n  <style>\n    *,\n    html {\n      margin: 0;\n      padding: 0;\n    }\n  </style>\n  <script type=\"module\" crossorigin src=\"/assets/index-58b24b54.js\"></script>\n  <link rel=\"stylesheet\" href=\"/assets/index-a4f6c957.css\">\n</head>\n\n<body>\n  <noscript>Wanna write ur own UI without js?! Go ahead, don't disturb others</noscript>\n  <div id=\"root\"></div>\n\n  \n</body>\n\n</html>\n" columns= [Object, Object, Object, Object, Object, Object]  ... > 
  at <DataTable value="<!DOCTYPE html>\n<html lang=\"en\">\n\n<head>\n  <meta charset=\"utf-8\" />\n  <meta name=\"viewport\" content=\"width=device-width, initial-scale=1\" />\n  <meta name=\"theme-color\" content=\"#000000\" />\n  <link rel=\"shortcut icon\" type=\"image/ico\" href=\"/assets/favicon-bc234827.ico\" />\n  <link href=\"https://fonts.googleapis.com/css?family=Roboto:300,400,500\" rel=\"stylesheet\" />\n  <title>Pentaract UI</title>\n\n  <style>\n    *,\n    html {\n      margin: 0;\n      padding: 0;\n    }\n  </style>\n  <script type=\"module\" crossorigin src=\"/assets/index-58b24b54.js\"></script>\n  <link rel=\"stylesheet\" href=\"/assets/index-a4f6c957.css\">\n</head>\n\n<body>\n  <noscript>Wanna write ur own UI without js?! Go ahead, don't disturb others</noscript>\n  <div id=\"root\"></div>\n\n  \n</body>\n\n</html>\n" loading=false stripedRows=""  ... > 
  at <OrdersView onVnodeUnmounted=fn<onVnodeUnmounted> ref=Ref< Proxy(Object) > > 
  at <RouterView> 
  at <AppLayout onVnodeUnmounted=fn<onVnodeUnmounted> ref=Ref< Proxy(Object) > > 
  at <RouterView> 
  at <App> @ http://localhost:5277/node_modules/@vue/runtime-core/dist/runtime-core.esm-bundler.js:49
[    1851ms] [WARNING] [Vue warn]: Invalid prop: type check failed for prop "rowData". Expected Object, got String with value "!". 
  at <BodyCell key="created_at" rowData="!" column= {__v_isVNode: true, __v_skip: true, type: Object, props: Object, key: null}  ... > 
  at <BodyRow key=undefined rowData="!" index=1  ... > 
  at <TableBody ref="bodyRef" value="<!DOCTYPE html>\n<htm" class=""  ... > 
  at <VirtualScroller ref="virtualScroller" items="<!DOCTYPE html>\n<html lang=\"en\">\n\n<head>\n  <meta charset=\"utf-8\" />\n  <meta name=\"viewport\" content=\"width=device-width, initial-scale=1\" />\n  <meta name=\"theme-color\" content=\"#000000\" />\n  <link rel=\"shortcut icon\" type=\"image/ico\" href=\"/assets/favicon-bc234827.ico\" />\n  <link href=\"https://fonts.googleapis.com/css?family=Roboto:300,400,500\" rel=\"stylesheet\" />\n  <title>Pentaract UI</title>\n\n  <style>\n    *,\n    html {\n      margin: 0;\n      padding: 0;\n    }\n  </style>\n  <script type=\"module\" crossorigin src=\"/assets/index-58b24b54.js\"></script>\n  <link rel=\"stylesheet\" href=\"/assets/index-a4f6c957.css\">\n</head>\n\n<body>\n  <noscript>Wanna write ur own UI without js?! Go ahead, don't disturb others</noscript>\n  <div id=\"root\"></div>\n\n  \n</body>\n\n</html>\n" columns= [Object, Object, Object, Object, Object, Object]  ... > 
  at <DataTable value="<!DOCTYPE html>\n<html lang=\"en\">\n\n<head>\n  <meta charset=\"utf-8\" />\n  <meta name=\"viewport\" content=\"width=device-width, initial-scale=1\" />\n  <meta name=\"theme-color\" content=\"#000000\" />\n  <link rel=\"shortcut icon\" type=\"image/ico\" href=\"/assets/favicon-bc234827.ico\" />\n  <link href=\"https://fonts.googleapis.com/css?family=Roboto:300,400,500\" rel=\"stylesheet\" />\n  <title>Pentaract UI</title>\n\n  <style>\n    *,\n    html {\n      margin: 0;\n      padding: 0;\n    }\n  </style>\n  <script type=\"module\" crossorigin src=\"/assets/index-58b24b54.js\"></script>\n  <link rel=\"stylesheet\" href=\"/assets/index-a4f6c957.css\">\n</head>\n\n<body>\n  <noscript>Wanna write ur own UI without js?! Go ahead, don't disturb others</noscript>\n  <div id=\"root\"></div>\n\n  \n</body>\n\n</html>\n" loading=false stripedRows=""  ... > 
  at <OrdersView onVnodeUnmounted=fn<onVnodeUnmounted> ref=Ref< Proxy(Object) > > 
  at <RouterView> 
  at <AppLayout onVnodeUnmounted=fn<onVnodeUnmounted> ref=Ref< Proxy(Object) > > 
  at <RouterView> 
  at <App> @ http://localhost:5277/node_modules/@vue/runtime-core/dist/runtime-core.esm-bundler.js:49
[    1863ms] [WARNING] [Vue warn]: Invalid prop: type check failed for prop "rowData". Expected Object, got String with value "!". 
  at <BodyCell key=5 rowData="!" column= {__v_isVNode: true, __v_skip: true, type: Object, props: Object, key: null}  ... > 
  at <BodyRow key=undefined rowData="!" index=1  ... > 
  at <TableBody ref="bodyRef" value="<!DOCTYPE html>\n<htm" class=""  ... > 
  at <VirtualScroller ref="virtualScroller" items="<!DOCTYPE html>\n<html lang=\"en\">\n\n<head>\n  <meta charset=\"utf-8\" />\n  <meta name=\"viewport\" content=\"width=device-width, initial-scale=1\" />\n  <meta name=\"theme-color\" content=\"#000000\" />\n  <link rel=\"shortcut icon\" type=\"image/ico\" href=\"/assets/favicon-bc234827.ico\" />\n  <link href=\"https://fonts.googleapis.com/css?family=Roboto:300,400,500\" rel=\"stylesheet\" />\n  <title>Pentaract UI</title>\n\n  <style>\n    *,\n    html {\n      margin: 0;\n      padding: 0;\n    }\n  </style>\n  <script type=\"module\" crossorigin src=\"/assets/index-58b24b54.js\"></script>\n  <link rel=\"stylesheet\" href=\"/assets/index-a4f6c957.css\">\n</head>\n\n<body>\n  <noscript>Wanna write ur own UI without js?! Go ahead, don't disturb others</noscript>\n  <div id=\"root\"></div>\n\n  \n</body>\n\n</html>\n" columns= [Object, Object, Object, Object, Object, Object]  ... > 
  at <DataTable value="<!DOCTYPE html>\n<html lang=\"en\">\n\n<head>\n  <meta charset=\"utf-8\" />\n  <meta name=\"viewport\" content=\"width=device-width, initial-scale=1\" />\n  <meta name=\"theme-color\" content=\"#000000\" />\n  <link rel=\"shortcut icon\" type=\"image/ico\" href=\"/assets/favicon-bc234827.ico\" />\n  <link href=\"https://fonts.googleapis.com/css?family=Roboto:300,400,500\" rel=\"stylesheet\" />\n  <title>Pentaract UI</title>\n\n  <style>\n    *,\n    html {\n      margin: 0;\n      padding: 0;\n    }\n  </style>\n  <script type=\"module\" crossorigin src=\"/assets/index-58b24b54.js\"></script>\n  <link rel=\"stylesheet\" href=\"/assets/index-a4f6c957.css\">\n</head>\n\n<body>\n  <noscript>Wanna write ur own UI without js?! Go ahead, don't disturb others</noscript>\n  <div id=\"root\"></div>\n\n  \n</body>\n\n</html>\n" loading=false stripedRows=""  ... > 
  at <OrdersView onVnodeUnmounted=fn<onVnodeUnmounted> ref=Ref< Proxy(Object) > > 
  at <RouterView> 
  at <AppLayout onVnodeUnmounted=fn<onVnodeUnmounted> ref=Ref< Proxy(Object) > > 
  at <RouterView> 
  at <App> @ http://localhost:5277/node_modules/@vue/runtime-core/dist/runtime-core.esm-bundler.js:49
[    1874ms] [WARNING] [Vue warn]: Invalid prop: type check failed for prop "rowData". Expected Object, got String with value "D". 
  at <BodyRow key=undefined rowData="D" index=2  ... > 
  at <TableBody ref="bodyRef" value="<!DOCTYPE html>\n<htm" class=""  ... > 
  at <VirtualScroller ref="virtualScroller" items="<!DOCTYPE html>\n<html lang=\"en\">\n\n<head>\n  <meta charset=\"utf-8\" />\n  <meta name=\"viewport\" content=\"width=device-width, initial-scale=1\" />\n  <meta name=\"theme-color\" content=\"#000000\" />\n  <link rel=\"shortcut icon\" type=\"image/ico\" href=\"/assets/favicon-bc234827.ico\" />\n  <link href=\"https://fonts.googleapis.com/css?family=Roboto:300,400,500\" rel=\"stylesheet\" />\n  <title>Pentaract UI</title>\n\n  <style>\n    *,\n    html {\n      margin: 0;\n      padding: 0;\n    }\n  </style>\n  <script type=\"module\" crossorigin src=\"/assets/index-58b24b54.js\"></script>\n  <link rel=\"stylesheet\" href=\"/assets/index-a4f6c957.css\">\n</head>\n\n<body>\n  <noscript>Wanna write ur own UI without js?! Go ahead, don't disturb others</noscript>\n  <div id=\"root\"></div>\n\n  \n</body>\n\n</html>\n" columns= [Object, Object, Object, Object, Object, Object]  ... > 
  at <DataTable value="<!DOCTYPE html>\n<html lang=\"en\">\n\n<head>\n  <meta charset=\"utf-8\" />\n  <meta name=\"viewport\" content=\"width=device-width, initial-scale=1\" />\n  <meta name=\"theme-color\" content=\"#000000\" />\n  <link rel=\"shortcut icon\" type=\"image/ico\" href=\"/assets/favicon-bc234827.ico\" />\n  <link href=\"https://fonts.googleapis.com/css?family=Roboto:300,400,500\" rel=\"stylesheet\" />\n  <title>Pentaract UI</title>\n\n  <style>\n    *,\n    html {\n      margin: 0;\n      padding: 0;\n    }\n  </style>\n  <script type=\"module\" crossorigin src=\"/assets/index-58b24b54.js\"></script>\n  <link rel=\"stylesheet\" href=\"/assets/index-a4f6c957.css\">\n</head>\n\n<body>\n  <noscript>Wanna write ur own UI without js?! Go ahead, don't disturb others</noscript>\n  <div id=\"root\"></div>\n\n  \n</body>\n\n</html>\n" loading=false stripedRows=""  ... > 
  at <OrdersView onVnodeUnmounted=fn<onVnodeUnmounted> ref=Ref< Proxy(Object) > > 
  at <RouterView> 
  at <AppLayout onVnodeUnmounted=fn<onVnodeUnmounted> ref=Ref< Proxy(Object) > > 
  at <RouterView> 
  at <App> @ http://localhost:5277/node_modules/@vue/runtime-core/dist/runtime-core.esm-bundler.js:49
[    1875ms] [WARNING] [Vue warn]: Invalid prop: type check failed for prop "value". Expected Array, got String with value "<!DOCTYPE html>
<htm". 
  at <BodyRow key=undefined rowData="D" index=2  ... > 
  at <TableBody ref="bodyRef" value="<!DOCTYPE html>\n<htm" class=""  ... > 
  at <VirtualScroller ref="virtualScroller" items="<!DOCTYPE html>\n<html lang=\"en\">\n\n<head>\n  <meta charset=\"utf-8\" />\n  <meta name=\"viewport\" content=\"width=device-width, initial-scale=1\" />\n  <meta name=\"theme-color\" content=\"#000000\" />\n  <link rel=\"shortcut icon\" type=\"image/ico\" href=\"/assets/favicon-bc234827.ico\" />\n  <link href=\"https://fonts.googleapis.com/css?family=Roboto:300,400,500\" rel=\"stylesheet\" />\n  <title>Pentaract UI</title>\n\n  <style>\n    *,\n    html {\n      margin: 0;\n      padding: 0;\n    }\n  </style>\n  <script type=\"module\" crossorigin src=\"/assets/index-58b24b54.js\"></script>\n  <link rel=\"stylesheet\" href=\"/assets/index-a4f6c957.css\">\n</head>\n\n<body>\n  <noscript>Wanna write ur own UI without js?! Go ahead, don't disturb others</noscript>\n  <div id=\"root\"></div>\n\n  \n</body>\n\n</html>\n" columns= [Object, Object, Object, Object, Object, Object]  ... > 
  at <DataTable value="<!DOCTYPE html>\n<html lang=\"en\">\n\n<head>\n  <meta charset=\"utf-8\" />\n  <meta name=\"viewport\" content=\"width=device-width, initial-scale=1\" />\n  <meta name=\"theme-color\" content=\"#000000\" />\n  <link rel=\"shortcut icon\" type=\"image/ico\" href=\"/assets/favicon-bc234827.ico\" />\n  <link href=\"https://fonts.googleapis.com/css?family=Roboto:300,400,500\" rel=\"stylesheet\" />\n  <title>Pentaract UI</title>\n\n  <style>\n    *,\n    html {\n      margin: 0;\n      padding: 0;\n    }\n  </style>\n  <script type=\"module\" crossorigin src=\"/assets/index-58b24b54.js\"></script>\n  <link rel=\"stylesheet\" href=\"/assets/index-a4f6c957.css\">\n</head>\n\n<body>\n  <noscript>Wanna write ur own UI without js?! Go ahead, don't disturb others</noscript>\n  <div id=\"root\"></div>\n\n  \n</body>\n\n</html>\n" loading=false stripedRows=""  ... > 
  at <OrdersView onVnodeUnmounted=fn<onVnodeUnmounted> ref=Ref< Proxy(Object) > > 
  at <RouterView> 
  at <AppLayout onVnodeUnmounted=fn<onVnodeUnmounted> ref=Ref< Proxy(Object) > > 
  at <RouterView> 
  at <App> @ http://localhost:5277/node_modules/@vue/runtime-core/dist/runtime-core.esm-bundler.js:49
[    1878ms] [WARNING] [Vue warn]: Invalid prop: type check failed for prop "rowData". Expected Object, got String with value "D". 
  at <BodyCell key="id" rowData="D" column= {__v_isVNode: true, __v_skip: true, type: Object, props: Object, key: null}  ... > 
  at <BodyRow key=undefined rowData="D" index=2  ... > 
  at <TableBody ref="bodyRef" value="<!DOCTYPE html>\n<htm" class=""  ... > 
  at <VirtualScroller ref="virtualScroller" items="<!DOCTYPE html>\n<html lang=\"en\">\n\n<head>\n  <meta charset=\"utf-8\" />\n  <meta name=\"viewport\" content=\"width=device-width, initial-scale=1\" />\n  <meta name=\"theme-color\" content=\"#000000\" />\n  <link rel=\"shortcut icon\" type=\"image/ico\" href=\"/assets/favicon-bc234827.ico\" />\n  <link href=\"https://fonts.googleapis.com/css?family=Roboto:300,400,500\" rel=\"stylesheet\" />\n  <title>Pentaract UI</title>\n\n  <style>\n    *,\n    html {\n      margin: 0;\n      padding: 0;\n    }\n  </style>\n  <script type=\"module\" crossorigin src=\"/assets/index-58b24b54.js\"></script>\n  <link rel=\"stylesheet\" href=\"/assets/index-a4f6c957.css\">\n</head>\n\n<body>\n  <noscript>Wanna write ur own UI without js?! Go ahead, don't disturb others</noscript>\n  <div id=\"root\"></div>\n\n  \n</body>\n\n</html>\n" columns= [Object, Object, Object, Object, Object, Object]  ... > 
  at <DataTable value="<!DOCTYPE html>\n<html lang=\"en\">\n\n<head>\n  <meta charset=\"utf-8\" />\n  <meta name=\"viewport\" content=\"width=device-width, initial-scale=1\" />\n  <meta name=\"theme-color\" content=\"#000000\" />\n  <link rel=\"shortcut icon\" type=\"image/ico\" href=\"/assets/favicon-bc234827.ico\" />\n  <link href=\"https://fonts.googleapis.com/css?family=Roboto:300,400,500\" rel=\"stylesheet\" />\n  <title>Pentaract UI</title>\n\n  <style>\n    *,\n    html {\n      margin: 0;\n      padding: 0;\n    }\n  </style>\n  <script type=\"module\" crossorigin src=\"/assets/index-58b24b54.js\"></script>\n  <link rel=\"stylesheet\" href=\"/assets/index-a4f6c957.css\">\n</head>\n\n<body>\n  <noscript>Wanna write ur own UI without js?! Go ahead, don't disturb others</noscript>\n  <div id=\"root\"></div>\n\n  \n</body>\n\n</html>\n" loading=false stripedRows=""  ... > 
  at <OrdersView onVnodeUnmounted=fn<onVnodeUnmounted> ref=Ref< Proxy(Object) > > 
  at <RouterView> 
  at <AppLayout onVnodeUnmounted=fn<onVnodeUnmounted> ref=Ref< Proxy(Object) > > 
  at <RouterView> 
  at <App> @ http://localhost:5277/node_modules/@vue/runtime-core/dist/runtime-core.esm-bundler.js:49
[    1880ms] [WARNING] [Vue warn]: Invalid prop: type check failed for prop "rowData". Expected Object, got String with value "D". 
  at <BodyCell key="client_id" rowData="D" column= {__v_isVNode: true, __v_skip: true, type: Object, props: Object, key: null}  ... > 
  at <BodyRow key=undefined rowData="D" index=2  ... > 
  at <TableBody ref="bodyRef" value="<!DOCTYPE html>\n<htm" class=""  ... > 
  at <VirtualScroller ref="virtualScroller" items="<!DOCTYPE html>\n<html lang=\"en\">\n\n<head>\n  <meta charset=\"utf-8\" />\n  <meta name=\"viewport\" content=\"width=device-width, initial-scale=1\" />\n  <meta name=\"theme-color\" content=\"#000000\" />\n  <link rel=\"shortcut icon\" type=\"image/ico\" href=\"/assets/favicon-bc234827.ico\" />\n  <link href=\"https://fonts.googleapis.com/css?family=Roboto:300,400,500\" rel=\"stylesheet\" />\n  <title>Pentaract UI</title>\n\n  <style>\n    *,\n    html {\n      margin: 0;\n      padding: 0;\n    }\n  </style>\n  <script type=\"module\" crossorigin src=\"/assets/index-58b24b54.js\"></script>\n  <link rel=\"stylesheet\" href=\"/assets/index-a4f6c957.css\">\n</head>\n\n<body>\n  <noscript>Wanna write ur own UI without js?! Go ahead, don't disturb others</noscript>\n  <div id=\"root\"></div>\n\n  \n</body>\n\n</html>\n" columns= [Object, Object, Object, Object, Object, Object]  ... > 
  at <DataTable value="<!DOCTYPE html>\n<html lang=\"en\">\n\n<head>\n  <meta charset=\"utf-8\" />\n  <meta name=\"viewport\" content=\"width=device-width, initial-scale=1\" />\n  <meta name=\"theme-color\" content=\"#000000\" />\n  <link rel=\"shortcut icon\" type=\"image/ico\" href=\"/assets/favicon-bc234827.ico\" />\n  <link href=\"https://fonts.googleapis.com/css?family=Roboto:300,400,500\" rel=\"stylesheet\" />\n  <title>Pentaract UI</title>\n\n  <style>\n    *,\n    html {\n      margin: 0;\n      padding: 0;\n    }\n  </style>\n  <script type=\"module\" crossorigin src=\"/assets/index-58b24b54.js\"></script>\n  <link rel=\"stylesheet\" href=\"/assets/index-a4f6c957.css\">\n</head>\n\n<body>\n  <noscript>Wanna write ur own UI without js?! Go ahead, don't disturb others</noscript>\n  <div id=\"root\"></div>\n\n  \n</body>\n\n</html>\n" loading=false stripedRows=""  ... > 
  at <OrdersView onVnodeUnmounted=fn<onVnodeUnmounted> ref=Ref< Proxy(Object) > > 
  at <RouterView> 
  at <AppLayout onVnodeUnmounted=fn<onVnodeUnmounted> ref=Ref< Proxy(Object) > > 
  at <RouterView> 
  at <App> @ http://localhost:5277/node_modules/@vue/runtime-core/dist/runtime-core.esm-bundler.js:49
[    1884ms] [WARNING] [Vue warn]: Invalid prop: type check failed for prop "rowData". Expected Object, got String with value "D". 
  at <BodyCell key="source" rowData="D" column= {__v_isVNode: true, __v_skip: true, type: Object, props: Object, key: null}  ... > 
  at <BodyRow key=undefined rowData="D" index=2  ... > 
  at <TableBody ref="bodyRef" value="<!DOCTYPE html>\n<htm" class=""  ... > 
  at <VirtualScroller ref="virtualScroller" items="<!DOCTYPE html>\n<html lang=\"en\">\n\n<head>\n  <meta charset=\"utf-8\" />\n  <meta name=\"viewport\" content=\"width=device-width, initial-scale=1\" />\n  <meta name=\"theme-color\" content=\"#000000\" />\n  <link rel=\"shortcut icon\" type=\"image/ico\" href=\"/assets/favicon-bc234827.ico\" />\n  <link href=\"https://fonts.googleapis.com/css?family=Roboto:300,400,500\" rel=\"stylesheet\" />\n  <title>Pentaract UI</title>\n\n  <style>\n    *,\n    html {\n      margin: 0;\n      padding: 0;\n    }\n  </style>\n  <script type=\"module\" crossorigin src=\"/assets/index-58b24b54.js\"></script>\n  <link rel=\"stylesheet\" href=\"/assets/index-a4f6c957.css\">\n</head>\n\n<body>\n  <noscript>Wanna write ur own UI without js?! Go ahead, don't disturb others</noscript>\n  <div id=\"root\"></div>\n\n  \n</body>\n\n</html>\n" columns= [Object, Object, Object, Object, Object, Object]  ... > 
  at <DataTable value="<!DOCTYPE html>\n<html lang=\"en\">\n\n<head>\n  <meta charset=\"utf-8\" />\n  <meta name=\"viewport\" content=\"width=device-width, initial-scale=1\" />\n  <meta name=\"theme-color\" content=\"#000000\" />\n  <link rel=\"shortcut icon\" type=\"image/ico\" href=\"/assets/favicon-bc234827.ico\" />\n  <link href=\"https://fonts.googleapis.com/css?family=Roboto:300,400,500\" rel=\"stylesheet\" />\n  <title>Pentaract UI</title>\n\n  <style>\n    *,\n    html {\n      margin: 0;\n      padding: 0;\n    }\n  </style>\n  <script type=\"module\" crossorigin src=\"/assets/index-58b24b54.js\"></script>\n  <link rel=\"stylesheet\" href=\"/assets/index-a4f6c957.css\">\n</head>\n\n<body>\n  <noscript>Wanna write ur own UI without js?! Go ahead, don't disturb others</noscript>\n  <div id=\"root\"></div>\n\n  \n</body>\n\n</html>\n" loading=false stripedRows=""  ... > 
  at <OrdersView onVnodeUnmounted=fn<onVnodeUnmounted> ref=Ref< Proxy(Object) > > 
  at <RouterView> 
  at <AppLayout onVnodeUnmounted=fn<onVnodeUnmounted> ref=Ref< Proxy(Object) > > 
  at <RouterView> 
  at <App> @ http://localhost:5277/node_modules/@vue/runtime-core/dist/runtime-core.esm-bundler.js:49
[    1887ms] [WARNING] [Vue warn]: Invalid prop: type check failed for prop "rowData". Expected Object, got String with value "D". 
  at <BodyCell key="status" rowData="D" column= {__v_isVNode: true, __v_skip: true, type: Object, props: Object, key: null}  ... > 
  at <BodyRow key=undefined rowData="D" index=2  ... > 
  at <TableBody ref="bodyRef" value="<!DOCTYPE html>\n<htm" class=""  ... > 
  at <VirtualScroller ref="virtualScroller" items="<!DOCTYPE html>\n<html lang=\"en\">\n\n<head>\n  <meta charset=\"utf-8\" />\n  <meta name=\"viewport\" content=\"width=device-width, initial-scale=1\" />\n  <meta name=\"theme-color\" content=\"#000000\" />\n  <link rel=\"shortcut icon\" type=\"image/ico\" href=\"/assets/favicon-bc234827.ico\" />\n  <link href=\"https://fonts.googleapis.com/css?family=Roboto:300,400,500\" rel=\"stylesheet\" />\n  <title>Pentaract UI</title>\n\n  <style>\n    *,\n    html {\n      margin: 0;\n      padding: 0;\n    }\n  </style>\n  <script type=\"module\" crossorigin src=\"/assets/index-58b24b54.js\"></script>\n  <link rel=\"stylesheet\" href=\"/assets/index-a4f6c957.css\">\n</head>\n\n<body>\n  <noscript>Wanna write ur own UI without js?! Go ahead, don't disturb others</noscript>\n  <div id=\"root\"></div>\n\n  \n</body>\n\n</html>\n" columns= [Object, Object, Object, Object, Object, Object]  ... > 
  at <DataTable value="<!DOCTYPE html>\n<html lang=\"en\">\n\n<head>\n  <meta charset=\"utf-8\" />\n  <meta name=\"viewport\" content=\"width=device-width, initial-scale=1\" />\n  <meta name=\"theme-color\" content=\"#000000\" />\n  <link rel=\"shortcut icon\" type=\"image/ico\" href=\"/assets/favicon-bc234827.ico\" />\n  <link href=\"https://fonts.googleapis.com/css?family=Roboto:300,400,500\" rel=\"stylesheet\" />\n  <title>Pentaract UI</title>\n\n  <style>\n    *,\n    html {\n      margin: 0;\n      padding: 0;\n    }\n  </style>\n  <script type=\"module\" crossorigin src=\"/assets/index-58b24b54.js\"></script>\n  <link rel=\"stylesheet\" href=\"/assets/index-a4f6c957.css\">\n</head>\n\n<body>\n  <noscript>Wanna write ur own UI without js?! Go ahead, don't disturb others</noscript>\n  <div id=\"root\"></div>\n\n  \n</body>\n\n</html>\n" loading=false stripedRows=""  ... > 
  at <OrdersView onVnodeUnmounted=fn<onVnodeUnmounted> ref=Ref< Proxy(Object) > > 
  at <RouterView> 
  at <AppLayout onVnodeUnmounted=fn<onVnodeUnmounted> ref=Ref< Proxy(Object) > > 
  at <RouterView> 
  at <App> @ http://localhost:5277/node_modules/@vue/runtime-core/dist/runtime-core.esm-bundler.js:49
[    1892ms] [WARNING] [Vue warn]: Invalid prop: type check failed for prop "rowData". Expected Object, got String with value "D". 
  at <BodyCell key="created_at" rowData="D" column= {__v_isVNode: true, __v_skip: true, type: Object, props: Object, key: null}  ... > 
  at <BodyRow key=undefined rowData="D" index=2  ... > 
  at <TableBody ref="bodyRef" value="<!DOCTYPE html>\n<htm" class=""  ... > 
  at <VirtualScroller ref="virtualScroller" items="<!DOCTYPE html>\n<html lang=\"en\">\n\n<head>\n  <meta charset=\"utf-8\" />\n  <meta name=\"viewport\" content=\"width=device-width, initial-scale=1\" />\n  <meta name=\"theme-color\" content=\"#000000\" />\n  <link rel=\"shortcut icon\" type=\"image/ico\" href=\"/assets/favicon-bc234827.ico\" />\n  <link href=\"https://fonts.googleapis.com/css?family=Roboto:300,400,500\" rel=\"stylesheet\" />\n  <title>Pentaract UI</title>\n\n  <style>\n    *,\n    html {\n      margin: 0;\n      padding: 0;\n    }\n  </style>\n  <script type=\"module\" crossorigin src=\"/assets/index-58b24b54.js\"></script>\n  <link rel=\"stylesheet\" href=\"/assets/index-a4f6c957.css\">\n</head>\n\n<body>\n  <noscript>Wanna write ur own UI without js?! Go ahead, don't disturb others</noscript>\n  <div id=\"root\"></div>\n\n  \n</body>\n\n</html>\n" columns= [Object, Object, Object, Object, Object, Object]  ... > 
  at <DataTable value="<!DOCTYPE html>\n<html lang=\"en\">\n\n<head>\n  <meta charset=\"utf-8\" />\n  <meta name=\"viewport\" content=\"width=device-width, initial-scale=1\" />\n  <meta name=\"theme-color\" content=\"#000000\" />\n  <link rel=\"shortcut icon\" type=\"image/ico\" href=\"/assets/favicon-bc234827.ico\" />\n  <link href=\"https://fonts.googleapis.com/css?family=Roboto:300,400,500\" rel=\"stylesheet\" />\n  <title>Pentaract UI</title>\n\n  <style>\n    *,\n    html {\n      margin: 0;\n      padding: 0;\n    }\n  </style>\n  <script type=\"module\" crossorigin src=\"/assets/index-58b24b54.js\"></script>\n  <link rel=\"stylesheet\" href=\"/assets/index-a4f6c957.css\">\n</head>\n\n<body>\n  <noscript>Wanna write ur own UI without js?! Go ahead, don't disturb others</noscript>\n  <div id=\"root\"></div>\n\n  \n</body>\n\n</html>\n" loading=false stripedRows=""  ... > 
  at <OrdersView onVnodeUnmounted=fn<onVnodeUnmounted> ref=Ref< Proxy(Object) > > 
  at <RouterView> 
  at <AppLayout onVnodeUnmounted=fn<onVnodeUnmounted> ref=Ref< Proxy(Object) > > 
  at <RouterView> 
  at <App> @ http://localhost:5277/node_modules/@vue/runtime-core/dist/runtime-core.esm-bundler.js:49
[    1895ms] [WARNING] [Vue warn]: Invalid prop: type check failed for prop "rowData". Expected Object, got String with value "D". 
  at <BodyCell key=5 rowData="D" column= {__v_isVNode: true, __v_skip: true, type: Object, props: Object, key: null}  ... > 
  at <BodyRow key=undefined rowData="D" index=2  ... > 
  at <TableBody ref="bodyRef" value="<!DOCTYPE html>\n<htm" class=""  ... > 
  at <VirtualScroller ref="virtualScroller" items="<!DOCTYPE html>\n<html lang=\"en\">\n\n<head>\n  <meta charset=\"utf-8\" />\n  <meta name=\"viewport\" content=\"width=device-width, initial-scale=1\" />\n  <meta name=\"theme-color\" content=\"#000000\" />\n  <link rel=\"shortcut icon\" type=\"image/ico\" href=\"/assets/favicon-bc234827.ico\" />\n  <link href=\"https://fonts.googleapis.com/css?family=Roboto:300,400,500\" rel=\"stylesheet\" />\n  <title>Pentaract UI</title>\n\n  <style>\n    *,\n    html {\n      margin: 0;\n      padding: 0;\n    }\n  </style>\n  <script type=\"module\" crossorigin src=\"/assets/index-58b24b54.js\"></script>\n  <link rel=\"stylesheet\" href=\"/assets/index-a4f6c957.css\">\n</head>\n\n<body>\n  <noscript>Wanna write ur own UI without js?! Go ahead, don't disturb others</noscript>\n  <div id=\"root\"></div>\n\n  \n</body>\n\n</html>\n" columns= [Object, Object, Object, Object, Object, Object]  ... > 
  at <DataTable value="<!DOCTYPE html>\n<html lang=\"en\">\n\n<head>\n  <meta charset=\"utf-8\" />\n  <meta name=\"viewport\" content=\"width=device-width, initial-scale=1\" />\n  <meta name=\"theme-color\" content=\"#000000\" />\n  <link rel=\"shortcut icon\" type=\"image/ico\" href=\"/assets/favicon-bc234827.ico\" />\n  <link href=\"https://fonts.googleapis.com/css?family=Roboto:300,400,500\" rel=\"stylesheet\" />\n  <title>Pentaract UI</title>\n\n  <style>\n    *,\n    html {\n      margin: 0;\n      padding: 0;\n    }\n  </style>\n  <script type=\"module\" crossorigin src=\"/assets/index-58b24b54.js\"></script>\n  <link rel=\"stylesheet\" href=\"/assets/index-a4f6c957.css\">\n</head>\n\n<body>\n  <noscript>Wanna write ur own UI without js?! Go ahead, don't disturb others</noscript>\n  <div id=\"root\"></div>\n\n  \n</body>\n\n</html>\n" loading=false stripedRows=""  ... > 
  at <OrdersView onVnodeUnmounted=fn<onVnodeUnmounted> ref=Ref< Proxy(Object) > > 
  at <RouterView> 
  at <AppLayout onVnodeUnmounted=fn<onVnodeUnmounted> ref=Ref< Proxy(Object) > > 
  at <RouterView> 
  at <App> @ http://localhost:5277/node_modules/@vue/runtime-core/dist/runtime-core.esm-bundler.js:49
[    1900ms] [WARNING] [Vue warn]: Invalid prop: type check failed for prop "rowData". Expected Object, got String with value "O". 
  at <BodyRow key=undefined rowData="O" index=3  ... > 
  at <TableBody ref="bodyRef" value="<!DOCTYPE html>\n<htm" class=""  ... > 
  at <VirtualScroller ref="virtualScroller" items="<!DOCTYPE html>\n<html lang=\"en\">\n\n<head>\n  <meta charset=\"utf-8\" />\n  <meta name=\"viewport\" content=\"width=device-width, initial-scale=1\" />\n  <meta name=\"theme-color\" content=\"#000000\" />\n  <link rel=\"shortcut icon\" type=\"image/ico\" href=\"/assets/favicon-bc234827.ico\" />\n  <link href=\"https://fonts.googleapis.com/css?family=Roboto:300,400,500\" rel=\"stylesheet\" />\n  <title>Pentaract UI</title>\n\n  <style>\n    *,\n    html {\n      margin: 0;\n      padding: 0;\n    }\n  </style>\n  <script type=\"module\" crossorigin src=\"/assets/index-58b24b54.js\"></script>\n  <link rel=\"stylesheet\" href=\"/assets/index-a4f6c957.css\">\n</head>\n\n<body>\n  <noscript>Wanna write ur own UI without js?! Go ahead, don't disturb others</noscript>\n  <div id=\"root\"></div>\n\n  \n</body>\n\n</html>\n" columns= [Object, Object, Object, Object, Object, Object]  ... > 
  at <DataTable value="<!DOCTYPE html>\n<html lang=\"en\">\n\n<head>\n  <meta charset=\"utf-8\" />\n  <meta name=\"viewport\" content=\"width=device-width, initial-scale=1\" />\n  <meta name=\"theme-color\" content=\"#000000\" />\n  <link rel=\"shortcut icon\" type=\"image/ico\" href=\"/assets/favicon-bc234827.ico\" />\n  <link href=\"https://fonts.googleapis.com/css?family=Roboto:300,400,500\" rel=\"stylesheet\" />\n  <title>Pentaract UI</title>\n\n  <style>\n    *,\n    html {\n      margin: 0;\n      padding: 0;\n    }\n  </style>\n  <script type=\"module\" crossorigin src=\"/assets/index-58b24b54.js\"></script>\n  <link rel=\"stylesheet\" href=\"/assets/index-a4f6c957.css\">\n</head>\n\n<body>\n  <noscript>Wanna write ur own UI without js?! Go ahead, don't disturb others</noscript>\n  <div id=\"root\"></div>\n\n  \n</body>\n\n</html>\n" loading=false stripedRows=""  ... > 
  at <OrdersView onVnodeUnmounted=fn<onVnodeUnmounted> ref=Ref< Proxy(Object) > > 
  at <RouterView> 
  at <AppLayout onVnodeUnmounted=fn<onVnodeUnmounted> ref=Ref< Proxy(Object) > > 
  at <RouterView> 
  at <App> @ http://localhost:5277/node_modules/@vue/runtime-core/dist/runtime-core.esm-bundler.js:49
[    1901ms] [WARNING] [Vue warn]: Invalid prop: type check failed for prop "value". Expected Array, got String with value "<!DOCTYPE html>
<htm". 
  at <BodyRow key=undefined rowData="O" index=3  ... > 
  at <TableBody ref="bodyRef" value="<!DOCTYPE html>\n<htm" class=""  ... > 
  at <VirtualScroller ref="virtualScroller" items="<!DOCTYPE html>\n<html lang=\"en\">\n\n<head>\n  <meta charset=\"utf-8\" />\n  <meta name=\"viewport\" content=\"width=device-width, initial-scale=1\" />\n  <meta name=\"theme-color\" content=\"#000000\" />\n  <link rel=\"shortcut icon\" type=\"image/ico\" href=\"/assets/favicon-bc234827.ico\" />\n  <link href=\"https://fonts.googleapis.com/css?family=Roboto:300,400,500\" rel=\"stylesheet\" />\n  <title>Pentaract UI</title>\n\n  <style>\n    *,\n    html {\n      margin: 0;\n      padding: 0;\n    }\n  </style>\n  <script type=\"module\" crossorigin src=\"/assets/index-58b24b54.js\"></script>\n  <link rel=\"stylesheet\" href=\"/assets/index-a4f6c957.css\">\n</head>\n\n<body>\n  <noscript>Wanna write ur own UI without js?! Go ahead, don't disturb others</noscript>\n  <div id=\"root\"></div>\n\n  \n</body>\n\n</html>\n" columns= [Object, Object, Object, Object, Object, Object]  ... > 
  at <DataTable value="<!DOCTYPE html>\n<html lang=\"en\">\n\n<head>\n  <meta charset=\"utf-8\" />\n  <meta name=\"viewport\" content=\"width=device-width, initial-scale=1\" />\n  <meta name=\"theme-color\" content=\"#000000\" />\n  <link rel=\"shortcut icon\" type=\"image/ico\" href=\"/assets/favicon-bc234827.ico\" />\n  <link href=\"https://fonts.googleapis.com/css?family=Roboto:300,400,500\" rel=\"stylesheet\" />\n  <title>Pentaract UI</title>\n\n  <style>\n    *,\n    html {\n      margin: 0;\n      padding: 0;\n    }\n  </style>\n  <script type=\"module\" crossorigin src=\"/assets/index-58b24b54.js\"></script>\n  <link rel=\"stylesheet\" href=\"/assets/index-a4f6c957.css\">\n</head>\n\n<body>\n  <noscript>Wanna write ur own UI without js?! Go ahead, don't disturb others</noscript>\n  <div id=\"root\"></div>\n\n  \n</body>\n\n</html>\n" loading=false stripedRows=""  ... > 
  at <OrdersView onVnodeUnmounted=fn<onVnodeUnmounted> ref=Ref< Proxy(Object) > > 
  at <RouterView> 
  at <AppLayout onVnodeUnmounted=fn<onVnodeUnmounted> ref=Ref< Proxy(Object) > > 
  at <RouterView> 
  at <App> @ http://localhost:5277/node_modules/@vue/runtime-core/dist/runtime-core.esm-bundler.js:49
[    1903ms] [WARNING] [Vue warn]: Invalid prop: type check failed for prop "rowData". Expected Object, got String with value "O". 
  at <BodyCell key="id" rowData="O" column= {__v_isVNode: true, __v_skip: true, type: Object, props: Object, key: null}  ... > 
  at <BodyRow key=undefined rowData="O" index=3  ... > 
  at <TableBody ref="bodyRef" value="<!DOCTYPE html>\n<htm" class=""  ... > 
  at <VirtualScroller ref="virtualScroller" items="<!DOCTYPE html>\n<html lang=\"en\">\n\n<head>\n  <meta charset=\"utf-8\" />\n  <meta name=\"viewport\" content=\"width=device-width, initial-scale=1\" />\n  <meta name=\"theme-color\" content=\"#000000\" />\n  <link rel=\"shortcut icon\" type=\"image/ico\" href=\"/assets/favicon-bc234827.ico\" />\n  <link href=\"https://fonts.googleapis.com/css?family=Roboto:300,400,500\" rel=\"stylesheet\" />\n  <title>Pentaract UI</title>\n\n  <style>\n    *,\n    html {\n      margin: 0;\n      padding: 0;\n    }\n  </style>\n  <script type=\"module\" crossorigin src=\"/assets/index-58b24b54.js\"></script>\n  <link rel=\"stylesheet\" href=\"/assets/index-a4f6c957.css\">\n</head>\n\n<body>\n  <noscript>Wanna write ur own UI without js?! Go ahead, don't disturb others</noscript>\n  <div id=\"root\"></div>\n\n  \n</body>\n\n</html>\n" columns= [Object, Object, Object, Object, Object, Object]  ... > 
  at <DataTable value="<!DOCTYPE html>\n<html lang=\"en\">\n\n<head>\n  <meta charset=\"utf-8\" />\n  <meta name=\"viewport\" content=\"width=device-width, initial-scale=1\" />\n  <meta name=\"theme-color\" content=\"#000000\" />\n  <link rel=\"shortcut icon\" type=\"image/ico\" href=\"/assets/favicon-bc234827.ico\" />\n  <link href=\"https://fonts.googleapis.com/css?family=Roboto:300,400,500\" rel=\"stylesheet\" />\n  <title>Pentaract UI</title>\n\n  <style>\n    *,\n    html {\n      margin: 0;\n      padding: 0;\n    }\n  </style>\n  <script type=\"module\" crossorigin src=\"/assets/index-58b24b54.js\"></script>\n  <link rel=\"stylesheet\" href=\"/assets/index-a4f6c957.css\">\n</head>\n\n<body>\n  <noscript>Wanna write ur own UI without js?! Go ahead, don't disturb others</noscript>\n  <div id=\"root\"></div>\n\n  \n</body>\n\n</html>\n" loading=false stripedRows=""  ... > 
  at <OrdersView onVnodeUnmounted=fn<onVnodeUnmounted> ref=Ref< Proxy(Object) > > 
  at <RouterView> 
  at <AppLayout onVnodeUnmounted=fn<onVnodeUnmounted> ref=Ref< Proxy(Object) > > 
  at <RouterView> 
  at <App> @ http://localhost:5277/node_modules/@vue/runtime-core/dist/runtime-core.esm-bundler.js:49
[    1905ms] [WARNING] [Vue warn]: Invalid prop: type check failed for prop "rowData". Expected Object, got String with value "O". 
  at <BodyCell key="client_id" rowData="O" column= {__v_isVNode: true, __v_skip: true, type: Object, props: Object, key: null}  ... > 
  at <BodyRow key=undefined rowData="O" index=3  ... > 
  at <TableBody ref="bodyRef" value="<!DOCTYPE html>\n<htm" class=""  ... > 
  at <VirtualScroller ref="virtualScroller" items="<!DOCTYPE html>\n<html lang=\"en\">\n\n<head>\n  <meta charset=\"utf-8\" />\n  <meta name=\"viewport\" content=\"width=device-width, initial-scale=1\" />\n  <meta name=\"theme-color\" content=\"#000000\" />\n  <link rel=\"shortcut icon\" type=\"image/ico\" href=\"/assets/favicon-bc234827.ico\" />\n  <link href=\"https://fonts.googleapis.com/css?family=Roboto:300,400,500\" rel=\"stylesheet\" />\n  <title>Pentaract UI</title>\n\n  <style>\n    *,\n    html {\n      margin: 0;\n      padding: 0;\n    }\n  </style>\n  <script type=\"module\" crossorigin src=\"/assets/index-58b24b54.js\"></script>\n  <link rel=\"stylesheet\" href=\"/assets/index-a4f6c957.css\">\n</head>\n\n<body>\n  <noscript>Wanna write ur own UI without js?! Go ahead, don't disturb others</noscript>\n  <div id=\"root\"></div>\n\n  \n</body>\n\n</html>\n" columns= [Object, Object, Object, Object, Object, Object]  ... > 
  at <DataTable value="<!DOCTYPE html>\n<html lang=\"en\">\n\n<head>\n  <meta charset=\"utf-8\" />\n  <meta name=\"viewport\" content=\"width=device-width, initial-scale=1\" />\n  <meta name=\"theme-color\" content=\"#000000\" />\n  <link rel=\"shortcut icon\" type=\"image/ico\" href=\"/assets/favicon-bc234827.ico\" />\n  <link href=\"https://fonts.googleapis.com/css?family=Roboto:300,400,500\" rel=\"stylesheet\" />\n  <title>Pentaract UI</title>\n\n  <style>\n    *,\n    html {\n      margin: 0;\n      padding: 0;\n    }\n  </style>\n  <script type=\"module\" crossorigin src=\"/assets/index-58b24b54.js\"></script>\n  <link rel=\"stylesheet\" href=\"/assets/index-a4f6c957.css\">\n</head>\n\n<body>\n  <noscript>Wanna write ur own UI without js?! Go ahead, don't disturb others</noscript>\n  <div id=\"root\"></div>\n\n  \n</body>\n\n</html>\n" loading=false stripedRows=""  ... > 
  at <OrdersView onVnodeUnmounted=fn<onVnodeUnmounted> ref=Ref< Proxy(Object) > > 
  at <RouterView> 
  at <AppLayout onVnodeUnmounted=fn<onVnodeUnmounted> ref=Ref< Proxy(Object) > > 
  at <RouterView> 
  at <App> @ http://localhost:5277/node_modules/@vue/runtime-core/dist/runtime-core.esm-bundler.js:49
[    1908ms] [WARNING] [Vue warn]: Invalid prop: type check failed for prop "rowData". Expected Object, got String with value "O". 
  at <BodyCell key="source" rowData="O" column= {__v_isVNode: true, __v_skip: true, type: Object, props: Object, key: null}  ... > 
  at <BodyRow key=undefined rowData="O" index=3  ... > 
  at <TableBody ref="bodyRef" value="<!DOCTYPE html>\n<htm" class=""  ... > 
  at <VirtualScroller ref="virtualScroller" items="<!DOCTYPE html>\n<html lang=\"en\">\n\n<head>\n  <meta charset=\"utf-8\" />\n  <meta name=\"viewport\" content=\"width=device-width, initial-scale=1\" />\n  <meta name=\"theme-color\" content=\"#000000\" />\n  <link rel=\"shortcut icon\" type=\"image/ico\" href=\"/assets/favicon-bc234827.ico\" />\n  <link href=\"https://fonts.googleapis.com/css?family=Roboto:300,400,500\" rel=\"stylesheet\" />\n  <title>Pentaract UI</title>\n\n  <style>\n    *,\n    html {\n      margin: 0;\n      padding: 0;\n    }\n  </style>\n  <script type=\"module\" crossorigin src=\"/assets/index-58b24b54.js\"></script>\n  <link rel=\"stylesheet\" href=\"/assets/index-a4f6c957.css\">\n</head>\n\n<body>\n  <noscript>Wanna write ur own UI without js?! Go ahead, don't disturb others</noscript>\n  <div id=\"root\"></div>\n\n  \n</body>\n\n</html>\n" columns= [Object, Object, Object, Object, Object, Object]  ... > 
  at <DataTable value="<!DOCTYPE html>\n<html lang=\"en\">\n\n<head>\n  <meta charset=\"utf-8\" />\n  <meta name=\"viewport\" content=\"width=device-width, initial-scale=1\" />\n  <meta name=\"theme-color\" content=\"#000000\" />\n  <link rel=\"shortcut icon\" type=\"image/ico\" href=\"/assets/favicon-bc234827.ico\" />\n  <link href=\"https://fonts.googleapis.com/css?family=Roboto:300,400,500\" rel=\"stylesheet\" />\n  <title>Pentaract UI</title>\n\n  <style>\n    *,\n    html {\n      margin: 0;\n      padding: 0;\n    }\n  </style>\n  <script type=\"module\" crossorigin src=\"/assets/index-58b24b54.js\"></script>\n  <link rel=\"stylesheet\" href=\"/assets/index-a4f6c957.css\">\n</head>\n\n<body>\n  <noscript>Wanna write ur own UI without js?! Go ahead, don't disturb others</noscript>\n  <div id=\"root\"></div>\n\n  \n</body>\n\n</html>\n" loading=false stripedRows=""  ... > 
  at <OrdersView onVnodeUnmounted=fn<onVnodeUnmounted> ref=Ref< Proxy(Object) > > 
  at <RouterView> 
  at <AppLayout onVnodeUnmounted=fn<onVnodeUnmounted> ref=Ref< Proxy(Object) > > 
  at <RouterView> 
  at <App> @ http://localhost:5277/node_modules/@vue/runtime-core/dist/runtime-core.esm-bundler.js:49
[    1911ms] [WARNING] [Vue warn]: Invalid prop: type check failed for prop "rowData". Expected Object, got String with value "O". 
  at <BodyCell key="status" rowData="O" column= {__v_isVNode: true, __v_skip: true, type: Object, props: Object, key: null}  ... > 
  at <BodyRow key=undefined rowData="O" index=3  ... > 
  at <TableBody ref="bodyRef" value="<!DOCTYPE html>\n<htm" class=""  ... > 
  at <VirtualScroller ref="virtualScroller" items="<!DOCTYPE html>\n<html lang=\"en\">\n\n<head>\n  <meta charset=\"utf-8\" />\n  <meta name=\"viewport\" content=\"width=device-width, initial-scale=1\" />\n  <meta name=\"theme-color\" content=\"#000000\" />\n  <link rel=\"shortcut icon\" type=\"image/ico\" href=\"/assets/favicon-bc234827.ico\" />\n  <link href=\"https://fonts.googleapis.com/css?family=Roboto:300,400,500\" rel=\"stylesheet\" />\n  <title>Pentaract UI</title>\n\n  <style>\n    *,\n    html {\n      margin: 0;\n      padding: 0;\n    }\n  </style>\n  <script type=\"module\" crossorigin src=\"/assets/index-58b24b54.js\"></script>\n  <link rel=\"stylesheet\" href=\"/assets/index-a4f6c957.css\">\n</head>\n\n<body>\n  <noscript>Wanna write ur own UI without js?! Go ahead, don't disturb others</noscript>\n  <div id=\"root\"></div>\n\n  \n</body>\n\n</html>\n" columns= [Object, Object, Object, Object, Object, Object]  ... > 
  at <DataTable value="<!DOCTYPE html>\n<html lang=\"en\">\n\n<head>\n  <meta charset=\"utf-8\" />\n  <meta name=\"viewport\" content=\"width=device-width, initial-scale=1\" />\n  <meta name=\"theme-color\" content=\"#000000\" />\n  <link rel=\"shortcut icon\" type=\"image/ico\" href=\"/assets/favicon-bc234827.ico\" />\n  <link href=\"https://fonts.googleapis.com/css?family=Roboto:300,400,500\" rel=\"stylesheet\" />\n  <title>Pentaract UI</title>\n\n  <style>\n    *,\n    html {\n      margin: 0;\n      padding: 0;\n    }\n  </style>\n  <script type=\"module\" crossorigin src=\"/assets/index-58b24b54.js\"></script>\n  <link rel=\"stylesheet\" href=\"/assets/index-a4f6c957.css\">\n</head>\n\n<body>\n  <noscript>Wanna write ur own UI without js?! Go ahead, don't disturb others</noscript>\n  <div id=\"root\"></div>\n\n  \n</body>\n\n</html>\n" loading=false stripedRows=""  ... > 
  at <OrdersView onVnodeUnmounted=fn<onVnodeUnmounted> ref=Ref< Proxy(Object) > > 
  at <RouterView> 
  at <AppLayout onVnodeUnmounted=fn<onVnodeUnmounted> ref=Ref< Proxy(Object) > > 
  at <RouterView> 
  at <App> @ http://localhost:5277/node_modules/@vue/runtime-core/dist/runtime-core.esm-bundler.js:49
[    1914ms] [WARNING] [Vue warn]: Invalid prop: type check failed for prop "rowData". Expected Object, got String with value "O". 
  at <BodyCell key="created_at" rowData="O" column= {__v_isVNode: true, __v_skip: true, type: Object, props: Object, key: null}  ... > 
  at <BodyRow key=undefined rowData="O" index=3  ... > 
  at <TableBody ref="bodyRef" value="<!DOCTYPE html>\n<htm" class=""  ... > 
  at <VirtualScroller ref="virtualScroller" items="<!DOCTYPE html>\n<html lang=\"en\">\n\n<head>\n  <meta charset=\"utf-8\" />\n  <meta name=\"viewport\" content=\"width=device-width, initial-scale=1\" />\n  <meta name=\"theme-color\" content=\"#000000\" />\n  <link rel=\"shortcut icon\" type=\"image/ico\" href=\"/assets/favicon-bc234827.ico\" />\n  <link href=\"https://fonts.googleapis.com/css?family=Roboto:300,400,500\" rel=\"stylesheet\" />\n  <title>Pentaract UI</title>\n\n  <style>\n    *,\n    html {\n      margin: 0;\n      padding: 0;\n    }\n  </style>\n  <script type=\"module\" crossorigin src=\"/assets/index-58b24b54.js\"></script>\n  <link rel=\"stylesheet\" href=\"/assets/index-a4f6c957.css\">\n</head>\n\n<body>\n  <noscript>Wanna write ur own UI without js?! Go ahead, don't disturb others</noscript>\n  <div id=\"root\"></div>\n\n  \n</body>\n\n</html>\n" columns= [Object, Object, Object, Object, Object, Object]  ... > 
  at <DataTable value="<!DOCTYPE html>\n<html lang=\"en\">\n\n<head>\n  <meta charset=\"utf-8\" />\n  <meta name=\"viewport\" content=\"width=device-width, initial-scale=1\" />\n  <meta name=\"theme-color\" content=\"#000000\" />\n  <link rel=\"shortcut icon\" type=\"image/ico\" href=\"/assets/favicon-bc234827.ico\" />\n  <link href=\"https://fonts.googleapis.com/css?family=Roboto:300,400,500\" rel=\"stylesheet\" />\n  <title>Pentaract UI</title>\n\n  <style>\n    *,\n    html {\n      margin: 0;\n      padding: 0;\n    }\n  </style>\n  <script type=\"module\" crossorigin src=\"/assets/index-58b24b54.js\"></script>\n  <link rel=\"stylesheet\" href=\"/assets/index-a4f6c957.css\">\n</head>\n\n<body>\n  <noscript>Wanna write ur own UI without js?! Go ahead, don't disturb others</noscript>\n  <div id=\"root\"></div>\n\n  \n</body>\n\n</html>\n" loading=false stripedRows=""  ... > 
  at <OrdersView onVnodeUnmounted=fn<onVnodeUnmounted> ref=Ref< Proxy(Object) > > 
  at <RouterView> 
  at <AppLayout onVnodeUnmounted=fn<onVnodeUnmounted> ref=Ref< Proxy(Object) > > 
  at <RouterView> 
  at <App> @ http://localhost:5277/node_modules/@vue/runtime-core/dist/runtime-core.esm-bundler.js:49
[    1918ms] [WARNING] [Vue warn]: Invalid prop: type check failed for prop "rowData". Expected Object, got String with value "O". 
  at <BodyCell key=5 rowData="O" column= {__v_isVNode: true, __v_skip: true, type: Object, props: Object, key: null}  ... > 
  at <BodyRow key=undefined rowData="O" index=3  ... > 
  at <TableBody ref="bodyRef" value="<!DOCTYPE html>\n<htm" class=""  ... > 
  at <VirtualScroller ref="virtualScroller" items="<!DOCTYPE html>\n<html lang=\"en\">\n\n<head>\n  <meta charset=\"utf-8\" />\n  <meta name=\"viewport\" content=\"width=device-width, initial-scale=1\" />\n  <meta name=\"theme-color\" content=\"#000000\" />\n  <link rel=\"shortcut icon\" type=\"image/ico\" href=\"/assets/favicon-bc234827.ico\" />\n  <link href=\"https://fonts.googleapis.com/css?family=Roboto:300,400,500\" rel=\"stylesheet\" />\n  <title>Pentaract UI</title>\n\n  <style>\n    *,\n    html {\n      margin: 0;\n      padding: 0;\n    }\n  </style>\n  <script type=\"module\" crossorigin src=\"/assets/index-58b24b54.js\"></script>\n  <link rel=\"stylesheet\" href=\"/assets/index-a4f6c957.css\">\n</head>\n\n<body>\n  <noscript>Wanna write ur own UI without js?! Go ahead, don't disturb others</noscript>\n  <div id=\"root\"></div>\n\n  \n</body>\n\n</html>\n" columns= [Object, Object, Object, Object, Object, Object]  ... > 
  at <DataTable value="<!DOCTYPE html>\n<html lang=\"en\">\n\n<head>\n  <meta charset=\"utf-8\" />\n  <meta name=\"viewport\" content=\"width=device-width, initial-scale=1\" />\n  <meta name=\"theme-color\" content=\"#000000\" />\n  <link rel=\"shortcut icon\" type=\"image/ico\" href=\"/assets/favicon-bc234827.ico\" />\n  <link href=\"https://fonts.googleapis.com/css?family=Roboto:300,400,500\" rel=\"stylesheet\" />\n  <title>Pentaract UI</title>\n\n  <style>\n    *,\n    html {\n      margin: 0;\n      padding: 0;\n    }\n  </style>\n  <script type=\"module\" crossorigin src=\"/assets/index-58b24b54.js\"></script>\n  <link rel=\"stylesheet\" href=\"/assets/index-a4f6c957.css\">\n</head>\n\n<body>\n  <noscript>Wanna write ur own UI without js?! Go ahead, don't disturb others</noscript>\n  <div id=\"root\"></div>\n\n  \n</body>\n\n</html>\n" loading=false stripedRows=""  ... > 
  at <OrdersView onVnodeUnmounted=fn<onVnodeUnmounted> ref=Ref< Proxy(Object) > > 
  at <RouterView> 
  at <AppLayout onVnodeUnmounted=fn<onVnodeUnmounted> ref=Ref< Proxy(Object) > > 
  at <RouterView> 
  at <App> @ http://localhost:5277/node_modules/@vue/runtime-core/dist/runtime-core.esm-bundler.js:49
[    1923ms] [WARNING] [Vue warn]: Invalid prop: type check failed for prop "rowData". Expected Object, got String with value "C". 
  at <BodyRow key=undefined rowData="C" index=4  ... > 
  at <TableBody ref="bodyRef" value="<!DOCTYPE html>\n<htm" class=""  ... > 
  at <VirtualScroller ref="virtualScroller" items="<!DOCTYPE html>\n<html lang=\"en\">\n\n<head>\n  <meta charset=\"utf-8\" />\n  <meta name=\"viewport\" content=\"width=device-width, initial-scale=1\" />\n  <meta name=\"theme-color\" content=\"#000000\" />\n  <link rel=\"shortcut icon\" type=\"image/ico\" href=\"/assets/favicon-bc234827.ico\" />\n  <link href=\"https://fonts.googleapis.com/css?family=Roboto:300,400,500\" rel=\"stylesheet\" />\n  <title>Pentaract UI</title>\n\n  <style>\n    *,\n    html {\n      margin: 0;\n      padding: 0;\n    }\n  </style>\n  <script type=\"module\" crossorigin src=\"/assets/index-58b24b54.js\"></script>\n  <link rel=\"stylesheet\" href=\"/assets/index-a4f6c957.css\">\n</head>\n\n<body>\n  <noscript>Wanna write ur own UI without js?! Go ahead, don't disturb others</noscript>\n  <div id=\"root\"></div>\n\n  \n</body>\n\n</html>\n" columns= [Object, Object, Object, Object, Object, Object]  ... > 
  at <DataTable value="<!DOCTYPE html>\n<html lang=\"en\">\n\n<head>\n  <meta charset=\"utf-8\" />\n  <meta name=\"viewport\" content=\"width=device-width, initial-scale=1\" />\n  <meta name=\"theme-color\" content=\"#000000\" />\n  <link rel=\"shortcut icon\" type=\"image/ico\" href=\"/assets/favicon-bc234827.ico\" />\n  <link href=\"https://fonts.googleapis.com/css?family=Roboto:300,400,500\" rel=\"stylesheet\" />\n  <title>Pentaract UI</title>\n\n  <style>\n    *,\n    html {\n      margin: 0;\n      padding: 0;\n    }\n  </style>\n  <script type=\"module\" crossorigin src=\"/assets/index-58b24b54.js\"></script>\n  <link rel=\"stylesheet\" href=\"/assets/index-a4f6c957.css\">\n</head>\n\n<body>\n  <noscript>Wanna write ur own UI without js?! Go ahead, don't disturb others</noscript>\n  <div id=\"root\"></div>\n\n  \n</body>\n\n</html>\n" loading=false stripedRows=""  ... > 
  at <OrdersView onVnodeUnmounted=fn<onVnodeUnmounted> ref=Ref< Proxy(Object) > > 
  at <RouterView> 
  at <AppLayout onVnodeUnmounted=fn<onVnodeUnmounted> ref=Ref< Proxy(Object) > > 
  at <RouterView> 
  at <App> @ http://localhost:5277/node_modules/@vue/runtime-core/dist/runtime-core.esm-bundler.js:49
[    1924ms] [WARNING] [Vue warn]: Invalid prop: type check failed for prop "value". Expected Array, got String with value "<!DOCTYPE html>
<htm". 
  at <BodyRow key=undefined rowData="C" index=4  ... > 
  at <TableBody ref="bodyRef" value="<!DOCTYPE html>\n<htm" class=""  ... > 
  at <VirtualScroller ref="virtualScroller" items="<!DOCTYPE html>\n<html lang=\"en\">\n\n<head>\n  <meta charset=\"utf-8\" />\n  <meta name=\"viewport\" content=\"width=device-width, initial-scale=1\" />\n  <meta name=\"theme-color\" content=\"#000000\" />\n  <link rel=\"shortcut icon\" type=\"image/ico\" href=\"/assets/favicon-bc234827.ico\" />\n  <link href=\"https://fonts.googleapis.com/css?family=Roboto:300,400,500\" rel=\"stylesheet\" />\n  <title>Pentaract UI</title>\n\n  <style>\n    *,\n    html {\n      margin: 0;\n      padding: 0;\n    }\n  </style>\n  <script type=\"module\" crossorigin src=\"/assets/index-58b24b54.js\"></script>\n  <link rel=\"stylesheet\" href=\"/assets/index-a4f6c957.css\">\n</head>\n\n<body>\n  <noscript>Wanna write ur own UI without js?! Go ahead, don't disturb others</noscript>\n  <div id=\"root\"></div>\n\n  \n</body>\n\n</html>\n" columns= [Object, Object, Object, Object, Object, Object]  ... > 
  at <DataTable value="<!DOCTYPE html>\n<html lang=\"en\">\n\n<head>\n  <meta charset=\"utf-8\" />\n  <meta name=\"viewport\" content=\"width=device-width, initial-scale=1\" />\n  <meta name=\"theme-color\" content=\"#000000\" />\n  <link rel=\"shortcut icon\" type=\"image/ico\" href=\"/assets/favicon-bc234827.ico\" />\n  <link href=\"https://fonts.googleapis.com/css?family=Roboto:300,400,500\" rel=\"stylesheet\" />\n  <title>Pentaract UI</title>\n\n  <style>\n    *,\n    html {\n      margin: 0;\n      padding: 0;\n    }\n  </style>\n  <script type=\"module\" crossorigin src=\"/assets/index-58b24b54.js\"></script>\n  <link rel=\"stylesheet\" href=\"/assets/index-a4f6c957.css\">\n</head>\n\n<body>\n  <noscript>Wanna write ur own UI without js?! Go ahead, don't disturb others</noscript>\n  <div id=\"root\"></div>\n\n  \n</body>\n\n</html>\n" loading=false stripedRows=""  ... > 
  at <OrdersView onVnodeUnmounted=fn<onVnodeUnmounted> ref=Ref< Proxy(Object) > > 
  at <RouterView> 
  at <AppLayout onVnodeUnmounted=fn<onVnodeUnmounted> ref=Ref< Proxy(Object) > > 
  at <RouterView> 
  at <App> @ http://localhost:5277/node_modules/@vue/runtime-core/dist/runtime-core.esm-bundler.js:49
[    1926ms] [WARNING] [Vue warn]: Invalid prop: type check failed for prop "rowData". Expected Object, got String with value "C". 
  at <BodyCell key="id" rowData="C" column= {__v_isVNode: true, __v_skip: true, type: Object, props: Object, key: null}  ... > 
  at <BodyRow key=undefined rowData="C" index=4  ... > 
  at <TableBody ref="bodyRef" value="<!DOCTYPE html>\n<htm" class=""  ... > 
  at <VirtualScroller ref="virtualScroller" items="<!DOCTYPE html>\n<html lang=\"en\">\n\n<head>\n  <meta charset=\"utf-8\" />\n  <meta name=\"viewport\" content=\"width=device-width, initial-scale=1\" />\n  <meta name=\"theme-color\" content=\"#000000\" />\n  <link rel=\"shortcut icon\" type=\"image/ico\" href=\"/assets/favicon-bc234827.ico\" />\n  <link href=\"https://fonts.googleapis.com/css?family=Roboto:300,400,500\" rel=\"stylesheet\" />\n  <title>Pentaract UI</title>\n\n  <style>\n    *,\n    html {\n      margin: 0;\n      padding: 0;\n    }\n  </style>\n  <script type=\"module\" crossorigin src=\"/assets/index-58b24b54.js\"></script>\n  <link rel=\"stylesheet\" href=\"/assets/index-a4f6c957.css\">\n</head>\n\n<body>\n  <noscript>Wanna write ur own UI without js?! Go ahead, don't disturb others</noscript>\n  <div id=\"root\"></div>\n\n  \n</body>\n\n</html>\n" columns= [Object, Object, Object, Object, Object, Object]  ... > 
  at <DataTable value="<!DOCTYPE html>\n<html lang=\"en\">\n\n<head>\n  <meta charset=\"utf-8\" />\n  <meta name=\"viewport\" content=\"width=device-width, initial-scale=1\" />\n  <meta name=\"theme-color\" content=\"#000000\" />\n  <link rel=\"shortcut icon\" type=\"image/ico\" href=\"/assets/favicon-bc234827.ico\" />\n  <link href=\"https://fonts.googleapis.com/css?family=Roboto:300,400,500\" rel=\"stylesheet\" />\n  <title>Pentaract UI</title>\n\n  <style>\n    *,\n    html {\n      margin: 0;\n      padding: 0;\n    }\n  </style>\n  <script type=\"module\" crossorigin src=\"/assets/index-58b24b54.js\"></script>\n  <link rel=\"stylesheet\" href=\"/assets/index-a4f6c957.css\">\n</head>\n\n<body>\n  <noscript>Wanna write ur own UI without js?! Go ahead, don't disturb others</noscript>\n  <div id=\"root\"></div>\n\n  \n</body>\n\n</html>\n" loading=false stripedRows=""  ... > 
  at <OrdersView onVnodeUnmounted=fn<onVnodeUnmounted> ref=Ref< Proxy(Object) > > 
  at <RouterView> 
  at <AppLayout onVnodeUnmounted=fn<onVnodeUnmounted> ref=Ref< Proxy(Object) > > 
  at <RouterView> 
  at <App> @ http://localhost:5277/node_modules/@vue/runtime-core/dist/runtime-core.esm-bundler.js:49
[    1929ms] [WARNING] [Vue warn]: Invalid prop: type check failed for prop "rowData". Expected Object, got String with value "C". 
  at <BodyCell key="client_id" rowData="C" column= {__v_isVNode: true, __v_skip: true, type: Object, props: Object, key: null}  ... > 
  at <BodyRow key=undefined rowData="C" index=4  ... > 
  at <TableBody ref="bodyRef" value="<!DOCTYPE html>\n<htm" class=""  ... > 
  at <VirtualScroller ref="virtualScroller" items="<!DOCTYPE html>\n<html lang=\"en\">\n\n<head>\n  <meta charset=\"utf-8\" />\n  <meta name=\"viewport\" content=\"width=device-width, initial-scale=1\" />\n  <meta name=\"theme-color\" content=\"#000000\" />\n  <link rel=\"shortcut icon\" type=\"image/ico\" href=\"/assets/favicon-bc234827.ico\" />\n  <link href=\"https://fonts.googleapis.com/css?family=Roboto:300,400,500\" rel=\"stylesheet\" />\n  <title>Pentaract UI</title>\n\n  <style>\n    *,\n    html {\n      margin: 0;\n      padding: 0;\n    }\n  </style>\n  <script type=\"module\" crossorigin src=\"/assets/index-58b24b54.js\"></script>\n  <link rel=\"stylesheet\" href=\"/assets/index-a4f6c957.css\">\n</head>\n\n<body>\n  <noscript>Wanna write ur own UI without js?! Go ahead, don't disturb others</noscript>\n  <div id=\"root\"></div>\n\n  \n</body>\n\n</html>\n" columns= [Object, Object, Object, Object, Object, Object]  ... > 
  at <DataTable value="<!DOCTYPE html>\n<html lang=\"en\">\n\n<head>\n  <meta charset=\"utf-8\" />\n  <meta name=\"viewport\" content=\"width=device-width, initial-scale=1\" />\n  <meta name=\"theme-color\" content=\"#000000\" />\n  <link rel=\"shortcut icon\" type=\"image/ico\" href=\"/assets/favicon-bc234827.ico\" />\n  <link href=\"https://fonts.googleapis.com/css?family=Roboto:300,400,500\" rel=\"stylesheet\" />\n  <title>Pentaract UI</title>\n\n  <style>\n    *,\n    html {\n      margin: 0;\n      padding: 0;\n    }\n  </style>\n  <script type=\"module\" crossorigin src=\"/assets/index-58b24b54.js\"></script>\n  <link rel=\"stylesheet\" href=\"/assets/index-a4f6c957.css\">\n</head>\n\n<body>\n  <noscript>Wanna write ur own UI without js?! Go ahead, don't disturb others</noscript>\n  <div id=\"root\"></div>\n\n  \n</body>\n\n</html>\n" loading=false stripedRows=""  ... > 
  at <OrdersView onVnodeUnmounted=fn<onVnodeUnmounted> ref=Ref< Proxy(Object) > > 
  at <RouterView> 
  at <AppLayout onVnodeUnmounted=fn<onVnodeUnmounted> ref=Ref< Proxy(Object) > > 
  at <RouterView> 
  at <App> @ http://localhost:5277/node_modules/@vue/runtime-core/dist/runtime-core.esm-bundler.js:49
[    1931ms] [WARNING] [Vue warn]: Invalid prop: type check failed for prop "rowData". Expected Object, got String with value "C". 
  at <BodyCell key="source" rowData="C" column= {__v_isVNode: true, __v_skip: true, type: Object, props: Object, key: null}  ... > 
  at <BodyRow key=undefined rowData="C" index=4  ... > 
  at <TableBody ref="bodyRef" value="<!DOCTYPE html>\n<htm" class=""  ... > 
  at <VirtualScroller ref="virtualScroller" items="<!DOCTYPE html>\n<html lang=\"en\">\n\n<head>\n  <meta charset=\"utf-8\" />\n  <meta name=\"viewport\" content=\"width=device-width, initial-scale=1\" />\n  <meta name=\"theme-color\" content=\"#000000\" />\n  <link rel=\"shortcut icon\" type=\"image/ico\" href=\"/assets/favicon-bc234827.ico\" />\n  <link href=\"https://fonts.googleapis.com/css?family=Roboto:300,400,500\" rel=\"stylesheet\" />\n  <title>Pentaract UI</title>\n\n  <style>\n    *,\n    html {\n      margin: 0;\n      padding: 0;\n    }\n  </style>\n  <script type=\"module\" crossorigin src=\"/assets/index-58b24b54.js\"></script>\n  <link rel=\"stylesheet\" href=\"/assets/index-a4f6c957.css\">\n</head>\n\n<body>\n  <noscript>Wanna write ur own UI without js?! Go ahead, don't disturb others</noscript>\n  <div id=\"root\"></div>\n\n  \n</body>\n\n</html>\n" columns= [Object, Object, Object, Object, Object, Object]  ... > 
  at <DataTable value="<!DOCTYPE html>\n<html lang=\"en\">\n\n<head>\n  <meta charset=\"utf-8\" />\n  <meta name=\"viewport\" content=\"width=device-width, initial-scale=1\" />\n  <meta name=\"theme-color\" content=\"#000000\" />\n  <link rel=\"shortcut icon\" type=\"image/ico\" href=\"/assets/favicon-bc234827.ico\" />\n  <link href=\"https://fonts.googleapis.com/css?family=Roboto:300,400,500\" rel=\"stylesheet\" />\n  <title>Pentaract UI</title>\n\n  <style>\n    *,\n    html {\n      margin: 0;\n      padding: 0;\n    }\n  </style>\n  <script type=\"module\" crossorigin src=\"/assets/index-58b24b54.js\"></script>\n  <link rel=\"stylesheet\" href=\"/assets/index-a4f6c957.css\">\n</head>\n\n<body>\n  <noscript>Wanna write ur own UI without js?! Go ahead, don't disturb others</noscript>\n  <div id=\"root\"></div>\n\n  \n</body>\n\n</html>\n" loading=false stripedRows=""  ... > 
  at <OrdersView onVnodeUnmounted=fn<onVnodeUnmounted> ref=Ref< Proxy(Object) > > 
  at <RouterView> 
  at <AppLayout onVnodeUnmounted=fn<onVnodeUnmounted> ref=Ref< Proxy(Object) > > 
  at <RouterView> 
  at <App> @ http://localhost:5277/node_modules/@vue/runtime-core/dist/runtime-core.esm-bundler.js:49
[    1935ms] [WARNING] [Vue warn]: Invalid prop: type check failed for prop "rowData". Expected Object, got String with value "C". 
  at <BodyCell key="status" rowData="C" column= {__v_isVNode: true, __v_skip: true, type: Object, props: Object, key: null}  ... > 
  at <BodyRow key=undefined rowData="C" index=4  ... > 
  at <TableBody ref="bodyRef" value="<!DOCTYPE html>\n<htm" class=""  ... > 
  at <VirtualScroller ref="virtualScroller" items="<!DOCTYPE html>\n<html lang=\"en\">\n\n<head>\n  <meta charset=\"utf-8\" />\n  <meta name=\"viewport\" content=\"width=device-width, initial-scale=1\" />\n  <meta name=\"theme-color\" content=\"#000000\" />\n  <link rel=\"shortcut icon\" type=\"image/ico\" href=\"/assets/favicon-bc234827.ico\" />\n  <link href=\"https://fonts.googleapis.com/css?family=Roboto:300,400,500\" rel=\"stylesheet\" />\n  <title>Pentaract UI</title>\n\n  <style>\n    *,\n    html {\n      margin: 0;\n      padding: 0;\n    }\n  </style>\n  <script type=\"module\" crossorigin src=\"/assets/index-58b24b54.js\"></script>\n  <link rel=\"stylesheet\" href=\"/assets/index-a4f6c957.css\">\n</head>\n\n<body>\n  <noscript>Wanna write ur own UI without js?! Go ahead, don't disturb others</noscript>\n  <div id=\"root\"></div>\n\n  \n</body>\n\n</html>\n" columns= [Object, Object, Object, Object, Object, Object]  ... > 
  at <DataTable value="<!DOCTYPE html>\n<html lang=\"en\">\n\n<head>\n  <meta charset=\"utf-8\" />\n  <meta name=\"viewport\" content=\"width=device-width, initial-scale=1\" />\n  <meta name=\"theme-color\" content=\"#000000\" />\n  <link rel=\"shortcut icon\" type=\"image/ico\" href=\"/assets/favicon-bc234827.ico\" />\n  <link href=\"https://fonts.googleapis.com/css?family=Roboto:300,400,500\" rel=\"stylesheet\" />\n  <title>Pentaract UI</title>\n\n  <style>\n    *,\n    html {\n      margin: 0;\n      padding: 0;\n    }\n  </style>\n  <script type=\"module\" crossorigin src=\"/assets/index-58b24b54.js\"></script>\n  <link rel=\"stylesheet\" href=\"/assets/index-a4f6c957.css\">\n</head>\n\n<body>\n  <noscript>Wanna write ur own UI without js?! Go ahead, don't disturb others</noscript>\n  <div id=\"root\"></div>\n\n  \n</body>\n\n</html>\n" loading=false stripedRows=""  ... > 
  at <OrdersView onVnodeUnmounted=fn<onVnodeUnmounted> ref=Ref< Proxy(Object) > > 
  at <RouterView> 
  at <AppLayout onVnodeUnmounted=fn<onVnodeUnmounted> ref=Ref< Proxy(Object) > > 
  at <RouterView> 
  at <App> @ http://localhost:5277/node_modules/@vue/runtime-core/dist/runtime-core.esm-bundler.js:49
[    1939ms] [WARNING] [Vue warn]: Invalid prop: type check failed for prop "rowData". Expected Object, got String with value "C". 
  at <BodyCell key="created_at" rowData="C" column= {__v_isVNode: true, __v_skip: true, type: Object, props: Object, key: null}  ... > 
  at <BodyRow key=undefined rowData="C" index=4  ... > 
  at <TableBody ref="bodyRef" value="<!DOCTYPE html>\n<htm" class=""  ... > 
  at <VirtualScroller ref="virtualScroller" items="<!DOCTYPE html>\n<html lang=\"en\">\n\n<head>\n  <meta charset=\"utf-8\" />\n  <meta name=\"viewport\" content=\"width=device-width, initial-scale=1\" />\n  <meta name=\"theme-color\" content=\"#000000\" />\n  <link rel=\"shortcut icon\" type=\"image/ico\" href=\"/assets/favicon-bc234827.ico\" />\n  <link href=\"https://fonts.googleapis.com/css?family=Roboto:300,400,500\" rel=\"stylesheet\" />\n  <title>Pentaract UI</title>\n\n  <style>\n    *,\n    html {\n      margin: 0;\n      padding: 0;\n    }\n  </style>\n  <script type=\"module\" crossorigin src=\"/assets/index-58b24b54.js\"></script>\n  <link rel=\"stylesheet\" href=\"/assets/index-a4f6c957.css\">\n</head>\n\n<body>\n  <noscript>Wanna write ur own UI without js?! Go ahead, don't disturb others</noscript>\n  <div id=\"root\"></div>\n\n  \n</body>\n\n</html>\n" columns= [Object, Object, Object, Object, Object, Object]  ... > 
  at <DataTable value="<!DOCTYPE html>\n<html lang=\"en\">\n\n<head>\n  <meta charset=\"utf-8\" />\n  <meta name=\"viewport\" content=\"width=device-width, initial-scale=1\" />\n  <meta name=\"theme-color\" content=\"#000000\" />\n  <link rel=\"shortcut icon\" type=\"image/ico\" href=\"/assets/favicon-bc234827.ico\" />\n  <link href=\"https://fonts.googleapis.com/css?family=Roboto:300,400,500\" rel=\"stylesheet\" />\n  <title>Pentaract UI</title>\n\n  <style>\n    *,\n    html {\n      margin: 0;\n      padding: 0;\n    }\n  </style>\n  <script type=\"module\" crossorigin src=\"/assets/index-58b24b54.js\"></script>\n  <link rel=\"stylesheet\" href=\"/assets/index-a4f6c957.css\">\n</head>\n\n<body>\n  <noscript>Wanna write ur own UI without js?! Go ahead, don't disturb others</noscript>\n  <div id=\"root\"></div>\n\n  \n</body>\n\n</html>\n" loading=false stripedRows=""  ... > 
  at <OrdersView onVnodeUnmounted=fn<onVnodeUnmounted> ref=Ref< Proxy(Object) > > 
  at <RouterView> 
  at <AppLayout onVnodeUnmounted=fn<onVnodeUnmounted> ref=Ref< Proxy(Object) > > 
  at <RouterView> 
  at <App> @ http://localhost:5277/node_modules/@vue/runtime-core/dist/runtime-core.esm-bundler.js:49
[    1943ms] [WARNING] [Vue warn]: Invalid prop: type check failed for prop "rowData". Expected Object, got String with value "C". 
  at <BodyCell key=5 rowData="C" column= {__v_isVNode: true, __v_skip: true, type: Object, props: Object, key: null}  ... > 
  at <BodyRow key=undefined rowData="C" index=4  ... > 
  at <TableBody ref="bodyRef" value="<!DOCTYPE html>\n<htm" class=""  ... > 
  at <VirtualScroller ref="virtualScroller" items="<!DOCTYPE html>\n<html lang=\"en\">\n\n<head>\n  <meta charset=\"utf-8\" />\n  <meta name=\"viewport\" content=\"width=device-width, initial-scale=1\" />\n  <meta name=\"theme-color\" content=\"#000000\" />\n  <link rel=\"shortcut icon\" type=\"image/ico\" href=\"/assets/favicon-bc234827.ico\" />\n  <link href=\"https://fonts.googleapis.com/css?family=Roboto:300,400,500\" rel=\"stylesheet\" />\n  <title>Pentaract UI</title>\n\n  <style>\n    *,\n    html {\n      margin: 0;\n      padding: 0;\n    }\n  </style>\n  <script type=\"module\" crossorigin src=\"/assets/index-58b24b54.js\"></script>\n  <link rel=\"stylesheet\" href=\"/assets/index-a4f6c957.css\">\n</head>\n\n<body>\n  <noscript>Wanna write ur own UI without js?! Go ahead, don't disturb others</noscript>\n  <div id=\"root\"></div>\n\n  \n</body>\n\n</html>\n" columns= [Object, Object, Object, Object, Object, Object]  ... > 
  at <DataTable value="<!DOCTYPE html>\n<html lang=\"en\">\n\n<head>\n  <meta charset=\"utf-8\" />\n  <meta name=\"viewport\" content=\"width=device-width, initial-scale=1\" />\n  <meta name=\"theme-color\" content=\"#000000\" />\n  <link rel=\"shortcut icon\" type=\"image/ico\" href=\"/assets/favicon-bc234827.ico\" />\n  <link href=\"https://fonts.googleapis.com/css?family=Roboto:300,400,500\" rel=\"stylesheet\" />\n  <title>Pentaract UI</title>\n\n  <style>\n    *,\n    html {\n      margin: 0;\n      padding: 0;\n    }\n  </style>\n  <script type=\"module\" crossorigin src=\"/assets/index-58b24b54.js\"></script>\n  <link rel=\"stylesheet\" href=\"/assets/index-a4f6c957.css\">\n</head>\n\n<body>\n  <noscript>Wanna write ur own UI without js?! Go ahead, don't disturb others</noscript>\n  <div id=\"root\"></div>\n\n  \n</body>\n\n</html>\n" loading=false stripedRows=""  ... > 
  at <OrdersView onVnodeUnmounted=fn<onVnodeUnmounted> ref=Ref< Proxy(Object) > > 
  at <RouterView> 
  at <AppLayout onVnodeUnmounted=fn<onVnodeUnmounted> ref=Ref< Proxy(Object) > > 
  at <RouterView> 
  at <App> @ http://localhost:5277/node_modules/@vue/runtime-core/dist/runtime-core.esm-bundler.js:49
[    1948ms] [WARNING] [Vue warn]: Invalid prop: type check failed for prop "rowData". Expected Object, got String with value "T". 
  at <BodyRow key=undefined rowData="T" index=5  ... > 
  at <TableBody ref="bodyRef" value="<!DOCTYPE html>\n<htm" class=""  ... > 
  at <VirtualScroller ref="virtualScroller" items="<!DOCTYPE html>\n<html lang=\"en\">\n\n<head>\n  <meta charset=\"utf-8\" />\n  <meta name=\"viewport\" content=\"width=device-width, initial-scale=1\" />\n  <meta name=\"theme-color\" content=\"#000000\" />\n  <link rel=\"shortcut icon\" type=\"image/ico\" href=\"/assets/favicon-bc234827.ico\" />\n  <link href=\"https://fonts.googleapis.com/css?family=Roboto:300,400,500\" rel=\"stylesheet\" />\n  <title>Pentaract UI</title>\n\n  <style>\n    *,\n    html {\n      margin: 0;\n      padding: 0;\n    }\n  </style>\n  <script type=\"module\" crossorigin src=\"/assets/index-58b24b54.js\"></script>\n  <link rel=\"stylesheet\" href=\"/assets/index-a4f6c957.css\">\n</head>\n\n<body>\n  <noscript>Wanna write ur own UI without js?! Go ahead, don't disturb others</noscript>\n  <div id=\"root\"></div>\n\n  \n</body>\n\n</html>\n" columns= [Object, Object, Object, Object, Object, Object]  ... > 
  at <DataTable value="<!DOCTYPE html>\n<html lang=\"en\">\n\n<head>\n  <meta charset=\"utf-8\" />\n  <meta name=\"viewport\" content=\"width=device-width, initial-scale=1\" />\n  <meta name=\"theme-color\" content=\"#000000\" />\n  <link rel=\"shortcut icon\" type=\"image/ico\" href=\"/assets/favicon-bc234827.ico\" />\n  <link href=\"https://fonts.googleapis.com/css?family=Roboto:300,400,500\" rel=\"stylesheet\" />\n  <title>Pentaract UI</title>\n\n  <style>\n    *,\n    html {\n      margin: 0;\n      padding: 0;\n    }\n  </style>\n  <script type=\"module\" crossorigin src=\"/assets/index-58b24b54.js\"></script>\n  <link rel=\"stylesheet\" href=\"/assets/index-a4f6c957.css\">\n</head>\n\n<body>\n  <noscript>Wanna write ur own UI without js?! Go ahead, don't disturb others</noscript>\n  <div id=\"root\"></div>\n\n  \n</body>\n\n</html>\n" loading=false stripedRows=""  ... > 
  at <OrdersView onVnodeUnmounted=fn<onVnodeUnmounted> ref=Ref< Proxy(Object) > > 
  at <RouterView> 
  at <AppLayout onVnodeUnmounted=fn<onVnodeUnmounted> ref=Ref< Proxy(Object) > > 
  at <RouterView> 
  at <App> @ http://localhost:5277/node_modules/@vue/runtime-core/dist/runtime-core.esm-bundler.js:49
[    1950ms] [WARNING] [Vue warn]: Invalid prop: type check failed for prop "value". Expected Array, got String with value "<!DOCTYPE html>
<htm". 
  at <BodyRow key=undefined rowData="T" index=5  ... > 
  at <TableBody ref="bodyRef" value="<!DOCTYPE html>\n<htm" class=""  ... > 
  at <VirtualScroller ref="virtualScroller" items="<!DOCTYPE html>\n<html lang=\"en\">\n\n<head>\n  <meta charset=\"utf-8\" />\n  <meta name=\"viewport\" content=\"width=device-width, initial-scale=1\" />\n  <meta name=\"theme-color\" content=\"#000000\" />\n  <link rel=\"shortcut icon\" type=\"image/ico\" href=\"/assets/favicon-bc234827.ico\" />\n  <link href=\"https://fonts.googleapis.com/css?family=Roboto:300,400,500\" rel=\"stylesheet\" />\n  <title>Pentaract UI</title>\n\n  <style>\n    *,\n    html {\n      margin: 0;\n      padding: 0;\n    }\n  </style>\n  <script type=\"module\" crossorigin src=\"/assets/index-58b24b54.js\"></script>\n  <link rel=\"stylesheet\" href=\"/assets/index-a4f6c957.css\">\n</head>\n\n<body>\n  <noscript>Wanna write ur own UI without js?! Go ahead, don't disturb others</noscript>\n  <div id=\"root\"></div>\n\n  \n</body>\n\n</html>\n" columns= [Object, Object, Object, Object, Object, Object]  ... > 
  at <DataTable value="<!DOCTYPE html>\n<html lang=\"en\">\n\n<head>\n  <meta charset=\"utf-8\" />\n  <meta name=\"viewport\" content=\"width=device-width, initial-scale=1\" />\n  <meta name=\"theme-color\" content=\"#000000\" />\n  <link rel=\"shortcut icon\" type=\"image/ico\" href=\"/assets/favicon-bc234827.ico\" />\n  <link href=\"https://fonts.googleapis.com/css?family=Roboto:300,400,500\" rel=\"stylesheet\" />\n  <title>Pentaract UI</title>\n\n  <style>\n    *,\n    html {\n      margin: 0;\n      padding: 0;\n    }\n  </style>\n  <script type=\"module\" crossorigin src=\"/assets/index-58b24b54.js\"></script>\n  <link rel=\"stylesheet\" href=\"/assets/index-a4f6c957.css\">\n</head>\n\n<body>\n  <noscript>Wanna write ur own UI without js?! Go ahead, don't disturb others</noscript>\n  <div id=\"root\"></div>\n\n  \n</body>\n\n</html>\n" loading=false stripedRows=""  ... > 
  at <OrdersView onVnodeUnmounted=fn<onVnodeUnmounted> ref=Ref< Proxy(Object) > > 
  at <RouterView> 
  at <AppLayout onVnodeUnmounted=fn<onVnodeUnmounted> ref=Ref< Proxy(Object) > > 
  at <RouterView> 
  at <App> @ http://localhost:5277/node_modules/@vue/runtime-core/dist/runtime-core.esm-bundler.js:49
[    1952ms] [WARNING] [Vue warn]: Invalid prop: type check failed for prop "rowData". Expected Object, got String with value "T". 
  at <BodyCell key="id" rowData="T" column= {__v_isVNode: true, __v_skip: true, type: Object, props: Object, key: null}  ... > 
  at <BodyRow key=undefined rowData="T" index=5  ... > 
  at <TableBody ref="bodyRef" value="<!DOCTYPE html>\n<htm" class=""  ... > 
  at <VirtualScroller ref="virtualScroller" items="<!DOCTYPE html>\n<html lang=\"en\">\n\n<head>\n  <meta charset=\"utf-8\" />\n  <meta name=\"viewport\" content=\"width=device-width, initial-scale=1\" />\n  <meta name=\"theme-color\" content=\"#000000\" />\n  <link rel=\"shortcut icon\" type=\"image/ico\" href=\"/assets/favicon-bc234827.ico\" />\n  <link href=\"https://fonts.googleapis.com/css?family=Roboto:300,400,500\" rel=\"stylesheet\" />\n  <title>Pentaract UI</title>\n\n  <style>\n    *,\n    html {\n      margin: 0;\n      padding: 0;\n    }\n  </style>\n  <script type=\"module\" crossorigin src=\"/assets/index-58b24b54.js\"></script>\n  <link rel=\"stylesheet\" href=\"/assets/index-a4f6c957.css\">\n</head>\n\n<body>\n  <noscript>Wanna write ur own UI without js?! Go ahead, don't disturb others</noscript>\n  <div id=\"root\"></div>\n\n  \n</body>\n\n</html>\n" columns= [Object, Object, Object, Object, Object, Object]  ... > 
  at <DataTable value="<!DOCTYPE html>\n<html lang=\"en\">\n\n<head>\n  <meta charset=\"utf-8\" />\n  <meta name=\"viewport\" content=\"width=device-width, initial-scale=1\" />\n  <meta name=\"theme-color\" content=\"#000000\" />\n  <link rel=\"shortcut icon\" type=\"image/ico\" href=\"/assets/favicon-bc234827.ico\" />\n  <link href=\"https://fonts.googleapis.com/css?family=Roboto:300,400,500\" rel=\"stylesheet\" />\n  <title>Pentaract UI</title>\n\n  <style>\n    *,\n    html {\n      margin: 0;\n      padding: 0;\n    }\n  </style>\n  <script type=\"module\" crossorigin src=\"/assets/index-58b24b54.js\"></script>\n  <link rel=\"stylesheet\" href=\"/assets/index-a4f6c957.css\">\n</head>\n\n<body>\n  <noscript>Wanna write ur own UI without js?! Go ahead, don't disturb others</noscript>\n  <div id=\"root\"></div>\n\n  \n</body>\n\n</html>\n" loading=false stripedRows=""  ... > 
  at <OrdersView onVnodeUnmounted=fn<onVnodeUnmounted> ref=Ref< Proxy(Object) > > 
  at <RouterView> 
  at <AppLayout onVnodeUnmounted=fn<onVnodeUnmounted> ref=Ref< Proxy(Object) > > 
  at <RouterView> 
  at <App> @ http://localhost:5277/node_modules/@vue/runtime-core/dist/runtime-core.esm-bundler.js:49
[    1955ms] [WARNING] [Vue warn]: Invalid prop: type check failed for prop "rowData". Expected Object, got String with value "T". 
  at <BodyCell key="client_id" rowData="T" column= {__v_isVNode: true, __v_skip: true, type: Object, props: Object, key: null}  ... > 
  at <BodyRow key=undefined rowData="T" index=5  ... > 
  at <TableBody ref="bodyRef" value="<!DOCTYPE html>\n<htm" class=""  ... > 
  at <VirtualScroller ref="virtualScroller" items="<!DOCTYPE html>\n<html lang=\"en\">\n\n<head>\n  <meta charset=\"utf-8\" />\n  <meta name=\"viewport\" content=\"width=device-width, initial-scale=1\" />\n  <meta name=\"theme-color\" content=\"#000000\" />\n  <link rel=\"shortcut icon\" type=\"image/ico\" href=\"/assets/favicon-bc234827.ico\" />\n  <link href=\"https://fonts.googleapis.com/css?family=Roboto:300,400,500\" rel=\"stylesheet\" />\n  <title>Pentaract UI</title>\n\n  <style>\n    *,\n    html {\n      margin: 0;\n      padding: 0;\n    }\n  </style>\n  <script type=\"module\" crossorigin src=\"/assets/index-58b24b54.js\"></script>\n  <link rel=\"stylesheet\" href=\"/assets/index-a4f6c957.css\">\n</head>\n\n<body>\n  <noscript>Wanna write ur own UI without js?! Go ahead, don't disturb others</noscript>\n  <div id=\"root\"></div>\n\n  \n</body>\n\n</html>\n" columns= [Object, Object, Object, Object, Object, Object]  ... > 
  at <DataTable value="<!DOCTYPE html>\n<html lang=\"en\">\n\n<head>\n  <meta charset=\"utf-8\" />\n  <meta name=\"viewport\" content=\"width=device-width, initial-scale=1\" />\n  <meta name=\"theme-color\" content=\"#000000\" />\n  <link rel=\"shortcut icon\" type=\"image/ico\" href=\"/assets/favicon-bc234827.ico\" />\n  <link href=\"https://fonts.googleapis.com/css?family=Roboto:300,400,500\" rel=\"stylesheet\" />\n  <title>Pentaract UI</title>\n\n  <style>\n    *,\n    html {\n      margin: 0;\n      padding: 0;\n    }\n  </style>\n  <script type=\"module\" crossorigin src=\"/assets/index-58b24b54.js\"></script>\n  <link rel=\"stylesheet\" href=\"/assets/index-a4f6c957.css\">\n</head>\n\n<body>\n  <noscript>Wanna write ur own UI without js?! Go ahead, don't disturb others</noscript>\n  <div id=\"root\"></div>\n\n  \n</body>\n\n</html>\n" loading=false stripedRows=""  ... > 
  at <OrdersView onVnodeUnmounted=fn<onVnodeUnmounted> ref=Ref< Proxy(Object) > > 
  at <RouterView> 
  at <AppLayout onVnodeUnmounted=fn<onVnodeUnmounted> ref=Ref< Proxy(Object) > > 
  at <RouterView> 
  at <App> @ http://localhost:5277/node_modules/@vue/runtime-core/dist/runtime-core.esm-bundler.js:49
[    1958ms] [WARNING] [Vue warn]: Invalid prop: type check failed for prop "rowData". Expected Object, got String with value "T". 
  at <BodyCell key="source" rowData="T" column= {__v_isVNode: true, __v_skip: true, type: Object, props: Object, key: null}  ... > 
  at <BodyRow key=undefined rowData="T" index=5  ... > 
  at <TableBody ref="bodyRef" value="<!DOCTYPE html>\n<htm" class=""  ... > 
  at <VirtualScroller ref="virtualScroller" items="<!DOCTYPE html>\n<html lang=\"en\">\n\n<head>\n  <meta charset=\"utf-8\" />\n  <meta name=\"viewport\" content=\"width=device-width, initial-scale=1\" />\n  <meta name=\"theme-color\" content=\"#000000\" />\n  <link rel=\"shortcut icon\" type=\"image/ico\" href=\"/assets/favicon-bc234827.ico\" />\n  <link href=\"https://fonts.googleapis.com/css?family=Roboto:300,400,500\" rel=\"stylesheet\" />\n  <title>Pentaract UI</title>\n\n  <style>\n    *,\n    html {\n      margin: 0;\n      padding: 0;\n    }\n  </style>\n  <script type=\"module\" crossorigin src=\"/assets/index-58b24b54.js\"></script>\n  <link rel=\"stylesheet\" href=\"/assets/index-a4f6c957.css\">\n</head>\n\n<body>\n  <noscript>Wanna write ur own UI without js?! Go ahead, don't disturb others</noscript>\n  <div id=\"root\"></div>\n\n  \n</body>\n\n</html>\n" columns= [Object, Object, Object, Object, Object, Object]  ... > 
  at <DataTable value="<!DOCTYPE html>\n<html lang=\"en\">\n\n<head>\n  <meta charset=\"utf-8\" />\n  <meta name=\"viewport\" content=\"width=device-width, initial-scale=1\" />\n  <meta name=\"theme-color\" content=\"#000000\" />\n  <link rel=\"shortcut icon\" type=\"image/ico\" href=\"/assets/favicon-bc234827.ico\" />\n  <link href=\"https://fonts.googleapis.com/css?family=Roboto:300,400,500\" rel=\"stylesheet\" />\n  <title>Pentaract UI</title>\n\n  <style>\n    *,\n    html {\n      margin: 0;\n      padding: 0;\n    }\n  </style>\n  <script type=\"module\" crossorigin src=\"/assets/index-58b24b54.js\"></script>\n  <link rel=\"stylesheet\" href=\"/assets/index-a4f6c957.css\">\n</head>\n\n<body>\n  <noscript>Wanna write ur own UI without js?! Go ahead, don't disturb others</noscript>\n  <div id=\"root\"></div>\n\n  \n</body>\n\n</html>\n" loading=false stripedRows=""  ... > 
  at <OrdersView onVnodeUnmounted=fn<onVnodeUnmounted> ref=Ref< Proxy(Object) > > 
  at <RouterView> 
  at <AppLayout onVnodeUnmounted=fn<onVnodeUnmounted> ref=Ref< Proxy(Object) > > 
  at <RouterView> 
  at <App> @ http://localhost:5277/node_modules/@vue/runtime-core/dist/runtime-core.esm-bundler.js:49
[    1961ms] [WARNING] [Vue warn]: Invalid prop: type check failed for prop "rowData". Expected Object, got String with value "T". 
  at <BodyCell key="status" rowData="T" column= {__v_isVNode: true, __v_skip: true, type: Object, props: Object, key: null}  ... > 
  at <BodyRow key=undefined rowData="T" index=5  ... > 
  at <TableBody ref="bodyRef" value="<!DOCTYPE html>\n<htm" class=""  ... > 
  at <VirtualScroller ref="virtualScroller" items="<!DOCTYPE html>\n<html lang=\"en\">\n\n<head>\n  <meta charset=\"utf-8\" />\n  <meta name=\"viewport\" content=\"width=device-width, initial-scale=1\" />\n  <meta name=\"theme-color\" content=\"#000000\" />\n  <link rel=\"shortcut icon\" type=\"image/ico\" href=\"/assets/favicon-bc234827.ico\" />\n  <link href=\"https://fonts.googleapis.com/css?family=Roboto:300,400,500\" rel=\"stylesheet\" />\n  <title>Pentaract UI</title>\n\n  <style>\n    *,\n    html {\n      margin: 0;\n      padding: 0;\n    }\n  </style>\n  <script type=\"module\" crossorigin src=\"/assets/index-58b24b54.js\"></script>\n  <link rel=\"stylesheet\" href=\"/assets/index-a4f6c957.css\">\n</head>\n\n<body>\n  <noscript>Wanna write ur own UI without js?! Go ahead, don't disturb others</noscript>\n  <div id=\"root\"></div>\n\n  \n</body>\n\n</html>\n" columns= [Object, Object, Object, Object, Object, Object]  ... > 
  at <DataTable value="<!DOCTYPE html>\n<html lang=\"en\">\n\n<head>\n  <meta charset=\"utf-8\" />\n  <meta name=\"viewport\" content=\"width=device-width, initial-scale=1\" />\n  <meta name=\"theme-color\" content=\"#000000\" />\n  <link rel=\"shortcut icon\" type=\"image/ico\" href=\"/assets/favicon-bc234827.ico\" />\n  <link href=\"https://fonts.googleapis.com/css?family=Roboto:300,400,500\" rel=\"stylesheet\" />\n  <title>Pentaract UI</title>\n\n  <style>\n    *,\n    html {\n      margin: 0;\n      padding: 0;\n    }\n  </style>\n  <script type=\"module\" crossorigin src=\"/assets/index-58b24b54.js\"></script>\n  <link rel=\"stylesheet\" href=\"/assets/index-a4f6c957.css\">\n</head>\n\n<body>\n  <noscript>Wanna write ur own UI without js?! Go ahead, don't disturb others</noscript>\n  <div id=\"root\"></div>\n\n  \n</body>\n\n</html>\n" loading=false stripedRows=""  ... > 
  at <OrdersView onVnodeUnmounted=fn<onVnodeUnmounted> ref=Ref< Proxy(Object) > > 
  at <RouterView> 
  at <AppLayout onVnodeUnmounted=fn<onVnodeUnmounted> ref=Ref< Proxy(Object) > > 
  at <RouterView> 
  at <App> @ http://localhost:5277/node_modules/@vue/runtime-core/dist/runtime-core.esm-bundler.js:49
[    1965ms] [WARNING] [Vue warn]: Invalid prop: type check failed for prop "rowData". Expected Object, got String with value "T". 
  at <BodyCell key="created_at" rowData="T" column= {__v_isVNode: true, __v_skip: true, type: Object, props: Object, key: null}  ... > 
  at <BodyRow key=undefined rowData="T" index=5  ... > 
  at <TableBody ref="bodyRef" value="<!DOCTYPE html>\n<htm" class=""  ... > 
  at <VirtualScroller ref="virtualScroller" items="<!DOCTYPE html>\n<html lang=\"en\">\n\n<head>\n  <meta charset=\"utf-8\" />\n  <meta name=\"viewport\" content=\"width=device-width, initial-scale=1\" />\n  <meta name=\"theme-color\" content=\"#000000\" />\n  <link rel=\"shortcut icon\" type=\"image/ico\" href=\"/assets/favicon-bc234827.ico\" />\n  <link href=\"https://fonts.googleapis.com/css?family=Roboto:300,400,500\" rel=\"stylesheet\" />\n  <title>Pentaract UI</title>\n\n  <style>\n    *,\n    html {\n      margin: 0;\n      padding: 0;\n    }\n  </style>\n  <script type=\"module\" crossorigin src=\"/assets/index-58b24b54.js\"></script>\n  <link rel=\"stylesheet\" href=\"/assets/index-a4f6c957.css\">\n</head>\n\n<body>\n  <noscript>Wanna write ur own UI without js?! Go ahead, don't disturb others</noscript>\n  <div id=\"root\"></div>\n\n  \n</body>\n\n</html>\n" columns= [Object, Object, Object, Object, Object, Object]  ... > 
  at <DataTable value="<!DOCTYPE html>\n<html lang=\"en\">\n\n<head>\n  <meta charset=\"utf-8\" />\n  <meta name=\"viewport\" content=\"width=device-width, initial-scale=1\" />\n  <meta name=\"theme-color\" content=\"#000000\" />\n  <link rel=\"shortcut icon\" type=\"image/ico\" href=\"/assets/favicon-bc234827.ico\" />\n  <link href=\"https://fonts.googleapis.com/css?family=Roboto:300,400,500\" rel=\"stylesheet\" />\n  <title>Pentaract UI</title>\n\n  <style>\n    *,\n    html {\n      margin: 0;\n      padding: 0;\n    }\n  </style>\n  <script type=\"module\" crossorigin src=\"/assets/index-58b24b54.js\"></script>\n  <link rel=\"stylesheet\" href=\"/assets/index-a4f6c957.css\">\n</head>\n\n<body>\n  <noscript>Wanna write ur own UI without js?! Go ahead, don't disturb others</noscript>\n  <div id=\"root\"></div>\n\n  \n</body>\n\n</html>\n" loading=false stripedRows=""  ... > 
  at <OrdersView onVnodeUnmounted=fn<onVnodeUnmounted> ref=Ref< Proxy(Object) > > 
  at <RouterView> 
  at <AppLayout onVnodeUnmounted=fn<onVnodeUnmounted> ref=Ref< Proxy(Object) > > 
  at <RouterView> 
  at <App> @ http://localhost:5277/node_modules/@vue/runtime-core/dist/runtime-core.esm-bundler.js:49
[    1967ms] [WARNING] [Vue warn]: Invalid prop: type check failed for prop "rowData". Expected Object, got String with value "T". 
  at <BodyCell key=5 rowData="T" column= {__v_isVNode: true, __v_skip: true, type: Object, props: Object, key: null}  ... > 
  at <BodyRow key=undefined rowData="T" index=5  ... > 
  at <TableBody ref="bodyRef" value="<!DOCTYPE html>\n<htm" class=""  ... > 
  at <VirtualScroller ref="virtualScroller" items="<!DOCTYPE html>\n<html lang=\"en\">\n\n<head>\n  <meta charset=\"utf-8\" />\n  <meta name=\"viewport\" content=\"width=device-width, initial-scale=1\" />\n  <meta name=\"theme-color\" content=\"#000000\" />\n  <link rel=\"shortcut icon\" type=\"image/ico\" href=\"/assets/favicon-bc234827.ico\" />\n  <link href=\"https://fonts.googleapis.com/css?family=Roboto:300,400,500\" rel=\"stylesheet\" />\n  <title>Pentaract UI</title>\n\n  <style>\n    *,\n    html {\n      margin: 0;\n      padding: 0;\n    }\n  </style>\n  <script type=\"module\" crossorigin src=\"/assets/index-58b24b54.js\"></script>\n  <link rel=\"stylesheet\" href=\"/assets/index-a4f6c957.css\">\n</head>\n\n<body>\n  <noscript>Wanna write ur own UI without js?! Go ahead, don't disturb others</noscript>\n  <div id=\"root\"></div>\n\n  \n</body>\n\n</html>\n" columns= [Object, Object, Object, Object, Object, Object]  ... > 
  at <DataTable value="<!DOCTYPE html>\n<html lang=\"en\">\n\n<head>\n  <meta charset=\"utf-8\" />\n  <meta name=\"viewport\" content=\"width=device-width, initial-scale=1\" />\n  <meta name=\"theme-color\" content=\"#000000\" />\n  <link rel=\"shortcut icon\" type=\"image/ico\" href=\"/assets/favicon-bc234827.ico\" />\n  <link href=\"https://fonts.googleapis.com/css?family=Roboto:300,400,500\" rel=\"stylesheet\" />\n  <title>Pentaract UI</title>\n\n  <style>\n    *,\n    html {\n      margin: 0;\n      padding: 0;\n    }\n  </style>\n  <script type=\"module\" crossorigin src=\"/assets/index-58b24b54.js\"></script>\n  <link rel=\"stylesheet\" href=\"/assets/index-a4f6c957.css\">\n</head>\n\n<body>\n  <noscript>Wanna write ur own UI without js?! Go ahead, don't disturb others</noscript>\n  <div id=\"root\"></div>\n\n  \n</body>\n\n</html>\n" loading=false stripedRows=""  ... > 
  at <OrdersView onVnodeUnmounted=fn<onVnodeUnmounted> ref=Ref< Proxy(Object) > > 
  at <RouterView> 
  at <AppLayout onVnodeUnmounted=fn<onVnodeUnmounted> ref=Ref< Proxy(Object) > > 
  at <RouterView> 
  at <App> @ http://localhost:5277/node_modules/@vue/runtime-core/dist/runtime-core.esm-bundler.js:49
[    1972ms] [WARNING] [Vue warn]: Invalid prop: type check failed for prop "rowData". Expected Object, got String with value "Y". 
  at <BodyRow key=undefined rowData="Y" index=6  ... > 
  at <TableBody ref="bodyRef" value="<!DOCTYPE html>\n<htm" class=""  ... > 
  at <VirtualScroller ref="virtualScroller" items="<!DOCTYPE html>\n<html lang=\"en\">\n\n<head>\n  <meta charset=\"utf-8\" />\n  <meta name=\"viewport\" content=\"width=device-width, initial-scale=1\" />\n  <meta name=\"theme-color\" content=\"#000000\" />\n  <link rel=\"shortcut icon\" type=\"image/ico\" href=\"/assets/favicon-bc234827.ico\" />\n  <link href=\"https://fonts.googleapis.com/css?family=Roboto:300,400,500\" rel=\"stylesheet\" />\n  <title>Pentaract UI</title>\n\n  <style>\n    *,\n    html {\n      margin: 0;\n      padding: 0;\n    }\n  </style>\n  <script type=\"module\" crossorigin src=\"/assets/index-58b24b54.js\"></script>\n  <link rel=\"stylesheet\" href=\"/assets/index-a4f6c957.css\">\n</head>\n\n<body>\n  <noscript>Wanna write ur own UI without js?! Go ahead, don't disturb others</noscript>\n  <div id=\"root\"></div>\n\n  \n</body>\n\n</html>\n" columns= [Object, Object, Object, Object, Object, Object]  ... > 
  at <DataTable value="<!DOCTYPE html>\n<html lang=\"en\">\n\n<head>\n  <meta charset=\"utf-8\" />\n  <meta name=\"viewport\" content=\"width=device-width, initial-scale=1\" />\n  <meta name=\"theme-color\" content=\"#000000\" />\n  <link rel=\"shortcut icon\" type=\"image/ico\" href=\"/assets/favicon-bc234827.ico\" />\n  <link href=\"https://fonts.googleapis.com/css?family=Roboto:300,400,500\" rel=\"stylesheet\" />\n  <title>Pentaract UI</title>\n\n  <style>\n    *,\n    html {\n      margin: 0;\n      padding: 0;\n    }\n  </style>\n  <script type=\"module\" crossorigin src=\"/assets/index-58b24b54.js\"></script>\n  <link rel=\"stylesheet\" href=\"/assets/index-a4f6c957.css\">\n</head>\n\n<body>\n  <noscript>Wanna write ur own UI without js?! Go ahead, don't disturb others</noscript>\n  <div id=\"root\"></div>\n\n  \n</body>\n\n</html>\n" loading=false stripedRows=""  ... > 
  at <OrdersView onVnodeUnmounted=fn<onVnodeUnmounted> ref=Ref< Proxy(Object) > > 
  at <RouterView> 
  at <AppLayout onVnodeUnmounted=fn<onVnodeUnmounted> ref=Ref< Proxy(Object) > > 
  at <RouterView> 
  at <App> @ http://localhost:5277/node_modules/@vue/runtime-core/dist/runtime-core.esm-bundler.js:49
[    1973ms] [WARNING] [Vue warn]: Invalid prop: type check failed for prop "value". Expected Array, got String with value "<!DOCTYPE html>
<htm". 
  at <BodyRow key=undefined rowData="Y" index=6  ... > 
  at <TableBody ref="bodyRef" value="<!DOCTYPE html>\n<htm" class=""  ... > 
  at <VirtualScroller ref="virtualScroller" items="<!DOCTYPE html>\n<html lang=\"en\">\n\n<head>\n  <meta charset=\"utf-8\" />\n  <meta name=\"viewport\" content=\"width=device-width, initial-scale=1\" />\n  <meta name=\"theme-color\" content=\"#000000\" />\n  <link rel=\"shortcut icon\" type=\"image/ico\" href=\"/assets/favicon-bc234827.ico\" />\n  <link href=\"https://fonts.googleapis.com/css?family=Roboto:300,400,500\" rel=\"stylesheet\" />\n  <title>Pentaract UI</title>\n\n  <style>\n    *,\n    html {\n      margin: 0;\n      padding: 0;\n    }\n  </style>\n  <script type=\"module\" crossorigin src=\"/assets/index-58b24b54.js\"></script>\n  <link rel=\"stylesheet\" href=\"/assets/index-a4f6c957.css\">\n</head>\n\n<body>\n  <noscript>Wanna write ur own UI without js?! Go ahead, don't disturb others</noscript>\n  <div id=\"root\"></div>\n\n  \n</body>\n\n</html>\n" columns= [Object, Object, Object, Object, Object, Object]  ... > 
  at <DataTable value="<!DOCTYPE html>\n<html lang=\"en\">\n\n<head>\n  <meta charset=\"utf-8\" />\n  <meta name=\"viewport\" content=\"width=device-width, initial-scale=1\" />\n  <meta name=\"theme-color\" content=\"#000000\" />\n  <link rel=\"shortcut icon\" type=\"image/ico\" href=\"/assets/favicon-bc234827.ico\" />\n  <link href=\"https://fonts.googleapis.com/css?family=Roboto:300,400,500\" rel=\"stylesheet\" />\n  <title>Pentaract UI</title>\n\n  <style>\n    *,\n    html {\n      margin: 0;\n      padding: 0;\n    }\n  </style>\n  <script type=\"module\" crossorigin src=\"/assets/index-58b24b54.js\"></script>\n  <link rel=\"stylesheet\" href=\"/assets/index-a4f6c957.css\">\n</head>\n\n<body>\n  <noscript>Wanna write ur own UI without js?! Go ahead, don't disturb others</noscript>\n  <div id=\"root\"></div>\n\n  \n</body>\n\n</html>\n" loading=false stripedRows=""  ... > 
  at <OrdersView onVnodeUnmounted=fn<onVnodeUnmounted> ref=Ref< Proxy(Object) > > 
  at <RouterView> 
  at <AppLayout onVnodeUnmounted=fn<onVnodeUnmounted> ref=Ref< Proxy(Object) > > 
  at <RouterView> 
  at <App> @ http://localhost:5277/node_modules/@vue/runtime-core/dist/runtime-core.esm-bundler.js:49
[    1976ms] [WARNING] [Vue warn]: Invalid prop: type check failed for prop "rowData". Expected Object, got String with value "Y". 
  at <BodyCell key="id" rowData="Y" column= {__v_isVNode: true, __v_skip: true, type: Object, props: Object, key: null}  ... > 
  at <BodyRow key=undefined rowData="Y" index=6  ... > 
  at <TableBody ref="bodyRef" value="<!DOCTYPE html>\n<htm" class=""  ... > 
  at <VirtualScroller ref="virtualScroller" items="<!DOCTYPE html>\n<html lang=\"en\">\n\n<head>\n  <meta charset=\"utf-8\" />\n  <meta name=\"viewport\" content=\"width=device-width, initial-scale=1\" />\n  <meta name=\"theme-color\" content=\"#000000\" />\n  <link rel=\"shortcut icon\" type=\"image/ico\" href=\"/assets/favicon-bc234827.ico\" />\n  <link href=\"https://fonts.googleapis.com/css?family=Roboto:300,400,500\" rel=\"stylesheet\" />\n  <title>Pentaract UI</title>\n\n  <style>\n    *,\n    html {\n      margin: 0;\n      padding: 0;\n    }\n  </style>\n  <script type=\"module\" crossorigin src=\"/assets/index-58b24b54.js\"></script>\n  <link rel=\"stylesheet\" href=\"/assets/index-a4f6c957.css\">\n</head>\n\n<body>\n  <noscript>Wanna write ur own UI without js?! Go ahead, don't disturb others</noscript>\n  <div id=\"root\"></div>\n\n  \n</body>\n\n</html>\n" columns= [Object, Object, Object, Object, Object, Object]  ... > 
  at <DataTable value="<!DOCTYPE html>\n<html lang=\"en\">\n\n<head>\n  <meta charset=\"utf-8\" />\n  <meta name=\"viewport\" content=\"width=device-width, initial-scale=1\" />\n  <meta name=\"theme-color\" content=\"#000000\" />\n  <link rel=\"shortcut icon\" type=\"image/ico\" href=\"/assets/favicon-bc234827.ico\" />\n  <link href=\"https://fonts.googleapis.com/css?family=Roboto:300,400,500\" rel=\"stylesheet\" />\n  <title>Pentaract UI</title>\n\n  <style>\n    *,\n    html {\n      margin: 0;\n      padding: 0;\n    }\n  </style>\n  <script type=\"module\" crossorigin src=\"/assets/index-58b24b54.js\"></script>\n  <link rel=\"stylesheet\" href=\"/assets/index-a4f6c957.css\">\n</head>\n\n<body>\n  <noscript>Wanna write ur own UI without js?! Go ahead, don't disturb others</noscript>\n  <div id=\"root\"></div>\n\n  \n</body>\n\n</html>\n" loading=false stripedRows=""  ... > 
  at <OrdersView onVnodeUnmounted=fn<onVnodeUnmounted> ref=Ref< Proxy(Object) > > 
  at <RouterView> 
  at <AppLayout onVnodeUnmounted=fn<onVnodeUnmounted> ref=Ref< Proxy(Object) > > 
  at <RouterView> 
  at <App> @ http://localhost:5277/node_modules/@vue/runtime-core/dist/runtime-core.esm-bundler.js:49
[    1979ms] [WARNING] [Vue warn]: Invalid prop: type check failed for prop "rowData". Expected Object, got String with value "Y". 
  at <BodyCell key="client_id" rowData="Y" column= {__v_isVNode: true, __v_skip: true, type: Object, props: Object, key: null}  ... > 
  at <BodyRow key=undefined rowData="Y" index=6  ... > 
  at <TableBody ref="bodyRef" value="<!DOCTYPE html>\n<htm" class=""  ... > 
  at <VirtualScroller ref="virtualScroller" items="<!DOCTYPE html>\n<html lang=\"en\">\n\n<head>\n  <meta charset=\"utf-8\" />\n  <meta name=\"viewport\" content=\"width=device-width, initial-scale=1\" />\n  <meta name=\"theme-color\" content=\"#000000\" />\n  <link rel=\"shortcut icon\" type=\"image/ico\" href=\"/assets/favicon-bc234827.ico\" />\n  <link href=\"https://fonts.googleapis.com/css?family=Roboto:300,400,500\" rel=\"stylesheet\" />\n  <title>Pentaract UI</title>\n\n  <style>\n    *,\n    html {\n      margin: 0;\n      padding: 0;\n    }\n  </style>\n  <script type=\"module\" crossorigin src=\"/assets/index-58b24b54.js\"></script>\n  <link rel=\"stylesheet\" href=\"/assets/index-a4f6c957.css\">\n</head>\n\n<body>\n  <noscript>Wanna write ur own UI without js?! Go ahead, don't disturb others</noscript>\n  <div id=\"root\"></div>\n\n  \n</body>\n\n</html>\n" columns= [Object, Object, Object, Object, Object, Object]  ... > 
  at <DataTable value="<!DOCTYPE html>\n<html lang=\"en\">\n\n<head>\n  <meta charset=\"utf-8\" />\n  <meta name=\"viewport\" content=\"width=device-width, initial-scale=1\" />\n  <meta name=\"theme-color\" content=\"#000000\" />\n  <link rel=\"shortcut icon\" type=\"image/ico\" href=\"/assets/favicon-bc234827.ico\" />\n  <link href=\"https://fonts.googleapis.com/css?family=Roboto:300,400,500\" rel=\"stylesheet\" />\n  <title>Pentaract UI</title>\n\n  <style>\n    *,\n    html {\n      margin: 0;\n      padding: 0;\n    }\n  </style>\n  <script type=\"module\" crossorigin src=\"/assets/index-58b24b54.js\"></script>\n  <link rel=\"stylesheet\" href=\"/assets/index-a4f6c957.css\">\n</head>\n\n<body>\n  <noscript>Wanna write ur own UI without js?! Go ahead, don't disturb others</noscript>\n  <div id=\"root\"></div>\n\n  \n</body>\n\n</html>\n" loading=false stripedRows=""  ... > 
  at <OrdersView onVnodeUnmounted=fn<onVnodeUnmounted> ref=Ref< Proxy(Object) > > 
  at <RouterView> 
  at <AppLayout onVnodeUnmounted=fn<onVnodeUnmounted> ref=Ref< Proxy(Object) > > 
  at <RouterView> 
  at <App> @ http://localhost:5277/node_modules/@vue/runtime-core/dist/runtime-core.esm-bundler.js:49
[    1981ms] [WARNING] [Vue warn]: Invalid prop: type check failed for prop "rowData". Expected Object, got String with value "Y". 
  at <BodyCell key="source" rowData="Y" column= {__v_isVNode: true, __v_skip: true, type: Object, props: Object, key: null}  ... > 
  at <BodyRow key=undefined rowData="Y" index=6  ... > 
  at <TableBody ref="bodyRef" value="<!DOCTYPE html>\n<htm" class=""  ... > 
  at <VirtualScroller ref="virtualScroller" items="<!DOCTYPE html>\n<html lang=\"en\">\n\n<head>\n  <meta charset=\"utf-8\" />\n  <meta name=\"viewport\" content=\"width=device-width, initial-scale=1\" />\n  <meta name=\"theme-color\" content=\"#000000\" />\n  <link rel=\"shortcut icon\" type=\"image/ico\" href=\"/assets/favicon-bc234827.ico\" />\n  <link href=\"https://fonts.googleapis.com/css?family=Roboto:300,400,500\" rel=\"stylesheet\" />\n  <title>Pentaract UI</title>\n\n  <style>\n    *,\n    html {\n      margin: 0;\n      padding: 0;\n    }\n  </style>\n  <script type=\"module\" crossorigin src=\"/assets/index-58b24b54.js\"></script>\n  <link rel=\"stylesheet\" href=\"/assets/index-a4f6c957.css\">\n</head>\n\n<body>\n  <noscript>Wanna write ur own UI without js?! Go ahead, don't disturb others</noscript>\n  <div id=\"root\"></div>\n\n  \n</body>\n\n</html>\n" columns= [Object, Object, Object, Object, Object, Object]  ... > 
  at <DataTable value="<!DOCTYPE html>\n<html lang=\"en\">\n\n<head>\n  <meta charset=\"utf-8\" />\n  <meta name=\"viewport\" content=\"width=device-width, initial-scale=1\" />\n  <meta name=\"theme-color\" content=\"#000000\" />\n  <link rel=\"shortcut icon\" type=\"image/ico\" href=\"/assets/favicon-bc234827.ico\" />\n  <link href=\"https://fonts.googleapis.com/css?family=Roboto:300,400,500\" rel=\"stylesheet\" />\n  <title>Pentaract UI</title>\n\n  <style>\n    *,\n    html {\n      margin: 0;\n      padding: 0;\n    }\n  </style>\n  <script type=\"module\" crossorigin src=\"/assets/index-58b24b54.js\"></script>\n  <link rel=\"stylesheet\" href=\"/assets/index-a4f6c957.css\">\n</head>\n\n<body>\n  <noscript>Wanna write ur own UI without js?! Go ahead, don't disturb others</noscript>\n  <div id=\"root\"></div>\n\n  \n</body>\n\n</html>\n" loading=false stripedRows=""  ... > 
  at <OrdersView onVnodeUnmounted=fn<onVnodeUnmounted> ref=Ref< Proxy(Object) > > 
  at <RouterView> 
  at <AppLayout onVnodeUnmounted=fn<onVnodeUnmounted> ref=Ref< Proxy(Object) > > 
  at <RouterView> 
  at <App> @ http://localhost:5277/node_modules/@vue/runtime-core/dist/runtime-core.esm-bundler.js:49
[    1983ms] [WARNING] [Vue warn]: Invalid prop: type check failed for prop "rowData". Expected Object, got String with value "Y". 
  at <BodyCell key="status" rowData="Y" column= {__v_isVNode: true, __v_skip: true, type: Object, props: Object, key: null}  ... > 
  at <BodyRow key=undefined rowData="Y" index=6  ... > 
  at <TableBody ref="bodyRef" value="<!DOCTYPE html>\n<htm" class=""  ... > 
  at <VirtualScroller ref="virtualScroller" items="<!DOCTYPE html>\n<html lang=\"en\">\n\n<head>\n  <meta charset=\"utf-8\" />\n  <meta name=\"viewport\" content=\"width=device-width, initial-scale=1\" />\n  <meta name=\"theme-color\" content=\"#000000\" />\n  <link rel=\"shortcut icon\" type=\"image/ico\" href=\"/assets/favicon-bc234827.ico\" />\n  <link href=\"https://fonts.googleapis.com/css?family=Roboto:300,400,500\" rel=\"stylesheet\" />\n  <title>Pentaract UI</title>\n\n  <style>\n    *,\n    html {\n      margin: 0;\n      padding: 0;\n    }\n  </style>\n  <script type=\"module\" crossorigin src=\"/assets/index-58b24b54.js\"></script>\n  <link rel=\"stylesheet\" href=\"/assets/index-a4f6c957.css\">\n</head>\n\n<body>\n  <noscript>Wanna write ur own UI without js?! Go ahead, don't disturb others</noscript>\n  <div id=\"root\"></div>\n\n  \n</body>\n\n</html>\n" columns= [Object, Object, Object, Object, Object, Object]  ... > 
  at <DataTable value="<!DOCTYPE html>\n<html lang=\"en\">\n\n<head>\n  <meta charset=\"utf-8\" />\n  <meta name=\"viewport\" content=\"width=device-width, initial-scale=1\" />\n  <meta name=\"theme-color\" content=\"#000000\" />\n  <link rel=\"shortcut icon\" type=\"image/ico\" href=\"/assets/favicon-bc234827.ico\" />\n  <link href=\"https://fonts.googleapis.com/css?family=Roboto:300,400,500\" rel=\"stylesheet\" />\n  <title>Pentaract UI</title>\n\n  <style>\n    *,\n    html {\n      margin: 0;\n      padding: 0;\n    }\n  </style>\n  <script type=\"module\" crossorigin src=\"/assets/index-58b24b54.js\"></script>\n  <link rel=\"stylesheet\" href=\"/assets/index-a4f6c957.css\">\n</head>\n\n<body>\n  <noscript>Wanna write ur own UI without js?! Go ahead, don't disturb others</noscript>\n  <div id=\"root\"></div>\n\n  \n</body>\n\n</html>\n" loading=false stripedRows=""  ... > 
  at <OrdersView onVnodeUnmounted=fn<onVnodeUnmounted> ref=Ref< Proxy(Object) > > 
  at <RouterView> 
  at <AppLayout onVnodeUnmounted=fn<onVnodeUnmounted> ref=Ref< Proxy(Object) > > 
  at <RouterView> 
  at <App> @ http://localhost:5277/node_modules/@vue/runtime-core/dist/runtime-core.esm-bundler.js:49
[    1987ms] [WARNING] [Vue warn]: Invalid prop: type check failed for prop "rowData". Expected Object, got String with value "Y". 
  at <BodyCell key="created_at" rowData="Y" column= {__v_isVNode: true, __v_skip: true, type: Object, props: Object, key: null}  ... > 
  at <BodyRow key=undefined rowData="Y" index=6  ... > 
  at <TableBody ref="bodyRef" value="<!DOCTYPE html>\n<htm" class=""  ... > 
  at <VirtualScroller ref="virtualScroller" items="<!DOCTYPE html>\n<html lang=\"en\">\n\n<head>\n  <meta charset=\"utf-8\" />\n  <meta name=\"viewport\" content=\"width=device-width, initial-scale=1\" />\n  <meta name=\"theme-color\" content=\"#000000\" />\n  <link rel=\"shortcut icon\" type=\"image/ico\" href=\"/assets/favicon-bc234827.ico\" />\n  <link href=\"https://fonts.googleapis.com/css?family=Roboto:300,400,500\" rel=\"stylesheet\" />\n  <title>Pentaract UI</title>\n\n  <style>\n    *,\n    html {\n      margin: 0;\n      padding: 0;\n    }\n  </style>\n  <script type=\"module\" crossorigin src=\"/assets/index-58b24b54.js\"></script>\n  <link rel=\"stylesheet\" href=\"/assets/index-a4f6c957.css\">\n</head>\n\n<body>\n  <noscript>Wanna write ur own UI without js?! Go ahead, don't disturb others</noscript>\n  <div id=\"root\"></div>\n\n  \n</body>\n\n</html>\n" columns= [Object, Object, Object, Object, Object, Object]  ... > 
  at <DataTable value="<!DOCTYPE html>\n<html lang=\"en\">\n\n<head>\n  <meta charset=\"utf-8\" />\n  <meta name=\"viewport\" content=\"width=device-width, initial-scale=1\" />\n  <meta name=\"theme-color\" content=\"#000000\" />\n  <link rel=\"shortcut icon\" type=\"image/ico\" href=\"/assets/favicon-bc234827.ico\" />\n  <link href=\"https://fonts.googleapis.com/css?family=Roboto:300,400,500\" rel=\"stylesheet\" />\n  <title>Pentaract UI</title>\n\n  <style>\n    *,\n    html {\n      margin: 0;\n      padding: 0;\n    }\n  </style>\n  <script type=\"module\" crossorigin src=\"/assets/index-58b24b54.js\"></script>\n  <link rel=\"stylesheet\" href=\"/assets/index-a4f6c957.css\">\n</head>\n\n<body>\n  <noscript>Wanna write ur own UI without js?! Go ahead, don't disturb others</noscript>\n  <div id=\"root\"></div>\n\n  \n</body>\n\n</html>\n" loading=false stripedRows=""  ... > 
  at <OrdersView onVnodeUnmounted=fn<onVnodeUnmounted> ref=Ref< Proxy(Object) > > 
  at <RouterView> 
  at <AppLayout onVnodeUnmounted=fn<onVnodeUnmounted> ref=Ref< Proxy(Object) > > 
  at <RouterView> 
  at <App> @ http://localhost:5277/node_modules/@vue/runtime-core/dist/runtime-core.esm-bundler.js:49
[    1990ms] [WARNING] [Vue warn]: Invalid prop: type check failed for prop "rowData". Expected Object, got String with value "Y". 
  at <BodyCell key=5 rowData="Y" column= {__v_isVNode: true, __v_skip: true, type: Object, props: Object, key: null}  ... > 
  at <BodyRow key=undefined rowData="Y" index=6  ... > 
  at <TableBody ref="bodyRef" value="<!DOCTYPE html>\n<htm" class=""  ... > 
  at <VirtualScroller ref="virtualScroller" items="<!DOCTYPE html>\n<html lang=\"en\">\n\n<head>\n  <meta charset=\"utf-8\" />\n  <meta name=\"viewport\" content=\"width=device-width, initial-scale=1\" />\n  <meta name=\"theme-color\" content=\"#000000\" />\n  <link rel=\"shortcut icon\" type=\"image/ico\" href=\"/assets/favicon-bc234827.ico\" />\n  <link href=\"https://fonts.googleapis.com/css?family=Roboto:300,400,500\" rel=\"stylesheet\" />\n  <title>Pentaract UI</title>\n\n  <style>\n    *,\n    html {\n      margin: 0;\n      padding: 0;\n    }\n  </style>\n  <script type=\"module\" crossorigin src=\"/assets/index-58b24b54.js\"></script>\n  <link rel=\"stylesheet\" href=\"/assets/index-a4f6c957.css\">\n</head>\n\n<body>\n  <noscript>Wanna write ur own UI without js?! Go ahead, don't disturb others</noscript>\n  <div id=\"root\"></div>\n\n  \n</body>\n\n</html>\n" columns= [Object, Object, Object, Object, Object, Object]  ... > 
  at <DataTable value="<!DOCTYPE html>\n<html lang=\"en\">\n\n<head>\n  <meta charset=\"utf-8\" />\n  <meta name=\"viewport\" content=\"width=device-width, initial-scale=1\" />\n  <meta name=\"theme-color\" content=\"#000000\" />\n  <link rel=\"shortcut icon\" type=\"image/ico\" href=\"/assets/favicon-bc234827.ico\" />\n  <link href=\"https://fonts.googleapis.com/css?family=Roboto:300,400,500\" rel=\"stylesheet\" />\n  <title>Pentaract UI</title>\n\n  <style>\n    *,\n    html {\n      margin: 0;\n      padding: 0;\n    }\n  </style>\n  <script type=\"module\" crossorigin src=\"/assets/index-58b24b54.js\"></script>\n  <link rel=\"stylesheet\" href=\"/assets/index-a4f6c957.css\">\n</head>\n\n<body>\n  <noscript>Wanna write ur own UI without js?! Go ahead, don't disturb others</noscript>\n  <div id=\"root\"></div>\n\n  \n</body>\n\n</html>\n" loading=false stripedRows=""  ... > 
  at <OrdersView onVnodeUnmounted=fn<onVnodeUnmounted> ref=Ref< Proxy(Object) > > 
  at <RouterView> 
  at <AppLayout onVnodeUnmounted=fn<onVnodeUnmounted> ref=Ref< Proxy(Object) > > 
  at <RouterView> 
  at <App> @ http://localhost:5277/node_modules/@vue/runtime-core/dist/runtime-core.esm-bundler.js:49
[    1994ms] [WARNING] [Vue warn]: Invalid prop: type check failed for prop "rowData". Expected Object, got String with value "P". 
  at <BodyRow key=undefined rowData="P" index=7  ... > 
  at <TableBody ref="bodyRef" value="<!DOCTYPE html>\n<htm" class=""  ... > 
  at <VirtualScroller ref="virtualScroller" items="<!DOCTYPE html>\n<html lang=\"en\">\n\n<head>\n  <meta charset=\"utf-8\" />\n  <meta name=\"viewport\" content=\"width=device-width, initial-scale=1\" />\n  <meta name=\"theme-color\" content=\"#000000\" />\n  <link rel=\"shortcut icon\" type=\"image/ico\" href=\"/assets/favicon-bc234827.ico\" />\n  <link href=\"https://fonts.googleapis.com/css?family=Roboto:300,400,500\" rel=\"stylesheet\" />\n  <title>Pentaract UI</title>\n\n  <style>\n    *,\n    html {\n      margin: 0;\n      padding: 0;\n    }\n  </style>\n  <script type=\"module\" crossorigin src=\"/assets/index-58b24b54.js\"></script>\n  <link rel=\"stylesheet\" href=\"/assets/index-a4f6c957.css\">\n</head>\n\n<body>\n  <noscript>Wanna write ur own UI without js?! Go ahead, don't disturb others</noscript>\n  <div id=\"root\"></div>\n\n  \n</body>\n\n</html>\n" columns= [Object, Object, Object, Object, Object, Object]  ... > 
  at <DataTable value="<!DOCTYPE html>\n<html lang=\"en\">\n\n<head>\n  <meta charset=\"utf-8\" />\n  <meta name=\"viewport\" content=\"width=device-width, initial-scale=1\" />\n  <meta name=\"theme-color\" content=\"#000000\" />\n  <link rel=\"shortcut icon\" type=\"image/ico\" href=\"/assets/favicon-bc234827.ico\" />\n  <link href=\"https://fonts.googleapis.com/css?family=Roboto:300,400,500\" rel=\"stylesheet\" />\n  <title>Pentaract UI</title>\n\n  <style>\n    *,\n    html {\n      margin: 0;\n      padding: 0;\n    }\n  </style>\n  <script type=\"module\" crossorigin src=\"/assets/index-58b24b54.js\"></script>\n  <link rel=\"stylesheet\" href=\"/assets/index-a4f6c957.css\">\n</head>\n\n<body>\n  <noscript>Wanna write ur own UI without js?! Go ahead, don't disturb others</noscript>\n  <div id=\"root\"></div>\n\n  \n</body>\n\n</html>\n" loading=false stripedRows=""  ... > 
  at <OrdersView onVnodeUnmounted=fn<onVnodeUnmounted> ref=Ref< Proxy(Object) > > 
  at <RouterView> 
  at <AppLayout onVnodeUnmounted=fn<onVnodeUnmounted> ref=Ref< Proxy(Object) > > 
  at <RouterView> 
  at <App> @ http://localhost:5277/node_modules/@vue/runtime-core/dist/runtime-core.esm-bundler.js:49
[    1995ms] [WARNING] [Vue warn]: Invalid prop: type check failed for prop "value". Expected Array, got String with value "<!DOCTYPE html>
<htm". 
  at <BodyRow key=undefined rowData="P" index=7  ... > 
  at <TableBody ref="bodyRef" value="<!DOCTYPE html>\n<htm" class=""  ... > 
  at <VirtualScroller ref="virtualScroller" items="<!DOCTYPE html>\n<html lang=\"en\">\n\n<head>\n  <meta charset=\"utf-8\" />\n  <meta name=\"viewport\" content=\"width=device-width, initial-scale=1\" />\n  <meta name=\"theme-color\" content=\"#000000\" />\n  <link rel=\"shortcut icon\" type=\"image/ico\" href=\"/assets/favicon-bc234827.ico\" />\n  <link href=\"https://fonts.googleapis.com/css?family=Roboto:300,400,500\" rel=\"stylesheet\" />\n  <title>Pentaract UI</title>\n\n  <style>\n    *,\n    html {\n      margin: 0;\n      padding: 0;\n    }\n  </style>\n  <script type=\"module\" crossorigin src=\"/assets/index-58b24b54.js\"></script>\n  <link rel=\"stylesheet\" href=\"/assets/index-a4f6c957.css\">\n</head>\n\n<body>\n  <noscript>Wanna write ur own UI without js?! Go ahead, don't disturb others</noscript>\n  <div id=\"root\"></div>\n\n  \n</body>\n\n</html>\n" columns= [Object, Object, Object, Object, Object, Object]  ... > 
  at <DataTable value="<!DOCTYPE html>\n<html lang=\"en\">\n\n<head>\n  <meta charset=\"utf-8\" />\n  <meta name=\"viewport\" content=\"width=device-width, initial-scale=1\" />\n  <meta name=\"theme-color\" content=\"#000000\" />\n  <link rel=\"shortcut icon\" type=\"image/ico\" href=\"/assets/favicon-bc234827.ico\" />\n  <link href=\"https://fonts.googleapis.com/css?family=Roboto:300,400,500\" rel=\"stylesheet\" />\n  <title>Pentaract UI</title>\n\n  <style>\n    *,\n    html {\n      margin: 0;\n      padding: 0;\n    }\n  </style>\n  <script type=\"module\" crossorigin src=\"/assets/index-58b24b54.js\"></script>\n  <link rel=\"stylesheet\" href=\"/assets/index-a4f6c957.css\">\n</head>\n\n<body>\n  <noscript>Wanna write ur own UI without js?! Go ahead, don't disturb others</noscript>\n  <div id=\"root\"></div>\n\n  \n</body>\n\n</html>\n" loading=false stripedRows=""  ... > 
  at <OrdersView onVnodeUnmounted=fn<onVnodeUnmounted> ref=Ref< Proxy(Object) > > 
  at <RouterView> 
  at <AppLayout onVnodeUnmounted=fn<onVnodeUnmounted> ref=Ref< Proxy(Object) > > 
  at <RouterView> 
  at <App> @ http://localhost:5277/node_modules/@vue/runtime-core/dist/runtime-core.esm-bundler.js:49
[    1997ms] [WARNING] [Vue warn]: Invalid prop: type check failed for prop "rowData". Expected Object, got String with value "P". 
  at <BodyCell key="id" rowData="P" column= {__v_isVNode: true, __v_skip: true, type: Object, props: Object, key: null}  ... > 
  at <BodyRow key=undefined rowData="P" index=7  ... > 
  at <TableBody ref="bodyRef" value="<!DOCTYPE html>\n<htm" class=""  ... > 
  at <VirtualScroller ref="virtualScroller" items="<!DOCTYPE html>\n<html lang=\"en\">\n\n<head>\n  <meta charset=\"utf-8\" />\n  <meta name=\"viewport\" content=\"width=device-width, initial-scale=1\" />\n  <meta name=\"theme-color\" content=\"#000000\" />\n  <link rel=\"shortcut icon\" type=\"image/ico\" href=\"/assets/favicon-bc234827.ico\" />\n  <link href=\"https://fonts.googleapis.com/css?family=Roboto:300,400,500\" rel=\"stylesheet\" />\n  <title>Pentaract UI</title>\n\n  <style>\n    *,\n    html {\n      margin: 0;\n      padding: 0;\n    }\n  </style>\n  <script type=\"module\" crossorigin src=\"/assets/index-58b24b54.js\"></script>\n  <link rel=\"stylesheet\" href=\"/assets/index-a4f6c957.css\">\n</head>\n\n<body>\n  <noscript>Wanna write ur own UI without js?! Go ahead, don't disturb others</noscript>\n  <div id=\"root\"></div>\n\n  \n</body>\n\n</html>\n" columns= [Object, Object, Object, Object, Object, Object]  ... > 
  at <DataTable value="<!DOCTYPE html>\n<html lang=\"en\">\n\n<head>\n  <meta charset=\"utf-8\" />\n  <meta name=\"viewport\" content=\"width=device-width, initial-scale=1\" />\n  <meta name=\"theme-color\" content=\"#000000\" />\n  <link rel=\"shortcut icon\" type=\"image/ico\" href=\"/assets/favicon-bc234827.ico\" />\n  <link href=\"https://fonts.googleapis.com/css?family=Roboto:300,400,500\" rel=\"stylesheet\" />\n  <title>Pentaract UI</title>\n\n  <style>\n    *,\n    html {\n      margin: 0;\n      padding: 0;\n    }\n  </style>\n  <script type=\"module\" crossorigin src=\"/assets/index-58b24b54.js\"></script>\n  <link rel=\"stylesheet\" href=\"/assets/index-a4f6c957.css\">\n</head>\n\n<body>\n  <noscript>Wanna write ur own UI without js?! Go ahead, don't disturb others</noscript>\n  <div id=\"root\"></div>\n\n  \n</body>\n\n</html>\n" loading=false stripedRows=""  ... > 
  at <OrdersView onVnodeUnmounted=fn<onVnodeUnmounted> ref=Ref< Proxy(Object) > > 
  at <RouterView> 
  at <AppLayout onVnodeUnmounted=fn<onVnodeUnmounted> ref=Ref< Proxy(Object) > > 
  at <RouterView> 
  at <App> @ http://localhost:5277/node_modules/@vue/runtime-core/dist/runtime-core.esm-bundler.js:49
[    1999ms] [WARNING] [Vue warn]: Invalid prop: type check failed for prop "rowData". Expected Object, got String with value "P". 
  at <BodyCell key="client_id" rowData="P" column= {__v_isVNode: true, __v_skip: true, type: Object, props: Object, key: null}  ... > 
  at <BodyRow key=undefined rowData="P" index=7  ... > 
  at <TableBody ref="bodyRef" value="<!DOCTYPE html>\n<htm" class=""  ... > 
  at <VirtualScroller ref="virtualScroller" items="<!DOCTYPE html>\n<html lang=\"en\">\n\n<head>\n  <meta charset=\"utf-8\" />\n  <meta name=\"viewport\" content=\"width=device-width, initial-scale=1\" />\n  <meta name=\"theme-color\" content=\"#000000\" />\n  <link rel=\"shortcut icon\" type=\"image/ico\" href=\"/assets/favicon-bc234827.ico\" />\n  <link href=\"https://fonts.googleapis.com/css?family=Roboto:300,400,500\" rel=\"stylesheet\" />\n  <title>Pentaract UI</title>\n\n  <style>\n    *,\n    html {\n      margin: 0;\n      padding: 0;\n    }\n  </style>\n  <script type=\"module\" crossorigin src=\"/assets/index-58b24b54.js\"></script>\n  <link rel=\"stylesheet\" href=\"/assets/index-a4f6c957.css\">\n</head>\n\n<body>\n  <noscript>Wanna write ur own UI without js?! Go ahead, don't disturb others</noscript>\n  <div id=\"root\"></div>\n\n  \n</body>\n\n</html>\n" columns= [Object, Object, Object, Object, Object, Object]  ... > 
  at <DataTable value="<!DOCTYPE html>\n<html lang=\"en\">\n\n<head>\n  <meta charset=\"utf-8\" />\n  <meta name=\"viewport\" content=\"width=device-width, initial-scale=1\" />\n  <meta name=\"theme-color\" content=\"#000000\" />\n  <link rel=\"shortcut icon\" type=\"image/ico\" href=\"/assets/favicon-bc234827.ico\" />\n  <link href=\"https://fonts.googleapis.com/css?family=Roboto:300,400,500\" rel=\"stylesheet\" />\n  <title>Pentaract UI</title>\n\n  <style>\n    *,\n    html {\n      margin: 0;\n      padding: 0;\n    }\n  </style>\n  <script type=\"module\" crossorigin src=\"/assets/index-58b24b54.js\"></script>\n  <link rel=\"stylesheet\" href=\"/assets/index-a4f6c957.css\">\n</head>\n\n<body>\n  <noscript>Wanna write ur own UI without js?! Go ahead, don't disturb others</noscript>\n  <div id=\"root\"></div>\n\n  \n</body>\n\n</html>\n" loading=false stripedRows=""  ... > 
  at <OrdersView onVnodeUnmounted=fn<onVnodeUnmounted> ref=Ref< Proxy(Object) > > 
  at <RouterView> 
  at <AppLayout onVnodeUnmounted=fn<onVnodeUnmounted> ref=Ref< Proxy(Object) > > 
  at <RouterView> 
  at <App> @ http://localhost:5277/node_modules/@vue/runtime-core/dist/runtime-core.esm-bundler.js:49
[    2003ms] [WARNING] [Vue warn]: Invalid prop: type check failed for prop "rowData". Expected Object, got String with value "P". 
  at <BodyCell key="source" rowData="P" column= {__v_isVNode: true, __v_skip: true, type: Object, props: Object, key: null}  ... > 
  at <BodyRow key=undefined rowData="P" index=7  ... > 
  at <TableBody ref="bodyRef" value="<!DOCTYPE html>\n<htm" class=""  ... > 
  at <VirtualScroller ref="virtualScroller" items="<!DOCTYPE html>\n<html lang=\"en\">\n\n<head>\n  <meta charset=\"utf-8\" />\n  <meta name=\"viewport\" content=\"width=device-width, initial-scale=1\" />\n  <meta name=\"theme-color\" content=\"#000000\" />\n  <link rel=\"shortcut icon\" type=\"image/ico\" href=\"/assets/favicon-bc234827.ico\" />\n  <link href=\"https://fonts.googleapis.com/css?family=Roboto:300,400,500\" rel=\"stylesheet\" />\n  <title>Pentaract UI</title>\n\n  <style>\n    *,\n    html {\n      margin: 0;\n      padding: 0;\n    }\n  </style>\n  <script type=\"module\" crossorigin src=\"/assets/index-58b24b54.js\"></script>\n  <link rel=\"stylesheet\" href=\"/assets/index-a4f6c957.css\">\n</head>\n\n<body>\n  <noscript>Wanna write ur own UI without js?! Go ahead, don't disturb others</noscript>\n  <div id=\"root\"></div>\n\n  \n</body>\n\n</html>\n" columns= [Object, Object, Object, Object, Object, Object]  ... > 
  at <DataTable value="<!DOCTYPE html>\n<html lang=\"en\">\n\n<head>\n  <meta charset=\"utf-8\" />\n  <meta name=\"viewport\" content=\"width=device-width, initial-scale=1\" />\n  <meta name=\"theme-color\" content=\"#000000\" />\n  <link rel=\"shortcut icon\" type=\"image/ico\" href=\"/assets/favicon-bc234827.ico\" />\n  <link href=\"https://fonts.googleapis.com/css?family=Roboto:300,400,500\" rel=\"stylesheet\" />\n  <title>Pentaract UI</title>\n\n  <style>\n    *,\n    html {\n      margin: 0;\n      padding: 0;\n    }\n  </style>\n  <script type=\"module\" crossorigin src=\"/assets/index-58b24b54.js\"></script>\n  <link rel=\"stylesheet\" href=\"/assets/index-a4f6c957.css\">\n</head>\n\n<body>\n  <noscript>Wanna write ur own UI without js?! Go ahead, don't disturb others</noscript>\n  <div id=\"root\"></div>\n\n  \n</body>\n\n</html>\n" loading=false stripedRows=""  ... > 
  at <OrdersView onVnodeUnmounted=fn<onVnodeUnmounted> ref=Ref< Proxy(Object) > > 
  at <RouterView> 
  at <AppLayout onVnodeUnmounted=fn<onVnodeUnmounted> ref=Ref< Proxy(Object) > > 
  at <RouterView> 
  at <App> @ http://localhost:5277/node_modules/@vue/runtime-core/dist/runtime-core.esm-bundler.js:49
[    2006ms] [WARNING] [Vue warn]: Invalid prop: type check failed for prop "rowData". Expected Object, got String with value "P". 
  at <BodyCell key="status" rowData="P" column= {__v_isVNode: true, __v_skip: true, type: Object, props: Object, key: null}  ... > 
  at <BodyRow key=undefined rowData="P" index=7  ... > 
  at <TableBody ref="bodyRef" value="<!DOCTYPE html>\n<htm" class=""  ... > 
  at <VirtualScroller ref="virtualScroller" items="<!DOCTYPE html>\n<html lang=\"en\">\n\n<head>\n  <meta charset=\"utf-8\" />\n  <meta name=\"viewport\" content=\"width=device-width, initial-scale=1\" />\n  <meta name=\"theme-color\" content=\"#000000\" />\n  <link rel=\"shortcut icon\" type=\"image/ico\" href=\"/assets/favicon-bc234827.ico\" />\n  <link href=\"https://fonts.googleapis.com/css?family=Roboto:300,400,500\" rel=\"stylesheet\" />\n  <title>Pentaract UI</title>\n\n  <style>\n    *,\n    html {\n      margin: 0;\n      padding: 0;\n    }\n  </style>\n  <script type=\"module\" crossorigin src=\"/assets/index-58b24b54.js\"></script>\n  <link rel=\"stylesheet\" href=\"/assets/index-a4f6c957.css\">\n</head>\n\n<body>\n  <noscript>Wanna write ur own UI without js?! Go ahead, don't disturb others</noscript>\n  <div id=\"root\"></div>\n\n  \n</body>\n\n</html>\n" columns= [Object, Object, Object, Object, Object, Object]  ... > 
  at <DataTable value="<!DOCTYPE html>\n<html lang=\"en\">\n\n<head>\n  <meta charset=\"utf-8\" />\n  <meta name=\"viewport\" content=\"width=device-width, initial-scale=1\" />\n  <meta name=\"theme-color\" content=\"#000000\" />\n  <link rel=\"shortcut icon\" type=\"image/ico\" href=\"/assets/favicon-bc234827.ico\" />\n  <link href=\"https://fonts.googleapis.com/css?family=Roboto:300,400,500\" rel=\"stylesheet\" />\n  <title>Pentaract UI</title>\n\n  <style>\n    *,\n    html {\n      margin: 0;\n      padding: 0;\n    }\n  </style>\n  <script type=\"module\" crossorigin src=\"/assets/index-58b24b54.js\"></script>\n  <link rel=\"stylesheet\" href=\"/assets/index-a4f6c957.css\">\n</head>\n\n<body>\n  <noscript>Wanna write ur own UI without js?! Go ahead, don't disturb others</noscript>\n  <div id=\"root\"></div>\n\n  \n</body>\n\n</html>\n" loading=false stripedRows=""  ... > 
  at <OrdersView onVnodeUnmounted=fn<onVnodeUnmounted> ref=Ref< Proxy(Object) > > 
  at <RouterView> 
  at <AppLayout onVnodeUnmounted=fn<onVnodeUnmounted> ref=Ref< Proxy(Object) > > 
  at <RouterView> 
  at <App> @ http://localhost:5277/node_modules/@vue/runtime-core/dist/runtime-core.esm-bundler.js:49
[    2013ms] [WARNING] [Vue warn]: Invalid prop: type check failed for prop "rowData". Expected Object, got String with value "P". 
  at <BodyCell key="created_at" rowData="P" column= {__v_isVNode: true, __v_skip: true, type: Object, props: Object, key: null}  ... > 
  at <BodyRow key=undefined rowData="P" index=7  ... > 
  at <TableBody ref="bodyRef" value="<!DOCTYPE html>\n<htm" class=""  ... > 
  at <VirtualScroller ref="virtualScroller" items="<!DOCTYPE html>\n<html lang=\"en\">\n\n<head>\n  <meta charset=\"utf-8\" />\n  <meta name=\"viewport\" content=\"width=device-width, initial-scale=1\" />\n  <meta name=\"theme-color\" content=\"#000000\" />\n  <link rel=\"shortcut icon\" type=\"image/ico\" href=\"/assets/favicon-bc234827.ico\" />\n  <link href=\"https://fonts.googleapis.com/css?family=Roboto:300,400,500\" rel=\"stylesheet\" />\n  <title>Pentaract UI</title>\n\n  <style>\n    *,\n    html {\n      margin: 0;\n      padding: 0;\n    }\n  </style>\n  <script type=\"module\" crossorigin src=\"/assets/index-58b24b54.js\"></script>\n  <link rel=\"stylesheet\" href=\"/assets/index-a4f6c957.css\">\n</head>\n\n<body>\n  <noscript>Wanna write ur own UI without js?! Go ahead, don't disturb others</noscript>\n  <div id=\"root\"></div>\n\n  \n</body>\n\n</html>\n" columns= [Object, Object, Object, Object, Object, Object]  ... > 
  at <DataTable value="<!DOCTYPE html>\n<html lang=\"en\">\n\n<head>\n  <meta charset=\"utf-8\" />\n  <meta name=\"viewport\" content=\"width=device-width, initial-scale=1\" />\n  <meta name=\"theme-color\" content=\"#000000\" />\n  <link rel=\"shortcut icon\" type=\"image/ico\" href=\"/assets/favicon-bc234827.ico\" />\n  <link href=\"https://fonts.googleapis.com/css?family=Roboto:300,400,500\" rel=\"stylesheet\" />\n  <title>Pentaract UI</title>\n\n  <style>\n    *,\n    html {\n      margin: 0;\n      padding: 0;\n    }\n  </style>\n  <script type=\"module\" crossorigin src=\"/assets/index-58b24b54.js\"></script>\n  <link rel=\"stylesheet\" href=\"/assets/index-a4f6c957.css\">\n</head>\n\n<body>\n  <noscript>Wanna write ur own UI without js?! Go ahead, don't disturb others</noscript>\n  <div id=\"root\"></div>\n\n  \n</body>\n\n</html>\n" loading=false stripedRows=""  ... > 
  at <OrdersView onVnodeUnmounted=fn<onVnodeUnmounted> ref=Ref< Proxy(Object) > > 
  at <RouterView> 
  at <AppLayout onVnodeUnmounted=fn<onVnodeUnmounted> ref=Ref< Proxy(Object) > > 
  at <RouterView> 
  at <App> @ http://localhost:5277/node_modules/@vue/runtime-core/dist/runtime-core.esm-bundler.js:49
[    2016ms] [WARNING] [Vue warn]: Invalid prop: type check failed for prop "rowData". Expected Object, got String with value "P". 
  at <BodyCell key=5 rowData="P" column= {__v_isVNode: true, __v_skip: true, type: Object, props: Object, key: null}  ... > 
  at <BodyRow key=undefined rowData="P" index=7  ... > 
  at <TableBody ref="bodyRef" value="<!DOCTYPE html>\n<htm" class=""  ... > 
  at <VirtualScroller ref="virtualScroller" items="<!DOCTYPE html>\n<html lang=\"en\">\n\n<head>\n  <meta charset=\"utf-8\" />\n  <meta name=\"viewport\" content=\"width=device-width, initial-scale=1\" />\n  <meta name=\"theme-color\" content=\"#000000\" />\n  <link rel=\"shortcut icon\" type=\"image/ico\" href=\"/assets/favicon-bc234827.ico\" />\n  <link href=\"https://fonts.googleapis.com/css?family=Roboto:300,400,500\" rel=\"stylesheet\" />\n  <title>Pentaract UI</title>\n\n  <style>\n    *,\n    html {\n      margin: 0;\n      padding: 0;\n    }\n  </style>\n  <script type=\"module\" crossorigin src=\"/assets/index-58b24b54.js\"></script>\n  <link rel=\"stylesheet\" href=\"/assets/index-a4f6c957.css\">\n</head>\n\n<body>\n  <noscript>Wanna write ur own UI without js?! Go ahead, don't disturb others</noscript>\n  <div id=\"root\"></div>\n\n  \n</body>\n\n</html>\n" columns= [Object, Object, Object, Object, Object, Object]  ... > 
  at <DataTable value="<!DOCTYPE html>\n<html lang=\"en\">\n\n<head>\n  <meta charset=\"utf-8\" />\n  <meta name=\"viewport\" content=\"width=device-width, initial-scale=1\" />\n  <meta name=\"theme-color\" content=\"#000000\" />\n  <link rel=\"shortcut icon\" type=\"image/ico\" href=\"/assets/favicon-bc234827.ico\" />\n  <link href=\"https://fonts.googleapis.com/css?family=Roboto:300,400,500\" rel=\"stylesheet\" />\n  <title>Pentaract UI</title>\n\n  <style>\n    *,\n    html {\n      margin: 0;\n      padding: 0;\n    }\n  </style>\n  <script type=\"module\" crossorigin src=\"/assets/index-58b24b54.js\"></script>\n  <link rel=\"stylesheet\" href=\"/assets/index-a4f6c957.css\">\n</head>\n\n<body>\n  <noscript>Wanna write ur own UI without js?! Go ahead, don't disturb others</noscript>\n  <div id=\"root\"></div>\n\n  \n</body>\n\n</html>\n" loading=false stripedRows=""  ... > 
  at <OrdersView onVnodeUnmounted=fn<onVnodeUnmounted> ref=Ref< Proxy(Object) > > 
  at <RouterView> 
  at <AppLayout onVnodeUnmounted=fn<onVnodeUnmounted> ref=Ref< Proxy(Object) > > 
  at <RouterView> 
  at <App> @ http://localhost:5277/node_modules/@vue/runtime-core/dist/runtime-core.esm-bundler.js:49
[    2023ms] [WARNING] [Vue warn]: Invalid prop: type check failed for prop "rowData". Expected Object, got String with value "E". 
  at <BodyRow key=undefined rowData="E" index=8  ... > 
  at <TableBody ref="bodyRef" value="<!DOCTYPE html>\n<htm" class=""  ... > 
  at <VirtualScroller ref="virtualScroller" items="<!DOCTYPE html>\n<html lang=\"en\">\n\n<head>\n  <meta charset=\"utf-8\" />\n  <meta name=\"viewport\" content=\"width=device-width, initial-scale=1\" />\n  <meta name=\"theme-color\" content=\"#000000\" />\n  <link rel=\"shortcut icon\" type=\"image/ico\" href=\"/assets/favicon-bc234827.ico\" />\n  <link href=\"https://fonts.googleapis.com/css?family=Roboto:300,400,500\" rel=\"stylesheet\" />\n  <title>Pentaract UI</title>\n\n  <style>\n    *,\n    html {\n      margin: 0;\n      padding: 0;\n    }\n  </style>\n  <script type=\"module\" crossorigin src=\"/assets/index-58b24b54.js\"></script>\n  <link rel=\"stylesheet\" href=\"/assets/index-a4f6c957.css\">\n</head>\n\n<body>\n  <noscript>Wanna write ur own UI without js?! Go ahead, don't disturb others</noscript>\n  <div id=\"root\"></div>\n\n  \n</body>\n\n</html>\n" columns= [Object, Object, Object, Object, Object, Object]  ... > 
  at <DataTable value="<!DOCTYPE html>\n<html lang=\"en\">\n\n<head>\n  <meta charset=\"utf-8\" />\n  <meta name=\"viewport\" content=\"width=device-width, initial-scale=1\" />\n  <meta name=\"theme-color\" content=\"#000000\" />\n  <link rel=\"shortcut icon\" type=\"image/ico\" href=\"/assets/favicon-bc234827.ico\" />\n  <link href=\"https://fonts.googleapis.com/css?family=Roboto:300,400,500\" rel=\"stylesheet\" />\n  <title>Pentaract UI</title>\n\n  <style>\n    *,\n    html {\n      margin: 0;\n      padding: 0;\n    }\n  </style>\n  <script type=\"module\" crossorigin src=\"/assets/index-58b24b54.js\"></script>\n  <link rel=\"stylesheet\" href=\"/assets/index-a4f6c957.css\">\n</head>\n\n<body>\n  <noscript>Wanna write ur own UI without js?! Go ahead, don't disturb others</noscript>\n  <div id=\"root\"></div>\n\n  \n</body>\n\n</html>\n" loading=false stripedRows=""  ... > 
  at <OrdersView onVnodeUnmounted=fn<onVnodeUnmounted> ref=Ref< Proxy(Object) > > 
  at <RouterView> 
  at <AppLayout onVnodeUnmounted=fn<onVnodeUnmounted> ref=Ref< Proxy(Object) > > 
  at <RouterView> 
  at <App> @ http://localhost:5277/node_modules/@vue/runtime-core/dist/runtime-core.esm-bundler.js:49
[    2024ms] [WARNING] [Vue warn]: Invalid prop: type check failed for prop "value". Expected Array, got String with value "<!DOCTYPE html>
<htm". 
  at <BodyRow key=undefined rowData="E" index=8  ... > 
  at <TableBody ref="bodyRef" value="<!DOCTYPE html>\n<htm" class=""  ... > 
  at <VirtualScroller ref="virtualScroller" items="<!DOCTYPE html>\n<html lang=\"en\">\n\n<head>\n  <meta charset=\"utf-8\" />\n  <meta name=\"viewport\" content=\"width=device-width, initial-scale=1\" />\n  <meta name=\"theme-color\" content=\"#000000\" />\n  <link rel=\"shortcut icon\" type=\"image/ico\" href=\"/assets/favicon-bc234827.ico\" />\n  <link href=\"https://fonts.googleapis.com/css?family=Roboto:300,400,500\" rel=\"stylesheet\" />\n  <title>Pentaract UI</title>\n\n  <style>\n    *,\n    html {\n      margin: 0;\n      padding: 0;\n    }\n  </style>\n  <script type=\"module\" crossorigin src=\"/assets/index-58b24b54.js\"></script>\n  <link rel=\"stylesheet\" href=\"/assets/index-a4f6c957.css\">\n</head>\n\n<body>\n  <noscript>Wanna write ur own UI without js?! Go ahead, don't disturb others</noscript>\n  <div id=\"root\"></div>\n\n  \n</body>\n\n</html>\n" columns= [Object, Object, Object, Object, Object, Object]  ... > 
  at <DataTable value="<!DOCTYPE html>\n<html lang=\"en\">\n\n<head>\n  <meta charset=\"utf-8\" />\n  <meta name=\"viewport\" content=\"width=device-width, initial-scale=1\" />\n  <meta name=\"theme-color\" content=\"#000000\" />\n  <link rel=\"shortcut icon\" type=\"image/ico\" href=\"/assets/favicon-bc234827.ico\" />\n  <link href=\"https://fonts.googleapis.com/css?family=Roboto:300,400,500\" rel=\"stylesheet\" />\n  <title>Pentaract UI</title>\n\n  <style>\n    *,\n    html {\n      margin: 0;\n      padding: 0;\n    }\n  </style>\n  <script type=\"module\" crossorigin src=\"/assets/index-58b24b54.js\"></script>\n  <link rel=\"stylesheet\" href=\"/assets/index-a4f6c957.css\">\n</head>\n\n<body>\n  <noscript>Wanna write ur own UI without js?! Go ahead, don't disturb others</noscript>\n  <div id=\"root\"></div>\n\n  \n</body>\n\n</html>\n" loading=false stripedRows=""  ... > 
  at <OrdersView onVnodeUnmounted=fn<onVnodeUnmounted> ref=Ref< Proxy(Object) > > 
  at <RouterView> 
  at <AppLayout onVnodeUnmounted=fn<onVnodeUnmounted> ref=Ref< Proxy(Object) > > 
  at <RouterView> 
  at <App> @ http://localhost:5277/node_modules/@vue/runtime-core/dist/runtime-core.esm-bundler.js:49
[    2075ms] [WARNING] [Vue warn]: Invalid prop: type check failed for prop "rowData". Expected Object, got String with value "E". 
  at <BodyCell key="id" rowData="E" column= {__v_isVNode: true, __v_skip: true, type: Object, props: Object, key: null}  ... > 
  at <BodyRow key=undefined rowData="E" index=8  ... > 
  at <TableBody ref="bodyRef" value="<!DOCTYPE html>\n<htm" class=""  ... > 
  at <VirtualScroller ref="virtualScroller" items="<!DOCTYPE html>\n<html lang=\"en\">\n\n<head>\n  <meta charset=\"utf-8\" />\n  <meta name=\"viewport\" content=\"width=device-width, initial-scale=1\" />\n  <meta name=\"theme-color\" content=\"#000000\" />\n  <link rel=\"shortcut icon\" type=\"image/ico\" href=\"/assets/favicon-bc234827.ico\" />\n  <link href=\"https://fonts.googleapis.com/css?family=Roboto:300,400,500\" rel=\"stylesheet\" />\n  <title>Pentaract UI</title>\n\n  <style>\n    *,\n    html {\n      margin: 0;\n      padding: 0;\n    }\n  </style>\n  <script type=\"module\" crossorigin src=\"/assets/index-58b24b54.js\"></script>\n  <link rel=\"stylesheet\" href=\"/assets/index-a4f6c957.css\">\n</head>\n\n<body>\n  <noscript>Wanna write ur own UI without js?! Go ahead, don't disturb others</noscript>\n  <div id=\"root\"></div>\n\n  \n</body>\n\n</html>\n" columns= [Object, Object, Object, Object, Object, Object]  ... > 
  at <DataTable value="<!DOCTYPE html>\n<html lang=\"en\">\n\n<head>\n  <meta charset=\"utf-8\" />\n  <meta name=\"viewport\" content=\"width=device-width, initial-scale=1\" />\n  <meta name=\"theme-color\" content=\"#000000\" />\n  <link rel=\"shortcut icon\" type=\"image/ico\" href=\"/assets/favicon-bc234827.ico\" />\n  <link href=\"https://fonts.googleapis.com/css?family=Roboto:300,400,500\" rel=\"stylesheet\" />\n  <title>Pentaract UI</title>\n\n  <style>\n    *,\n    html {\n      margin: 0;\n      padding: 0;\n    }\n  </style>\n  <script type=\"module\" crossorigin src=\"/assets/index-58b24b54.js\"></script>\n  <link rel=\"stylesheet\" href=\"/assets/index-a4f6c957.css\">\n</head>\n\n<body>\n  <noscript>Wanna write ur own UI without js?! Go ahead, don't disturb others</noscript>\n  <div id=\"root\"></div>\n\n  \n</body>\n\n</html>\n" loading=false stripedRows=""  ... > 
  at <OrdersView onVnodeUnmounted=fn<onVnodeUnmounted> ref=Ref< Proxy(Object) > > 
  at <RouterView> 
  at <AppLayout onVnodeUnmounted=fn<onVnodeUnmounted> ref=Ref< Proxy(Object) > > 
  at <RouterView> 
  at <App> @ http://localhost:5277/node_modules/@vue/runtime-core/dist/runtime-core.esm-bundler.js:49
[    2083ms] [WARNING] [Vue warn]: Invalid prop: type check failed for prop "rowData". Expected Object, got String with value "E". 
  at <BodyCell key="client_id" rowData="E" column= {__v_isVNode: true, __v_skip: true, type: Object, props: Object, key: null}  ... > 
  at <BodyRow key=undefined rowData="E" index=8  ... > 
  at <TableBody ref="bodyRef" value="<!DOCTYPE html>\n<htm" class=""  ... > 
  at <VirtualScroller ref="virtualScroller" items="<!DOCTYPE html>\n<html lang=\"en\">\n\n<head>\n  <meta charset=\"utf-8\" />\n  <meta name=\"viewport\" content=\"width=device-width, initial-scale=1\" />\n  <meta name=\"theme-color\" content=\"#000000\" />\n  <link rel=\"shortcut icon\" type=\"image/ico\" href=\"/assets/favicon-bc234827.ico\" />\n  <link href=\"https://fonts.googleapis.com/css?family=Roboto:300,400,500\" rel=\"stylesheet\" />\n  <title>Pentaract UI</title>\n\n  <style>\n    *,\n    html {\n      margin: 0;\n      padding: 0;\n    }\n  </style>\n  <script type=\"module\" crossorigin src=\"/assets/index-58b24b54.js\"></script>\n  <link rel=\"stylesheet\" href=\"/assets/index-a4f6c957.css\">\n</head>\n\n<body>\n  <noscript>Wanna write ur own UI without js?! Go ahead, don't disturb others</noscript>\n  <div id=\"root\"></div>\n\n  \n</body>\n\n</html>\n" columns= [Object, Object, Object, Object, Object, Object]  ... > 
  at <DataTable value="<!DOCTYPE html>\n<html lang=\"en\">\n\n<head>\n  <meta charset=\"utf-8\" />\n  <meta name=\"viewport\" content=\"width=device-width, initial-scale=1\" />\n  <meta name=\"theme-color\" content=\"#000000\" />\n  <link rel=\"shortcut icon\" type=\"image/ico\" href=\"/assets/favicon-bc234827.ico\" />\n  <link href=\"https://fonts.googleapis.com/css?family=Roboto:300,400,500\" rel=\"stylesheet\" />\n  <title>Pentaract UI</title>\n\n  <style>\n    *,\n    html {\n      margin: 0;\n      padding: 0;\n    }\n  </style>\n  <script type=\"module\" crossorigin src=\"/assets/index-58b24b54.js\"></script>\n  <link rel=\"stylesheet\" href=\"/assets/index-a4f6c957.css\">\n</head>\n\n<body>\n  <noscript>Wanna write ur own UI without js?! Go ahead, don't disturb others</noscript>\n  <div id=\"root\"></div>\n\n  \n</body>\n\n</html>\n" loading=false stripedRows=""  ... > 
  at <OrdersView onVnodeUnmounted=fn<onVnodeUnmounted> ref=Ref< Proxy(Object) > > 
  at <RouterView> 
  at <AppLayout onVnodeUnmounted=fn<onVnodeUnmounted> ref=Ref< Proxy(Object) > > 
  at <RouterView> 
  at <App> @ http://localhost:5277/node_modules/@vue/runtime-core/dist/runtime-core.esm-bundler.js:49
[    2086ms] [WARNING] [Vue warn]: Invalid prop: type check failed for prop "rowData". Expected Object, got String with value "E". 
  at <BodyCell key="source" rowData="E" column= {__v_isVNode: true, __v_skip: true, type: Object, props: Object, key: null}  ... > 
  at <BodyRow key=undefined rowData="E" index=8  ... > 
  at <TableBody ref="bodyRef" value="<!DOCTYPE html>\n<htm" class=""  ... > 
  at <VirtualScroller ref="virtualScroller" items="<!DOCTYPE html>\n<html lang=\"en\">\n\n<head>\n  <meta charset=\"utf-8\" />\n  <meta name=\"viewport\" content=\"width=device-width, initial-scale=1\" />\n  <meta name=\"theme-color\" content=\"#000000\" />\n  <link rel=\"shortcut icon\" type=\"image/ico\" href=\"/assets/favicon-bc234827.ico\" />\n  <link href=\"https://fonts.googleapis.com/css?family=Roboto:300,400,500\" rel=\"stylesheet\" />\n  <title>Pentaract UI</title>\n\n  <style>\n    *,\n    html {\n      margin: 0;\n      padding: 0;\n    }\n  </style>\n  <script type=\"module\" crossorigin src=\"/assets/index-58b24b54.js\"></script>\n  <link rel=\"stylesheet\" href=\"/assets/index-a4f6c957.css\">\n</head>\n\n<body>\n  <noscript>Wanna write ur own UI without js?! Go ahead, don't disturb others</noscript>\n  <div id=\"root\"></div>\n\n  \n</body>\n\n</html>\n" columns= [Object, Object, Object, Object, Object, Object]  ... > 
  at <DataTable value="<!DOCTYPE html>\n<html lang=\"en\">\n\n<head>\n  <meta charset=\"utf-8\" />\n  <meta name=\"viewport\" content=\"width=device-width, initial-scale=1\" />\n  <meta name=\"theme-color\" content=\"#000000\" />\n  <link rel=\"shortcut icon\" type=\"image/ico\" href=\"/assets/favicon-bc234827.ico\" />\n  <link href=\"https://fonts.googleapis.com/css?family=Roboto:300,400,500\" rel=\"stylesheet\" />\n  <title>Pentaract UI</title>\n\n  <style>\n    *,\n    html {\n      margin: 0;\n      padding: 0;\n    }\n  </style>\n  <script type=\"module\" crossorigin src=\"/assets/index-58b24b54.js\"></script>\n  <link rel=\"stylesheet\" href=\"/assets/index-a4f6c957.css\">\n</head>\n\n<body>\n  <noscript>Wanna write ur own UI without js?! Go ahead, don't disturb others</noscript>\n  <div id=\"root\"></div>\n\n  \n</body>\n\n</html>\n" loading=false stripedRows=""  ... > 
  at <OrdersView onVnodeUnmounted=fn<onVnodeUnmounted> ref=Ref< Proxy(Object) > > 
  at <RouterView> 
  at <AppLayout onVnodeUnmounted=fn<onVnodeUnmounted> ref=Ref< Proxy(Object) > > 
  at <RouterView> 
  at <App> @ http://localhost:5277/node_modules/@vue/runtime-core/dist/runtime-core.esm-bundler.js:49
[    2089ms] [WARNING] [Vue warn]: Invalid prop: type check failed for prop "rowData". Expected Object, got String with value "E". 
  at <BodyCell key="status" rowData="E" column= {__v_isVNode: true, __v_skip: true, type: Object, props: Object, key: null}  ... > 
  at <BodyRow key=undefined rowData="E" index=8  ... > 
  at <TableBody ref="bodyRef" value="<!DOCTYPE html>\n<htm" class=""  ... > 
  at <VirtualScroller ref="virtualScroller" items="<!DOCTYPE html>\n<html lang=\"en\">\n\n<head>\n  <meta charset=\"utf-8\" />\n  <meta name=\"viewport\" content=\"width=device-width, initial-scale=1\" />\n  <meta name=\"theme-color\" content=\"#000000\" />\n  <link rel=\"shortcut icon\" type=\"image/ico\" href=\"/assets/favicon-bc234827.ico\" />\n  <link href=\"https://fonts.googleapis.com/css?family=Roboto:300,400,500\" rel=\"stylesheet\" />\n  <title>Pentaract UI</title>\n\n  <style>\n    *,\n    html {\n      margin: 0;\n      padding: 0;\n    }\n  </style>\n  <script type=\"module\" crossorigin src=\"/assets/index-58b24b54.js\"></script>\n  <link rel=\"stylesheet\" href=\"/assets/index-a4f6c957.css\">\n</head>\n\n<body>\n  <noscript>Wanna write ur own UI without js?! Go ahead, don't disturb others</noscript>\n  <div id=\"root\"></div>\n\n  \n</body>\n\n</html>\n" columns= [Object, Object, Object, Object, Object, Object]  ... > 
  at <DataTable value="<!DOCTYPE html>\n<html lang=\"en\">\n\n<head>\n  <meta charset=\"utf-8\" />\n  <meta name=\"viewport\" content=\"width=device-width, initial-scale=1\" />\n  <meta name=\"theme-color\" content=\"#000000\" />\n  <link rel=\"shortcut icon\" type=\"image/ico\" href=\"/assets/favicon-bc234827.ico\" />\n  <link href=\"https://fonts.googleapis.com/css?family=Roboto:300,400,500\" rel=\"stylesheet\" />\n  <title>Pentaract UI</title>\n\n  <style>\n    *,\n    html {\n      margin: 0;\n      padding: 0;\n    }\n  </style>\n  <script type=\"module\" crossorigin src=\"/assets/index-58b24b54.js\"></script>\n  <link rel=\"stylesheet\" href=\"/assets/index-a4f6c957.css\">\n</head>\n\n<body>\n  <noscript>Wanna write ur own UI without js?! Go ahead, don't disturb others</noscript>\n  <div id=\"root\"></div>\n\n  \n</body>\n\n</html>\n" loading=false stripedRows=""  ... > 
  at <OrdersView onVnodeUnmounted=fn<onVnodeUnmounted> ref=Ref< Proxy(Object) > > 
  at <RouterView> 
  at <AppLayout onVnodeUnmounted=fn<onVnodeUnmounted> ref=Ref< Proxy(Object) > > 
  at <RouterView> 
  at <App> @ http://localhost:5277/node_modules/@vue/runtime-core/dist/runtime-core.esm-bundler.js:49
[    2092ms] [WARNING] [Vue warn]: Invalid prop: type check failed for prop "rowData". Expected Object, got String with value "E". 
  at <BodyCell key="created_at" rowData="E" column= {__v_isVNode: true, __v_skip: true, type: Object, props: Object, key: null}  ... > 
  at <BodyRow key=undefined rowData="E" index=8  ... > 
  at <TableBody ref="bodyRef" value="<!DOCTYPE html>\n<htm" class=""  ... > 
  at <VirtualScroller ref="virtualScroller" items="<!DOCTYPE html>\n<html lang=\"en\">\n\n<head>\n  <meta charset=\"utf-8\" />\n  <meta name=\"viewport\" content=\"width=device-width, initial-scale=1\" />\n  <meta name=\"theme-color\" content=\"#000000\" />\n  <link rel=\"shortcut icon\" type=\"image/ico\" href=\"/assets/favicon-bc234827.ico\" />\n  <link href=\"https://fonts.googleapis.com/css?family=Roboto:300,400,500\" rel=\"stylesheet\" />\n  <title>Pentaract UI</title>\n\n  <style>\n    *,\n    html {\n      margin: 0;\n      padding: 0;\n    }\n  </style>\n  <script type=\"module\" crossorigin src=\"/assets/index-58b24b54.js\"></script>\n  <link rel=\"stylesheet\" href=\"/assets/index-a4f6c957.css\">\n</head>\n\n<body>\n  <noscript>Wanna write ur own UI without js?! Go ahead, don't disturb others</noscript>\n  <div id=\"root\"></div>\n\n  \n</body>\n\n</html>\n" columns= [Object, Object, Object, Object, Object, Object]  ... > 
  at <DataTable value="<!DOCTYPE html>\n<html lang=\"en\">\n\n<head>\n  <meta charset=\"utf-8\" />\n  <meta name=\"viewport\" content=\"width=device-width, initial-scale=1\" />\n  <meta name=\"theme-color\" content=\"#000000\" />\n  <link rel=\"shortcut icon\" type=\"image/ico\" href=\"/assets/favicon-bc234827.ico\" />\n  <link href=\"https://fonts.googleapis.com/css?family=Roboto:300,400,500\" rel=\"stylesheet\" />\n  <title>Pentaract UI</title>\n\n  <style>\n    *,\n    html {\n      margin: 0;\n      padding: 0;\n    }\n  </style>\n  <script type=\"module\" crossorigin src=\"/assets/index-58b24b54.js\"></script>\n  <link rel=\"stylesheet\" href=\"/assets/index-a4f6c957.css\">\n</head>\n\n<body>\n  <noscript>Wanna write ur own UI without js?! Go ahead, don't disturb others</noscript>\n  <div id=\"root\"></div>\n\n  \n</body>\n\n</html>\n" loading=false stripedRows=""  ... > 
  at <OrdersView onVnodeUnmounted=fn<onVnodeUnmounted> ref=Ref< Proxy(Object) > > 
  at <RouterView> 
  at <AppLayout onVnodeUnmounted=fn<onVnodeUnmounted> ref=Ref< Proxy(Object) > > 
  at <RouterView> 
  at <App> @ http://localhost:5277/node_modules/@vue/runtime-core/dist/runtime-core.esm-bundler.js:49
[    2093ms] [WARNING] [Vue warn]: Invalid prop: type check failed for prop "rowData". Expected Object, got String with value "E". 
  at <BodyCell key=5 rowData="E" column= {__v_isVNode: true, __v_skip: true, type: Object, props: Object, key: null}  ... > 
  at <BodyRow key=undefined rowData="E" index=8  ... > 
  at <TableBody ref="bodyRef" value="<!DOCTYPE html>\n<htm" class=""  ... > 
  at <VirtualScroller ref="virtualScroller" items="<!DOCTYPE html>\n<html lang=\"en\">\n\n<head>\n  <meta charset=\"utf-8\" />\n  <meta name=\"viewport\" content=\"width=device-width, initial-scale=1\" />\n  <meta name=\"theme-color\" content=\"#000000\" />\n  <link rel=\"shortcut icon\" type=\"image/ico\" href=\"/assets/favicon-bc234827.ico\" />\n  <link href=\"https://fonts.googleapis.com/css?family=Roboto:300,400,500\" rel=\"stylesheet\" />\n  <title>Pentaract UI</title>\n\n  <style>\n    *,\n    html {\n      margin: 0;\n      padding: 0;\n    }\n  </style>\n  <script type=\"module\" crossorigin src=\"/assets/index-58b24b54.js\"></script>\n  <link rel=\"stylesheet\" href=\"/assets/index-a4f6c957.css\">\n</head>\n\n<body>\n  <noscript>Wanna write ur own UI without js?! Go ahead, don't disturb others</noscript>\n  <div id=\"root\"></div>\n\n  \n</body>\n\n</html>\n" columns= [Object, Object, Object, Object, Object, Object]  ... > 
  at <DataTable value="<!DOCTYPE html>\n<html lang=\"en\">\n\n<head>\n  <meta charset=\"utf-8\" />\n  <meta name=\"viewport\" content=\"width=device-width, initial-scale=1\" />\n  <meta name=\"theme-color\" content=\"#000000\" />\n  <link rel=\"shortcut icon\" type=\"image/ico\" href=\"/assets/favicon-bc234827.ico\" />\n  <link href=\"https://fonts.googleapis.com/css?family=Roboto:300,400,500\" rel=\"stylesheet\" />\n  <title>Pentaract UI</title>\n\n  <style>\n    *,\n    html {\n      margin: 0;\n      padding: 0;\n    }\n  </style>\n  <script type=\"module\" crossorigin src=\"/assets/index-58b24b54.js\"></script>\n  <link rel=\"stylesheet\" href=\"/assets/index-a4f6c957.css\">\n</head>\n\n<body>\n  <noscript>Wanna write ur own UI without js?! Go ahead, don't disturb others</noscript>\n  <div id=\"root\"></div>\n\n  \n</body>\n\n</html>\n" loading=false stripedRows=""  ... > 
  at <OrdersView onVnodeUnmounted=fn<onVnodeUnmounted> ref=Ref< Proxy(Object) > > 
  at <RouterView> 
  at <AppLayout onVnodeUnmounted=fn<onVnodeUnmounted> ref=Ref< Proxy(Object) > > 
  at <RouterView> 
  at <App> @ http://localhost:5277/node_modules/@vue/runtime-core/dist/runtime-core.esm-bundler.js:49
[    2097ms] [WARNING] [Vue warn]: Invalid prop: type check failed for prop "rowData". Expected Object, got String with value " ". 
  at <BodyRow key=undefined rowData=" " index=9  ... > 
  at <TableBody ref="bodyRef" value="<!DOCTYPE html>\n<htm" class=""  ... > 
  at <VirtualScroller ref="virtualScroller" items="<!DOCTYPE html>\n<html lang=\"en\">\n\n<head>\n  <meta charset=\"utf-8\" />\n  <meta name=\"viewport\" content=\"width=device-width, initial-scale=1\" />\n  <meta name=\"theme-color\" content=\"#000000\" />\n  <link rel=\"shortcut icon\" type=\"image/ico\" href=\"/assets/favicon-bc234827.ico\" />\n  <link href=\"https://fonts.googleapis.com/css?family=Roboto:300,400,500\" rel=\"stylesheet\" />\n  <title>Pentaract UI</title>\n\n  <style>\n    *,\n    html {\n      margin: 0;\n      padding: 0;\n    }\n  </style>\n  <script type=\"module\" crossorigin src=\"/assets/index-58b24b54.js\"></script>\n  <link rel=\"stylesheet\" href=\"/assets/index-a4f6c957.css\">\n</head>\n\n<body>\n  <noscript>Wanna write ur own UI without js?! Go ahead, don't disturb others</noscript>\n  <div id=\"root\"></div>\n\n  \n</body>\n\n</html>\n" columns= [Object, Object, Object, Object, Object, Object]  ... > 
  at <DataTable value="<!DOCTYPE html>\n<html lang=\"en\">\n\n<head>\n  <meta charset=\"utf-8\" />\n  <meta name=\"viewport\" content=\"width=device-width, initial-scale=1\" />\n  <meta name=\"theme-color\" content=\"#000000\" />\n  <link rel=\"shortcut icon\" type=\"image/ico\" href=\"/assets/favicon-bc234827.ico\" />\n  <link href=\"https://fonts.googleapis.com/css?family=Roboto:300,400,500\" rel=\"stylesheet\" />\n  <title>Pentaract UI</title>\n\n  <style>\n    *,\n    html {\n      margin: 0;\n      padding: 0;\n    }\n  </style>\n  <script type=\"module\" crossorigin src=\"/assets/index-58b24b54.js\"></script>\n  <link rel=\"stylesheet\" href=\"/assets/index-a4f6c957.css\">\n</head>\n\n<body>\n  <noscript>Wanna write ur own UI without js?! Go ahead, don't disturb others</noscript>\n  <div id=\"root\"></div>\n\n  \n</body>\n\n</html>\n" loading=false stripedRows=""  ... > 
  at <OrdersView onVnodeUnmounted=fn<onVnodeUnmounted> ref=Ref< Proxy(Object) > > 
  at <RouterView> 
  at <AppLayout onVnodeUnmounted=fn<onVnodeUnmounted> ref=Ref< Proxy(Object) > > 
  at <RouterView> 
  at <App> @ http://localhost:5277/node_modules/@vue/runtime-core/dist/runtime-core.esm-bundler.js:49
[    2098ms] [WARNING] [Vue warn]: Invalid prop: type check failed for prop "value". Expected Array, got String with value "<!DOCTYPE html>
<htm". 
  at <BodyRow key=undefined rowData=" " index=9  ... > 
  at <TableBody ref="bodyRef" value="<!DOCTYPE html>\n<htm" class=""  ... > 
  at <VirtualScroller ref="virtualScroller" items="<!DOCTYPE html>\n<html lang=\"en\">\n\n<head>\n  <meta charset=\"utf-8\" />\n  <meta name=\"viewport\" content=\"width=device-width, initial-scale=1\" />\n  <meta name=\"theme-color\" content=\"#000000\" />\n  <link rel=\"shortcut icon\" type=\"image/ico\" href=\"/assets/favicon-bc234827.ico\" />\n  <link href=\"https://fonts.googleapis.com/css?family=Roboto:300,400,500\" rel=\"stylesheet\" />\n  <title>Pentaract UI</title>\n\n  <style>\n    *,\n    html {\n      margin: 0;\n      padding: 0;\n    }\n  </style>\n  <script type=\"module\" crossorigin src=\"/assets/index-58b24b54.js\"></script>\n  <link rel=\"stylesheet\" href=\"/assets/index-a4f6c957.css\">\n</head>\n\n<body>\n  <noscript>Wanna write ur own UI without js?! Go ahead, don't disturb others</noscript>\n  <div id=\"root\"></div>\n\n  \n</body>\n\n</html>\n" columns= [Object, Object, Object, Object, Object, Object]  ... > 
  at <DataTable value="<!DOCTYPE html>\n<html lang=\"en\">\n\n<head>\n  <meta charset=\"utf-8\" />\n  <meta name=\"viewport\" content=\"width=device-width, initial-scale=1\" />\n  <meta name=\"theme-color\" content=\"#000000\" />\n  <link rel=\"shortcut icon\" type=\"image/ico\" href=\"/assets/favicon-bc234827.ico\" />\n  <link href=\"https://fonts.googleapis.com/css?family=Roboto:300,400,500\" rel=\"stylesheet\" />\n  <title>Pentaract UI</title>\n\n  <style>\n    *,\n    html {\n      margin: 0;\n      padding: 0;\n    }\n  </style>\n  <script type=\"module\" crossorigin src=\"/assets/index-58b24b54.js\"></script>\n  <link rel=\"stylesheet\" href=\"/assets/index-a4f6c957.css\">\n</head>\n\n<body>\n  <noscript>Wanna write ur own UI without js?! Go ahead, don't disturb others</noscript>\n  <div id=\"root\"></div>\n\n  \n</body>\n\n</html>\n" loading=false stripedRows=""  ... > 
  at <OrdersView onVnodeUnmounted=fn<onVnodeUnmounted> ref=Ref< Proxy(Object) > > 
  at <RouterView> 
  at <AppLayout onVnodeUnmounted=fn<onVnodeUnmounted> ref=Ref< Proxy(Object) > > 
  at <RouterView> 
  at <App> @ http://localhost:5277/node_modules/@vue/runtime-core/dist/runtime-core.esm-bundler.js:49
[    2100ms] [WARNING] [Vue warn]: Invalid prop: type check failed for prop "rowData". Expected Object, got String with value " ". 
  at <BodyCell key="id" rowData=" " column= {__v_isVNode: true, __v_skip: true, type: Object, props: Object, key: null}  ... > 
  at <BodyRow key=undefined rowData=" " index=9  ... > 
  at <TableBody ref="bodyRef" value="<!DOCTYPE html>\n<htm" class=""  ... > 
  at <VirtualScroller ref="virtualScroller" items="<!DOCTYPE html>\n<html lang=\"en\">\n\n<head>\n  <meta charset=\"utf-8\" />\n  <meta name=\"viewport\" content=\"width=device-width, initial-scale=1\" />\n  <meta name=\"theme-color\" content=\"#000000\" />\n  <link rel=\"shortcut icon\" type=\"image/ico\" href=\"/assets/favicon-bc234827.ico\" />\n  <link href=\"https://fonts.googleapis.com/css?family=Roboto:300,400,500\" rel=\"stylesheet\" />\n  <title>Pentaract UI</title>\n\n  <style>\n    *,\n    html {\n      margin: 0;\n      padding: 0;\n    }\n  </style>\n  <script type=\"module\" crossorigin src=\"/assets/index-58b24b54.js\"></script>\n  <link rel=\"stylesheet\" href=\"/assets/index-a4f6c957.css\">\n</head>\n\n<body>\n  <noscript>Wanna write ur own UI without js?! Go ahead, don't disturb others</noscript>\n  <div id=\"root\"></div>\n\n  \n</body>\n\n</html>\n" columns= [Object, Object, Object, Object, Object, Object]  ... > 
  at <DataTable value="<!DOCTYPE html>\n<html lang=\"en\">\n\n<head>\n  <meta charset=\"utf-8\" />\n  <meta name=\"viewport\" content=\"width=device-width, initial-scale=1\" />\n  <meta name=\"theme-color\" content=\"#000000\" />\n  <link rel=\"shortcut icon\" type=\"image/ico\" href=\"/assets/favicon-bc234827.ico\" />\n  <link href=\"https://fonts.googleapis.com/css?family=Roboto:300,400,500\" rel=\"stylesheet\" />\n  <title>Pentaract UI</title>\n\n  <style>\n    *,\n    html {\n      margin: 0;\n      padding: 0;\n    }\n  </style>\n  <script type=\"module\" crossorigin src=\"/assets/index-58b24b54.js\"></script>\n  <link rel=\"stylesheet\" href=\"/assets/index-a4f6c957.css\">\n</head>\n\n<body>\n  <noscript>Wanna write ur own UI without js?! Go ahead, don't disturb others</noscript>\n  <div id=\"root\"></div>\n\n  \n</body>\n\n</html>\n" loading=false stripedRows=""  ... > 
  at <OrdersView onVnodeUnmounted=fn<onVnodeUnmounted> ref=Ref< Proxy(Object) > > 
  at <RouterView> 
  at <AppLayout onVnodeUnmounted=fn<onVnodeUnmounted> ref=Ref< Proxy(Object) > > 
  at <RouterView> 
  at <App> @ http://localhost:5277/node_modules/@vue/runtime-core/dist/runtime-core.esm-bundler.js:49
[    2102ms] [WARNING] [Vue warn]: Invalid prop: type check failed for prop "rowData". Expected Object, got String with value " ". 
  at <BodyCell key="client_id" rowData=" " column= {__v_isVNode: true, __v_skip: true, type: Object, props: Object, key: null}  ... > 
  at <BodyRow key=undefined rowData=" " index=9  ... > 
  at <TableBody ref="bodyRef" value="<!DOCTYPE html>\n<htm" class=""  ... > 
  at <VirtualScroller ref="virtualScroller" items="<!DOCTYPE html>\n<html lang=\"en\">\n\n<head>\n  <meta charset=\"utf-8\" />\n  <meta name=\"viewport\" content=\"width=device-width, initial-scale=1\" />\n  <meta name=\"theme-color\" content=\"#000000\" />\n  <link rel=\"shortcut icon\" type=\"image/ico\" href=\"/assets/favicon-bc234827.ico\" />\n  <link href=\"https://fonts.googleapis.com/css?family=Roboto:300,400,500\" rel=\"stylesheet\" />\n  <title>Pentaract UI</title>\n\n  <style>\n    *,\n    html {\n      margin: 0;\n      padding: 0;\n    }\n  </style>\n  <script type=\"module\" crossorigin src=\"/assets/index-58b24b54.js\"></script>\n  <link rel=\"stylesheet\" href=\"/assets/index-a4f6c957.css\">\n</head>\n\n<body>\n  <noscript>Wanna write ur own UI without js?! Go ahead, don't disturb others</noscript>\n  <div id=\"root\"></div>\n\n  \n</body>\n\n</html>\n" columns= [Object, Object, Object, Object, Object, Object]  ... > 
  at <DataTable value="<!DOCTYPE html>\n<html lang=\"en\">\n\n<head>\n  <meta charset=\"utf-8\" />\n  <meta name=\"viewport\" content=\"width=device-width, initial-scale=1\" />\n  <meta name=\"theme-color\" content=\"#000000\" />\n  <link rel=\"shortcut icon\" type=\"image/ico\" href=\"/assets/favicon-bc234827.ico\" />\n  <link href=\"https://fonts.googleapis.com/css?family=Roboto:300,400,500\" rel=\"stylesheet\" />\n  <title>Pentaract UI</title>\n\n  <style>\n    *,\n    html {\n      margin: 0;\n      padding: 0;\n    }\n  </style>\n  <script type=\"module\" crossorigin src=\"/assets/index-58b24b54.js\"></script>\n  <link rel=\"stylesheet\" href=\"/assets/index-a4f6c957.css\">\n</head>\n\n<body>\n  <noscript>Wanna write ur own UI without js?! Go ahead, don't disturb others</noscript>\n  <div id=\"root\"></div>\n\n  \n</body>\n\n</html>\n" loading=false stripedRows=""  ... > 
  at <OrdersView onVnodeUnmounted=fn<onVnodeUnmounted> ref=Ref< Proxy(Object) > > 
  at <RouterView> 
  at <AppLayout onVnodeUnmounted=fn<onVnodeUnmounted> ref=Ref< Proxy(Object) > > 
  at <RouterView> 
  at <App> @ http://localhost:5277/node_modules/@vue/runtime-core/dist/runtime-core.esm-bundler.js:49
[    2106ms] [WARNING] [Vue warn]: Invalid prop: type check failed for prop "rowData". Expected Object, got String with value " ". 
  at <BodyCell key="source" rowData=" " column= {__v_isVNode: true, __v_skip: true, type: Object, props: Object, key: null}  ... > 
  at <BodyRow key=undefined rowData=" " index=9  ... > 
  at <TableBody ref="bodyRef" value="<!DOCTYPE html>\n<htm" class=""  ... > 
  at <VirtualScroller ref="virtualScroller" items="<!DOCTYPE html>\n<html lang=\"en\">\n\n<head>\n  <meta charset=\"utf-8\" />\n  <meta name=\"viewport\" content=\"width=device-width, initial-scale=1\" />\n  <meta name=\"theme-color\" content=\"#000000\" />\n  <link rel=\"shortcut icon\" type=\"image/ico\" href=\"/assets/favicon-bc234827.ico\" />\n  <link href=\"https://fonts.googleapis.com/css?family=Roboto:300,400,500\" rel=\"stylesheet\" />\n  <title>Pentaract UI</title>\n\n  <style>\n    *,\n    html {\n      margin: 0;\n      padding: 0;\n    }\n  </style>\n  <script type=\"module\" crossorigin src=\"/assets/index-58b24b54.js\"></script>\n  <link rel=\"stylesheet\" href=\"/assets/index-a4f6c957.css\">\n</head>\n\n<body>\n  <noscript>Wanna write ur own UI without js?! Go ahead, don't disturb others</noscript>\n  <div id=\"root\"></div>\n\n  \n</body>\n\n</html>\n" columns= [Object, Object, Object, Object, Object, Object]  ... > 
  at <DataTable value="<!DOCTYPE html>\n<html lang=\"en\">\n\n<head>\n  <meta charset=\"utf-8\" />\n  <meta name=\"viewport\" content=\"width=device-width, initial-scale=1\" />\n  <meta name=\"theme-color\" content=\"#000000\" />\n  <link rel=\"shortcut icon\" type=\"image/ico\" href=\"/assets/favicon-bc234827.ico\" />\n  <link href=\"https://fonts.googleapis.com/css?family=Roboto:300,400,500\" rel=\"stylesheet\" />\n  <title>Pentaract UI</title>\n\n  <style>\n    *,\n    html {\n      margin: 0;\n      padding: 0;\n    }\n  </style>\n  <script type=\"module\" crossorigin src=\"/assets/index-58b24b54.js\"></script>\n  <link rel=\"stylesheet\" href=\"/assets/index-a4f6c957.css\">\n</head>\n\n<body>\n  <noscript>Wanna write ur own UI without js?! Go ahead, don't disturb others</noscript>\n  <div id=\"root\"></div>\n\n  \n</body>\n\n</html>\n" loading=false stripedRows=""  ... > 
  at <OrdersView onVnodeUnmounted=fn<onVnodeUnmounted> ref=Ref< Proxy(Object) > > 
  at <RouterView> 
  at <AppLayout onVnodeUnmounted=fn<onVnodeUnmounted> ref=Ref< Proxy(Object) > > 
  at <RouterView> 
  at <App> @ http://localhost:5277/node_modules/@vue/runtime-core/dist/runtime-core.esm-bundler.js:49
[    2109ms] [WARNING] [Vue warn]: Invalid prop: type check failed for prop "rowData". Expected Object, got String with value " ". 
  at <BodyCell key="status" rowData=" " column= {__v_isVNode: true, __v_skip: true, type: Object, props: Object, key: null}  ... > 
  at <BodyRow key=undefined rowData=" " index=9  ... > 
  at <TableBody ref="bodyRef" value="<!DOCTYPE html>\n<htm" class=""  ... > 
  at <VirtualScroller ref="virtualScroller" items="<!DOCTYPE html>\n<html lang=\"en\">\n\n<head>\n  <meta charset=\"utf-8\" />\n  <meta name=\"viewport\" content=\"width=device-width, initial-scale=1\" />\n  <meta name=\"theme-color\" content=\"#000000\" />\n  <link rel=\"shortcut icon\" type=\"image/ico\" href=\"/assets/favicon-bc234827.ico\" />\n  <link href=\"https://fonts.googleapis.com/css?family=Roboto:300,400,500\" rel=\"stylesheet\" />\n  <title>Pentaract UI</title>\n\n  <style>\n    *,\n    html {\n      margin: 0;\n      padding: 0;\n    }\n  </style>\n  <script type=\"module\" crossorigin src=\"/assets/index-58b24b54.js\"></script>\n  <link rel=\"stylesheet\" href=\"/assets/index-a4f6c957.css\">\n</head>\n\n<body>\n  <noscript>Wanna write ur own UI without js?! Go ahead, don't disturb others</noscript>\n  <div id=\"root\"></div>\n\n  \n</body>\n\n</html>\n" columns= [Object, Object, Object, Object, Object, Object]  ... > 
  at <DataTable value="<!DOCTYPE html>\n<html lang=\"en\">\n\n<head>\n  <meta charset=\"utf-8\" />\n  <meta name=\"viewport\" content=\"width=device-width, initial-scale=1\" />\n  <meta name=\"theme-color\" content=\"#000000\" />\n  <link rel=\"shortcut icon\" type=\"image/ico\" href=\"/assets/favicon-bc234827.ico\" />\n  <link href=\"https://fonts.googleapis.com/css?family=Roboto:300,400,500\" rel=\"stylesheet\" />\n  <title>Pentaract UI</title>\n\n  <style>\n    *,\n    html {\n      margin: 0;\n      padding: 0;\n    }\n  </style>\n  <script type=\"module\" crossorigin src=\"/assets/index-58b24b54.js\"></script>\n  <link rel=\"stylesheet\" href=\"/assets/index-a4f6c957.css\">\n</head>\n\n<body>\n  <noscript>Wanna write ur own UI without js?! Go ahead, don't disturb others</noscript>\n  <div id=\"root\"></div>\n\n  \n</body>\n\n</html>\n" loading=false stripedRows=""  ... > 
  at <OrdersView onVnodeUnmounted=fn<onVnodeUnmounted> ref=Ref< Proxy(Object) > > 
  at <RouterView> 
  at <AppLayout onVnodeUnmounted=fn<onVnodeUnmounted> ref=Ref< Proxy(Object) > > 
  at <RouterView> 
  at <App> @ http://localhost:5277/node_modules/@vue/runtime-core/dist/runtime-core.esm-bundler.js:49
[    2111ms] [WARNING] [Vue warn]: Invalid prop: type check failed for prop "rowData". Expected Object, got String with value " ". 
  at <BodyCell key="created_at" rowData=" " column= {__v_isVNode: true, __v_skip: true, type: Object, props: Object, key: null}  ... > 
  at <BodyRow key=undefined rowData=" " index=9  ... > 
  at <TableBody ref="bodyRef" value="<!DOCTYPE html>\n<htm" class=""  ... > 
  at <VirtualScroller ref="virtualScroller" items="<!DOCTYPE html>\n<html lang=\"en\">\n\n<head>\n  <meta charset=\"utf-8\" />\n  <meta name=\"viewport\" content=\"width=device-width, initial-scale=1\" />\n  <meta name=\"theme-color\" content=\"#000000\" />\n  <link rel=\"shortcut icon\" type=\"image/ico\" href=\"/assets/favicon-bc234827.ico\" />\n  <link href=\"https://fonts.googleapis.com/css?family=Roboto:300,400,500\" rel=\"stylesheet\" />\n  <title>Pentaract UI</title>\n\n  <style>\n    *,\n    html {\n      margin: 0;\n      padding: 0;\n    }\n  </style>\n  <script type=\"module\" crossorigin src=\"/assets/index-58b24b54.js\"></script>\n  <link rel=\"stylesheet\" href=\"/assets/index-a4f6c957.css\">\n</head>\n\n<body>\n  <noscript>Wanna write ur own UI without js?! Go ahead, don't disturb others</noscript>\n  <div id=\"root\"></div>\n\n  \n</body>\n\n</html>\n" columns= [Object, Object, Object, Object, Object, Object]  ... > 
  at <DataTable value="<!DOCTYPE html>\n<html lang=\"en\">\n\n<head>\n  <meta charset=\"utf-8\" />\n  <meta name=\"viewport\" content=\"width=device-width, initial-scale=1\" />\n  <meta name=\"theme-color\" content=\"#000000\" />\n  <link rel=\"shortcut icon\" type=\"image/ico\" href=\"/assets/favicon-bc234827.ico\" />\n  <link href=\"https://fonts.googleapis.com/css?family=Roboto:300,400,500\" rel=\"stylesheet\" />\n  <title>Pentaract UI</title>\n\n  <style>\n    *,\n    html {\n      margin: 0;\n      padding: 0;\n    }\n  </style>\n  <script type=\"module\" crossorigin src=\"/assets/index-58b24b54.js\"></script>\n  <link rel=\"stylesheet\" href=\"/assets/index-a4f6c957.css\">\n</head>\n\n<body>\n  <noscript>Wanna write ur own UI without js?! Go ahead, don't disturb others</noscript>\n  <div id=\"root\"></div>\n\n  \n</body>\n\n</html>\n" loading=false stripedRows=""  ... > 
  at <OrdersView onVnodeUnmounted=fn<onVnodeUnmounted> ref=Ref< Proxy(Object) > > 
  at <RouterView> 
  at <AppLayout onVnodeUnmounted=fn<onVnodeUnmounted> ref=Ref< Proxy(Object) > > 
  at <RouterView> 
  at <App> @ http://localhost:5277/node_modules/@vue/runtime-core/dist/runtime-core.esm-bundler.js:49
[    2113ms] [WARNING] [Vue warn]: Invalid prop: type check failed for prop "rowData". Expected Object, got String with value " ". 
  at <BodyCell key=5 rowData=" " column= {__v_isVNode: true, __v_skip: true, type: Object, props: Object, key: null}  ... > 
  at <BodyRow key=undefined rowData=" " index=9  ... > 
  at <TableBody ref="bodyRef" value="<!DOCTYPE html>\n<htm" class=""  ... > 
  at <VirtualScroller ref="virtualScroller" items="<!DOCTYPE html>\n<html lang=\"en\">\n\n<head>\n  <meta charset=\"utf-8\" />\n  <meta name=\"viewport\" content=\"width=device-width, initial-scale=1\" />\n  <meta name=\"theme-color\" content=\"#000000\" />\n  <link rel=\"shortcut icon\" type=\"image/ico\" href=\"/assets/favicon-bc234827.ico\" />\n  <link href=\"https://fonts.googleapis.com/css?family=Roboto:300,400,500\" rel=\"stylesheet\" />\n  <title>Pentaract UI</title>\n\n  <style>\n    *,\n    html {\n      margin: 0;\n      padding: 0;\n    }\n  </style>\n  <script type=\"module\" crossorigin src=\"/assets/index-58b24b54.js\"></script>\n  <link rel=\"stylesheet\" href=\"/assets/index-a4f6c957.css\">\n</head>\n\n<body>\n  <noscript>Wanna write ur own UI without js?! Go ahead, don't disturb others</noscript>\n  <div id=\"root\"></div>\n\n  \n</body>\n\n</html>\n" columns= [Object, Object, Object, Object, Object, Object]  ... > 
  at <DataTable value="<!DOCTYPE html>\n<html lang=\"en\">\n\n<head>\n  <meta charset=\"utf-8\" />\n  <meta name=\"viewport\" content=\"width=device-width, initial-scale=1\" />\n  <meta name=\"theme-color\" content=\"#000000\" />\n  <link rel=\"shortcut icon\" type=\"image/ico\" href=\"/assets/favicon-bc234827.ico\" />\n  <link href=\"https://fonts.googleapis.com/css?family=Roboto:300,400,500\" rel=\"stylesheet\" />\n  <title>Pentaract UI</title>\n\n  <style>\n    *,\n    html {\n      margin: 0;\n      padding: 0;\n    }\n  </style>\n  <script type=\"module\" crossorigin src=\"/assets/index-58b24b54.js\"></script>\n  <link rel=\"stylesheet\" href=\"/assets/index-a4f6c957.css\">\n</head>\n\n<body>\n  <noscript>Wanna write ur own UI without js?! Go ahead, don't disturb others</noscript>\n  <div id=\"root\"></div>\n\n  \n</body>\n\n</html>\n" loading=false stripedRows=""  ... > 
  at <OrdersView onVnodeUnmounted=fn<onVnodeUnmounted> ref=Ref< Proxy(Object) > > 
  at <RouterView> 
  at <AppLayout onVnodeUnmounted=fn<onVnodeUnmounted> ref=Ref< Proxy(Object) > > 
  at <RouterView> 
  at <App> @ http://localhost:5277/node_modules/@vue/runtime-core/dist/runtime-core.esm-bundler.js:49
[    2117ms] [WARNING] [Vue warn]: Invalid prop: type check failed for prop "rowData". Expected Object, got String with value "h". 
  at <BodyRow key=undefined rowData="h" index=10  ... > 
  at <TableBody ref="bodyRef" value="<!DOCTYPE html>\n<htm" class=""  ... > 
  at <VirtualScroller ref="virtualScroller" items="<!DOCTYPE html>\n<html lang=\"en\">\n\n<head>\n  <meta charset=\"utf-8\" />\n  <meta name=\"viewport\" content=\"width=device-width, initial-scale=1\" />\n  <meta name=\"theme-color\" content=\"#000000\" />\n  <link rel=\"shortcut icon\" type=\"image/ico\" href=\"/assets/favicon-bc234827.ico\" />\n  <link href=\"https://fonts.googleapis.com/css?family=Roboto:300,400,500\" rel=\"stylesheet\" />\n  <title>Pentaract UI</title>\n\n  <style>\n    *,\n    html {\n      margin: 0;\n      padding: 0;\n    }\n  </style>\n  <script type=\"module\" crossorigin src=\"/assets/index-58b24b54.js\"></script>\n  <link rel=\"stylesheet\" href=\"/assets/index-a4f6c957.css\">\n</head>\n\n<body>\n  <noscript>Wanna write ur own UI without js?! Go ahead, don't disturb others</noscript>\n  <div id=\"root\"></div>\n\n  \n</body>\n\n</html>\n" columns= [Object, Object, Object, Object, Object, Object]  ... > 
  at <DataTable value="<!DOCTYPE html>\n<html lang=\"en\">\n\n<head>\n  <meta charset=\"utf-8\" />\n  <meta name=\"viewport\" content=\"width=device-width, initial-scale=1\" />\n  <meta name=\"theme-color\" content=\"#000000\" />\n  <link rel=\"shortcut icon\" type=\"image/ico\" href=\"/assets/favicon-bc234827.ico\" />\n  <link href=\"https://fonts.googleapis.com/css?family=Roboto:300,400,500\" rel=\"stylesheet\" />\n  <title>Pentaract UI</title>\n\n  <style>\n    *,\n    html {\n      margin: 0;\n      padding: 0;\n    }\n  </style>\n  <script type=\"module\" crossorigin src=\"/assets/index-58b24b54.js\"></script>\n  <link rel=\"stylesheet\" href=\"/assets/index-a4f6c957.css\">\n</head>\n\n<body>\n  <noscript>Wanna write ur own UI without js?! Go ahead, don't disturb others</noscript>\n  <div id=\"root\"></div>\n\n  \n</body>\n\n</html>\n" loading=false stripedRows=""  ... > 
  at <OrdersView onVnodeUnmounted=fn<onVnodeUnmounted> ref=Ref< Proxy(Object) > > 
  at <RouterView> 
  at <AppLayout onVnodeUnmounted=fn<onVnodeUnmounted> ref=Ref< Proxy(Object) > > 
  at <RouterView> 
  at <App> @ http://localhost:5277/node_modules/@vue/runtime-core/dist/runtime-core.esm-bundler.js:49
[    2118ms] [WARNING] [Vue warn]: Invalid prop: type check failed for prop "value". Expected Array, got String with value "<!DOCTYPE html>
<htm". 
  at <BodyRow key=undefined rowData="h" index=10  ... > 
  at <TableBody ref="bodyRef" value="<!DOCTYPE html>\n<htm" class=""  ... > 
  at <VirtualScroller ref="virtualScroller" items="<!DOCTYPE html>\n<html lang=\"en\">\n\n<head>\n  <meta charset=\"utf-8\" />\n  <meta name=\"viewport\" content=\"width=device-width, initial-scale=1\" />\n  <meta name=\"theme-color\" content=\"#000000\" />\n  <link rel=\"shortcut icon\" type=\"image/ico\" href=\"/assets/favicon-bc234827.ico\" />\n  <link href=\"https://fonts.googleapis.com/css?family=Roboto:300,400,500\" rel=\"stylesheet\" />\n  <title>Pentaract UI</title>\n\n  <style>\n    *,\n    html {\n      margin: 0;\n      padding: 0;\n    }\n  </style>\n  <script type=\"module\" crossorigin src=\"/assets/index-58b24b54.js\"></script>\n  <link rel=\"stylesheet\" href=\"/assets/index-a4f6c957.css\">\n</head>\n\n<body>\n  <noscript>Wanna write ur own UI without js?! Go ahead, don't disturb others</noscript>\n  <div id=\"root\"></div>\n\n  \n</body>\n\n</html>\n" columns= [Object, Object, Object, Object, Object, Object]  ... > 
  at <DataTable value="<!DOCTYPE html>\n<html lang=\"en\">\n\n<head>\n  <meta charset=\"utf-8\" />\n  <meta name=\"viewport\" content=\"width=device-width, initial-scale=1\" />\n  <meta name=\"theme-color\" content=\"#000000\" />\n  <link rel=\"shortcut icon\" type=\"image/ico\" href=\"/assets/favicon-bc234827.ico\" />\n  <link href=\"https://fonts.googleapis.com/css?family=Roboto:300,400,500\" rel=\"stylesheet\" />\n  <title>Pentaract UI</title>\n\n  <style>\n    *,\n    html {\n      margin: 0;\n      padding: 0;\n    }\n  </style>\n  <script type=\"module\" crossorigin src=\"/assets/index-58b24b54.js\"></script>\n  <link rel=\"stylesheet\" href=\"/assets/index-a4f6c957.css\">\n</head>\n\n<body>\n  <noscript>Wanna write ur own UI without js?! Go ahead, don't disturb others</noscript>\n  <div id=\"root\"></div>\n\n  \n</body>\n\n</html>\n" loading=false stripedRows=""  ... > 
  at <OrdersView onVnodeUnmounted=fn<onVnodeUnmounted> ref=Ref< Proxy(Object) > > 
  at <RouterView> 
  at <AppLayout onVnodeUnmounted=fn<onVnodeUnmounted> ref=Ref< Proxy(Object) > > 
  at <RouterView> 
  at <App> @ http://localhost:5277/node_modules/@vue/runtime-core/dist/runtime-core.esm-bundler.js:49
[    2119ms] [WARNING] [Vue warn]: Invalid prop: type check failed for prop "rowData". Expected Object, got String with value "h". 
  at <BodyCell key="id" rowData="h" column= {__v_isVNode: true, __v_skip: true, type: Object, props: Object, key: null}  ... > 
  at <BodyRow key=undefined rowData="h" index=10  ... > 
  at <TableBody ref="bodyRef" value="<!DOCTYPE html>\n<htm" class=""  ... > 
  at <VirtualScroller ref="virtualScroller" items="<!DOCTYPE html>\n<html lang=\"en\">\n\n<head>\n  <meta charset=\"utf-8\" />\n  <meta name=\"viewport\" content=\"width=device-width, initial-scale=1\" />\n  <meta name=\"theme-color\" content=\"#000000\" />\n  <link rel=\"shortcut icon\" type=\"image/ico\" href=\"/assets/favicon-bc234827.ico\" />\n  <link href=\"https://fonts.googleapis.com/css?family=Roboto:300,400,500\" rel=\"stylesheet\" />\n  <title>Pentaract UI</title>\n\n  <style>\n    *,\n    html {\n      margin: 0;\n      padding: 0;\n    }\n  </style>\n  <script type=\"module\" crossorigin src=\"/assets/index-58b24b54.js\"></script>\n  <link rel=\"stylesheet\" href=\"/assets/index-a4f6c957.css\">\n</head>\n\n<body>\n  <noscript>Wanna write ur own UI without js?! Go ahead, don't disturb others</noscript>\n  <div id=\"root\"></div>\n\n  \n</body>\n\n</html>\n" columns= [Object, Object, Object, Object, Object, Object]  ... > 
  at <DataTable value="<!DOCTYPE html>\n<html lang=\"en\">\n\n<head>\n  <meta charset=\"utf-8\" />\n  <meta name=\"viewport\" content=\"width=device-width, initial-scale=1\" />\n  <meta name=\"theme-color\" content=\"#000000\" />\n  <link rel=\"shortcut icon\" type=\"image/ico\" href=\"/assets/favicon-bc234827.ico\" />\n  <link href=\"https://fonts.googleapis.com/css?family=Roboto:300,400,500\" rel=\"stylesheet\" />\n  <title>Pentaract UI</title>\n\n  <style>\n    *,\n    html {\n      margin: 0;\n      padding: 0;\n    }\n  </style>\n  <script type=\"module\" crossorigin src=\"/assets/index-58b24b54.js\"></script>\n  <link rel=\"stylesheet\" href=\"/assets/index-a4f6c957.css\">\n</head>\n\n<body>\n  <noscript>Wanna write ur own UI without js?! Go ahead, don't disturb others</noscript>\n  <div id=\"root\"></div>\n\n  \n</body>\n\n</html>\n" loading=false stripedRows=""  ... > 
  at <OrdersView onVnodeUnmounted=fn<onVnodeUnmounted> ref=Ref< Proxy(Object) > > 
  at <RouterView> 
  at <AppLayout onVnodeUnmounted=fn<onVnodeUnmounted> ref=Ref< Proxy(Object) > > 
  at <RouterView> 
  at <App> @ http://localhost:5277/node_modules/@vue/runtime-core/dist/runtime-core.esm-bundler.js:49
[    2121ms] [WARNING] [Vue warn]: Invalid prop: type check failed for prop "rowData". Expected Object, got String with value "h". 
  at <BodyCell key="client_id" rowData="h" column= {__v_isVNode: true, __v_skip: true, type: Object, props: Object, key: null}  ... > 
  at <BodyRow key=undefined rowData="h" index=10  ... > 
  at <TableBody ref="bodyRef" value="<!DOCTYPE html>\n<htm" class=""  ... > 
  at <VirtualScroller ref="virtualScroller" items="<!DOCTYPE html>\n<html lang=\"en\">\n\n<head>\n  <meta charset=\"utf-8\" />\n  <meta name=\"viewport\" content=\"width=device-width, initial-scale=1\" />\n  <meta name=\"theme-color\" content=\"#000000\" />\n  <link rel=\"shortcut icon\" type=\"image/ico\" href=\"/assets/favicon-bc234827.ico\" />\n  <link href=\"https://fonts.googleapis.com/css?family=Roboto:300,400,500\" rel=\"stylesheet\" />\n  <title>Pentaract UI</title>\n\n  <style>\n    *,\n    html {\n      margin: 0;\n      padding: 0;\n    }\n  </style>\n  <script type=\"module\" crossorigin src=\"/assets/index-58b24b54.js\"></script>\n  <link rel=\"stylesheet\" href=\"/assets/index-a4f6c957.css\">\n</head>\n\n<body>\n  <noscript>Wanna write ur own UI without js?! Go ahead, don't disturb others</noscript>\n  <div id=\"root\"></div>\n\n  \n</body>\n\n</html>\n" columns= [Object, Object, Object, Object, Object, Object]  ... > 
  at <DataTable value="<!DOCTYPE html>\n<html lang=\"en\">\n\n<head>\n  <meta charset=\"utf-8\" />\n  <meta name=\"viewport\" content=\"width=device-width, initial-scale=1\" />\n  <meta name=\"theme-color\" content=\"#000000\" />\n  <link rel=\"shortcut icon\" type=\"image/ico\" href=\"/assets/favicon-bc234827.ico\" />\n  <link href=\"https://fonts.googleapis.com/css?family=Roboto:300,400,500\" rel=\"stylesheet\" />\n  <title>Pentaract UI</title>\n\n  <style>\n    *,\n    html {\n      margin: 0;\n      padding: 0;\n    }\n  </style>\n  <script type=\"module\" crossorigin src=\"/assets/index-58b24b54.js\"></script>\n  <link rel=\"stylesheet\" href=\"/assets/index-a4f6c957.css\">\n</head>\n\n<body>\n  <noscript>Wanna write ur own UI without js?! Go ahead, don't disturb others</noscript>\n  <div id=\"root\"></div>\n\n  \n</body>\n\n</html>\n" loading=false stripedRows=""  ... > 
  at <OrdersView onVnodeUnmounted=fn<onVnodeUnmounted> ref=Ref< Proxy(Object) > > 
  at <RouterView> 
  at <AppLayout onVnodeUnmounted=fn<onVnodeUnmounted> ref=Ref< Proxy(Object) > > 
  at <RouterView> 
  at <App> @ http://localhost:5277/node_modules/@vue/runtime-core/dist/runtime-core.esm-bundler.js:49
[    2123ms] [WARNING] [Vue warn]: Invalid prop: type check failed for prop "rowData". Expected Object, got String with value "h". 
  at <BodyCell key="source" rowData="h" column= {__v_isVNode: true, __v_skip: true, type: Object, props: Object, key: null}  ... > 
  at <BodyRow key=undefined rowData="h" index=10  ... > 
  at <TableBody ref="bodyRef" value="<!DOCTYPE html>\n<htm" class=""  ... > 
  at <VirtualScroller ref="virtualScroller" items="<!DOCTYPE html>\n<html lang=\"en\">\n\n<head>\n  <meta charset=\"utf-8\" />\n  <meta name=\"viewport\" content=\"width=device-width, initial-scale=1\" />\n  <meta name=\"theme-color\" content=\"#000000\" />\n  <link rel=\"shortcut icon\" type=\"image/ico\" href=\"/assets/favicon-bc234827.ico\" />\n  <link href=\"https://fonts.googleapis.com/css?family=Roboto:300,400,500\" rel=\"stylesheet\" />\n  <title>Pentaract UI</title>\n\n  <style>\n    *,\n    html {\n      margin: 0;\n      padding: 0;\n    }\n  </style>\n  <script type=\"module\" crossorigin src=\"/assets/index-58b24b54.js\"></script>\n  <link rel=\"stylesheet\" href=\"/assets/index-a4f6c957.css\">\n</head>\n\n<body>\n  <noscript>Wanna write ur own UI without js?! Go ahead, don't disturb others</noscript>\n  <div id=\"root\"></div>\n\n  \n</body>\n\n</html>\n" columns= [Object, Object, Object, Object, Object, Object]  ... > 
  at <DataTable value="<!DOCTYPE html>\n<html lang=\"en\">\n\n<head>\n  <meta charset=\"utf-8\" />\n  <meta name=\"viewport\" content=\"width=device-width, initial-scale=1\" />\n  <meta name=\"theme-color\" content=\"#000000\" />\n  <link rel=\"shortcut icon\" type=\"image/ico\" href=\"/assets/favicon-bc234827.ico\" />\n  <link href=\"https://fonts.googleapis.com/css?family=Roboto:300,400,500\" rel=\"stylesheet\" />\n  <title>Pentaract UI</title>\n\n  <style>\n    *,\n    html {\n      margin: 0;\n      padding: 0;\n    }\n  </style>\n  <script type=\"module\" crossorigin src=\"/assets/index-58b24b54.js\"></script>\n  <link rel=\"stylesheet\" href=\"/assets/index-a4f6c957.css\">\n</head>\n\n<body>\n  <noscript>Wanna write ur own UI without js?! Go ahead, don't disturb others</noscript>\n  <div id=\"root\"></div>\n\n  \n</body>\n\n</html>\n" loading=false stripedRows=""  ... > 
  at <OrdersView onVnodeUnmounted=fn<onVnodeUnmounted> ref=Ref< Proxy(Object) > > 
  at <RouterView> 
  at <AppLayout onVnodeUnmounted=fn<onVnodeUnmounted> ref=Ref< Proxy(Object) > > 
  at <RouterView> 
  at <App> @ http://localhost:5277/node_modules/@vue/runtime-core/dist/runtime-core.esm-bundler.js:49
[    2131ms] [WARNING] [Vue warn]: Invalid prop: type check failed for prop "rowData". Expected Object, got String with value "h". 
  at <BodyCell key="status" rowData="h" column= {__v_isVNode: true, __v_skip: true, type: Object, props: Object, key: null}  ... > 
  at <BodyRow key=undefined rowData="h" index=10  ... > 
  at <TableBody ref="bodyRef" value="<!DOCTYPE html>\n<htm" class=""  ... > 
  at <VirtualScroller ref="virtualScroller" items="<!DOCTYPE html>\n<html lang=\"en\">\n\n<head>\n  <meta charset=\"utf-8\" />\n  <meta name=\"viewport\" content=\"width=device-width, initial-scale=1\" />\n  <meta name=\"theme-color\" content=\"#000000\" />\n  <link rel=\"shortcut icon\" type=\"image/ico\" href=\"/assets/favicon-bc234827.ico\" />\n  <link href=\"https://fonts.googleapis.com/css?family=Roboto:300,400,500\" rel=\"stylesheet\" />\n  <title>Pentaract UI</title>\n\n  <style>\n    *,\n    html {\n      margin: 0;\n      padding: 0;\n    }\n  </style>\n  <script type=\"module\" crossorigin src=\"/assets/index-58b24b54.js\"></script>\n  <link rel=\"stylesheet\" href=\"/assets/index-a4f6c957.css\">\n</head>\n\n<body>\n  <noscript>Wanna write ur own UI without js?! Go ahead, don't disturb others</noscript>\n  <div id=\"root\"></div>\n\n  \n</body>\n\n</html>\n" columns= [Object, Object, Object, Object, Object, Object]  ... > 
  at <DataTable value="<!DOCTYPE html>\n<html lang=\"en\">\n\n<head>\n  <meta charset=\"utf-8\" />\n  <meta name=\"viewport\" content=\"width=device-width, initial-scale=1\" />\n  <meta name=\"theme-color\" content=\"#000000\" />\n  <link rel=\"shortcut icon\" type=\"image/ico\" href=\"/assets/favicon-bc234827.ico\" />\n  <link href=\"https://fonts.googleapis.com/css?family=Roboto:300,400,500\" rel=\"stylesheet\" />\n  <title>Pentaract UI</title>\n\n  <style>\n    *,\n    html {\n      margin: 0;\n      padding: 0;\n    }\n  </style>\n  <script type=\"module\" crossorigin src=\"/assets/index-58b24b54.js\"></script>\n  <link rel=\"stylesheet\" href=\"/assets/index-a4f6c957.css\">\n</head>\n\n<body>\n  <noscript>Wanna write ur own UI without js?! Go ahead, don't disturb others</noscript>\n  <div id=\"root\"></div>\n\n  \n</body>\n\n</html>\n" loading=false stripedRows=""  ... > 
  at <OrdersView onVnodeUnmounted=fn<onVnodeUnmounted> ref=Ref< Proxy(Object) > > 
  at <RouterView> 
  at <AppLayout onVnodeUnmounted=fn<onVnodeUnmounted> ref=Ref< Proxy(Object) > > 
  at <RouterView> 
  at <App> @ http://localhost:5277/node_modules/@vue/runtime-core/dist/runtime-core.esm-bundler.js:49
[    2135ms] [WARNING] [Vue warn]: Invalid prop: type check failed for prop "rowData". Expected Object, got String with value "h". 
  at <BodyCell key="created_at" rowData="h" column= {__v_isVNode: true, __v_skip: true, type: Object, props: Object, key: null}  ... > 
  at <BodyRow key=undefined rowData="h" index=10  ... > 
  at <TableBody ref="bodyRef" value="<!DOCTYPE html>\n<htm" class=""  ... > 
  at <VirtualScroller ref="virtualScroller" items="<!DOCTYPE html>\n<html lang=\"en\">\n\n<head>\n  <meta charset=\"utf-8\" />\n  <meta name=\"viewport\" content=\"width=device-width, initial-scale=1\" />\n  <meta name=\"theme-color\" content=\"#000000\" />\n  <link rel=\"shortcut icon\" type=\"image/ico\" href=\"/assets/favicon-bc234827.ico\" />\n  <link href=\"https://fonts.googleapis.com/css?family=Roboto:300,400,500\" rel=\"stylesheet\" />\n  <title>Pentaract UI</title>\n\n  <style>\n    *,\n    html {\n      margin: 0;\n      padding: 0;\n    }\n  </style>\n  <script type=\"module\" crossorigin src=\"/assets/index-58b24b54.js\"></script>\n  <link rel=\"stylesheet\" href=\"/assets/index-a4f6c957.css\">\n</head>\n\n<body>\n  <noscript>Wanna write ur own UI without js?! Go ahead, don't disturb others</noscript>\n  <div id=\"root\"></div>\n\n  \n</body>\n\n</html>\n" columns= [Object, Object, Object, Object, Object, Object]  ... > 
  at <DataTable value="<!DOCTYPE html>\n<html lang=\"en\">\n\n<head>\n  <meta charset=\"utf-8\" />\n  <meta name=\"viewport\" content=\"width=device-width, initial-scale=1\" />\n  <meta name=\"theme-color\" content=\"#000000\" />\n  <link rel=\"shortcut icon\" type=\"image/ico\" href=\"/assets/favicon-bc234827.ico\" />\n  <link href=\"https://fonts.googleapis.com/css?family=Roboto:300,400,500\" rel=\"stylesheet\" />\n  <title>Pentaract UI</title>\n\n  <style>\n    *,\n    html {\n      margin: 0;\n      padding: 0;\n    }\n  </style>\n  <script type=\"module\" crossorigin src=\"/assets/index-58b24b54.js\"></script>\n  <link rel=\"stylesheet\" href=\"/assets/index-a4f6c957.css\">\n</head>\n\n<body>\n  <noscript>Wanna write ur own UI without js?! Go ahead, don't disturb others</noscript>\n  <div id=\"root\"></div>\n\n  \n</body>\n\n</html>\n" loading=false stripedRows=""  ... > 
  at <OrdersView onVnodeUnmounted=fn<onVnodeUnmounted> ref=Ref< Proxy(Object) > > 
  at <RouterView> 
  at <AppLayout onVnodeUnmounted=fn<onVnodeUnmounted> ref=Ref< Proxy(Object) > > 
  at <RouterView> 
  at <App> @ http://localhost:5277/node_modules/@vue/runtime-core/dist/runtime-core.esm-bundler.js:49
[    2138ms] [WARNING] [Vue warn]: Invalid prop: type check failed for prop "rowData". Expected Object, got String with value "h". 
  at <BodyCell key=5 rowData="h" column= {__v_isVNode: true, __v_skip: true, type: Object, props: Object, key: null}  ... > 
  at <BodyRow key=undefined rowData="h" index=10  ... > 
  at <TableBody ref="bodyRef" value="<!DOCTYPE html>\n<htm" class=""  ... > 
  at <VirtualScroller ref="virtualScroller" items="<!DOCTYPE html>\n<html lang=\"en\">\n\n<head>\n  <meta charset=\"utf-8\" />\n  <meta name=\"viewport\" content=\"width=device-width, initial-scale=1\" />\n  <meta name=\"theme-color\" content=\"#000000\" />\n  <link rel=\"shortcut icon\" type=\"image/ico\" href=\"/assets/favicon-bc234827.ico\" />\n  <link href=\"https://fonts.googleapis.com/css?family=Roboto:300,400,500\" rel=\"stylesheet\" />\n  <title>Pentaract UI</title>\n\n  <style>\n    *,\n    html {\n      margin: 0;\n      padding: 0;\n    }\n  </style>\n  <script type=\"module\" crossorigin src=\"/assets/index-58b24b54.js\"></script>\n  <link rel=\"stylesheet\" href=\"/assets/index-a4f6c957.css\">\n</head>\n\n<body>\n  <noscript>Wanna write ur own UI without js?! Go ahead, don't disturb others</noscript>\n  <div id=\"root\"></div>\n\n  \n</body>\n\n</html>\n" columns= [Object, Object, Object, Object, Object, Object]  ... > 
  at <DataTable value="<!DOCTYPE html>\n<html lang=\"en\">\n\n<head>\n  <meta charset=\"utf-8\" />\n  <meta name=\"viewport\" content=\"width=device-width, initial-scale=1\" />\n  <meta name=\"theme-color\" content=\"#000000\" />\n  <link rel=\"shortcut icon\" type=\"image/ico\" href=\"/assets/favicon-bc234827.ico\" />\n  <link href=\"https://fonts.googleapis.com/css?family=Roboto:300,400,500\" rel=\"stylesheet\" />\n  <title>Pentaract UI</title>\n\n  <style>\n    *,\n    html {\n      margin: 0;\n      padding: 0;\n    }\n  </style>\n  <script type=\"module\" crossorigin src=\"/assets/index-58b24b54.js\"></script>\n  <link rel=\"stylesheet\" href=\"/assets/index-a4f6c957.css\">\n</head>\n\n<body>\n  <noscript>Wanna write ur own UI without js?! Go ahead, don't disturb others</noscript>\n  <div id=\"root\"></div>\n\n  \n</body>\n\n</html>\n" loading=false stripedRows=""  ... > 
  at <OrdersView onVnodeUnmounted=fn<onVnodeUnmounted> ref=Ref< Proxy(Object) > > 
  at <RouterView> 
  at <AppLayout onVnodeUnmounted=fn<onVnodeUnmounted> ref=Ref< Proxy(Object) > > 
  at <RouterView> 
  at <App> @ http://localhost:5277/node_modules/@vue/runtime-core/dist/runtime-core.esm-bundler.js:49
[    2143ms] [WARNING] [Vue warn]: Invalid prop: type check failed for prop "rowData". Expected Object, got String with value "t". 
  at <BodyRow key=undefined rowData="t" index=11  ... > 
  at <TableBody ref="bodyRef" value="<!DOCTYPE html>\n<htm" class=""  ... > 
  at <VirtualScroller ref="virtualScroller" items="<!DOCTYPE html>\n<html lang=\"en\">\n\n<head>\n  <meta charset=\"utf-8\" />\n  <meta name=\"viewport\" content=\"width=device-width, initial-scale=1\" />\n  <meta name=\"theme-color\" content=\"#000000\" />\n  <link rel=\"shortcut icon\" type=\"image/ico\" href=\"/assets/favicon-bc234827.ico\" />\n  <link href=\"https://fonts.googleapis.com/css?family=Roboto:300,400,500\" rel=\"stylesheet\" />\n  <title>Pentaract UI</title>\n\n  <style>\n    *,\n    html {\n      margin: 0;\n      padding: 0;\n    }\n  </style>\n  <script type=\"module\" crossorigin src=\"/assets/index-58b24b54.js\"></script>\n  <link rel=\"stylesheet\" href=\"/assets/index-a4f6c957.css\">\n</head>\n\n<body>\n  <noscript>Wanna write ur own UI without js?! Go ahead, don't disturb others</noscript>\n  <div id=\"root\"></div>\n\n  \n</body>\n\n</html>\n" columns= [Object, Object, Object, Object, Object, Object]  ... > 
  at <DataTable value="<!DOCTYPE html>\n<html lang=\"en\">\n\n<head>\n  <meta charset=\"utf-8\" />\n  <meta name=\"viewport\" content=\"width=device-width, initial-scale=1\" />\n  <meta name=\"theme-color\" content=\"#000000\" />\n  <link rel=\"shortcut icon\" type=\"image/ico\" href=\"/assets/favicon-bc234827.ico\" />\n  <link href=\"https://fonts.googleapis.com/css?family=Roboto:300,400,500\" rel=\"stylesheet\" />\n  <title>Pentaract UI</title>\n\n  <style>\n    *,\n    html {\n      margin: 0;\n      padding: 0;\n    }\n  </style>\n  <script type=\"module\" crossorigin src=\"/assets/index-58b24b54.js\"></script>\n  <link rel=\"stylesheet\" href=\"/assets/index-a4f6c957.css\">\n</head>\n\n<body>\n  <noscript>Wanna write ur own UI without js?! Go ahead, don't disturb others</noscript>\n  <div id=\"root\"></div>\n\n  \n</body>\n\n</html>\n" loading=false stripedRows=""  ... > 
  at <OrdersView onVnodeUnmounted=fn<onVnodeUnmounted> ref=Ref< Proxy(Object) > > 
  at <RouterView> 
  at <AppLayout onVnodeUnmounted=fn<onVnodeUnmounted> ref=Ref< Proxy(Object) > > 
  at <RouterView> 
  at <App> @ http://localhost:5277/node_modules/@vue/runtime-core/dist/runtime-core.esm-bundler.js:49
[    2146ms] [WARNING] [Vue warn]: Invalid prop: type check failed for prop "value". Expected Array, got String with value "<!DOCTYPE html>
<htm". 
  at <BodyRow key=undefined rowData="t" index=11  ... > 
  at <TableBody ref="bodyRef" value="<!DOCTYPE html>\n<htm" class=""  ... > 
  at <VirtualScroller ref="virtualScroller" items="<!DOCTYPE html>\n<html lang=\"en\">\n\n<head>\n  <meta charset=\"utf-8\" />\n  <meta name=\"viewport\" content=\"width=device-width, initial-scale=1\" />\n  <meta name=\"theme-color\" content=\"#000000\" />\n  <link rel=\"shortcut icon\" type=\"image/ico\" href=\"/assets/favicon-bc234827.ico\" />\n  <link href=\"https://fonts.googleapis.com/css?family=Roboto:300,400,500\" rel=\"stylesheet\" />\n  <title>Pentaract UI</title>\n\n  <style>\n    *,\n    html {\n      margin: 0;\n      padding: 0;\n    }\n  </style>\n  <script type=\"module\" crossorigin src=\"/assets/index-58b24b54.js\"></script>\n  <link rel=\"stylesheet\" href=\"/assets/index-a4f6c957.css\">\n</head>\n\n<body>\n  <noscript>Wanna write ur own UI without js?! Go ahead, don't disturb others</noscript>\n  <div id=\"root\"></div>\n\n  \n</body>\n\n</html>\n" columns= [Object, Object, Object, Object, Object, Object]  ... > 
  at <DataTable value="<!DOCTYPE html>\n<html lang=\"en\">\n\n<head>\n  <meta charset=\"utf-8\" />\n  <meta name=\"viewport\" content=\"width=device-width, initial-scale=1\" />\n  <meta name=\"theme-color\" content=\"#000000\" />\n  <link rel=\"shortcut icon\" type=\"image/ico\" href=\"/assets/favicon-bc234827.ico\" />\n  <link href=\"https://fonts.googleapis.com/css?family=Roboto:300,400,500\" rel=\"stylesheet\" />\n  <title>Pentaract UI</title>\n\n  <style>\n    *,\n    html {\n      margin: 0;\n      padding: 0;\n    }\n  </style>\n  <script type=\"module\" crossorigin src=\"/assets/index-58b24b54.js\"></script>\n  <link rel=\"stylesheet\" href=\"/assets/index-a4f6c957.css\">\n</head>\n\n<body>\n  <noscript>Wanna write ur own UI without js?! Go ahead, don't disturb others</noscript>\n  <div id=\"root\"></div>\n\n  \n</body>\n\n</html>\n" loading=false stripedRows=""  ... > 
  at <OrdersView onVnodeUnmounted=fn<onVnodeUnmounted> ref=Ref< Proxy(Object) > > 
  at <RouterView> 
  at <AppLayout onVnodeUnmounted=fn<onVnodeUnmounted> ref=Ref< Proxy(Object) > > 
  at <RouterView> 
  at <App> @ http://localhost:5277/node_modules/@vue/runtime-core/dist/runtime-core.esm-bundler.js:49
[    2149ms] [WARNING] [Vue warn]: Invalid prop: type check failed for prop "rowData". Expected Object, got String with value "t". 
  at <BodyCell key="id" rowData="t" column= {__v_isVNode: true, __v_skip: true, type: Object, props: Object, key: null}  ... > 
  at <BodyRow key=undefined rowData="t" index=11  ... > 
  at <TableBody ref="bodyRef" value="<!DOCTYPE html>\n<htm" class=""  ... > 
  at <VirtualScroller ref="virtualScroller" items="<!DOCTYPE html>\n<html lang=\"en\">\n\n<head>\n  <meta charset=\"utf-8\" />\n  <meta name=\"viewport\" content=\"width=device-width, initial-scale=1\" />\n  <meta name=\"theme-color\" content=\"#000000\" />\n  <link rel=\"shortcut icon\" type=\"image/ico\" href=\"/assets/favicon-bc234827.ico\" />\n  <link href=\"https://fonts.googleapis.com/css?family=Roboto:300,400,500\" rel=\"stylesheet\" />\n  <title>Pentaract UI</title>\n\n  <style>\n    *,\n    html {\n      margin: 0;\n      padding: 0;\n    }\n  </style>\n  <script type=\"module\" crossorigin src=\"/assets/index-58b24b54.js\"></script>\n  <link rel=\"stylesheet\" href=\"/assets/index-a4f6c957.css\">\n</head>\n\n<body>\n  <noscript>Wanna write ur own UI without js?! Go ahead, don't disturb others</noscript>\n  <div id=\"root\"></div>\n\n  \n</body>\n\n</html>\n" columns= [Object, Object, Object, Object, Object, Object]  ... > 
  at <DataTable value="<!DOCTYPE html>\n<html lang=\"en\">\n\n<head>\n  <meta charset=\"utf-8\" />\n  <meta name=\"viewport\" content=\"width=device-width, initial-scale=1\" />\n  <meta name=\"theme-color\" content=\"#000000\" />\n  <link rel=\"shortcut icon\" type=\"image/ico\" href=\"/assets/favicon-bc234827.ico\" />\n  <link href=\"https://fonts.googleapis.com/css?family=Roboto:300,400,500\" rel=\"stylesheet\" />\n  <title>Pentaract UI</title>\n\n  <style>\n    *,\n    html {\n      margin: 0;\n      padding: 0;\n    }\n  </style>\n  <script type=\"module\" crossorigin src=\"/assets/index-58b24b54.js\"></script>\n  <link rel=\"stylesheet\" href=\"/assets/index-a4f6c957.css\">\n</head>\n\n<body>\n  <noscript>Wanna write ur own UI without js?! Go ahead, don't disturb others</noscript>\n  <div id=\"root\"></div>\n\n  \n</body>\n\n</html>\n" loading=false stripedRows=""  ... > 
  at <OrdersView onVnodeUnmounted=fn<onVnodeUnmounted> ref=Ref< Proxy(Object) > > 
  at <RouterView> 
  at <AppLayout onVnodeUnmounted=fn<onVnodeUnmounted> ref=Ref< Proxy(Object) > > 
  at <RouterView> 
  at <App> @ http://localhost:5277/node_modules/@vue/runtime-core/dist/runtime-core.esm-bundler.js:49
[    2152ms] [WARNING] [Vue warn]: Invalid prop: type check failed for prop "rowData". Expected Object, got String with value "t". 
  at <BodyCell key="client_id" rowData="t" column= {__v_isVNode: true, __v_skip: true, type: Object, props: Object, key: null}  ... > 
  at <BodyRow key=undefined rowData="t" index=11  ... > 
  at <TableBody ref="bodyRef" value="<!DOCTYPE html>\n<htm" class=""  ... > 
  at <VirtualScroller ref="virtualScroller" items="<!DOCTYPE html>\n<html lang=\"en\">\n\n<head>\n  <meta charset=\"utf-8\" />\n  <meta name=\"viewport\" content=\"width=device-width, initial-scale=1\" />\n  <meta name=\"theme-color\" content=\"#000000\" />\n  <link rel=\"shortcut icon\" type=\"image/ico\" href=\"/assets/favicon-bc234827.ico\" />\n  <link href=\"https://fonts.googleapis.com/css?family=Roboto:300,400,500\" rel=\"stylesheet\" />\n  <title>Pentaract UI</title>\n\n  <style>\n    *,\n    html {\n      margin: 0;\n      padding: 0;\n    }\n  </style>\n  <script type=\"module\" crossorigin src=\"/assets/index-58b24b54.js\"></script>\n  <link rel=\"stylesheet\" href=\"/assets/index-a4f6c957.css\">\n</head>\n\n<body>\n  <noscript>Wanna write ur own UI without js?! Go ahead, don't disturb others</noscript>\n  <div id=\"root\"></div>\n\n  \n</body>\n\n</html>\n" columns= [Object, Object, Object, Object, Object, Object]  ... > 
  at <DataTable value="<!DOCTYPE html>\n<html lang=\"en\">\n\n<head>\n  <meta charset=\"utf-8\" />\n  <meta name=\"viewport\" content=\"width=device-width, initial-scale=1\" />\n  <meta name=\"theme-color\" content=\"#000000\" />\n  <link rel=\"shortcut icon\" type=\"image/ico\" href=\"/assets/favicon-bc234827.ico\" />\n  <link href=\"https://fonts.googleapis.com/css?family=Roboto:300,400,500\" rel=\"stylesheet\" />\n  <title>Pentaract UI</title>\n\n  <style>\n    *,\n    html {\n      margin: 0;\n      padding: 0;\n    }\n  </style>\n  <script type=\"module\" crossorigin src=\"/assets/index-58b24b54.js\"></script>\n  <link rel=\"stylesheet\" href=\"/assets/index-a4f6c957.css\">\n</head>\n\n<body>\n  <noscript>Wanna write ur own UI without js?! Go ahead, don't disturb others</noscript>\n  <div id=\"root\"></div>\n\n  \n</body>\n\n</html>\n" loading=false stripedRows=""  ... > 
  at <OrdersView onVnodeUnmounted=fn<onVnodeUnmounted> ref=Ref< Proxy(Object) > > 
  at <RouterView> 
  at <AppLayout onVnodeUnmounted=fn<onVnodeUnmounted> ref=Ref< Proxy(Object) > > 
  at <RouterView> 
  at <App> @ http://localhost:5277/node_modules/@vue/runtime-core/dist/runtime-core.esm-bundler.js:49
[    2154ms] [WARNING] [Vue warn]: Invalid prop: type check failed for prop "rowData". Expected Object, got String with value "t". 
  at <BodyCell key="source" rowData="t" column= {__v_isVNode: true, __v_skip: true, type: Object, props: Object, key: null}  ... > 
  at <BodyRow key=undefined rowData="t" index=11  ... > 
  at <TableBody ref="bodyRef" value="<!DOCTYPE html>\n<htm" class=""  ... > 
  at <VirtualScroller ref="virtualScroller" items="<!DOCTYPE html>\n<html lang=\"en\">\n\n<head>\n  <meta charset=\"utf-8\" />\n  <meta name=\"viewport\" content=\"width=device-width, initial-scale=1\" />\n  <meta name=\"theme-color\" content=\"#000000\" />\n  <link rel=\"shortcut icon\" type=\"image/ico\" href=\"/assets/favicon-bc234827.ico\" />\n  <link href=\"https://fonts.googleapis.com/css?family=Roboto:300,400,500\" rel=\"stylesheet\" />\n  <title>Pentaract UI</title>\n\n  <style>\n    *,\n    html {\n      margin: 0;\n      padding: 0;\n    }\n  </style>\n  <script type=\"module\" crossorigin src=\"/assets/index-58b24b54.js\"></script>\n  <link rel=\"stylesheet\" href=\"/assets/index-a4f6c957.css\">\n</head>\n\n<body>\n  <noscript>Wanna write ur own UI without js?! Go ahead, don't disturb others</noscript>\n  <div id=\"root\"></div>\n\n  \n</body>\n\n</html>\n" columns= [Object, Object, Object, Object, Object, Object]  ... > 
  at <DataTable value="<!DOCTYPE html>\n<html lang=\"en\">\n\n<head>\n  <meta charset=\"utf-8\" />\n  <meta name=\"viewport\" content=\"width=device-width, initial-scale=1\" />\n  <meta name=\"theme-color\" content=\"#000000\" />\n  <link rel=\"shortcut icon\" type=\"image/ico\" href=\"/assets/favicon-bc234827.ico\" />\n  <link href=\"https://fonts.googleapis.com/css?family=Roboto:300,400,500\" rel=\"stylesheet\" />\n  <title>Pentaract UI</title>\n\n  <style>\n    *,\n    html {\n      margin: 0;\n      padding: 0;\n    }\n  </style>\n  <script type=\"module\" crossorigin src=\"/assets/index-58b24b54.js\"></script>\n  <link rel=\"stylesheet\" href=\"/assets/index-a4f6c957.css\">\n</head>\n\n<body>\n  <noscript>Wanna write ur own UI without js?! Go ahead, don't disturb others</noscript>\n  <div id=\"root\"></div>\n\n  \n</body>\n\n</html>\n" loading=false stripedRows=""  ... > 
  at <OrdersView onVnodeUnmounted=fn<onVnodeUnmounted> ref=Ref< Proxy(Object) > > 
  at <RouterView> 
  at <AppLayout onVnodeUnmounted=fn<onVnodeUnmounted> ref=Ref< Proxy(Object) > > 
  at <RouterView> 
  at <App> @ http://localhost:5277/node_modules/@vue/runtime-core/dist/runtime-core.esm-bundler.js:49
[    2156ms] [WARNING] [Vue warn]: Invalid prop: type check failed for prop "rowData". Expected Object, got String with value "t". 
  at <BodyCell key="status" rowData="t" column= {__v_isVNode: true, __v_skip: true, type: Object, props: Object, key: null}  ... > 
  at <BodyRow key=undefined rowData="t" index=11  ... > 
  at <TableBody ref="bodyRef" value="<!DOCTYPE html>\n<htm" class=""  ... > 
  at <VirtualScroller ref="virtualScroller" items="<!DOCTYPE html>\n<html lang=\"en\">\n\n<head>\n  <meta charset=\"utf-8\" />\n  <meta name=\"viewport\" content=\"width=device-width, initial-scale=1\" />\n  <meta name=\"theme-color\" content=\"#000000\" />\n  <link rel=\"shortcut icon\" type=\"image/ico\" href=\"/assets/favicon-bc234827.ico\" />\n  <link href=\"https://fonts.googleapis.com/css?family=Roboto:300,400,500\" rel=\"stylesheet\" />\n  <title>Pentaract UI</title>\n\n  <style>\n    *,\n    html {\n      margin: 0;\n      padding: 0;\n    }\n  </style>\n  <script type=\"module\" crossorigin src=\"/assets/index-58b24b54.js\"></script>\n  <link rel=\"stylesheet\" href=\"/assets/index-a4f6c957.css\">\n</head>\n\n<body>\n  <noscript>Wanna write ur own UI without js?! Go ahead, don't disturb others</noscript>\n  <div id=\"root\"></div>\n\n  \n</body>\n\n</html>\n" columns= [Object, Object, Object, Object, Object, Object]  ... > 
  at <DataTable value="<!DOCTYPE html>\n<html lang=\"en\">\n\n<head>\n  <meta charset=\"utf-8\" />\n  <meta name=\"viewport\" content=\"width=device-width, initial-scale=1\" />\n  <meta name=\"theme-color\" content=\"#000000\" />\n  <link rel=\"shortcut icon\" type=\"image/ico\" href=\"/assets/favicon-bc234827.ico\" />\n  <link href=\"https://fonts.googleapis.com/css?family=Roboto:300,400,500\" rel=\"stylesheet\" />\n  <title>Pentaract UI</title>\n\n  <style>\n    *,\n    html {\n      margin: 0;\n      padding: 0;\n    }\n  </style>\n  <script type=\"module\" crossorigin src=\"/assets/index-58b24b54.js\"></script>\n  <link rel=\"stylesheet\" href=\"/assets/index-a4f6c957.css\">\n</head>\n\n<body>\n  <noscript>Wanna write ur own UI without js?! Go ahead, don't disturb others</noscript>\n  <div id=\"root\"></div>\n\n  \n</body>\n\n</html>\n" loading=false stripedRows=""  ... > 
  at <OrdersView onVnodeUnmounted=fn<onVnodeUnmounted> ref=Ref< Proxy(Object) > > 
  at <RouterView> 
  at <AppLayout onVnodeUnmounted=fn<onVnodeUnmounted> ref=Ref< Proxy(Object) > > 
  at <RouterView> 
  at <App> @ http://localhost:5277/node_modules/@vue/runtime-core/dist/runtime-core.esm-bundler.js:49
[    2160ms] [WARNING] [Vue warn]: Invalid prop: type check failed for prop "rowData". Expected Object, got String with value "t". 
  at <BodyCell key="created_at" rowData="t" column= {__v_isVNode: true, __v_skip: true, type: Object, props: Object, key: null}  ... > 
  at <BodyRow key=undefined rowData="t" index=11  ... > 
  at <TableBody ref="bodyRef" value="<!DOCTYPE html>\n<htm" class=""  ... > 
  at <VirtualScroller ref="virtualScroller" items="<!DOCTYPE html>\n<html lang=\"en\">\n\n<head>\n  <meta charset=\"utf-8\" />\n  <meta name=\"viewport\" content=\"width=device-width, initial-scale=1\" />\n  <meta name=\"theme-color\" content=\"#000000\" />\n  <link rel=\"shortcut icon\" type=\"image/ico\" href=\"/assets/favicon-bc234827.ico\" />\n  <link href=\"https://fonts.googleapis.com/css?family=Roboto:300,400,500\" rel=\"stylesheet\" />\n  <title>Pentaract UI</title>\n\n  <style>\n    *,\n    html {\n      margin: 0;\n      padding: 0;\n    }\n  </style>\n  <script type=\"module\" crossorigin src=\"/assets/index-58b24b54.js\"></script>\n  <link rel=\"stylesheet\" href=\"/assets/index-a4f6c957.css\">\n</head>\n\n<body>\n  <noscript>Wanna write ur own UI without js?! Go ahead, don't disturb others</noscript>\n  <div id=\"root\"></div>\n\n  \n</body>\n\n</html>\n" columns= [Object, Object, Object, Object, Object, Object]  ... > 
  at <DataTable value="<!DOCTYPE html>\n<html lang=\"en\">\n\n<head>\n  <meta charset=\"utf-8\" />\n  <meta name=\"viewport\" content=\"width=device-width, initial-scale=1\" />\n  <meta name=\"theme-color\" content=\"#000000\" />\n  <link rel=\"shortcut icon\" type=\"image/ico\" href=\"/assets/favicon-bc234827.ico\" />\n  <link href=\"https://fonts.googleapis.com/css?family=Roboto:300,400,500\" rel=\"stylesheet\" />\n  <title>Pentaract UI</title>\n\n  <style>\n    *,\n    html {\n      margin: 0;\n      padding: 0;\n    }\n  </style>\n  <script type=\"module\" crossorigin src=\"/assets/index-58b24b54.js\"></script>\n  <link rel=\"stylesheet\" href=\"/assets/index-a4f6c957.css\">\n</head>\n\n<body>\n  <noscript>Wanna write ur own UI without js?! Go ahead, don't disturb others</noscript>\n  <div id=\"root\"></div>\n\n  \n</body>\n\n</html>\n" loading=false stripedRows=""  ... > 
  at <OrdersView onVnodeUnmounted=fn<onVnodeUnmounted> ref=Ref< Proxy(Object) > > 
  at <RouterView> 
  at <AppLayout onVnodeUnmounted=fn<onVnodeUnmounted> ref=Ref< Proxy(Object) > > 
  at <RouterView> 
  at <App> @ http://localhost:5277/node_modules/@vue/runtime-core/dist/runtime-core.esm-bundler.js:49
[    2163ms] [WARNING] [Vue warn]: Invalid prop: type check failed for prop "rowData". Expected Object, got String with value "t". 
  at <BodyCell key=5 rowData="t" column= {__v_isVNode: true, __v_skip: true, type: Object, props: Object, key: null}  ... > 
  at <BodyRow key=undefined rowData="t" index=11  ... > 
  at <TableBody ref="bodyRef" value="<!DOCTYPE html>\n<htm" class=""  ... > 
  at <VirtualScroller ref="virtualScroller" items="<!DOCTYPE html>\n<html lang=\"en\">\n\n<head>\n  <meta charset=\"utf-8\" />\n  <meta name=\"viewport\" content=\"width=device-width, initial-scale=1\" />\n  <meta name=\"theme-color\" content=\"#000000\" />\n  <link rel=\"shortcut icon\" type=\"image/ico\" href=\"/assets/favicon-bc234827.ico\" />\n  <link href=\"https://fonts.googleapis.com/css?family=Roboto:300,400,500\" rel=\"stylesheet\" />\n  <title>Pentaract UI</title>\n\n  <style>\n    *,\n    html {\n      margin: 0;\n      padding: 0;\n    }\n  </style>\n  <script type=\"module\" crossorigin src=\"/assets/index-58b24b54.js\"></script>\n  <link rel=\"stylesheet\" href=\"/assets/index-a4f6c957.css\">\n</head>\n\n<body>\n  <noscript>Wanna write ur own UI without js?! Go ahead, don't disturb others</noscript>\n  <div id=\"root\"></div>\n\n  \n</body>\n\n</html>\n" columns= [Object, Object, Object, Object, Object, Object]  ... > 
  at <DataTable value="<!DOCTYPE html>\n<html lang=\"en\">\n\n<head>\n  <meta charset=\"utf-8\" />\n  <meta name=\"viewport\" content=\"width=device-width, initial-scale=1\" />\n  <meta name=\"theme-color\" content=\"#000000\" />\n  <link rel=\"shortcut icon\" type=\"image/ico\" href=\"/assets/favicon-bc234827.ico\" />\n  <link href=\"https://fonts.googleapis.com/css?family=Roboto:300,400,500\" rel=\"stylesheet\" />\n  <title>Pentaract UI</title>\n\n  <style>\n    *,\n    html {\n      margin: 0;\n      padding: 0;\n    }\n  </style>\n  <script type=\"module\" crossorigin src=\"/assets/index-58b24b54.js\"></script>\n  <link rel=\"stylesheet\" href=\"/assets/index-a4f6c957.css\">\n</head>\n\n<body>\n  <noscript>Wanna write ur own UI without js?! Go ahead, don't disturb others</noscript>\n  <div id=\"root\"></div>\n\n  \n</body>\n\n</html>\n" loading=false stripedRows=""  ... > 
  at <OrdersView onVnodeUnmounted=fn<onVnodeUnmounted> ref=Ref< Proxy(Object) > > 
  at <RouterView> 
  at <AppLayout onVnodeUnmounted=fn<onVnodeUnmounted> ref=Ref< Proxy(Object) > > 
  at <RouterView> 
  at <App> @ http://localhost:5277/node_modules/@vue/runtime-core/dist/runtime-core.esm-bundler.js:49
[    2167ms] [WARNING] [Vue warn]: Invalid prop: type check failed for prop "rowData". Expected Object, got String with value "m". 
  at <BodyRow key=undefined rowData="m" index=12  ... > 
  at <TableBody ref="bodyRef" value="<!DOCTYPE html>\n<htm" class=""  ... > 
  at <VirtualScroller ref="virtualScroller" items="<!DOCTYPE html>\n<html lang=\"en\">\n\n<head>\n  <meta charset=\"utf-8\" />\n  <meta name=\"viewport\" content=\"width=device-width, initial-scale=1\" />\n  <meta name=\"theme-color\" content=\"#000000\" />\n  <link rel=\"shortcut icon\" type=\"image/ico\" href=\"/assets/favicon-bc234827.ico\" />\n  <link href=\"https://fonts.googleapis.com/css?family=Roboto:300,400,500\" rel=\"stylesheet\" />\n  <title>Pentaract UI</title>\n\n  <style>\n    *,\n    html {\n      margin: 0;\n      padding: 0;\n    }\n  </style>\n  <script type=\"module\" crossorigin src=\"/assets/index-58b24b54.js\"></script>\n  <link rel=\"stylesheet\" href=\"/assets/index-a4f6c957.css\">\n</head>\n\n<body>\n  <noscript>Wanna write ur own UI without js?! Go ahead, don't disturb others</noscript>\n  <div id=\"root\"></div>\n\n  \n</body>\n\n</html>\n" columns= [Object, Object, Object, Object, Object, Object]  ... > 
  at <DataTable value="<!DOCTYPE html>\n<html lang=\"en\">\n\n<head>\n  <meta charset=\"utf-8\" />\n  <meta name=\"viewport\" content=\"width=device-width, initial-scale=1\" />\n  <meta name=\"theme-color\" content=\"#000000\" />\n  <link rel=\"shortcut icon\" type=\"image/ico\" href=\"/assets/favicon-bc234827.ico\" />\n  <link href=\"https://fonts.googleapis.com/css?family=Roboto:300,400,500\" rel=\"stylesheet\" />\n  <title>Pentaract UI</title>\n\n  <style>\n    *,\n    html {\n      margin: 0;\n      padding: 0;\n    }\n  </style>\n  <script type=\"module\" crossorigin src=\"/assets/index-58b24b54.js\"></script>\n  <link rel=\"stylesheet\" href=\"/assets/index-a4f6c957.css\">\n</head>\n\n<body>\n  <noscript>Wanna write ur own UI without js?! Go ahead, don't disturb others</noscript>\n  <div id=\"root\"></div>\n\n  \n</body>\n\n</html>\n" loading=false stripedRows=""  ... > 
  at <OrdersView onVnodeUnmounted=fn<onVnodeUnmounted> ref=Ref< Proxy(Object) > > 
  at <RouterView> 
  at <AppLayout onVnodeUnmounted=fn<onVnodeUnmounted> ref=Ref< Proxy(Object) > > 
  at <RouterView> 
  at <App> @ http://localhost:5277/node_modules/@vue/runtime-core/dist/runtime-core.esm-bundler.js:49
[    2168ms] [WARNING] [Vue warn]: Invalid prop: type check failed for prop "value". Expected Array, got String with value "<!DOCTYPE html>
<htm". 
  at <BodyRow key=undefined rowData="m" index=12  ... > 
  at <TableBody ref="bodyRef" value="<!DOCTYPE html>\n<htm" class=""  ... > 
  at <VirtualScroller ref="virtualScroller" items="<!DOCTYPE html>\n<html lang=\"en\">\n\n<head>\n  <meta charset=\"utf-8\" />\n  <meta name=\"viewport\" content=\"width=device-width, initial-scale=1\" />\n  <meta name=\"theme-color\" content=\"#000000\" />\n  <link rel=\"shortcut icon\" type=\"image/ico\" href=\"/assets/favicon-bc234827.ico\" />\n  <link href=\"https://fonts.googleapis.com/css?family=Roboto:300,400,500\" rel=\"stylesheet\" />\n  <title>Pentaract UI</title>\n\n  <style>\n    *,\n    html {\n      margin: 0;\n      padding: 0;\n    }\n  </style>\n  <script type=\"module\" crossorigin src=\"/assets/index-58b24b54.js\"></script>\n  <link rel=\"stylesheet\" href=\"/assets/index-a4f6c957.css\">\n</head>\n\n<body>\n  <noscript>Wanna write ur own UI without js?! Go ahead, don't disturb others</noscript>\n  <div id=\"root\"></div>\n\n  \n</body>\n\n</html>\n" columns= [Object, Object, Object, Object, Object, Object]  ... > 
  at <DataTable value="<!DOCTYPE html>\n<html lang=\"en\">\n\n<head>\n  <meta charset=\"utf-8\" />\n  <meta name=\"viewport\" content=\"width=device-width, initial-scale=1\" />\n  <meta name=\"theme-color\" content=\"#000000\" />\n  <link rel=\"shortcut icon\" type=\"image/ico\" href=\"/assets/favicon-bc234827.ico\" />\n  <link href=\"https://fonts.googleapis.com/css?family=Roboto:300,400,500\" rel=\"stylesheet\" />\n  <title>Pentaract UI</title>\n\n  <style>\n    *,\n    html {\n      margin: 0;\n      padding: 0;\n    }\n  </style>\n  <script type=\"module\" crossorigin src=\"/assets/index-58b24b54.js\"></script>\n  <link rel=\"stylesheet\" href=\"/assets/index-a4f6c957.css\">\n</head>\n\n<body>\n  <noscript>Wanna write ur own UI without js?! Go ahead, don't disturb others</noscript>\n  <div id=\"root\"></div>\n\n  \n</body>\n\n</html>\n" loading=false stripedRows=""  ... > 
  at <OrdersView onVnodeUnmounted=fn<onVnodeUnmounted> ref=Ref< Proxy(Object) > > 
  at <RouterView> 
  at <AppLayout onVnodeUnmounted=fn<onVnodeUnmounted> ref=Ref< Proxy(Object) > > 
  at <RouterView> 
  at <App> @ http://localhost:5277/node_modules/@vue/runtime-core/dist/runtime-core.esm-bundler.js:49
[    2174ms] [WARNING] [Vue warn]: Invalid prop: type check failed for prop "rowData". Expected Object, got String with value "m". 
  at <BodyCell key="id" rowData="m" column= {__v_isVNode: true, __v_skip: true, type: Object, props: Object, key: null}  ... > 
  at <BodyRow key=undefined rowData="m" index=12  ... > 
  at <TableBody ref="bodyRef" value="<!DOCTYPE html>\n<htm" class=""  ... > 
  at <VirtualScroller ref="virtualScroller" items="<!DOCTYPE html>\n<html lang=\"en\">\n\n<head>\n  <meta charset=\"utf-8\" />\n  <meta name=\"viewport\" content=\"width=device-width, initial-scale=1\" />\n  <meta name=\"theme-color\" content=\"#000000\" />\n  <link rel=\"shortcut icon\" type=\"image/ico\" href=\"/assets/favicon-bc234827.ico\" />\n  <link href=\"https://fonts.googleapis.com/css?family=Roboto:300,400,500\" rel=\"stylesheet\" />\n  <title>Pentaract UI</title>\n\n  <style>\n    *,\n    html {\n      margin: 0;\n      padding: 0;\n    }\n  </style>\n  <script type=\"module\" crossorigin src=\"/assets/index-58b24b54.js\"></script>\n  <link rel=\"stylesheet\" href=\"/assets/index-a4f6c957.css\">\n</head>\n\n<body>\n  <noscript>Wanna write ur own UI without js?! Go ahead, don't disturb others</noscript>\n  <div id=\"root\"></div>\n\n  \n</body>\n\n</html>\n" columns= [Object, Object, Object, Object, Object, Object]  ... > 
  at <DataTable value="<!DOCTYPE html>\n<html lang=\"en\">\n\n<head>\n  <meta charset=\"utf-8\" />\n  <meta name=\"viewport\" content=\"width=device-width, initial-scale=1\" />\n  <meta name=\"theme-color\" content=\"#000000\" />\n  <link rel=\"shortcut icon\" type=\"image/ico\" href=\"/assets/favicon-bc234827.ico\" />\n  <link href=\"https://fonts.googleapis.com/css?family=Roboto:300,400,500\" rel=\"stylesheet\" />\n  <title>Pentaract UI</title>\n\n  <style>\n    *,\n    html {\n      margin: 0;\n      padding: 0;\n    }\n  </style>\n  <script type=\"module\" crossorigin src=\"/assets/index-58b24b54.js\"></script>\n  <link rel=\"stylesheet\" href=\"/assets/index-a4f6c957.css\">\n</head>\n\n<body>\n  <noscript>Wanna write ur own UI without js?! Go ahead, don't disturb others</noscript>\n  <div id=\"root\"></div>\n\n  \n</body>\n\n</html>\n" loading=false stripedRows=""  ... > 
  at <OrdersView onVnodeUnmounted=fn<onVnodeUnmounted> ref=Ref< Proxy(Object) > > 
  at <RouterView> 
  at <AppLayout onVnodeUnmounted=fn<onVnodeUnmounted> ref=Ref< Proxy(Object) > > 
  at <RouterView> 
  at <App> @ http://localhost:5277/node_modules/@vue/runtime-core/dist/runtime-core.esm-bundler.js:49
[    2178ms] [WARNING] [Vue warn]: Invalid prop: type check failed for prop "rowData". Expected Object, got String with value "m". 
  at <BodyCell key="client_id" rowData="m" column= {__v_isVNode: true, __v_skip: true, type: Object, props: Object, key: null}  ... > 
  at <BodyRow key=undefined rowData="m" index=12  ... > 
  at <TableBody ref="bodyRef" value="<!DOCTYPE html>\n<htm" class=""  ... > 
  at <VirtualScroller ref="virtualScroller" items="<!DOCTYPE html>\n<html lang=\"en\">\n\n<head>\n  <meta charset=\"utf-8\" />\n  <meta name=\"viewport\" content=\"width=device-width, initial-scale=1\" />\n  <meta name=\"theme-color\" content=\"#000000\" />\n  <link rel=\"shortcut icon\" type=\"image/ico\" href=\"/assets/favicon-bc234827.ico\" />\n  <link href=\"https://fonts.googleapis.com/css?family=Roboto:300,400,500\" rel=\"stylesheet\" />\n  <title>Pentaract UI</title>\n\n  <style>\n    *,\n    html {\n      margin: 0;\n      padding: 0;\n    }\n  </style>\n  <script type=\"module\" crossorigin src=\"/assets/index-58b24b54.js\"></script>\n  <link rel=\"stylesheet\" href=\"/assets/index-a4f6c957.css\">\n</head>\n\n<body>\n  <noscript>Wanna write ur own UI without js?! Go ahead, don't disturb others</noscript>\n  <div id=\"root\"></div>\n\n  \n</body>\n\n</html>\n" columns= [Object, Object, Object, Object, Object, Object]  ... > 
  at <DataTable value="<!DOCTYPE html>\n<html lang=\"en\">\n\n<head>\n  <meta charset=\"utf-8\" />\n  <meta name=\"viewport\" content=\"width=device-width, initial-scale=1\" />\n  <meta name=\"theme-color\" content=\"#000000\" />\n  <link rel=\"shortcut icon\" type=\"image/ico\" href=\"/assets/favicon-bc234827.ico\" />\n  <link href=\"https://fonts.googleapis.com/css?family=Roboto:300,400,500\" rel=\"stylesheet\" />\n  <title>Pentaract UI</title>\n\n  <style>\n    *,\n    html {\n      margin: 0;\n      padding: 0;\n    }\n  </style>\n  <script type=\"module\" crossorigin src=\"/assets/index-58b24b54.js\"></script>\n  <link rel=\"stylesheet\" href=\"/assets/index-a4f6c957.css\">\n</head>\n\n<body>\n  <noscript>Wanna write ur own UI without js?! Go ahead, don't disturb others</noscript>\n  <div id=\"root\"></div>\n\n  \n</body>\n\n</html>\n" loading=false stripedRows=""  ... > 
  at <OrdersView onVnodeUnmounted=fn<onVnodeUnmounted> ref=Ref< Proxy(Object) > > 
  at <RouterView> 
  at <AppLayout onVnodeUnmounted=fn<onVnodeUnmounted> ref=Ref< Proxy(Object) > > 
  at <RouterView> 
  at <App> @ http://localhost:5277/node_modules/@vue/runtime-core/dist/runtime-core.esm-bundler.js:49
[    2181ms] [WARNING] [Vue warn]: Invalid prop: type check failed for prop "rowData". Expected Object, got String with value "m". 
  at <BodyCell key="source" rowData="m" column= {__v_isVNode: true, __v_skip: true, type: Object, props: Object, key: null}  ... > 
  at <BodyRow key=undefined rowData="m" index=12  ... > 
  at <TableBody ref="bodyRef" value="<!DOCTYPE html>\n<htm" class=""  ... > 
  at <VirtualScroller ref="virtualScroller" items="<!DOCTYPE html>\n<html lang=\"en\">\n\n<head>\n  <meta charset=\"utf-8\" />\n  <meta name=\"viewport\" content=\"width=device-width, initial-scale=1\" />\n  <meta name=\"theme-color\" content=\"#000000\" />\n  <link rel=\"shortcut icon\" type=\"image/ico\" href=\"/assets/favicon-bc234827.ico\" />\n  <link href=\"https://fonts.googleapis.com/css?family=Roboto:300,400,500\" rel=\"stylesheet\" />\n  <title>Pentaract UI</title>\n\n  <style>\n    *,\n    html {\n      margin: 0;\n      padding: 0;\n    }\n  </style>\n  <script type=\"module\" crossorigin src=\"/assets/index-58b24b54.js\"></script>\n  <link rel=\"stylesheet\" href=\"/assets/index-a4f6c957.css\">\n</head>\n\n<body>\n  <noscript>Wanna write ur own UI without js?! Go ahead, don't disturb others</noscript>\n  <div id=\"root\"></div>\n\n  \n</body>\n\n</html>\n" columns= [Object, Object, Object, Object, Object, Object]  ... > 
  at <DataTable value="<!DOCTYPE html>\n<html lang=\"en\">\n\n<head>\n  <meta charset=\"utf-8\" />\n  <meta name=\"viewport\" content=\"width=device-width, initial-scale=1\" />\n  <meta name=\"theme-color\" content=\"#000000\" />\n  <link rel=\"shortcut icon\" type=\"image/ico\" href=\"/assets/favicon-bc234827.ico\" />\n  <link href=\"https://fonts.googleapis.com/css?family=Roboto:300,400,500\" rel=\"stylesheet\" />\n  <title>Pentaract UI</title>\n\n  <style>\n    *,\n    html {\n      margin: 0;\n      padding: 0;\n    }\n  </style>\n  <script type=\"module\" crossorigin src=\"/assets/index-58b24b54.js\"></script>\n  <link rel=\"stylesheet\" href=\"/assets/index-a4f6c957.css\">\n</head>\n\n<body>\n  <noscript>Wanna write ur own UI without js?! Go ahead, don't disturb others</noscript>\n  <div id=\"root\"></div>\n\n  \n</body>\n\n</html>\n" loading=false stripedRows=""  ... > 
  at <OrdersView onVnodeUnmounted=fn<onVnodeUnmounted> ref=Ref< Proxy(Object) > > 
  at <RouterView> 
  at <AppLayout onVnodeUnmounted=fn<onVnodeUnmounted> ref=Ref< Proxy(Object) > > 
  at <RouterView> 
  at <App> @ http://localhost:5277/node_modules/@vue/runtime-core/dist/runtime-core.esm-bundler.js:49
[    2185ms] [WARNING] [Vue warn]: Invalid prop: type check failed for prop "rowData". Expected Object, got String with value "m". 
  at <BodyCell key="status" rowData="m" column= {__v_isVNode: true, __v_skip: true, type: Object, props: Object, key: null}  ... > 
  at <BodyRow key=undefined rowData="m" index=12  ... > 
  at <TableBody ref="bodyRef" value="<!DOCTYPE html>\n<htm" class=""  ... > 
  at <VirtualScroller ref="virtualScroller" items="<!DOCTYPE html>\n<html lang=\"en\">\n\n<head>\n  <meta charset=\"utf-8\" />\n  <meta name=\"viewport\" content=\"width=device-width, initial-scale=1\" />\n  <meta name=\"theme-color\" content=\"#000000\" />\n  <link rel=\"shortcut icon\" type=\"image/ico\" href=\"/assets/favicon-bc234827.ico\" />\n  <link href=\"https://fonts.googleapis.com/css?family=Roboto:300,400,500\" rel=\"stylesheet\" />\n  <title>Pentaract UI</title>\n\n  <style>\n    *,\n    html {\n      margin: 0;\n      padding: 0;\n    }\n  </style>\n  <script type=\"module\" crossorigin src=\"/assets/index-58b24b54.js\"></script>\n  <link rel=\"stylesheet\" href=\"/assets/index-a4f6c957.css\">\n</head>\n\n<body>\n  <noscript>Wanna write ur own UI without js?! Go ahead, don't disturb others</noscript>\n  <div id=\"root\"></div>\n\n  \n</body>\n\n</html>\n" columns= [Object, Object, Object, Object, Object, Object]  ... > 
  at <DataTable value="<!DOCTYPE html>\n<html lang=\"en\">\n\n<head>\n  <meta charset=\"utf-8\" />\n  <meta name=\"viewport\" content=\"width=device-width, initial-scale=1\" />\n  <meta name=\"theme-color\" content=\"#000000\" />\n  <link rel=\"shortcut icon\" type=\"image/ico\" href=\"/assets/favicon-bc234827.ico\" />\n  <link href=\"https://fonts.googleapis.com/css?family=Roboto:300,400,500\" rel=\"stylesheet\" />\n  <title>Pentaract UI</title>\n\n  <style>\n    *,\n    html {\n      margin: 0;\n      padding: 0;\n    }\n  </style>\n  <script type=\"module\" crossorigin src=\"/assets/index-58b24b54.js\"></script>\n  <link rel=\"stylesheet\" href=\"/assets/index-a4f6c957.css\">\n</head>\n\n<body>\n  <noscript>Wanna write ur own UI without js?! Go ahead, don't disturb others</noscript>\n  <div id=\"root\"></div>\n\n  \n</body>\n\n</html>\n" loading=false stripedRows=""  ... > 
  at <OrdersView onVnodeUnmounted=fn<onVnodeUnmounted> ref=Ref< Proxy(Object) > > 
  at <RouterView> 
  at <AppLayout onVnodeUnmounted=fn<onVnodeUnmounted> ref=Ref< Proxy(Object) > > 
  at <RouterView> 
  at <App> @ http://localhost:5277/node_modules/@vue/runtime-core/dist/runtime-core.esm-bundler.js:49
[    2189ms] [WARNING] [Vue warn]: Invalid prop: type check failed for prop "rowData". Expected Object, got String with value "m". 
  at <BodyCell key="created_at" rowData="m" column= {__v_isVNode: true, __v_skip: true, type: Object, props: Object, key: null}  ... > 
  at <BodyRow key=undefined rowData="m" index=12  ... > 
  at <TableBody ref="bodyRef" value="<!DOCTYPE html>\n<htm" class=""  ... > 
  at <VirtualScroller ref="virtualScroller" items="<!DOCTYPE html>\n<html lang=\"en\">\n\n<head>\n  <meta charset=\"utf-8\" />\n  <meta name=\"viewport\" content=\"width=device-width, initial-scale=1\" />\n  <meta name=\"theme-color\" content=\"#000000\" />\n  <link rel=\"shortcut icon\" type=\"image/ico\" href=\"/assets/favicon-bc234827.ico\" />\n  <link href=\"https://fonts.googleapis.com/css?family=Roboto:300,400,500\" rel=\"stylesheet\" />\n  <title>Pentaract UI</title>\n\n  <style>\n    *,\n    html {\n      margin: 0;\n      padding: 0;\n    }\n  </style>\n  <script type=\"module\" crossorigin src=\"/assets/index-58b24b54.js\"></script>\n  <link rel=\"stylesheet\" href=\"/assets/index-a4f6c957.css\">\n</head>\n\n<body>\n  <noscript>Wanna write ur own UI without js?! Go ahead, don't disturb others</noscript>\n  <div id=\"root\"></div>\n\n  \n</body>\n\n</html>\n" columns= [Object, Object, Object, Object, Object, Object]  ... > 
  at <DataTable value="<!DOCTYPE html>\n<html lang=\"en\">\n\n<head>\n  <meta charset=\"utf-8\" />\n  <meta name=\"viewport\" content=\"width=device-width, initial-scale=1\" />\n  <meta name=\"theme-color\" content=\"#000000\" />\n  <link rel=\"shortcut icon\" type=\"image/ico\" href=\"/assets/favicon-bc234827.ico\" />\n  <link href=\"https://fonts.googleapis.com/css?family=Roboto:300,400,500\" rel=\"stylesheet\" />\n  <title>Pentaract UI</title>\n\n  <style>\n    *,\n    html {\n      margin: 0;\n      padding: 0;\n    }\n  </style>\n  <script type=\"module\" crossorigin src=\"/assets/index-58b24b54.js\"></script>\n  <link rel=\"stylesheet\" href=\"/assets/index-a4f6c957.css\">\n</head>\n\n<body>\n  <noscript>Wanna write ur own UI without js?! Go ahead, don't disturb others</noscript>\n  <div id=\"root\"></div>\n\n  \n</body>\n\n</html>\n" loading=false stripedRows=""  ... > 
  at <OrdersView onVnodeUnmounted=fn<onVnodeUnmounted> ref=Ref< Proxy(Object) > > 
  at <RouterView> 
  at <AppLayout onVnodeUnmounted=fn<onVnodeUnmounted> ref=Ref< Proxy(Object) > > 
  at <RouterView> 
  at <App> @ http://localhost:5277/node_modules/@vue/runtime-core/dist/runtime-core.esm-bundler.js:49
[    2192ms] [WARNING] [Vue warn]: Invalid prop: type check failed for prop "rowData". Expected Object, got String with value "m". 
  at <BodyCell key=5 rowData="m" column= {__v_isVNode: true, __v_skip: true, type: Object, props: Object, key: null}  ... > 
  at <BodyRow key=undefined rowData="m" index=12  ... > 
  at <TableBody ref="bodyRef" value="<!DOCTYPE html>\n<htm" class=""  ... > 
  at <VirtualScroller ref="virtualScroller" items="<!DOCTYPE html>\n<html lang=\"en\">\n\n<head>\n  <meta charset=\"utf-8\" />\n  <meta name=\"viewport\" content=\"width=device-width, initial-scale=1\" />\n  <meta name=\"theme-color\" content=\"#000000\" />\n  <link rel=\"shortcut icon\" type=\"image/ico\" href=\"/assets/favicon-bc234827.ico\" />\n  <link href=\"https://fonts.googleapis.com/css?family=Roboto:300,400,500\" rel=\"stylesheet\" />\n  <title>Pentaract UI</title>\n\n  <style>\n    *,\n    html {\n      margin: 0;\n      padding: 0;\n    }\n  </style>\n  <script type=\"module\" crossorigin src=\"/assets/index-58b24b54.js\"></script>\n  <link rel=\"stylesheet\" href=\"/assets/index-a4f6c957.css\">\n</head>\n\n<body>\n  <noscript>Wanna write ur own UI without js?! Go ahead, don't disturb others</noscript>\n  <div id=\"root\"></div>\n\n  \n</body>\n\n</html>\n" columns= [Object, Object, Object, Object, Object, Object]  ... > 
  at <DataTable value="<!DOCTYPE html>\n<html lang=\"en\">\n\n<head>\n  <meta charset=\"utf-8\" />\n  <meta name=\"viewport\" content=\"width=device-width, initial-scale=1\" />\n  <meta name=\"theme-color\" content=\"#000000\" />\n  <link rel=\"shortcut icon\" type=\"image/ico\" href=\"/assets/favicon-bc234827.ico\" />\n  <link href=\"https://fonts.googleapis.com/css?family=Roboto:300,400,500\" rel=\"stylesheet\" />\n  <title>Pentaract UI</title>\n\n  <style>\n    *,\n    html {\n      margin: 0;\n      padding: 0;\n    }\n  </style>\n  <script type=\"module\" crossorigin src=\"/assets/index-58b24b54.js\"></script>\n  <link rel=\"stylesheet\" href=\"/assets/index-a4f6c957.css\">\n</head>\n\n<body>\n  <noscript>Wanna write ur own UI without js?! Go ahead, don't disturb others</noscript>\n  <div id=\"root\"></div>\n\n  \n</body>\n\n</html>\n" loading=false stripedRows=""  ... > 
  at <OrdersView onVnodeUnmounted=fn<onVnodeUnmounted> ref=Ref< Proxy(Object) > > 
  at <RouterView> 
  at <AppLayout onVnodeUnmounted=fn<onVnodeUnmounted> ref=Ref< Proxy(Object) > > 
  at <RouterView> 
  at <App> @ http://localhost:5277/node_modules/@vue/runtime-core/dist/runtime-core.esm-bundler.js:49
[    2197ms] [WARNING] [Vue warn]: Invalid prop: type check failed for prop "rowData". Expected Object, got String with value "l". 
  at <BodyRow key=undefined rowData="l" index=13  ... > 
  at <TableBody ref="bodyRef" value="<!DOCTYPE html>\n<htm" class=""  ... > 
  at <VirtualScroller ref="virtualScroller" items="<!DOCTYPE html>\n<html lang=\"en\">\n\n<head>\n  <meta charset=\"utf-8\" />\n  <meta name=\"viewport\" content=\"width=device-width, initial-scale=1\" />\n  <meta name=\"theme-color\" content=\"#000000\" />\n  <link rel=\"shortcut icon\" type=\"image/ico\" href=\"/assets/favicon-bc234827.ico\" />\n  <link href=\"https://fonts.googleapis.com/css?family=Roboto:300,400,500\" rel=\"stylesheet\" />\n  <title>Pentaract UI</title>\n\n  <style>\n    *,\n    html {\n      margin: 0;\n      padding: 0;\n    }\n  </style>\n  <script type=\"module\" crossorigin src=\"/assets/index-58b24b54.js\"></script>\n  <link rel=\"stylesheet\" href=\"/assets/index-a4f6c957.css\">\n</head>\n\n<body>\n  <noscript>Wanna write ur own UI without js?! Go ahead, don't disturb others</noscript>\n  <div id=\"root\"></div>\n\n  \n</body>\n\n</html>\n" columns= [Object, Object, Object, Object, Object, Object]  ... > 
  at <DataTable value="<!DOCTYPE html>\n<html lang=\"en\">\n\n<head>\n  <meta charset=\"utf-8\" />\n  <meta name=\"viewport\" content=\"width=device-width, initial-scale=1\" />\n  <meta name=\"theme-color\" content=\"#000000\" />\n  <link rel=\"shortcut icon\" type=\"image/ico\" href=\"/assets/favicon-bc234827.ico\" />\n  <link href=\"https://fonts.googleapis.com/css?family=Roboto:300,400,500\" rel=\"stylesheet\" />\n  <title>Pentaract UI</title>\n\n  <style>\n    *,\n    html {\n      margin: 0;\n      padding: 0;\n    }\n  </style>\n  <script type=\"module\" crossorigin src=\"/assets/index-58b24b54.js\"></script>\n  <link rel=\"stylesheet\" href=\"/assets/index-a4f6c957.css\">\n</head>\n\n<body>\n  <noscript>Wanna write ur own UI without js?! Go ahead, don't disturb others</noscript>\n  <div id=\"root\"></div>\n\n  \n</body>\n\n</html>\n" loading=false stripedRows=""  ... > 
  at <OrdersView onVnodeUnmounted=fn<onVnodeUnmounted> ref=Ref< Proxy(Object) > > 
  at <RouterView> 
  at <AppLayout onVnodeUnmounted=fn<onVnodeUnmounted> ref=Ref< Proxy(Object) > > 
  at <RouterView> 
  at <App> @ http://localhost:5277/node_modules/@vue/runtime-core/dist/runtime-core.esm-bundler.js:49
[    2198ms] [WARNING] [Vue warn]: Invalid prop: type check failed for prop "value". Expected Array, got String with value "<!DOCTYPE html>
<htm". 
  at <BodyRow key=undefined rowData="l" index=13  ... > 
  at <TableBody ref="bodyRef" value="<!DOCTYPE html>\n<htm" class=""  ... > 
  at <VirtualScroller ref="virtualScroller" items="<!DOCTYPE html>\n<html lang=\"en\">\n\n<head>\n  <meta charset=\"utf-8\" />\n  <meta name=\"viewport\" content=\"width=device-width, initial-scale=1\" />\n  <meta name=\"theme-color\" content=\"#000000\" />\n  <link rel=\"shortcut icon\" type=\"image/ico\" href=\"/assets/favicon-bc234827.ico\" />\n  <link href=\"https://fonts.googleapis.com/css?family=Roboto:300,400,500\" rel=\"stylesheet\" />\n  <title>Pentaract UI</title>\n\n  <style>\n    *,\n    html {\n      margin: 0;\n      padding: 0;\n    }\n  </style>\n  <script type=\"module\" crossorigin src=\"/assets/index-58b24b54.js\"></script>\n  <link rel=\"stylesheet\" href=\"/assets/index-a4f6c957.css\">\n</head>\n\n<body>\n  <noscript>Wanna write ur own UI without js?! Go ahead, don't disturb others</noscript>\n  <div id=\"root\"></div>\n\n  \n</body>\n\n</html>\n" columns= [Object, Object, Object, Object, Object, Object]  ... > 
  at <DataTable value="<!DOCTYPE html>\n<html lang=\"en\">\n\n<head>\n  <meta charset=\"utf-8\" />\n  <meta name=\"viewport\" content=\"width=device-width, initial-scale=1\" />\n  <meta name=\"theme-color\" content=\"#000000\" />\n  <link rel=\"shortcut icon\" type=\"image/ico\" href=\"/assets/favicon-bc234827.ico\" />\n  <link href=\"https://fonts.googleapis.com/css?family=Roboto:300,400,500\" rel=\"stylesheet\" />\n  <title>Pentaract UI</title>\n\n  <style>\n    *,\n    html {\n      margin: 0;\n      padding: 0;\n    }\n  </style>\n  <script type=\"module\" crossorigin src=\"/assets/index-58b24b54.js\"></script>\n  <link rel=\"stylesheet\" href=\"/assets/index-a4f6c957.css\">\n</head>\n\n<body>\n  <noscript>Wanna write ur own UI without js?! Go ahead, don't disturb others</noscript>\n  <div id=\"root\"></div>\n\n  \n</body>\n\n</html>\n" loading=false stripedRows=""  ... > 
  at <OrdersView onVnodeUnmounted=fn<onVnodeUnmounted> ref=Ref< Proxy(Object) > > 
  at <RouterView> 
  at <AppLayout onVnodeUnmounted=fn<onVnodeUnmounted> ref=Ref< Proxy(Object) > > 
  at <RouterView> 
  at <App> @ http://localhost:5277/node_modules/@vue/runtime-core/dist/runtime-core.esm-bundler.js:49
[    2201ms] [WARNING] [Vue warn]: Invalid prop: type check failed for prop "rowData". Expected Object, got String with value "l". 
  at <BodyCell key="id" rowData="l" column= {__v_isVNode: true, __v_skip: true, type: Object, props: Object, key: null}  ... > 
  at <BodyRow key=undefined rowData="l" index=13  ... > 
  at <TableBody ref="bodyRef" value="<!DOCTYPE html>\n<htm" class=""  ... > 
  at <VirtualScroller ref="virtualScroller" items="<!DOCTYPE html>\n<html lang=\"en\">\n\n<head>\n  <meta charset=\"utf-8\" />\n  <meta name=\"viewport\" content=\"width=device-width, initial-scale=1\" />\n  <meta name=\"theme-color\" content=\"#000000\" />\n  <link rel=\"shortcut icon\" type=\"image/ico\" href=\"/assets/favicon-bc234827.ico\" />\n  <link href=\"https://fonts.googleapis.com/css?family=Roboto:300,400,500\" rel=\"stylesheet\" />\n  <title>Pentaract UI</title>\n\n  <style>\n    *,\n    html {\n      margin: 0;\n      padding: 0;\n    }\n  </style>\n  <script type=\"module\" crossorigin src=\"/assets/index-58b24b54.js\"></script>\n  <link rel=\"stylesheet\" href=\"/assets/index-a4f6c957.css\">\n</head>\n\n<body>\n  <noscript>Wanna write ur own UI without js?! Go ahead, don't disturb others</noscript>\n  <div id=\"root\"></div>\n\n  \n</body>\n\n</html>\n" columns= [Object, Object, Object, Object, Object, Object]  ... > 
  at <DataTable value="<!DOCTYPE html>\n<html lang=\"en\">\n\n<head>\n  <meta charset=\"utf-8\" />\n  <meta name=\"viewport\" content=\"width=device-width, initial-scale=1\" />\n  <meta name=\"theme-color\" content=\"#000000\" />\n  <link rel=\"shortcut icon\" type=\"image/ico\" href=\"/assets/favicon-bc234827.ico\" />\n  <link href=\"https://fonts.googleapis.com/css?family=Roboto:300,400,500\" rel=\"stylesheet\" />\n  <title>Pentaract UI</title>\n\n  <style>\n    *,\n    html {\n      margin: 0;\n      padding: 0;\n    }\n  </style>\n  <script type=\"module\" crossorigin src=\"/assets/index-58b24b54.js\"></script>\n  <link rel=\"stylesheet\" href=\"/assets/index-a4f6c957.css\">\n</head>\n\n<body>\n  <noscript>Wanna write ur own UI without js?! Go ahead, don't disturb others</noscript>\n  <div id=\"root\"></div>\n\n  \n</body>\n\n</html>\n" loading=false stripedRows=""  ... > 
  at <OrdersView onVnodeUnmounted=fn<onVnodeUnmounted> ref=Ref< Proxy(Object) > > 
  at <RouterView> 
  at <AppLayout onVnodeUnmounted=fn<onVnodeUnmounted> ref=Ref< Proxy(Object) > > 
  at <RouterView> 
  at <App> @ http://localhost:5277/node_modules/@vue/runtime-core/dist/runtime-core.esm-bundler.js:49
[    2204ms] [WARNING] [Vue warn]: Invalid prop: type check failed for prop "rowData". Expected Object, got String with value "l". 
  at <BodyCell key="client_id" rowData="l" column= {__v_isVNode: true, __v_skip: true, type: Object, props: Object, key: null}  ... > 
  at <BodyRow key=undefined rowData="l" index=13  ... > 
  at <TableBody ref="bodyRef" value="<!DOCTYPE html>\n<htm" class=""  ... > 
  at <VirtualScroller ref="virtualScroller" items="<!DOCTYPE html>\n<html lang=\"en\">\n\n<head>\n  <meta charset=\"utf-8\" />\n  <meta name=\"viewport\" content=\"width=device-width, initial-scale=1\" />\n  <meta name=\"theme-color\" content=\"#000000\" />\n  <link rel=\"shortcut icon\" type=\"image/ico\" href=\"/assets/favicon-bc234827.ico\" />\n  <link href=\"https://fonts.googleapis.com/css?family=Roboto:300,400,500\" rel=\"stylesheet\" />\n  <title>Pentaract UI</title>\n\n  <style>\n    *,\n    html {\n      margin: 0;\n      padding: 0;\n    }\n  </style>\n  <script type=\"module\" crossorigin src=\"/assets/index-58b24b54.js\"></script>\n  <link rel=\"stylesheet\" href=\"/assets/index-a4f6c957.css\">\n</head>\n\n<body>\n  <noscript>Wanna write ur own UI without js?! Go ahead, don't disturb others</noscript>\n  <div id=\"root\"></div>\n\n  \n</body>\n\n</html>\n" columns= [Object, Object, Object, Object, Object, Object]  ... > 
  at <DataTable value="<!DOCTYPE html>\n<html lang=\"en\">\n\n<head>\n  <meta charset=\"utf-8\" />\n  <meta name=\"viewport\" content=\"width=device-width, initial-scale=1\" />\n  <meta name=\"theme-color\" content=\"#000000\" />\n  <link rel=\"shortcut icon\" type=\"image/ico\" href=\"/assets/favicon-bc234827.ico\" />\n  <link href=\"https://fonts.googleapis.com/css?family=Roboto:300,400,500\" rel=\"stylesheet\" />\n  <title>Pentaract UI</title>\n\n  <style>\n    *,\n    html {\n      margin: 0;\n      padding: 0;\n    }\n  </style>\n  <script type=\"module\" crossorigin src=\"/assets/index-58b24b54.js\"></script>\n  <link rel=\"stylesheet\" href=\"/assets/index-a4f6c957.css\">\n</head>\n\n<body>\n  <noscript>Wanna write ur own UI without js?! Go ahead, don't disturb others</noscript>\n  <div id=\"root\"></div>\n\n  \n</body>\n\n</html>\n" loading=false stripedRows=""  ... > 
  at <OrdersView onVnodeUnmounted=fn<onVnodeUnmounted> ref=Ref< Proxy(Object) > > 
  at <RouterView> 
  at <AppLayout onVnodeUnmounted=fn<onVnodeUnmounted> ref=Ref< Proxy(Object) > > 
  at <RouterView> 
  at <App> @ http://localhost:5277/node_modules/@vue/runtime-core/dist/runtime-core.esm-bundler.js:49
[    2208ms] [WARNING] [Vue warn]: Invalid prop: type check failed for prop "rowData". Expected Object, got String with value "l". 
  at <BodyCell key="source" rowData="l" column= {__v_isVNode: true, __v_skip: true, type: Object, props: Object, key: null}  ... > 
  at <BodyRow key=undefined rowData="l" index=13  ... > 
  at <TableBody ref="bodyRef" value="<!DOCTYPE html>\n<htm" class=""  ... > 
  at <VirtualScroller ref="virtualScroller" items="<!DOCTYPE html>\n<html lang=\"en\">\n\n<head>\n  <meta charset=\"utf-8\" />\n  <meta name=\"viewport\" content=\"width=device-width, initial-scale=1\" />\n  <meta name=\"theme-color\" content=\"#000000\" />\n  <link rel=\"shortcut icon\" type=\"image/ico\" href=\"/assets/favicon-bc234827.ico\" />\n  <link href=\"https://fonts.googleapis.com/css?family=Roboto:300,400,500\" rel=\"stylesheet\" />\n  <title>Pentaract UI</title>\n\n  <style>\n    *,\n    html {\n      margin: 0;\n      padding: 0;\n    }\n  </style>\n  <script type=\"module\" crossorigin src=\"/assets/index-58b24b54.js\"></script>\n  <link rel=\"stylesheet\" href=\"/assets/index-a4f6c957.css\">\n</head>\n\n<body>\n  <noscript>Wanna write ur own UI without js?! Go ahead, don't disturb others</noscript>\n  <div id=\"root\"></div>\n\n  \n</body>\n\n</html>\n" columns= [Object, Object, Object, Object, Object, Object]  ... > 
  at <DataTable value="<!DOCTYPE html>\n<html lang=\"en\">\n\n<head>\n  <meta charset=\"utf-8\" />\n  <meta name=\"viewport\" content=\"width=device-width, initial-scale=1\" />\n  <meta name=\"theme-color\" content=\"#000000\" />\n  <link rel=\"shortcut icon\" type=\"image/ico\" href=\"/assets/favicon-bc234827.ico\" />\n  <link href=\"https://fonts.googleapis.com/css?family=Roboto:300,400,500\" rel=\"stylesheet\" />\n  <title>Pentaract UI</title>\n\n  <style>\n    *,\n    html {\n      margin: 0;\n      padding: 0;\n    }\n  </style>\n  <script type=\"module\" crossorigin src=\"/assets/index-58b24b54.js\"></script>\n  <link rel=\"stylesheet\" href=\"/assets/index-a4f6c957.css\">\n</head>\n\n<body>\n  <noscript>Wanna write ur own UI without js?! Go ahead, don't disturb others</noscript>\n  <div id=\"root\"></div>\n\n  \n</body>\n\n</html>\n" loading=false stripedRows=""  ... > 
  at <OrdersView onVnodeUnmounted=fn<onVnodeUnmounted> ref=Ref< Proxy(Object) > > 
  at <RouterView> 
  at <AppLayout onVnodeUnmounted=fn<onVnodeUnmounted> ref=Ref< Proxy(Object) > > 
  at <RouterView> 
  at <App> @ http://localhost:5277/node_modules/@vue/runtime-core/dist/runtime-core.esm-bundler.js:49
[    2212ms] [WARNING] [Vue warn]: Invalid prop: type check failed for prop "rowData". Expected Object, got String with value "l". 
  at <BodyCell key="status" rowData="l" column= {__v_isVNode: true, __v_skip: true, type: Object, props: Object, key: null}  ... > 
  at <BodyRow key=undefined rowData="l" index=13  ... > 
  at <TableBody ref="bodyRef" value="<!DOCTYPE html>\n<htm" class=""  ... > 
  at <VirtualScroller ref="virtualScroller" items="<!DOCTYPE html>\n<html lang=\"en\">\n\n<head>\n  <meta charset=\"utf-8\" />\n  <meta name=\"viewport\" content=\"width=device-width, initial-scale=1\" />\n  <meta name=\"theme-color\" content=\"#000000\" />\n  <link rel=\"shortcut icon\" type=\"image/ico\" href=\"/assets/favicon-bc234827.ico\" />\n  <link href=\"https://fonts.googleapis.com/css?family=Roboto:300,400,500\" rel=\"stylesheet\" />\n  <title>Pentaract UI</title>\n\n  <style>\n    *,\n    html {\n      margin: 0;\n      padding: 0;\n    }\n  </style>\n  <script type=\"module\" crossorigin src=\"/assets/index-58b24b54.js\"></script>\n  <link rel=\"stylesheet\" href=\"/assets/index-a4f6c957.css\">\n</head>\n\n<body>\n  <noscript>Wanna write ur own UI without js?! Go ahead, don't disturb others</noscript>\n  <div id=\"root\"></div>\n\n  \n</body>\n\n</html>\n" columns= [Object, Object, Object, Object, Object, Object]  ... > 
  at <DataTable value="<!DOCTYPE html>\n<html lang=\"en\">\n\n<head>\n  <meta charset=\"utf-8\" />\n  <meta name=\"viewport\" content=\"width=device-width, initial-scale=1\" />\n  <meta name=\"theme-color\" content=\"#000000\" />\n  <link rel=\"shortcut icon\" type=\"image/ico\" href=\"/assets/favicon-bc234827.ico\" />\n  <link href=\"https://fonts.googleapis.com/css?family=Roboto:300,400,500\" rel=\"stylesheet\" />\n  <title>Pentaract UI</title>\n\n  <style>\n    *,\n    html {\n      margin: 0;\n      padding: 0;\n    }\n  </style>\n  <script type=\"module\" crossorigin src=\"/assets/index-58b24b54.js\"></script>\n  <link rel=\"stylesheet\" href=\"/assets/index-a4f6c957.css\">\n</head>\n\n<body>\n  <noscript>Wanna write ur own UI without js?! Go ahead, don't disturb others</noscript>\n  <div id=\"root\"></div>\n\n  \n</body>\n\n</html>\n" loading=false stripedRows=""  ... > 
  at <OrdersView onVnodeUnmounted=fn<onVnodeUnmounted> ref=Ref< Proxy(Object) > > 
  at <RouterView> 
  at <AppLayout onVnodeUnmounted=fn<onVnodeUnmounted> ref=Ref< Proxy(Object) > > 
  at <RouterView> 
  at <App> @ http://localhost:5277/node_modules/@vue/runtime-core/dist/runtime-core.esm-bundler.js:49
[    2217ms] [WARNING] [Vue warn]: Invalid prop: type check failed for prop "rowData". Expected Object, got String with value "l". 
  at <BodyCell key="created_at" rowData="l" column= {__v_isVNode: true, __v_skip: true, type: Object, props: Object, key: null}  ... > 
  at <BodyRow key=undefined rowData="l" index=13  ... > 
  at <TableBody ref="bodyRef" value="<!DOCTYPE html>\n<htm" class=""  ... > 
  at <VirtualScroller ref="virtualScroller" items="<!DOCTYPE html>\n<html lang=\"en\">\n\n<head>\n  <meta charset=\"utf-8\" />\n  <meta name=\"viewport\" content=\"width=device-width, initial-scale=1\" />\n  <meta name=\"theme-color\" content=\"#000000\" />\n  <link rel=\"shortcut icon\" type=\"image/ico\" href=\"/assets/favicon-bc234827.ico\" />\n  <link href=\"https://fonts.googleapis.com/css?family=Roboto:300,400,500\" rel=\"stylesheet\" />\n  <title>Pentaract UI</title>\n\n  <style>\n    *,\n    html {\n      margin: 0;\n      padding: 0;\n    }\n  </style>\n  <script type=\"module\" crossorigin src=\"/assets/index-58b24b54.js\"></script>\n  <link rel=\"stylesheet\" href=\"/assets/index-a4f6c957.css\">\n</head>\n\n<body>\n  <noscript>Wanna write ur own UI without js?! Go ahead, don't disturb others</noscript>\n  <div id=\"root\"></div>\n\n  \n</body>\n\n</html>\n" columns= [Object, Object, Object, Object, Object, Object]  ... > 
  at <DataTable value="<!DOCTYPE html>\n<html lang=\"en\">\n\n<head>\n  <meta charset=\"utf-8\" />\n  <meta name=\"viewport\" content=\"width=device-width, initial-scale=1\" />\n  <meta name=\"theme-color\" content=\"#000000\" />\n  <link rel=\"shortcut icon\" type=\"image/ico\" href=\"/assets/favicon-bc234827.ico\" />\n  <link href=\"https://fonts.googleapis.com/css?family=Roboto:300,400,500\" rel=\"stylesheet\" />\n  <title>Pentaract UI</title>\n\n  <style>\n    *,\n    html {\n      margin: 0;\n      padding: 0;\n    }\n  </style>\n  <script type=\"module\" crossorigin src=\"/assets/index-58b24b54.js\"></script>\n  <link rel=\"stylesheet\" href=\"/assets/index-a4f6c957.css\">\n</head>\n\n<body>\n  <noscript>Wanna write ur own UI without js?! Go ahead, don't disturb others</noscript>\n  <div id=\"root\"></div>\n\n  \n</body>\n\n</html>\n" loading=false stripedRows=""  ... > 
  at <OrdersView onVnodeUnmounted=fn<onVnodeUnmounted> ref=Ref< Proxy(Object) > > 
  at <RouterView> 
  at <AppLayout onVnodeUnmounted=fn<onVnodeUnmounted> ref=Ref< Proxy(Object) > > 
  at <RouterView> 
  at <App> @ http://localhost:5277/node_modules/@vue/runtime-core/dist/runtime-core.esm-bundler.js:49
[    2220ms] [WARNING] [Vue warn]: Invalid prop: type check failed for prop "rowData". Expected Object, got String with value "l". 
  at <BodyCell key=5 rowData="l" column= {__v_isVNode: true, __v_skip: true, type: Object, props: Object, key: null}  ... > 
  at <BodyRow key=undefined rowData="l" index=13  ... > 
  at <TableBody ref="bodyRef" value="<!DOCTYPE html>\n<htm" class=""  ... > 
  at <VirtualScroller ref="virtualScroller" items="<!DOCTYPE html>\n<html lang=\"en\">\n\n<head>\n  <meta charset=\"utf-8\" />\n  <meta name=\"viewport\" content=\"width=device-width, initial-scale=1\" />\n  <meta name=\"theme-color\" content=\"#000000\" />\n  <link rel=\"shortcut icon\" type=\"image/ico\" href=\"/assets/favicon-bc234827.ico\" />\n  <link href=\"https://fonts.googleapis.com/css?family=Roboto:300,400,500\" rel=\"stylesheet\" />\n  <title>Pentaract UI</title>\n\n  <style>\n    *,\n    html {\n      margin: 0;\n      padding: 0;\n    }\n  </style>\n  <script type=\"module\" crossorigin src=\"/assets/index-58b24b54.js\"></script>\n  <link rel=\"stylesheet\" href=\"/assets/index-a4f6c957.css\">\n</head>\n\n<body>\n  <noscript>Wanna write ur own UI without js?! Go ahead, don't disturb others</noscript>\n  <div id=\"root\"></div>\n\n  \n</body>\n\n</html>\n" columns= [Object, Object, Object, Object, Object, Object]  ... > 
  at <DataTable value="<!DOCTYPE html>\n<html lang=\"en\">\n\n<head>\n  <meta charset=\"utf-8\" />\n  <meta name=\"viewport\" content=\"width=device-width, initial-scale=1\" />\n  <meta name=\"theme-color\" content=\"#000000\" />\n  <link rel=\"shortcut icon\" type=\"image/ico\" href=\"/assets/favicon-bc234827.ico\" />\n  <link href=\"https://fonts.googleapis.com/css?family=Roboto:300,400,500\" rel=\"stylesheet\" />\n  <title>Pentaract UI</title>\n\n  <style>\n    *,\n    html {\n      margin: 0;\n      padding: 0;\n    }\n  </style>\n  <script type=\"module\" crossorigin src=\"/assets/index-58b24b54.js\"></script>\n  <link rel=\"stylesheet\" href=\"/assets/index-a4f6c957.css\">\n</head>\n\n<body>\n  <noscript>Wanna write ur own UI without js?! Go ahead, don't disturb others</noscript>\n  <div id=\"root\"></div>\n\n  \n</body>\n\n</html>\n" loading=false stripedRows=""  ... > 
  at <OrdersView onVnodeUnmounted=fn<onVnodeUnmounted> ref=Ref< Proxy(Object) > > 
  at <RouterView> 
  at <AppLayout onVnodeUnmounted=fn<onVnodeUnmounted> ref=Ref< Proxy(Object) > > 
  at <RouterView> 
  at <App> @ http://localhost:5277/node_modules/@vue/runtime-core/dist/runtime-core.esm-bundler.js:49
[    2225ms] [WARNING] [Vue warn]: Invalid prop: type check failed for prop "rowData". Expected Object, got String with value ">". 
  at <BodyRow key=undefined rowData=">" index=14  ... > 
  at <TableBody ref="bodyRef" value="<!DOCTYPE html>\n<htm" class=""  ... > 
  at <VirtualScroller ref="virtualScroller" items="<!DOCTYPE html>\n<html lang=\"en\">\n\n<head>\n  <meta charset=\"utf-8\" />\n  <meta name=\"viewport\" content=\"width=device-width, initial-scale=1\" />\n  <meta name=\"theme-color\" content=\"#000000\" />\n  <link rel=\"shortcut icon\" type=\"image/ico\" href=\"/assets/favicon-bc234827.ico\" />\n  <link href=\"https://fonts.googleapis.com/css?family=Roboto:300,400,500\" rel=\"stylesheet\" />\n  <title>Pentaract UI</title>\n\n  <style>\n    *,\n    html {\n      margin: 0;\n      padding: 0;\n    }\n  </style>\n  <script type=\"module\" crossorigin src=\"/assets/index-58b24b54.js\"></script>\n  <link rel=\"stylesheet\" href=\"/assets/index-a4f6c957.css\">\n</head>\n\n<body>\n  <noscript>Wanna write ur own UI without js?! Go ahead, don't disturb others</noscript>\n  <div id=\"root\"></div>\n\n  \n</body>\n\n</html>\n" columns= [Object, Object, Object, Object, Object, Object]  ... > 
  at <DataTable value="<!DOCTYPE html>\n<html lang=\"en\">\n\n<head>\n  <meta charset=\"utf-8\" />\n  <meta name=\"viewport\" content=\"width=device-width, initial-scale=1\" />\n  <meta name=\"theme-color\" content=\"#000000\" />\n  <link rel=\"shortcut icon\" type=\"image/ico\" href=\"/assets/favicon-bc234827.ico\" />\n  <link href=\"https://fonts.googleapis.com/css?family=Roboto:300,400,500\" rel=\"stylesheet\" />\n  <title>Pentaract UI</title>\n\n  <style>\n    *,\n    html {\n      margin: 0;\n      padding: 0;\n    }\n  </style>\n  <script type=\"module\" crossorigin src=\"/assets/index-58b24b54.js\"></script>\n  <link rel=\"stylesheet\" href=\"/assets/index-a4f6c957.css\">\n</head>\n\n<body>\n  <noscript>Wanna write ur own UI without js?! Go ahead, don't disturb others</noscript>\n  <div id=\"root\"></div>\n\n  \n</body>\n\n</html>\n" loading=false stripedRows=""  ... > 
  at <OrdersView onVnodeUnmounted=fn<onVnodeUnmounted> ref=Ref< Proxy(Object) > > 
  at <RouterView> 
  at <AppLayout onVnodeUnmounted=fn<onVnodeUnmounted> ref=Ref< Proxy(Object) > > 
  at <RouterView> 
  at <App> @ http://localhost:5277/node_modules/@vue/runtime-core/dist/runtime-core.esm-bundler.js:49
[    2228ms] [WARNING] [Vue warn]: Invalid prop: type check failed for prop "value". Expected Array, got String with value "<!DOCTYPE html>
<htm". 
  at <BodyRow key=undefined rowData=">" index=14  ... > 
  at <TableBody ref="bodyRef" value="<!DOCTYPE html>\n<htm" class=""  ... > 
  at <VirtualScroller ref="virtualScroller" items="<!DOCTYPE html>\n<html lang=\"en\">\n\n<head>\n  <meta charset=\"utf-8\" />\n  <meta name=\"viewport\" content=\"width=device-width, initial-scale=1\" />\n  <meta name=\"theme-color\" content=\"#000000\" />\n  <link rel=\"shortcut icon\" type=\"image/ico\" href=\"/assets/favicon-bc234827.ico\" />\n  <link href=\"https://fonts.googleapis.com/css?family=Roboto:300,400,500\" rel=\"stylesheet\" />\n  <title>Pentaract UI</title>\n\n  <style>\n    *,\n    html {\n      margin: 0;\n      padding: 0;\n    }\n  </style>\n  <script type=\"module\" crossorigin src=\"/assets/index-58b24b54.js\"></script>\n  <link rel=\"stylesheet\" href=\"/assets/index-a4f6c957.css\">\n</head>\n\n<body>\n  <noscript>Wanna write ur own UI without js?! Go ahead, don't disturb others</noscript>\n  <div id=\"root\"></div>\n\n  \n</body>\n\n</html>\n" columns= [Object, Object, Object, Object, Object, Object]  ... > 
  at <DataTable value="<!DOCTYPE html>\n<html lang=\"en\">\n\n<head>\n  <meta charset=\"utf-8\" />\n  <meta name=\"viewport\" content=\"width=device-width, initial-scale=1\" />\n  <meta name=\"theme-color\" content=\"#000000\" />\n  <link rel=\"shortcut icon\" type=\"image/ico\" href=\"/assets/favicon-bc234827.ico\" />\n  <link href=\"https://fonts.googleapis.com/css?family=Roboto:300,400,500\" rel=\"stylesheet\" />\n  <title>Pentaract UI</title>\n\n  <style>\n    *,\n    html {\n      margin: 0;\n      padding: 0;\n    }\n  </style>\n  <script type=\"module\" crossorigin src=\"/assets/index-58b24b54.js\"></script>\n  <link rel=\"stylesheet\" href=\"/assets/index-a4f6c957.css\">\n</head>\n\n<body>\n  <noscript>Wanna write ur own UI without js?! Go ahead, don't disturb others</noscript>\n  <div id=\"root\"></div>\n\n  \n</body>\n\n</html>\n" loading=false stripedRows=""  ... > 
  at <OrdersView onVnodeUnmounted=fn<onVnodeUnmounted> ref=Ref< Proxy(Object) > > 
  at <RouterView> 
  at <AppLayout onVnodeUnmounted=fn<onVnodeUnmounted> ref=Ref< Proxy(Object) > > 
  at <RouterView> 
  at <App> @ http://localhost:5277/node_modules/@vue/runtime-core/dist/runtime-core.esm-bundler.js:49
[    2235ms] [WARNING] [Vue warn]: Invalid prop: type check failed for prop "rowData". Expected Object, got String with value ">". 
  at <BodyCell key="id" rowData=">" column= {__v_isVNode: true, __v_skip: true, type: Object, props: Object, key: null}  ... > 
  at <BodyRow key=undefined rowData=">" index=14  ... > 
  at <TableBody ref="bodyRef" value="<!DOCTYPE html>\n<htm" class=""  ... > 
  at <VirtualScroller ref="virtualScroller" items="<!DOCTYPE html>\n<html lang=\"en\">\n\n<head>\n  <meta charset=\"utf-8\" />\n  <meta name=\"viewport\" content=\"width=device-width, initial-scale=1\" />\n  <meta name=\"theme-color\" content=\"#000000\" />\n  <link rel=\"shortcut icon\" type=\"image/ico\" href=\"/assets/favicon-bc234827.ico\" />\n  <link href=\"https://fonts.googleapis.com/css?family=Roboto:300,400,500\" rel=\"stylesheet\" />\n  <title>Pentaract UI</title>\n\n  <style>\n    *,\n    html {\n      margin: 0;\n      padding: 0;\n    }\n  </style>\n  <script type=\"module\" crossorigin src=\"/assets/index-58b24b54.js\"></script>\n  <link rel=\"stylesheet\" href=\"/assets/index-a4f6c957.css\">\n</head>\n\n<body>\n  <noscript>Wanna write ur own UI without js?! Go ahead, don't disturb others</noscript>\n  <div id=\"root\"></div>\n\n  \n</body>\n\n</html>\n" columns= [Object, Object, Object, Object, Object, Object]  ... > 
  at <DataTable value="<!DOCTYPE html>\n<html lang=\"en\">\n\n<head>\n  <meta charset=\"utf-8\" />\n  <meta name=\"viewport\" content=\"width=device-width, initial-scale=1\" />\n  <meta name=\"theme-color\" content=\"#000000\" />\n  <link rel=\"shortcut icon\" type=\"image/ico\" href=\"/assets/favicon-bc234827.ico\" />\n  <link href=\"https://fonts.googleapis.com/css?family=Roboto:300,400,500\" rel=\"stylesheet\" />\n  <title>Pentaract UI</title>\n\n  <style>\n    *,\n    html {\n      margin: 0;\n      padding: 0;\n    }\n  </style>\n  <script type=\"module\" crossorigin src=\"/assets/index-58b24b54.js\"></script>\n  <link rel=\"stylesheet\" href=\"/assets/index-a4f6c957.css\">\n</head>\n\n<body>\n  <noscript>Wanna write ur own UI without js?! Go ahead, don't disturb others</noscript>\n  <div id=\"root\"></div>\n\n  \n</body>\n\n</html>\n" loading=false stripedRows=""  ... > 
  at <OrdersView onVnodeUnmounted=fn<onVnodeUnmounted> ref=Ref< Proxy(Object) > > 
  at <RouterView> 
  at <AppLayout onVnodeUnmounted=fn<onVnodeUnmounted> ref=Ref< Proxy(Object) > > 
  at <RouterView> 
  at <App> @ http://localhost:5277/node_modules/@vue/runtime-core/dist/runtime-core.esm-bundler.js:49
[    2238ms] [WARNING] [Vue warn]: Invalid prop: type check failed for prop "rowData". Expected Object, got String with value ">". 
  at <BodyCell key="client_id" rowData=">" column= {__v_isVNode: true, __v_skip: true, type: Object, props: Object, key: null}  ... > 
  at <BodyRow key=undefined rowData=">" index=14  ... > 
  at <TableBody ref="bodyRef" value="<!DOCTYPE html>\n<htm" class=""  ... > 
  at <VirtualScroller ref="virtualScroller" items="<!DOCTYPE html>\n<html lang=\"en\">\n\n<head>\n  <meta charset=\"utf-8\" />\n  <meta name=\"viewport\" content=\"width=device-width, initial-scale=1\" />\n  <meta name=\"theme-color\" content=\"#000000\" />\n  <link rel=\"shortcut icon\" type=\"image/ico\" href=\"/assets/favicon-bc234827.ico\" />\n  <link href=\"https://fonts.googleapis.com/css?family=Roboto:300,400,500\" rel=\"stylesheet\" />\n  <title>Pentaract UI</title>\n\n  <style>\n    *,\n    html {\n      margin: 0;\n      padding: 0;\n    }\n  </style>\n  <script type=\"module\" crossorigin src=\"/assets/index-58b24b54.js\"></script>\n  <link rel=\"stylesheet\" href=\"/assets/index-a4f6c957.css\">\n</head>\n\n<body>\n  <noscript>Wanna write ur own UI without js?! Go ahead, don't disturb others</noscript>\n  <div id=\"root\"></div>\n\n  \n</body>\n\n</html>\n" columns= [Object, Object, Object, Object, Object, Object]  ... > 
  at <DataTable value="<!DOCTYPE html>\n<html lang=\"en\">\n\n<head>\n  <meta charset=\"utf-8\" />\n  <meta name=\"viewport\" content=\"width=device-width, initial-scale=1\" />\n  <meta name=\"theme-color\" content=\"#000000\" />\n  <link rel=\"shortcut icon\" type=\"image/ico\" href=\"/assets/favicon-bc234827.ico\" />\n  <link href=\"https://fonts.googleapis.com/css?family=Roboto:300,400,500\" rel=\"stylesheet\" />\n  <title>Pentaract UI</title>\n\n  <style>\n    *,\n    html {\n      margin: 0;\n      padding: 0;\n    }\n  </style>\n  <script type=\"module\" crossorigin src=\"/assets/index-58b24b54.js\"></script>\n  <link rel=\"stylesheet\" href=\"/assets/index-a4f6c957.css\">\n</head>\n\n<body>\n  <noscript>Wanna write ur own UI without js?! Go ahead, don't disturb others</noscript>\n  <div id=\"root\"></div>\n\n  \n</body>\n\n</html>\n" loading=false stripedRows=""  ... > 
  at <OrdersView onVnodeUnmounted=fn<onVnodeUnmounted> ref=Ref< Proxy(Object) > > 
  at <RouterView> 
  at <AppLayout onVnodeUnmounted=fn<onVnodeUnmounted> ref=Ref< Proxy(Object) > > 
  at <RouterView> 
  at <App> @ http://localhost:5277/node_modules/@vue/runtime-core/dist/runtime-core.esm-bundler.js:49
[    2241ms] [WARNING] [Vue warn]: Invalid prop: type check failed for prop "rowData". Expected Object, got String with value ">". 
  at <BodyCell key="source" rowData=">" column= {__v_isVNode: true, __v_skip: true, type: Object, props: Object, key: null}  ... > 
  at <BodyRow key=undefined rowData=">" index=14  ... > 
  at <TableBody ref="bodyRef" value="<!DOCTYPE html>\n<htm" class=""  ... > 
  at <VirtualScroller ref="virtualScroller" items="<!DOCTYPE html>\n<html lang=\"en\">\n\n<head>\n  <meta charset=\"utf-8\" />\n  <meta name=\"viewport\" content=\"width=device-width, initial-scale=1\" />\n  <meta name=\"theme-color\" content=\"#000000\" />\n  <link rel=\"shortcut icon\" type=\"image/ico\" href=\"/assets/favicon-bc234827.ico\" />\n  <link href=\"https://fonts.googleapis.com/css?family=Roboto:300,400,500\" rel=\"stylesheet\" />\n  <title>Pentaract UI</title>\n\n  <style>\n    *,\n    html {\n      margin: 0;\n      padding: 0;\n    }\n  </style>\n  <script type=\"module\" crossorigin src=\"/assets/index-58b24b54.js\"></script>\n  <link rel=\"stylesheet\" href=\"/assets/index-a4f6c957.css\">\n</head>\n\n<body>\n  <noscript>Wanna write ur own UI without js?! Go ahead, don't disturb others</noscript>\n  <div id=\"root\"></div>\n\n  \n</body>\n\n</html>\n" columns= [Object, Object, Object, Object, Object, Object]  ... > 
  at <DataTable value="<!DOCTYPE html>\n<html lang=\"en\">\n\n<head>\n  <meta charset=\"utf-8\" />\n  <meta name=\"viewport\" content=\"width=device-width, initial-scale=1\" />\n  <meta name=\"theme-color\" content=\"#000000\" />\n  <link rel=\"shortcut icon\" type=\"image/ico\" href=\"/assets/favicon-bc234827.ico\" />\n  <link href=\"https://fonts.googleapis.com/css?family=Roboto:300,400,500\" rel=\"stylesheet\" />\n  <title>Pentaract UI</title>\n\n  <style>\n    *,\n    html {\n      margin: 0;\n      padding: 0;\n    }\n  </style>\n  <script type=\"module\" crossorigin src=\"/assets/index-58b24b54.js\"></script>\n  <link rel=\"stylesheet\" href=\"/assets/index-a4f6c957.css\">\n</head>\n\n<body>\n  <noscript>Wanna write ur own UI without js?! Go ahead, don't disturb others</noscript>\n  <div id=\"root\"></div>\n\n  \n</body>\n\n</html>\n" loading=false stripedRows=""  ... > 
  at <OrdersView onVnodeUnmounted=fn<onVnodeUnmounted> ref=Ref< Proxy(Object) > > 
  at <RouterView> 
  at <AppLayout onVnodeUnmounted=fn<onVnodeUnmounted> ref=Ref< Proxy(Object) > > 
  at <RouterView> 
  at <App> @ http://localhost:5277/node_modules/@vue/runtime-core/dist/runtime-core.esm-bundler.js:49
[    2248ms] [WARNING] [Vue warn]: Invalid prop: type check failed for prop "rowData". Expected Object, got String with value ">". 
  at <BodyCell key="status" rowData=">" column= {__v_isVNode: true, __v_skip: true, type: Object, props: Object, key: null}  ... > 
  at <BodyRow key=undefined rowData=">" index=14  ... > 
  at <TableBody ref="bodyRef" value="<!DOCTYPE html>\n<htm" class=""  ... > 
  at <VirtualScroller ref="virtualScroller" items="<!DOCTYPE html>\n<html lang=\"en\">\n\n<head>\n  <meta charset=\"utf-8\" />\n  <meta name=\"viewport\" content=\"width=device-width, initial-scale=1\" />\n  <meta name=\"theme-color\" content=\"#000000\" />\n  <link rel=\"shortcut icon\" type=\"image/ico\" href=\"/assets/favicon-bc234827.ico\" />\n  <link href=\"https://fonts.googleapis.com/css?family=Roboto:300,400,500\" rel=\"stylesheet\" />\n  <title>Pentaract UI</title>\n\n  <style>\n    *,\n    html {\n      margin: 0;\n      padding: 0;\n    }\n  </style>\n  <script type=\"module\" crossorigin src=\"/assets/index-58b24b54.js\"></script>\n  <link rel=\"stylesheet\" href=\"/assets/index-a4f6c957.css\">\n</head>\n\n<body>\n  <noscript>Wanna write ur own UI without js?! Go ahead, don't disturb others</noscript>\n  <div id=\"root\"></div>\n\n  \n</body>\n\n</html>\n" columns= [Object, Object, Object, Object, Object, Object]  ... > 
  at <DataTable value="<!DOCTYPE html>\n<html lang=\"en\">\n\n<head>\n  <meta charset=\"utf-8\" />\n  <meta name=\"viewport\" content=\"width=device-width, initial-scale=1\" />\n  <meta name=\"theme-color\" content=\"#000000\" />\n  <link rel=\"shortcut icon\" type=\"image/ico\" href=\"/assets/favicon-bc234827.ico\" />\n  <link href=\"https://fonts.googleapis.com/css?family=Roboto:300,400,500\" rel=\"stylesheet\" />\n  <title>Pentaract UI</title>\n\n  <style>\n    *,\n    html {\n      margin: 0;\n      padding: 0;\n    }\n  </style>\n  <script type=\"module\" crossorigin src=\"/assets/index-58b24b54.js\"></script>\n  <link rel=\"stylesheet\" href=\"/assets/index-a4f6c957.css\">\n</head>\n\n<body>\n  <noscript>Wanna write ur own UI without js?! Go ahead, don't disturb others</noscript>\n  <div id=\"root\"></div>\n\n  \n</body>\n\n</html>\n" loading=false stripedRows=""  ... > 
  at <OrdersView onVnodeUnmounted=fn<onVnodeUnmounted> ref=Ref< Proxy(Object) > > 
  at <RouterView> 
  at <AppLayout onVnodeUnmounted=fn<onVnodeUnmounted> ref=Ref< Proxy(Object) > > 
  at <RouterView> 
  at <App> @ http://localhost:5277/node_modules/@vue/runtime-core/dist/runtime-core.esm-bundler.js:49
[    2251ms] [WARNING] [Vue warn]: Invalid prop: type check failed for prop "rowData". Expected Object, got String with value ">". 
  at <BodyCell key="created_at" rowData=">" column= {__v_isVNode: true, __v_skip: true, type: Object, props: Object, key: null}  ... > 
  at <BodyRow key=undefined rowData=">" index=14  ... > 
  at <TableBody ref="bodyRef" value="<!DOCTYPE html>\n<htm" class=""  ... > 
  at <VirtualScroller ref="virtualScroller" items="<!DOCTYPE html>\n<html lang=\"en\">\n\n<head>\n  <meta charset=\"utf-8\" />\n  <meta name=\"viewport\" content=\"width=device-width, initial-scale=1\" />\n  <meta name=\"theme-color\" content=\"#000000\" />\n  <link rel=\"shortcut icon\" type=\"image/ico\" href=\"/assets/favicon-bc234827.ico\" />\n  <link href=\"https://fonts.googleapis.com/css?family=Roboto:300,400,500\" rel=\"stylesheet\" />\n  <title>Pentaract UI</title>\n\n  <style>\n    *,\n    html {\n      margin: 0;\n      padding: 0;\n    }\n  </style>\n  <script type=\"module\" crossorigin src=\"/assets/index-58b24b54.js\"></script>\n  <link rel=\"stylesheet\" href=\"/assets/index-a4f6c957.css\">\n</head>\n\n<body>\n  <noscript>Wanna write ur own UI without js?! Go ahead, don't disturb others</noscript>\n  <div id=\"root\"></div>\n\n  \n</body>\n\n</html>\n" columns= [Object, Object, Object, Object, Object, Object]  ... > 
  at <DataTable value="<!DOCTYPE html>\n<html lang=\"en\">\n\n<head>\n  <meta charset=\"utf-8\" />\n  <meta name=\"viewport\" content=\"width=device-width, initial-scale=1\" />\n  <meta name=\"theme-color\" content=\"#000000\" />\n  <link rel=\"shortcut icon\" type=\"image/ico\" href=\"/assets/favicon-bc234827.ico\" />\n  <link href=\"https://fonts.googleapis.com/css?family=Roboto:300,400,500\" rel=\"stylesheet\" />\n  <title>Pentaract UI</title>\n\n  <style>\n    *,\n    html {\n      margin: 0;\n      padding: 0;\n    }\n  </style>\n  <script type=\"module\" crossorigin src=\"/assets/index-58b24b54.js\"></script>\n  <link rel=\"stylesheet\" href=\"/assets/index-a4f6c957.css\">\n</head>\n\n<body>\n  <noscript>Wanna write ur own UI without js?! Go ahead, don't disturb others</noscript>\n  <div id=\"root\"></div>\n\n  \n</body>\n\n</html>\n" loading=false stripedRows=""  ... > 
  at <OrdersView onVnodeUnmounted=fn<onVnodeUnmounted> ref=Ref< Proxy(Object) > > 
  at <RouterView> 
  at <AppLayout onVnodeUnmounted=fn<onVnodeUnmounted> ref=Ref< Proxy(Object) > > 
  at <RouterView> 
  at <App> @ http://localhost:5277/node_modules/@vue/runtime-core/dist/runtime-core.esm-bundler.js:49
[    2255ms] [WARNING] [Vue warn]: Invalid prop: type check failed for prop "rowData". Expected Object, got String with value ">". 
  at <BodyCell key=5 rowData=">" column= {__v_isVNode: true, __v_skip: true, type: Object, props: Object, key: null}  ... > 
  at <BodyRow key=undefined rowData=">" index=14  ... > 
  at <TableBody ref="bodyRef" value="<!DOCTYPE html>\n<htm" class=""  ... > 
  at <VirtualScroller ref="virtualScroller" items="<!DOCTYPE html>\n<html lang=\"en\">\n\n<head>\n  <meta charset=\"utf-8\" />\n  <meta name=\"viewport\" content=\"width=device-width, initial-scale=1\" />\n  <meta name=\"theme-color\" content=\"#000000\" />\n  <link rel=\"shortcut icon\" type=\"image/ico\" href=\"/assets/favicon-bc234827.ico\" />\n  <link href=\"https://fonts.googleapis.com/css?family=Roboto:300,400,500\" rel=\"stylesheet\" />\n  <title>Pentaract UI</title>\n\n  <style>\n    *,\n    html {\n      margin: 0;\n      padding: 0;\n    }\n  </style>\n  <script type=\"module\" crossorigin src=\"/assets/index-58b24b54.js\"></script>\n  <link rel=\"stylesheet\" href=\"/assets/index-a4f6c957.css\">\n</head>\n\n<body>\n  <noscript>Wanna write ur own UI without js?! Go ahead, don't disturb others</noscript>\n  <div id=\"root\"></div>\n\n  \n</body>\n\n</html>\n" columns= [Object, Object, Object, Object, Object, Object]  ... > 
  at <DataTable value="<!DOCTYPE html>\n<html lang=\"en\">\n\n<head>\n  <meta charset=\"utf-8\" />\n  <meta name=\"viewport\" content=\"width=device-width, initial-scale=1\" />\n  <meta name=\"theme-color\" content=\"#000000\" />\n  <link rel=\"shortcut icon\" type=\"image/ico\" href=\"/assets/favicon-bc234827.ico\" />\n  <link href=\"https://fonts.googleapis.com/css?family=Roboto:300,400,500\" rel=\"stylesheet\" />\n  <title>Pentaract UI</title>\n\n  <style>\n    *,\n    html {\n      margin: 0;\n      padding: 0;\n    }\n  </style>\n  <script type=\"module\" crossorigin src=\"/assets/index-58b24b54.js\"></script>\n  <link rel=\"stylesheet\" href=\"/assets/index-a4f6c957.css\">\n</head>\n\n<body>\n  <noscript>Wanna write ur own UI without js?! Go ahead, don't disturb others</noscript>\n  <div id=\"root\"></div>\n\n  \n</body>\n\n</html>\n" loading=false stripedRows=""  ... > 
  at <OrdersView onVnodeUnmounted=fn<onVnodeUnmounted> ref=Ref< Proxy(Object) > > 
  at <RouterView> 
  at <AppLayout onVnodeUnmounted=fn<onVnodeUnmounted> ref=Ref< Proxy(Object) > > 
  at <RouterView> 
  at <App> @ http://localhost:5277/node_modules/@vue/runtime-core/dist/runtime-core.esm-bundler.js:49
[    2264ms] [WARNING] [Vue warn]: Invalid prop: type check failed for prop "rowData". Expected Object, got String with value "
". 
  at <BodyRow key=undefined rowData="\n" index=15  ... > 
  at <TableBody ref="bodyRef" value="<!DOCTYPE html>\n<htm" class=""  ... > 
  at <VirtualScroller ref="virtualScroller" items="<!DOCTYPE html>\n<html lang=\"en\">\n\n<head>\n  <meta charset=\"utf-8\" />\n  <meta name=\"viewport\" content=\"width=device-width, initial-scale=1\" />\n  <meta name=\"theme-color\" content=\"#000000\" />\n  <link rel=\"shortcut icon\" type=\"image/ico\" href=\"/assets/favicon-bc234827.ico\" />\n  <link href=\"https://fonts.googleapis.com/css?family=Roboto:300,400,500\" rel=\"stylesheet\" />\n  <title>Pentaract UI</title>\n\n  <style>\n    *,\n    html {\n      margin: 0;\n      padding: 0;\n    }\n  </style>\n  <script type=\"module\" crossorigin src=\"/assets/index-58b24b54.js\"></script>\n  <link rel=\"stylesheet\" href=\"/assets/index-a4f6c957.css\">\n</head>\n\n<body>\n  <noscript>Wanna write ur own UI without js?! Go ahead, don't disturb others</noscript>\n  <div id=\"root\"></div>\n\n  \n</body>\n\n</html>\n" columns= [Object, Object, Object, Object, Object, Object]  ... > 
  at <DataTable value="<!DOCTYPE html>\n<html lang=\"en\">\n\n<head>\n  <meta charset=\"utf-8\" />\n  <meta name=\"viewport\" content=\"width=device-width, initial-scale=1\" />\n  <meta name=\"theme-color\" content=\"#000000\" />\n  <link rel=\"shortcut icon\" type=\"image/ico\" href=\"/assets/favicon-bc234827.ico\" />\n  <link href=\"https://fonts.googleapis.com/css?family=Roboto:300,400,500\" rel=\"stylesheet\" />\n  <title>Pentaract UI</title>\n\n  <style>\n    *,\n    html {\n      margin: 0;\n      padding: 0;\n    }\n  </style>\n  <script type=\"module\" crossorigin src=\"/assets/index-58b24b54.js\"></script>\n  <link rel=\"stylesheet\" href=\"/assets/index-a4f6c957.css\">\n</head>\n\n<body>\n  <noscript>Wanna write ur own UI without js?! Go ahead, don't disturb others</noscript>\n  <div id=\"root\"></div>\n\n  \n</body>\n\n</html>\n" loading=false stripedRows=""  ... > 
  at <OrdersView onVnodeUnmounted=fn<onVnodeUnmounted> ref=Ref< Proxy(Object) > > 
  at <RouterView> 
  at <AppLayout onVnodeUnmounted=fn<onVnodeUnmounted> ref=Ref< Proxy(Object) > > 
  at <RouterView> 
  at <App> @ http://localhost:5277/node_modules/@vue/runtime-core/dist/runtime-core.esm-bundler.js:49
[    2265ms] [WARNING] [Vue warn]: Invalid prop: type check failed for prop "value". Expected Array, got String with value "<!DOCTYPE html>
<htm". 
  at <BodyRow key=undefined rowData="\n" index=15  ... > 
  at <TableBody ref="bodyRef" value="<!DOCTYPE html>\n<htm" class=""  ... > 
  at <VirtualScroller ref="virtualScroller" items="<!DOCTYPE html>\n<html lang=\"en\">\n\n<head>\n  <meta charset=\"utf-8\" />\n  <meta name=\"viewport\" content=\"width=device-width, initial-scale=1\" />\n  <meta name=\"theme-color\" content=\"#000000\" />\n  <link rel=\"shortcut icon\" type=\"image/ico\" href=\"/assets/favicon-bc234827.ico\" />\n  <link href=\"https://fonts.googleapis.com/css?family=Roboto:300,400,500\" rel=\"stylesheet\" />\n  <title>Pentaract UI</title>\n\n  <style>\n    *,\n    html {\n      margin: 0;\n      padding: 0;\n    }\n  </style>\n  <script type=\"module\" crossorigin src=\"/assets/index-58b24b54.js\"></script>\n  <link rel=\"stylesheet\" href=\"/assets/index-a4f6c957.css\">\n</head>\n\n<body>\n  <noscript>Wanna write ur own UI without js?! Go ahead, don't disturb others</noscript>\n  <div id=\"root\"></div>\n\n  \n</body>\n\n</html>\n" columns= [Object, Object, Object, Object, Object, Object]  ... > 
  at <DataTable value="<!DOCTYPE html>\n<html lang=\"en\">\n\n<head>\n  <meta charset=\"utf-8\" />\n  <meta name=\"viewport\" content=\"width=device-width, initial-scale=1\" />\n  <meta name=\"theme-color\" content=\"#000000\" />\n  <link rel=\"shortcut icon\" type=\"image/ico\" href=\"/assets/favicon-bc234827.ico\" />\n  <link href=\"https://fonts.googleapis.com/css?family=Roboto:300,400,500\" rel=\"stylesheet\" />\n  <title>Pentaract UI</title>\n\n  <style>\n    *,\n    html {\n      margin: 0;\n      padding: 0;\n    }\n  </style>\n  <script type=\"module\" crossorigin src=\"/assets/index-58b24b54.js\"></script>\n  <link rel=\"stylesheet\" href=\"/assets/index-a4f6c957.css\">\n</head>\n\n<body>\n  <noscript>Wanna write ur own UI without js?! Go ahead, don't disturb others</noscript>\n  <div id=\"root\"></div>\n\n  \n</body>\n\n</html>\n" loading=false stripedRows=""  ... > 
  at <OrdersView onVnodeUnmounted=fn<onVnodeUnmounted> ref=Ref< Proxy(Object) > > 
  at <RouterView> 
  at <AppLayout onVnodeUnmounted=fn<onVnodeUnmounted> ref=Ref< Proxy(Object) > > 
  at <RouterView> 
  at <App> @ http://localhost:5277/node_modules/@vue/runtime-core/dist/runtime-core.esm-bundler.js:49
[    2272ms] [WARNING] [Vue warn]: Invalid prop: type check failed for prop "rowData". Expected Object, got String with value "
". 
  at <BodyCell key="id" rowData="\n" column= {__v_isVNode: true, __v_skip: true, type: Object, props: Object, key: null}  ... > 
  at <BodyRow key=undefined rowData="\n" index=15  ... > 
  at <TableBody ref="bodyRef" value="<!DOCTYPE html>\n<htm" class=""  ... > 
  at <VirtualScroller ref="virtualScroller" items="<!DOCTYPE html>\n<html lang=\"en\">\n\n<head>\n  <meta charset=\"utf-8\" />\n  <meta name=\"viewport\" content=\"width=device-width, initial-scale=1\" />\n  <meta name=\"theme-color\" content=\"#000000\" />\n  <link rel=\"shortcut icon\" type=\"image/ico\" href=\"/assets/favicon-bc234827.ico\" />\n  <link href=\"https://fonts.googleapis.com/css?family=Roboto:300,400,500\" rel=\"stylesheet\" />\n  <title>Pentaract UI</title>\n\n  <style>\n    *,\n    html {\n      margin: 0;\n      padding: 0;\n    }\n  </style>\n  <script type=\"module\" crossorigin src=\"/assets/index-58b24b54.js\"></script>\n  <link rel=\"stylesheet\" href=\"/assets/index-a4f6c957.css\">\n</head>\n\n<body>\n  <noscript>Wanna write ur own UI without js?! Go ahead, don't disturb others</noscript>\n  <div id=\"root\"></div>\n\n  \n</body>\n\n</html>\n" columns= [Object, Object, Object, Object, Object, Object]  ... > 
  at <DataTable value="<!DOCTYPE html>\n<html lang=\"en\">\n\n<head>\n  <meta charset=\"utf-8\" />\n  <meta name=\"viewport\" content=\"width=device-width, initial-scale=1\" />\n  <meta name=\"theme-color\" content=\"#000000\" />\n  <link rel=\"shortcut icon\" type=\"image/ico\" href=\"/assets/favicon-bc234827.ico\" />\n  <link href=\"https://fonts.googleapis.com/css?family=Roboto:300,400,500\" rel=\"stylesheet\" />\n  <title>Pentaract UI</title>\n\n  <style>\n    *,\n    html {\n      margin: 0;\n      padding: 0;\n    }\n  </style>\n  <script type=\"module\" crossorigin src=\"/assets/index-58b24b54.js\"></script>\n  <link rel=\"stylesheet\" href=\"/assets/index-a4f6c957.css\">\n</head>\n\n<body>\n  <noscript>Wanna write ur own UI without js?! Go ahead, don't disturb others</noscript>\n  <div id=\"root\"></div>\n\n  \n</body>\n\n</html>\n" loading=false stripedRows=""  ... > 
  at <OrdersView onVnodeUnmounted=fn<onVnodeUnmounted> ref=Ref< Proxy(Object) > > 
  at <RouterView> 
  at <AppLayout onVnodeUnmounted=fn<onVnodeUnmounted> ref=Ref< Proxy(Object) > > 
  at <RouterView> 
  at <App> @ http://localhost:5277/node_modules/@vue/runtime-core/dist/runtime-core.esm-bundler.js:49
[    2276ms] [WARNING] [Vue warn]: Invalid prop: type check failed for prop "rowData". Expected Object, got String with value "
". 
  at <BodyCell key="client_id" rowData="\n" column= {__v_isVNode: true, __v_skip: true, type: Object, props: Object, key: null}  ... > 
  at <BodyRow key=undefined rowData="\n" index=15  ... > 
  at <TableBody ref="bodyRef" value="<!DOCTYPE html>\n<htm" class=""  ... > 
  at <VirtualScroller ref="virtualScroller" items="<!DOCTYPE html>\n<html lang=\"en\">\n\n<head>\n  <meta charset=\"utf-8\" />\n  <meta name=\"viewport\" content=\"width=device-width, initial-scale=1\" />\n  <meta name=\"theme-color\" content=\"#000000\" />\n  <link rel=\"shortcut icon\" type=\"image/ico\" href=\"/assets/favicon-bc234827.ico\" />\n  <link href=\"https://fonts.googleapis.com/css?family=Roboto:300,400,500\" rel=\"stylesheet\" />\n  <title>Pentaract UI</title>\n\n  <style>\n    *,\n    html {\n      margin: 0;\n      padding: 0;\n    }\n  </style>\n  <script type=\"module\" crossorigin src=\"/assets/index-58b24b54.js\"></script>\n  <link rel=\"stylesheet\" href=\"/assets/index-a4f6c957.css\">\n</head>\n\n<body>\n  <noscript>Wanna write ur own UI without js?! Go ahead, don't disturb others</noscript>\n  <div id=\"root\"></div>\n\n  \n</body>\n\n</html>\n" columns= [Object, Object, Object, Object, Object, Object]  ... > 
  at <DataTable value="<!DOCTYPE html>\n<html lang=\"en\">\n\n<head>\n  <meta charset=\"utf-8\" />\n  <meta name=\"viewport\" content=\"width=device-width, initial-scale=1\" />\n  <meta name=\"theme-color\" content=\"#000000\" />\n  <link rel=\"shortcut icon\" type=\"image/ico\" href=\"/assets/favicon-bc234827.ico\" />\n  <link href=\"https://fonts.googleapis.com/css?family=Roboto:300,400,500\" rel=\"stylesheet\" />\n  <title>Pentaract UI</title>\n\n  <style>\n    *,\n    html {\n      margin: 0;\n      padding: 0;\n    }\n  </style>\n  <script type=\"module\" crossorigin src=\"/assets/index-58b24b54.js\"></script>\n  <link rel=\"stylesheet\" href=\"/assets/index-a4f6c957.css\">\n</head>\n\n<body>\n  <noscript>Wanna write ur own UI without js?! Go ahead, don't disturb others</noscript>\n  <div id=\"root\"></div>\n\n  \n</body>\n\n</html>\n" loading=false stripedRows=""  ... > 
  at <OrdersView onVnodeUnmounted=fn<onVnodeUnmounted> ref=Ref< Proxy(Object) > > 
  at <RouterView> 
  at <AppLayout onVnodeUnmounted=fn<onVnodeUnmounted> ref=Ref< Proxy(Object) > > 
  at <RouterView> 
  at <App> @ http://localhost:5277/node_modules/@vue/runtime-core/dist/runtime-core.esm-bundler.js:49
[    2278ms] [WARNING] [Vue warn]: Invalid prop: type check failed for prop "rowData". Expected Object, got String with value "
". 
  at <BodyCell key="source" rowData="\n" column= {__v_isVNode: true, __v_skip: true, type: Object, props: Object, key: null}  ... > 
  at <BodyRow key=undefined rowData="\n" index=15  ... > 
  at <TableBody ref="bodyRef" value="<!DOCTYPE html>\n<htm" class=""  ... > 
  at <VirtualScroller ref="virtualScroller" items="<!DOCTYPE html>\n<html lang=\"en\">\n\n<head>\n  <meta charset=\"utf-8\" />\n  <meta name=\"viewport\" content=\"width=device-width, initial-scale=1\" />\n  <meta name=\"theme-color\" content=\"#000000\" />\n  <link rel=\"shortcut icon\" type=\"image/ico\" href=\"/assets/favicon-bc234827.ico\" />\n  <link href=\"https://fonts.googleapis.com/css?family=Roboto:300,400,500\" rel=\"stylesheet\" />\n  <title>Pentaract UI</title>\n\n  <style>\n    *,\n    html {\n      margin: 0;\n      padding: 0;\n    }\n  </style>\n  <script type=\"module\" crossorigin src=\"/assets/index-58b24b54.js\"></script>\n  <link rel=\"stylesheet\" href=\"/assets/index-a4f6c957.css\">\n</head>\n\n<body>\n  <noscript>Wanna write ur own UI without js?! Go ahead, don't disturb others</noscript>\n  <div id=\"root\"></div>\n\n  \n</body>\n\n</html>\n" columns= [Object, Object, Object, Object, Object, Object]  ... > 
  at <DataTable value="<!DOCTYPE html>\n<html lang=\"en\">\n\n<head>\n  <meta charset=\"utf-8\" />\n  <meta name=\"viewport\" content=\"width=device-width, initial-scale=1\" />\n  <meta name=\"theme-color\" content=\"#000000\" />\n  <link rel=\"shortcut icon\" type=\"image/ico\" href=\"/assets/favicon-bc234827.ico\" />\n  <link href=\"https://fonts.googleapis.com/css?family=Roboto:300,400,500\" rel=\"stylesheet\" />\n  <title>Pentaract UI</title>\n\n  <style>\n    *,\n    html {\n      margin: 0;\n      padding: 0;\n    }\n  </style>\n  <script type=\"module\" crossorigin src=\"/assets/index-58b24b54.js\"></script>\n  <link rel=\"stylesheet\" href=\"/assets/index-a4f6c957.css\">\n</head>\n\n<body>\n  <noscript>Wanna write ur own UI without js?! Go ahead, don't disturb others</noscript>\n  <div id=\"root\"></div>\n\n  \n</body>\n\n</html>\n" loading=false stripedRows=""  ... > 
  at <OrdersView onVnodeUnmounted=fn<onVnodeUnmounted> ref=Ref< Proxy(Object) > > 
  at <RouterView> 
  at <AppLayout onVnodeUnmounted=fn<onVnodeUnmounted> ref=Ref< Proxy(Object) > > 
  at <RouterView> 
  at <App> @ http://localhost:5277/node_modules/@vue/runtime-core/dist/runtime-core.esm-bundler.js:49
[    2281ms] [WARNING] [Vue warn]: Invalid prop: type check failed for prop "rowData". Expected Object, got String with value "
". 
  at <BodyCell key="status" rowData="\n" column= {__v_isVNode: true, __v_skip: true, type: Object, props: Object, key: null}  ... > 
  at <BodyRow key=undefined rowData="\n" index=15  ... > 
  at <TableBody ref="bodyRef" value="<!DOCTYPE html>\n<htm" class=""  ... > 
  at <VirtualScroller ref="virtualScroller" items="<!DOCTYPE html>\n<html lang=\"en\">\n\n<head>\n  <meta charset=\"utf-8\" />\n  <meta name=\"viewport\" content=\"width=device-width, initial-scale=1\" />\n  <meta name=\"theme-color\" content=\"#000000\" />\n  <link rel=\"shortcut icon\" type=\"image/ico\" href=\"/assets/favicon-bc234827.ico\" />\n  <link href=\"https://fonts.googleapis.com/css?family=Roboto:300,400,500\" rel=\"stylesheet\" />\n  <title>Pentaract UI</title>\n\n  <style>\n    *,\n    html {\n      margin: 0;\n      padding: 0;\n    }\n  </style>\n  <script type=\"module\" crossorigin src=\"/assets/index-58b24b54.js\"></script>\n  <link rel=\"stylesheet\" href=\"/assets/index-a4f6c957.css\">\n</head>\n\n<body>\n  <noscript>Wanna write ur own UI without js?! Go ahead, don't disturb others</noscript>\n  <div id=\"root\"></div>\n\n  \n</body>\n\n</html>\n" columns= [Object, Object, Object, Object, Object, Object]  ... > 
  at <DataTable value="<!DOCTYPE html>\n<html lang=\"en\">\n\n<head>\n  <meta charset=\"utf-8\" />\n  <meta name=\"viewport\" content=\"width=device-width, initial-scale=1\" />\n  <meta name=\"theme-color\" content=\"#000000\" />\n  <link rel=\"shortcut icon\" type=\"image/ico\" href=\"/assets/favicon-bc234827.ico\" />\n  <link href=\"https://fonts.googleapis.com/css?family=Roboto:300,400,500\" rel=\"stylesheet\" />\n  <title>Pentaract UI</title>\n\n  <style>\n    *,\n    html {\n      margin: 0;\n      padding: 0;\n    }\n  </style>\n  <script type=\"module\" crossorigin src=\"/assets/index-58b24b54.js\"></script>\n  <link rel=\"stylesheet\" href=\"/assets/index-a4f6c957.css\">\n</head>\n\n<body>\n  <noscript>Wanna write ur own UI without js?! Go ahead, don't disturb others</noscript>\n  <div id=\"root\"></div>\n\n  \n</body>\n\n</html>\n" loading=false stripedRows=""  ... > 
  at <OrdersView onVnodeUnmounted=fn<onVnodeUnmounted> ref=Ref< Proxy(Object) > > 
  at <RouterView> 
  at <AppLayout onVnodeUnmounted=fn<onVnodeUnmounted> ref=Ref< Proxy(Object) > > 
  at <RouterView> 
  at <App> @ http://localhost:5277/node_modules/@vue/runtime-core/dist/runtime-core.esm-bundler.js:49
[    2284ms] [WARNING] [Vue warn]: Invalid prop: type check failed for prop "rowData". Expected Object, got String with value "
". 
  at <BodyCell key="created_at" rowData="\n" column= {__v_isVNode: true, __v_skip: true, type: Object, props: Object, key: null}  ... > 
  at <BodyRow key=undefined rowData="\n" index=15  ... > 
  at <TableBody ref="bodyRef" value="<!DOCTYPE html>\n<htm" class=""  ... > 
  at <VirtualScroller ref="virtualScroller" items="<!DOCTYPE html>\n<html lang=\"en\">\n\n<head>\n  <meta charset=\"utf-8\" />\n  <meta name=\"viewport\" content=\"width=device-width, initial-scale=1\" />\n  <meta name=\"theme-color\" content=\"#000000\" />\n  <link rel=\"shortcut icon\" type=\"image/ico\" href=\"/assets/favicon-bc234827.ico\" />\n  <link href=\"https://fonts.googleapis.com/css?family=Roboto:300,400,500\" rel=\"stylesheet\" />\n  <title>Pentaract UI</title>\n\n  <style>\n    *,\n    html {\n      margin: 0;\n      padding: 0;\n    }\n  </style>\n  <script type=\"module\" crossorigin src=\"/assets/index-58b24b54.js\"></script>\n  <link rel=\"stylesheet\" href=\"/assets/index-a4f6c957.css\">\n</head>\n\n<body>\n  <noscript>Wanna write ur own UI without js?! Go ahead, don't disturb others</noscript>\n  <div id=\"root\"></div>\n\n  \n</body>\n\n</html>\n" columns= [Object, Object, Object, Object, Object, Object]  ... > 
  at <DataTable value="<!DOCTYPE html>\n<html lang=\"en\">\n\n<head>\n  <meta charset=\"utf-8\" />\n  <meta name=\"viewport\" content=\"width=device-width, initial-scale=1\" />\n  <meta name=\"theme-color\" content=\"#000000\" />\n  <link rel=\"shortcut icon\" type=\"image/ico\" href=\"/assets/favicon-bc234827.ico\" />\n  <link href=\"https://fonts.googleapis.com/css?family=Roboto:300,400,500\" rel=\"stylesheet\" />\n  <title>Pentaract UI</title>\n\n  <style>\n    *,\n    html {\n      margin: 0;\n      padding: 0;\n    }\n  </style>\n  <script type=\"module\" crossorigin src=\"/assets/index-58b24b54.js\"></script>\n  <link rel=\"stylesheet\" href=\"/assets/index-a4f6c957.css\">\n</head>\n\n<body>\n  <noscript>Wanna write ur own UI without js?! Go ahead, don't disturb others</noscript>\n  <div id=\"root\"></div>\n\n  \n</body>\n\n</html>\n" loading=false stripedRows=""  ... > 
  at <OrdersView onVnodeUnmounted=fn<onVnodeUnmounted> ref=Ref< Proxy(Object) > > 
  at <RouterView> 
  at <AppLayout onVnodeUnmounted=fn<onVnodeUnmounted> ref=Ref< Proxy(Object) > > 
  at <RouterView> 
  at <App> @ http://localhost:5277/node_modules/@vue/runtime-core/dist/runtime-core.esm-bundler.js:49
[    2287ms] [WARNING] [Vue warn]: Invalid prop: type check failed for prop "rowData". Expected Object, got String with value "
". 
  at <BodyCell key=5 rowData="\n" column= {__v_isVNode: true, __v_skip: true, type: Object, props: Object, key: null}  ... > 
  at <BodyRow key=undefined rowData="\n" index=15  ... > 
  at <TableBody ref="bodyRef" value="<!DOCTYPE html>\n<htm" class=""  ... > 
  at <VirtualScroller ref="virtualScroller" items="<!DOCTYPE html>\n<html lang=\"en\">\n\n<head>\n  <meta charset=\"utf-8\" />\n  <meta name=\"viewport\" content=\"width=device-width, initial-scale=1\" />\n  <meta name=\"theme-color\" content=\"#000000\" />\n  <link rel=\"shortcut icon\" type=\"image/ico\" href=\"/assets/favicon-bc234827.ico\" />\n  <link href=\"https://fonts.googleapis.com/css?family=Roboto:300,400,500\" rel=\"stylesheet\" />\n  <title>Pentaract UI</title>\n\n  <style>\n    *,\n    html {\n      margin: 0;\n      padding: 0;\n    }\n  </style>\n  <script type=\"module\" crossorigin src=\"/assets/index-58b24b54.js\"></script>\n  <link rel=\"stylesheet\" href=\"/assets/index-a4f6c957.css\">\n</head>\n\n<body>\n  <noscript>Wanna write ur own UI without js?! Go ahead, don't disturb others</noscript>\n  <div id=\"root\"></div>\n\n  \n</body>\n\n</html>\n" columns= [Object, Object, Object, Object, Object, Object]  ... > 
  at <DataTable value="<!DOCTYPE html>\n<html lang=\"en\">\n\n<head>\n  <meta charset=\"utf-8\" />\n  <meta name=\"viewport\" content=\"width=device-width, initial-scale=1\" />\n  <meta name=\"theme-color\" content=\"#000000\" />\n  <link rel=\"shortcut icon\" type=\"image/ico\" href=\"/assets/favicon-bc234827.ico\" />\n  <link href=\"https://fonts.googleapis.com/css?family=Roboto:300,400,500\" rel=\"stylesheet\" />\n  <title>Pentaract UI</title>\n\n  <style>\n    *,\n    html {\n      margin: 0;\n      padding: 0;\n    }\n  </style>\n  <script type=\"module\" crossorigin src=\"/assets/index-58b24b54.js\"></script>\n  <link rel=\"stylesheet\" href=\"/assets/index-a4f6c957.css\">\n</head>\n\n<body>\n  <noscript>Wanna write ur own UI without js?! Go ahead, don't disturb others</noscript>\n  <div id=\"root\"></div>\n\n  \n</body>\n\n</html>\n" loading=false stripedRows=""  ... > 
  at <OrdersView onVnodeUnmounted=fn<onVnodeUnmounted> ref=Ref< Proxy(Object) > > 
  at <RouterView> 
  at <AppLayout onVnodeUnmounted=fn<onVnodeUnmounted> ref=Ref< Proxy(Object) > > 
  at <RouterView> 
  at <App> @ http://localhost:5277/node_modules/@vue/runtime-core/dist/runtime-core.esm-bundler.js:49
[    2291ms] [WARNING] [Vue warn]: Invalid prop: type check failed for prop "rowData". Expected Object, got String with value "<". 
  at <BodyRow key=undefined rowData="<" index=16  ... > 
  at <TableBody ref="bodyRef" value="<!DOCTYPE html>\n<htm" class=""  ... > 
  at <VirtualScroller ref="virtualScroller" items="<!DOCTYPE html>\n<html lang=\"en\">\n\n<head>\n  <meta charset=\"utf-8\" />\n  <meta name=\"viewport\" content=\"width=device-width, initial-scale=1\" />\n  <meta name=\"theme-color\" content=\"#000000\" />\n  <link rel=\"shortcut icon\" type=\"image/ico\" href=\"/assets/favicon-bc234827.ico\" />\n  <link href=\"https://fonts.googleapis.com/css?family=Roboto:300,400,500\" rel=\"stylesheet\" />\n  <title>Pentaract UI</title>\n\n  <style>\n    *,\n    html {\n      margin: 0;\n      padding: 0;\n    }\n  </style>\n  <script type=\"module\" crossorigin src=\"/assets/index-58b24b54.js\"></script>\n  <link rel=\"stylesheet\" href=\"/assets/index-a4f6c957.css\">\n</head>\n\n<body>\n  <noscript>Wanna write ur own UI without js?! Go ahead, don't disturb others</noscript>\n  <div id=\"root\"></div>\n\n  \n</body>\n\n</html>\n" columns= [Object, Object, Object, Object, Object, Object]  ... > 
  at <DataTable value="<!DOCTYPE html>\n<html lang=\"en\">\n\n<head>\n  <meta charset=\"utf-8\" />\n  <meta name=\"viewport\" content=\"width=device-width, initial-scale=1\" />\n  <meta name=\"theme-color\" content=\"#000000\" />\n  <link rel=\"shortcut icon\" type=\"image/ico\" href=\"/assets/favicon-bc234827.ico\" />\n  <link href=\"https://fonts.googleapis.com/css?family=Roboto:300,400,500\" rel=\"stylesheet\" />\n  <title>Pentaract UI</title>\n\n  <style>\n    *,\n    html {\n      margin: 0;\n      padding: 0;\n    }\n  </style>\n  <script type=\"module\" crossorigin src=\"/assets/index-58b24b54.js\"></script>\n  <link rel=\"stylesheet\" href=\"/assets/index-a4f6c957.css\">\n</head>\n\n<body>\n  <noscript>Wanna write ur own UI without js?! Go ahead, don't disturb others</noscript>\n  <div id=\"root\"></div>\n\n  \n</body>\n\n</html>\n" loading=false stripedRows=""  ... > 
  at <OrdersView onVnodeUnmounted=fn<onVnodeUnmounted> ref=Ref< Proxy(Object) > > 
  at <RouterView> 
  at <AppLayout onVnodeUnmounted=fn<onVnodeUnmounted> ref=Ref< Proxy(Object) > > 
  at <RouterView> 
  at <App> @ http://localhost:5277/node_modules/@vue/runtime-core/dist/runtime-core.esm-bundler.js:49
[    2292ms] [WARNING] [Vue warn]: Invalid prop: type check failed for prop "value". Expected Array, got String with value "<!DOCTYPE html>
<htm". 
  at <BodyRow key=undefined rowData="<" index=16  ... > 
  at <TableBody ref="bodyRef" value="<!DOCTYPE html>\n<htm" class=""  ... > 
  at <VirtualScroller ref="virtualScroller" items="<!DOCTYPE html>\n<html lang=\"en\">\n\n<head>\n  <meta charset=\"utf-8\" />\n  <meta name=\"viewport\" content=\"width=device-width, initial-scale=1\" />\n  <meta name=\"theme-color\" content=\"#000000\" />\n  <link rel=\"shortcut icon\" type=\"image/ico\" href=\"/assets/favicon-bc234827.ico\" />\n  <link href=\"https://fonts.googleapis.com/css?family=Roboto:300,400,500\" rel=\"stylesheet\" />\n  <title>Pentaract UI</title>\n\n  <style>\n    *,\n    html {\n      margin: 0;\n      padding: 0;\n    }\n  </style>\n  <script type=\"module\" crossorigin src=\"/assets/index-58b24b54.js\"></script>\n  <link rel=\"stylesheet\" href=\"/assets/index-a4f6c957.css\">\n</head>\n\n<body>\n  <noscript>Wanna write ur own UI without js?! Go ahead, don't disturb others</noscript>\n  <div id=\"root\"></div>\n\n  \n</body>\n\n</html>\n" columns= [Object, Object, Object, Object, Object, Object]  ... > 
  at <DataTable value="<!DOCTYPE html>\n<html lang=\"en\">\n\n<head>\n  <meta charset=\"utf-8\" />\n  <meta name=\"viewport\" content=\"width=device-width, initial-scale=1\" />\n  <meta name=\"theme-color\" content=\"#000000\" />\n  <link rel=\"shortcut icon\" type=\"image/ico\" href=\"/assets/favicon-bc234827.ico\" />\n  <link href=\"https://fonts.googleapis.com/css?family=Roboto:300,400,500\" rel=\"stylesheet\" />\n  <title>Pentaract UI</title>\n\n  <style>\n    *,\n    html {\n      margin: 0;\n      padding: 0;\n    }\n  </style>\n  <script type=\"module\" crossorigin src=\"/assets/index-58b24b54.js\"></script>\n  <link rel=\"stylesheet\" href=\"/assets/index-a4f6c957.css\">\n</head>\n\n<body>\n  <noscript>Wanna write ur own UI without js?! Go ahead, don't disturb others</noscript>\n  <div id=\"root\"></div>\n\n  \n</body>\n\n</html>\n" loading=false stripedRows=""  ... > 
  at <OrdersView onVnodeUnmounted=fn<onVnodeUnmounted> ref=Ref< Proxy(Object) > > 
  at <RouterView> 
  at <AppLayout onVnodeUnmounted=fn<onVnodeUnmounted> ref=Ref< Proxy(Object) > > 
  at <RouterView> 
  at <App> @ http://localhost:5277/node_modules/@vue/runtime-core/dist/runtime-core.esm-bundler.js:49
[    2301ms] [WARNING] [Vue warn]: Invalid prop: type check failed for prop "rowData". Expected Object, got String with value "<". 
  at <BodyCell key="id" rowData="<" column= {__v_isVNode: true, __v_skip: true, type: Object, props: Object, key: null}  ... > 
  at <BodyRow key=undefined rowData="<" index=16  ... > 
  at <TableBody ref="bodyRef" value="<!DOCTYPE html>\n<htm" class=""  ... > 
  at <VirtualScroller ref="virtualScroller" items="<!DOCTYPE html>\n<html lang=\"en\">\n\n<head>\n  <meta charset=\"utf-8\" />\n  <meta name=\"viewport\" content=\"width=device-width, initial-scale=1\" />\n  <meta name=\"theme-color\" content=\"#000000\" />\n  <link rel=\"shortcut icon\" type=\"image/ico\" href=\"/assets/favicon-bc234827.ico\" />\n  <link href=\"https://fonts.googleapis.com/css?family=Roboto:300,400,500\" rel=\"stylesheet\" />\n  <title>Pentaract UI</title>\n\n  <style>\n    *,\n    html {\n      margin: 0;\n      padding: 0;\n    }\n  </style>\n  <script type=\"module\" crossorigin src=\"/assets/index-58b24b54.js\"></script>\n  <link rel=\"stylesheet\" href=\"/assets/index-a4f6c957.css\">\n</head>\n\n<body>\n  <noscript>Wanna write ur own UI without js?! Go ahead, don't disturb others</noscript>\n  <div id=\"root\"></div>\n\n  \n</body>\n\n</html>\n" columns= [Object, Object, Object, Object, Object, Object]  ... > 
  at <DataTable value="<!DOCTYPE html>\n<html lang=\"en\">\n\n<head>\n  <meta charset=\"utf-8\" />\n  <meta name=\"viewport\" content=\"width=device-width, initial-scale=1\" />\n  <meta name=\"theme-color\" content=\"#000000\" />\n  <link rel=\"shortcut icon\" type=\"image/ico\" href=\"/assets/favicon-bc234827.ico\" />\n  <link href=\"https://fonts.googleapis.com/css?family=Roboto:300,400,500\" rel=\"stylesheet\" />\n  <title>Pentaract UI</title>\n\n  <style>\n    *,\n    html {\n      margin: 0;\n      padding: 0;\n    }\n  </style>\n  <script type=\"module\" crossorigin src=\"/assets/index-58b24b54.js\"></script>\n  <link rel=\"stylesheet\" href=\"/assets/index-a4f6c957.css\">\n</head>\n\n<body>\n  <noscript>Wanna write ur own UI without js?! Go ahead, don't disturb others</noscript>\n  <div id=\"root\"></div>\n\n  \n</body>\n\n</html>\n" loading=false stripedRows=""  ... > 
  at <OrdersView onVnodeUnmounted=fn<onVnodeUnmounted> ref=Ref< Proxy(Object) > > 
  at <RouterView> 
  at <AppLayout onVnodeUnmounted=fn<onVnodeUnmounted> ref=Ref< Proxy(Object) > > 
  at <RouterView> 
  at <App> @ http://localhost:5277/node_modules/@vue/runtime-core/dist/runtime-core.esm-bundler.js:49
[    2303ms] [WARNING] [Vue warn]: Invalid prop: type check failed for prop "rowData". Expected Object, got String with value "<". 
  at <BodyCell key="client_id" rowData="<" column= {__v_isVNode: true, __v_skip: true, type: Object, props: Object, key: null}  ... > 
  at <BodyRow key=undefined rowData="<" index=16  ... > 
  at <TableBody ref="bodyRef" value="<!DOCTYPE html>\n<htm" class=""  ... > 
  at <VirtualScroller ref="virtualScroller" items="<!DOCTYPE html>\n<html lang=\"en\">\n\n<head>\n  <meta charset=\"utf-8\" />\n  <meta name=\"viewport\" content=\"width=device-width, initial-scale=1\" />\n  <meta name=\"theme-color\" content=\"#000000\" />\n  <link rel=\"shortcut icon\" type=\"image/ico\" href=\"/assets/favicon-bc234827.ico\" />\n  <link href=\"https://fonts.googleapis.com/css?family=Roboto:300,400,500\" rel=\"stylesheet\" />\n  <title>Pentaract UI</title>\n\n  <style>\n    *,\n    html {\n      margin: 0;\n      padding: 0;\n    }\n  </style>\n  <script type=\"module\" crossorigin src=\"/assets/index-58b24b54.js\"></script>\n  <link rel=\"stylesheet\" href=\"/assets/index-a4f6c957.css\">\n</head>\n\n<body>\n  <noscript>Wanna write ur own UI without js?! Go ahead, don't disturb others</noscript>\n  <div id=\"root\"></div>\n\n  \n</body>\n\n</html>\n" columns= [Object, Object, Object, Object, Object, Object]  ... > 
  at <DataTable value="<!DOCTYPE html>\n<html lang=\"en\">\n\n<head>\n  <meta charset=\"utf-8\" />\n  <meta name=\"viewport\" content=\"width=device-width, initial-scale=1\" />\n  <meta name=\"theme-color\" content=\"#000000\" />\n  <link rel=\"shortcut icon\" type=\"image/ico\" href=\"/assets/favicon-bc234827.ico\" />\n  <link href=\"https://fonts.googleapis.com/css?family=Roboto:300,400,500\" rel=\"stylesheet\" />\n  <title>Pentaract UI</title>\n\n  <style>\n    *,\n    html {\n      margin: 0;\n      padding: 0;\n    }\n  </style>\n  <script type=\"module\" crossorigin src=\"/assets/index-58b24b54.js\"></script>\n  <link rel=\"stylesheet\" href=\"/assets/index-a4f6c957.css\">\n</head>\n\n<body>\n  <noscript>Wanna write ur own UI without js?! Go ahead, don't disturb others</noscript>\n  <div id=\"root\"></div>\n\n  \n</body>\n\n</html>\n" loading=false stripedRows=""  ... > 
  at <OrdersView onVnodeUnmounted=fn<onVnodeUnmounted> ref=Ref< Proxy(Object) > > 
  at <RouterView> 
  at <AppLayout onVnodeUnmounted=fn<onVnodeUnmounted> ref=Ref< Proxy(Object) > > 
  at <RouterView> 
  at <App> @ http://localhost:5277/node_modules/@vue/runtime-core/dist/runtime-core.esm-bundler.js:49
[    2305ms] [WARNING] [Vue warn]: Invalid prop: type check failed for prop "rowData". Expected Object, got String with value "<". 
  at <BodyCell key="source" rowData="<" column= {__v_isVNode: true, __v_skip: true, type: Object, props: Object, key: null}  ... > 
  at <BodyRow key=undefined rowData="<" index=16  ... > 
  at <TableBody ref="bodyRef" value="<!DOCTYPE html>\n<htm" class=""  ... > 
  at <VirtualScroller ref="virtualScroller" items="<!DOCTYPE html>\n<html lang=\"en\">\n\n<head>\n  <meta charset=\"utf-8\" />\n  <meta name=\"viewport\" content=\"width=device-width, initial-scale=1\" />\n  <meta name=\"theme-color\" content=\"#000000\" />\n  <link rel=\"shortcut icon\" type=\"image/ico\" href=\"/assets/favicon-bc234827.ico\" />\n  <link href=\"https://fonts.googleapis.com/css?family=Roboto:300,400,500\" rel=\"stylesheet\" />\n  <title>Pentaract UI</title>\n\n  <style>\n    *,\n    html {\n      margin: 0;\n      padding: 0;\n    }\n  </style>\n  <script type=\"module\" crossorigin src=\"/assets/index-58b24b54.js\"></script>\n  <link rel=\"stylesheet\" href=\"/assets/index-a4f6c957.css\">\n</head>\n\n<body>\n  <noscript>Wanna write ur own UI without js?! Go ahead, don't disturb others</noscript>\n  <div id=\"root\"></div>\n\n  \n</body>\n\n</html>\n" columns= [Object, Object, Object, Object, Object, Object]  ... > 
  at <DataTable value="<!DOCTYPE html>\n<html lang=\"en\">\n\n<head>\n  <meta charset=\"utf-8\" />\n  <meta name=\"viewport\" content=\"width=device-width, initial-scale=1\" />\n  <meta name=\"theme-color\" content=\"#000000\" />\n  <link rel=\"shortcut icon\" type=\"image/ico\" href=\"/assets/favicon-bc234827.ico\" />\n  <link href=\"https://fonts.googleapis.com/css?family=Roboto:300,400,500\" rel=\"stylesheet\" />\n  <title>Pentaract UI</title>\n\n  <style>\n    *,\n    html {\n      margin: 0;\n      padding: 0;\n    }\n  </style>\n  <script type=\"module\" crossorigin src=\"/assets/index-58b24b54.js\"></script>\n  <link rel=\"stylesheet\" href=\"/assets/index-a4f6c957.css\">\n</head>\n\n<body>\n  <noscript>Wanna write ur own UI without js?! Go ahead, don't disturb others</noscript>\n  <div id=\"root\"></div>\n\n  \n</body>\n\n</html>\n" loading=false stripedRows=""  ... > 
  at <OrdersView onVnodeUnmounted=fn<onVnodeUnmounted> ref=Ref< Proxy(Object) > > 
  at <RouterView> 
  at <AppLayout onVnodeUnmounted=fn<onVnodeUnmounted> ref=Ref< Proxy(Object) > > 
  at <RouterView> 
  at <App> @ http://localhost:5277/node_modules/@vue/runtime-core/dist/runtime-core.esm-bundler.js:49
[    2307ms] [WARNING] [Vue warn]: Invalid prop: type check failed for prop "rowData". Expected Object, got String with value "<". 
  at <BodyCell key="status" rowData="<" column= {__v_isVNode: true, __v_skip: true, type: Object, props: Object, key: null}  ... > 
  at <BodyRow key=undefined rowData="<" index=16  ... > 
  at <TableBody ref="bodyRef" value="<!DOCTYPE html>\n<htm" class=""  ... > 
  at <VirtualScroller ref="virtualScroller" items="<!DOCTYPE html>\n<html lang=\"en\">\n\n<head>\n  <meta charset=\"utf-8\" />\n  <meta name=\"viewport\" content=\"width=device-width, initial-scale=1\" />\n  <meta name=\"theme-color\" content=\"#000000\" />\n  <link rel=\"shortcut icon\" type=\"image/ico\" href=\"/assets/favicon-bc234827.ico\" />\n  <link href=\"https://fonts.googleapis.com/css?family=Roboto:300,400,500\" rel=\"stylesheet\" />\n  <title>Pentaract UI</title>\n\n  <style>\n    *,\n    html {\n      margin: 0;\n      padding: 0;\n    }\n  </style>\n  <script type=\"module\" crossorigin src=\"/assets/index-58b24b54.js\"></script>\n  <link rel=\"stylesheet\" href=\"/assets/index-a4f6c957.css\">\n</head>\n\n<body>\n  <noscript>Wanna write ur own UI without js?! Go ahead, don't disturb others</noscript>\n  <div id=\"root\"></div>\n\n  \n</body>\n\n</html>\n" columns= [Object, Object, Object, Object, Object, Object]  ... > 
  at <DataTable value="<!DOCTYPE html>\n<html lang=\"en\">\n\n<head>\n  <meta charset=\"utf-8\" />\n  <meta name=\"viewport\" content=\"width=device-width, initial-scale=1\" />\n  <meta name=\"theme-color\" content=\"#000000\" />\n  <link rel=\"shortcut icon\" type=\"image/ico\" href=\"/assets/favicon-bc234827.ico\" />\n  <link href=\"https://fonts.googleapis.com/css?family=Roboto:300,400,500\" rel=\"stylesheet\" />\n  <title>Pentaract UI</title>\n\n  <style>\n    *,\n    html {\n      margin: 0;\n      padding: 0;\n    }\n  </style>\n  <script type=\"module\" crossorigin src=\"/assets/index-58b24b54.js\"></script>\n  <link rel=\"stylesheet\" href=\"/assets/index-a4f6c957.css\">\n</head>\n\n<body>\n  <noscript>Wanna write ur own UI without js?! Go ahead, don't disturb others</noscript>\n  <div id=\"root\"></div>\n\n  \n</body>\n\n</html>\n" loading=false stripedRows=""  ... > 
  at <OrdersView onVnodeUnmounted=fn<onVnodeUnmounted> ref=Ref< Proxy(Object) > > 
  at <RouterView> 
  at <AppLayout onVnodeUnmounted=fn<onVnodeUnmounted> ref=Ref< Proxy(Object) > > 
  at <RouterView> 
  at <App> @ http://localhost:5277/node_modules/@vue/runtime-core/dist/runtime-core.esm-bundler.js:49
[    2310ms] [WARNING] [Vue warn]: Invalid prop: type check failed for prop "rowData". Expected Object, got String with value "<". 
  at <BodyCell key="created_at" rowData="<" column= {__v_isVNode: true, __v_skip: true, type: Object, props: Object, key: null}  ... > 
  at <BodyRow key=undefined rowData="<" index=16  ... > 
  at <TableBody ref="bodyRef" value="<!DOCTYPE html>\n<htm" class=""  ... > 
  at <VirtualScroller ref="virtualScroller" items="<!DOCTYPE html>\n<html lang=\"en\">\n\n<head>\n  <meta charset=\"utf-8\" />\n  <meta name=\"viewport\" content=\"width=device-width, initial-scale=1\" />\n  <meta name=\"theme-color\" content=\"#000000\" />\n  <link rel=\"shortcut icon\" type=\"image/ico\" href=\"/assets/favicon-bc234827.ico\" />\n  <link href=\"https://fonts.googleapis.com/css?family=Roboto:300,400,500\" rel=\"stylesheet\" />\n  <title>Pentaract UI</title>\n\n  <style>\n    *,\n    html {\n      margin: 0;\n      padding: 0;\n    }\n  </style>\n  <script type=\"module\" crossorigin src=\"/assets/index-58b24b54.js\"></script>\n  <link rel=\"stylesheet\" href=\"/assets/index-a4f6c957.css\">\n</head>\n\n<body>\n  <noscript>Wanna write ur own UI without js?! Go ahead, don't disturb others</noscript>\n  <div id=\"root\"></div>\n\n  \n</body>\n\n</html>\n" columns= [Object, Object, Object, Object, Object, Object]  ... > 
  at <DataTable value="<!DOCTYPE html>\n<html lang=\"en\">\n\n<head>\n  <meta charset=\"utf-8\" />\n  <meta name=\"viewport\" content=\"width=device-width, initial-scale=1\" />\n  <meta name=\"theme-color\" content=\"#000000\" />\n  <link rel=\"shortcut icon\" type=\"image/ico\" href=\"/assets/favicon-bc234827.ico\" />\n  <link href=\"https://fonts.googleapis.com/css?family=Roboto:300,400,500\" rel=\"stylesheet\" />\n  <title>Pentaract UI</title>\n\n  <style>\n    *,\n    html {\n      margin: 0;\n      padding: 0;\n    }\n  </style>\n  <script type=\"module\" crossorigin src=\"/assets/index-58b24b54.js\"></script>\n  <link rel=\"stylesheet\" href=\"/assets/index-a4f6c957.css\">\n</head>\n\n<body>\n  <noscript>Wanna write ur own UI without js?! Go ahead, don't disturb others</noscript>\n  <div id=\"root\"></div>\n\n  \n</body>\n\n</html>\n" loading=false stripedRows=""  ... > 
  at <OrdersView onVnodeUnmounted=fn<onVnodeUnmounted> ref=Ref< Proxy(Object) > > 
  at <RouterView> 
  at <AppLayout onVnodeUnmounted=fn<onVnodeUnmounted> ref=Ref< Proxy(Object) > > 
  at <RouterView> 
  at <App> @ http://localhost:5277/node_modules/@vue/runtime-core/dist/runtime-core.esm-bundler.js:49
[    2312ms] [WARNING] [Vue warn]: Invalid prop: type check failed for prop "rowData". Expected Object, got String with value "<". 
  at <BodyCell key=5 rowData="<" column= {__v_isVNode: true, __v_skip: true, type: Object, props: Object, key: null}  ... > 
  at <BodyRow key=undefined rowData="<" index=16  ... > 
  at <TableBody ref="bodyRef" value="<!DOCTYPE html>\n<htm" class=""  ... > 
  at <VirtualScroller ref="virtualScroller" items="<!DOCTYPE html>\n<html lang=\"en\">\n\n<head>\n  <meta charset=\"utf-8\" />\n  <meta name=\"viewport\" content=\"width=device-width, initial-scale=1\" />\n  <meta name=\"theme-color\" content=\"#000000\" />\n  <link rel=\"shortcut icon\" type=\"image/ico\" href=\"/assets/favicon-bc234827.ico\" />\n  <link href=\"https://fonts.googleapis.com/css?family=Roboto:300,400,500\" rel=\"stylesheet\" />\n  <title>Pentaract UI</title>\n\n  <style>\n    *,\n    html {\n      margin: 0;\n      padding: 0;\n    }\n  </style>\n  <script type=\"module\" crossorigin src=\"/assets/index-58b24b54.js\"></script>\n  <link rel=\"stylesheet\" href=\"/assets/index-a4f6c957.css\">\n</head>\n\n<body>\n  <noscript>Wanna write ur own UI without js?! Go ahead, don't disturb others</noscript>\n  <div id=\"root\"></div>\n\n  \n</body>\n\n</html>\n" columns= [Object, Object, Object, Object, Object, Object]  ... > 
  at <DataTable value="<!DOCTYPE html>\n<html lang=\"en\">\n\n<head>\n  <meta charset=\"utf-8\" />\n  <meta name=\"viewport\" content=\"width=device-width, initial-scale=1\" />\n  <meta name=\"theme-color\" content=\"#000000\" />\n  <link rel=\"shortcut icon\" type=\"image/ico\" href=\"/assets/favicon-bc234827.ico\" />\n  <link href=\"https://fonts.googleapis.com/css?family=Roboto:300,400,500\" rel=\"stylesheet\" />\n  <title>Pentaract UI</title>\n\n  <style>\n    *,\n    html {\n      margin: 0;\n      padding: 0;\n    }\n  </style>\n  <script type=\"module\" crossorigin src=\"/assets/index-58b24b54.js\"></script>\n  <link rel=\"stylesheet\" href=\"/assets/index-a4f6c957.css\">\n</head>\n\n<body>\n  <noscript>Wanna write ur own UI without js?! Go ahead, don't disturb others</noscript>\n  <div id=\"root\"></div>\n\n  \n</body>\n\n</html>\n" loading=false stripedRows=""  ... > 
  at <OrdersView onVnodeUnmounted=fn<onVnodeUnmounted> ref=Ref< Proxy(Object) > > 
  at <RouterView> 
  at <AppLayout onVnodeUnmounted=fn<onVnodeUnmounted> ref=Ref< Proxy(Object) > > 
  at <RouterView> 
  at <App> @ http://localhost:5277/node_modules/@vue/runtime-core/dist/runtime-core.esm-bundler.js:49
[    2317ms] [WARNING] [Vue warn]: Invalid prop: type check failed for prop "rowData". Expected Object, got String with value "h". 
  at <BodyRow key=undefined rowData="h" index=17  ... > 
  at <TableBody ref="bodyRef" value="<!DOCTYPE html>\n<htm" class=""  ... > 
  at <VirtualScroller ref="virtualScroller" items="<!DOCTYPE html>\n<html lang=\"en\">\n\n<head>\n  <meta charset=\"utf-8\" />\n  <meta name=\"viewport\" content=\"width=device-width, initial-scale=1\" />\n  <meta name=\"theme-color\" content=\"#000000\" />\n  <link rel=\"shortcut icon\" type=\"image/ico\" href=\"/assets/favicon-bc234827.ico\" />\n  <link href=\"https://fonts.googleapis.com/css?family=Roboto:300,400,500\" rel=\"stylesheet\" />\n  <title>Pentaract UI</title>\n\n  <style>\n    *,\n    html {\n      margin: 0;\n      padding: 0;\n    }\n  </style>\n  <script type=\"module\" crossorigin src=\"/assets/index-58b24b54.js\"></script>\n  <link rel=\"stylesheet\" href=\"/assets/index-a4f6c957.css\">\n</head>\n\n<body>\n  <noscript>Wanna write ur own UI without js?! Go ahead, don't disturb others</noscript>\n  <div id=\"root\"></div>\n\n  \n</body>\n\n</html>\n" columns= [Object, Object, Object, Object, Object, Object]  ... > 
  at <DataTable value="<!DOCTYPE html>\n<html lang=\"en\">\n\n<head>\n  <meta charset=\"utf-8\" />\n  <meta name=\"viewport\" content=\"width=device-width, initial-scale=1\" />\n  <meta name=\"theme-color\" content=\"#000000\" />\n  <link rel=\"shortcut icon\" type=\"image/ico\" href=\"/assets/favicon-bc234827.ico\" />\n  <link href=\"https://fonts.googleapis.com/css?family=Roboto:300,400,500\" rel=\"stylesheet\" />\n  <title>Pentaract UI</title>\n\n  <style>\n    *,\n    html {\n      margin: 0;\n      padding: 0;\n    }\n  </style>\n  <script type=\"module\" crossorigin src=\"/assets/index-58b24b54.js\"></script>\n  <link rel=\"stylesheet\" href=\"/assets/index-a4f6c957.css\">\n</head>\n\n<body>\n  <noscript>Wanna write ur own UI without js?! Go ahead, don't disturb others</noscript>\n  <div id=\"root\"></div>\n\n  \n</body>\n\n</html>\n" loading=false stripedRows=""  ... > 
  at <OrdersView onVnodeUnmounted=fn<onVnodeUnmounted> ref=Ref< Proxy(Object) > > 
  at <RouterView> 
  at <AppLayout onVnodeUnmounted=fn<onVnodeUnmounted> ref=Ref< Proxy(Object) > > 
  at <RouterView> 
  at <App> @ http://localhost:5277/node_modules/@vue/runtime-core/dist/runtime-core.esm-bundler.js:49
[    2319ms] [WARNING] [Vue warn]: Invalid prop: type check failed for prop "value". Expected Array, got String with value "<!DOCTYPE html>
<htm". 
  at <BodyRow key=undefined rowData="h" index=17  ... > 
  at <TableBody ref="bodyRef" value="<!DOCTYPE html>\n<htm" class=""  ... > 
  at <VirtualScroller ref="virtualScroller" items="<!DOCTYPE html>\n<html lang=\"en\">\n\n<head>\n  <meta charset=\"utf-8\" />\n  <meta name=\"viewport\" content=\"width=device-width, initial-scale=1\" />\n  <meta name=\"theme-color\" content=\"#000000\" />\n  <link rel=\"shortcut icon\" type=\"image/ico\" href=\"/assets/favicon-bc234827.ico\" />\n  <link href=\"https://fonts.googleapis.com/css?family=Roboto:300,400,500\" rel=\"stylesheet\" />\n  <title>Pentaract UI</title>\n\n  <style>\n    *,\n    html {\n      margin: 0;\n      padding: 0;\n    }\n  </style>\n  <script type=\"module\" crossorigin src=\"/assets/index-58b24b54.js\"></script>\n  <link rel=\"stylesheet\" href=\"/assets/index-a4f6c957.css\">\n</head>\n\n<body>\n  <noscript>Wanna write ur own UI without js?! Go ahead, don't disturb others</noscript>\n  <div id=\"root\"></div>\n\n  \n</body>\n\n</html>\n" columns= [Object, Object, Object, Object, Object, Object]  ... > 
  at <DataTable value="<!DOCTYPE html>\n<html lang=\"en\">\n\n<head>\n  <meta charset=\"utf-8\" />\n  <meta name=\"viewport\" content=\"width=device-width, initial-scale=1\" />\n  <meta name=\"theme-color\" content=\"#000000\" />\n  <link rel=\"shortcut icon\" type=\"image/ico\" href=\"/assets/favicon-bc234827.ico\" />\n  <link href=\"https://fonts.googleapis.com/css?family=Roboto:300,400,500\" rel=\"stylesheet\" />\n  <title>Pentaract UI</title>\n\n  <style>\n    *,\n    html {\n      margin: 0;\n      padding: 0;\n    }\n  </style>\n  <script type=\"module\" crossorigin src=\"/assets/index-58b24b54.js\"></script>\n  <link rel=\"stylesheet\" href=\"/assets/index-a4f6c957.css\">\n</head>\n\n<body>\n  <noscript>Wanna write ur own UI without js?! Go ahead, don't disturb others</noscript>\n  <div id=\"root\"></div>\n\n  \n</body>\n\n</html>\n" loading=false stripedRows=""  ... > 
  at <OrdersView onVnodeUnmounted=fn<onVnodeUnmounted> ref=Ref< Proxy(Object) > > 
  at <RouterView> 
  at <AppLayout onVnodeUnmounted=fn<onVnodeUnmounted> ref=Ref< Proxy(Object) > > 
  at <RouterView> 
  at <App> @ http://localhost:5277/node_modules/@vue/runtime-core/dist/runtime-core.esm-bundler.js:49
[    2321ms] [WARNING] [Vue warn]: Invalid prop: type check failed for prop "rowData". Expected Object, got String with value "h". 
  at <BodyCell key="id" rowData="h" column= {__v_isVNode: true, __v_skip: true, type: Object, props: Object, key: null}  ... > 
  at <BodyRow key=undefined rowData="h" index=17  ... > 
  at <TableBody ref="bodyRef" value="<!DOCTYPE html>\n<htm" class=""  ... > 
  at <VirtualScroller ref="virtualScroller" items="<!DOCTYPE html>\n<html lang=\"en\">\n\n<head>\n  <meta charset=\"utf-8\" />\n  <meta name=\"viewport\" content=\"width=device-width, initial-scale=1\" />\n  <meta name=\"theme-color\" content=\"#000000\" />\n  <link rel=\"shortcut icon\" type=\"image/ico\" href=\"/assets/favicon-bc234827.ico\" />\n  <link href=\"https://fonts.googleapis.com/css?family=Roboto:300,400,500\" rel=\"stylesheet\" />\n  <title>Pentaract UI</title>\n\n  <style>\n    *,\n    html {\n      margin: 0;\n      padding: 0;\n    }\n  </style>\n  <script type=\"module\" crossorigin src=\"/assets/index-58b24b54.js\"></script>\n  <link rel=\"stylesheet\" href=\"/assets/index-a4f6c957.css\">\n</head>\n\n<body>\n  <noscript>Wanna write ur own UI without js?! Go ahead, don't disturb others</noscript>\n  <div id=\"root\"></div>\n\n  \n</body>\n\n</html>\n" columns= [Object, Object, Object, Object, Object, Object]  ... > 
  at <DataTable value="<!DOCTYPE html>\n<html lang=\"en\">\n\n<head>\n  <meta charset=\"utf-8\" />\n  <meta name=\"viewport\" content=\"width=device-width, initial-scale=1\" />\n  <meta name=\"theme-color\" content=\"#000000\" />\n  <link rel=\"shortcut icon\" type=\"image/ico\" href=\"/assets/favicon-bc234827.ico\" />\n  <link href=\"https://fonts.googleapis.com/css?family=Roboto:300,400,500\" rel=\"stylesheet\" />\n  <title>Pentaract UI</title>\n\n  <style>\n    *,\n    html {\n      margin: 0;\n      padding: 0;\n    }\n  </style>\n  <script type=\"module\" crossorigin src=\"/assets/index-58b24b54.js\"></script>\n  <link rel=\"stylesheet\" href=\"/assets/index-a4f6c957.css\">\n</head>\n\n<body>\n  <noscript>Wanna write ur own UI without js?! Go ahead, don't disturb others</noscript>\n  <div id=\"root\"></div>\n\n  \n</body>\n\n</html>\n" loading=false stripedRows=""  ... > 
  at <OrdersView onVnodeUnmounted=fn<onVnodeUnmounted> ref=Ref< Proxy(Object) > > 
  at <RouterView> 
  at <AppLayout onVnodeUnmounted=fn<onVnodeUnmounted> ref=Ref< Proxy(Object) > > 
  at <RouterView> 
  at <App> @ http://localhost:5277/node_modules/@vue/runtime-core/dist/runtime-core.esm-bundler.js:49
[    2323ms] [WARNING] [Vue warn]: Invalid prop: type check failed for prop "rowData". Expected Object, got String with value "h". 
  at <BodyCell key="client_id" rowData="h" column= {__v_isVNode: true, __v_skip: true, type: Object, props: Object, key: null}  ... > 
  at <BodyRow key=undefined rowData="h" index=17  ... > 
  at <TableBody ref="bodyRef" value="<!DOCTYPE html>\n<htm" class=""  ... > 
  at <VirtualScroller ref="virtualScroller" items="<!DOCTYPE html>\n<html lang=\"en\">\n\n<head>\n  <meta charset=\"utf-8\" />\n  <meta name=\"viewport\" content=\"width=device-width, initial-scale=1\" />\n  <meta name=\"theme-color\" content=\"#000000\" />\n  <link rel=\"shortcut icon\" type=\"image/ico\" href=\"/assets/favicon-bc234827.ico\" />\n  <link href=\"https://fonts.googleapis.com/css?family=Roboto:300,400,500\" rel=\"stylesheet\" />\n  <title>Pentaract UI</title>\n\n  <style>\n    *,\n    html {\n      margin: 0;\n      padding: 0;\n    }\n  </style>\n  <script type=\"module\" crossorigin src=\"/assets/index-58b24b54.js\"></script>\n  <link rel=\"stylesheet\" href=\"/assets/index-a4f6c957.css\">\n</head>\n\n<body>\n  <noscript>Wanna write ur own UI without js?! Go ahead, don't disturb others</noscript>\n  <div id=\"root\"></div>\n\n  \n</body>\n\n</html>\n" columns= [Object, Object, Object, Object, Object, Object]  ... > 
  at <DataTable value="<!DOCTYPE html>\n<html lang=\"en\">\n\n<head>\n  <meta charset=\"utf-8\" />\n  <meta name=\"viewport\" content=\"width=device-width, initial-scale=1\" />\n  <meta name=\"theme-color\" content=\"#000000\" />\n  <link rel=\"shortcut icon\" type=\"image/ico\" href=\"/assets/favicon-bc234827.ico\" />\n  <link href=\"https://fonts.googleapis.com/css?family=Roboto:300,400,500\" rel=\"stylesheet\" />\n  <title>Pentaract UI</title>\n\n  <style>\n    *,\n    html {\n      margin: 0;\n      padding: 0;\n    }\n  </style>\n  <script type=\"module\" crossorigin src=\"/assets/index-58b24b54.js\"></script>\n  <link rel=\"stylesheet\" href=\"/assets/index-a4f6c957.css\">\n</head>\n\n<body>\n  <noscript>Wanna write ur own UI without js?! Go ahead, don't disturb others</noscript>\n  <div id=\"root\"></div>\n\n  \n</body>\n\n</html>\n" loading=false stripedRows=""  ... > 
  at <OrdersView onVnodeUnmounted=fn<onVnodeUnmounted> ref=Ref< Proxy(Object) > > 
  at <RouterView> 
  at <AppLayout onVnodeUnmounted=fn<onVnodeUnmounted> ref=Ref< Proxy(Object) > > 
  at <RouterView> 
  at <App> @ http://localhost:5277/node_modules/@vue/runtime-core/dist/runtime-core.esm-bundler.js:49
[    2325ms] [WARNING] [Vue warn]: Invalid prop: type check failed for prop "rowData". Expected Object, got String with value "h". 
  at <BodyCell key="source" rowData="h" column= {__v_isVNode: true, __v_skip: true, type: Object, props: Object, key: null}  ... > 
  at <BodyRow key=undefined rowData="h" index=17  ... > 
  at <TableBody ref="bodyRef" value="<!DOCTYPE html>\n<htm" class=""  ... > 
  at <VirtualScroller ref="virtualScroller" items="<!DOCTYPE html>\n<html lang=\"en\">\n\n<head>\n  <meta charset=\"utf-8\" />\n  <meta name=\"viewport\" content=\"width=device-width, initial-scale=1\" />\n  <meta name=\"theme-color\" content=\"#000000\" />\n  <link rel=\"shortcut icon\" type=\"image/ico\" href=\"/assets/favicon-bc234827.ico\" />\n  <link href=\"https://fonts.googleapis.com/css?family=Roboto:300,400,500\" rel=\"stylesheet\" />\n  <title>Pentaract UI</title>\n\n  <style>\n    *,\n    html {\n      margin: 0;\n      padding: 0;\n    }\n  </style>\n  <script type=\"module\" crossorigin src=\"/assets/index-58b24b54.js\"></script>\n  <link rel=\"stylesheet\" href=\"/assets/index-a4f6c957.css\">\n</head>\n\n<body>\n  <noscript>Wanna write ur own UI without js?! Go ahead, don't disturb others</noscript>\n  <div id=\"root\"></div>\n\n  \n</body>\n\n</html>\n" columns= [Object, Object, Object, Object, Object, Object]  ... > 
  at <DataTable value="<!DOCTYPE html>\n<html lang=\"en\">\n\n<head>\n  <meta charset=\"utf-8\" />\n  <meta name=\"viewport\" content=\"width=device-width, initial-scale=1\" />\n  <meta name=\"theme-color\" content=\"#000000\" />\n  <link rel=\"shortcut icon\" type=\"image/ico\" href=\"/assets/favicon-bc234827.ico\" />\n  <link href=\"https://fonts.googleapis.com/css?family=Roboto:300,400,500\" rel=\"stylesheet\" />\n  <title>Pentaract UI</title>\n\n  <style>\n    *,\n    html {\n      margin: 0;\n      padding: 0;\n    }\n  </style>\n  <script type=\"module\" crossorigin src=\"/assets/index-58b24b54.js\"></script>\n  <link rel=\"stylesheet\" href=\"/assets/index-a4f6c957.css\">\n</head>\n\n<body>\n  <noscript>Wanna write ur own UI without js?! Go ahead, don't disturb others</noscript>\n  <div id=\"root\"></div>\n\n  \n</body>\n\n</html>\n" loading=false stripedRows=""  ... > 
  at <OrdersView onVnodeUnmounted=fn<onVnodeUnmounted> ref=Ref< Proxy(Object) > > 
  at <RouterView> 
  at <AppLayout onVnodeUnmounted=fn<onVnodeUnmounted> ref=Ref< Proxy(Object) > > 
  at <RouterView> 
  at <App> @ http://localhost:5277/node_modules/@vue/runtime-core/dist/runtime-core.esm-bundler.js:49
[    2328ms] [WARNING] [Vue warn]: Invalid prop: type check failed for prop "rowData". Expected Object, got String with value "h". 
  at <BodyCell key="status" rowData="h" column= {__v_isVNode: true, __v_skip: true, type: Object, props: Object, key: null}  ... > 
  at <BodyRow key=undefined rowData="h" index=17  ... > 
  at <TableBody ref="bodyRef" value="<!DOCTYPE html>\n<htm" class=""  ... > 
  at <VirtualScroller ref="virtualScroller" items="<!DOCTYPE html>\n<html lang=\"en\">\n\n<head>\n  <meta charset=\"utf-8\" />\n  <meta name=\"viewport\" content=\"width=device-width, initial-scale=1\" />\n  <meta name=\"theme-color\" content=\"#000000\" />\n  <link rel=\"shortcut icon\" type=\"image/ico\" href=\"/assets/favicon-bc234827.ico\" />\n  <link href=\"https://fonts.googleapis.com/css?family=Roboto:300,400,500\" rel=\"stylesheet\" />\n  <title>Pentaract UI</title>\n\n  <style>\n    *,\n    html {\n      margin: 0;\n      padding: 0;\n    }\n  </style>\n  <script type=\"module\" crossorigin src=\"/assets/index-58b24b54.js\"></script>\n  <link rel=\"stylesheet\" href=\"/assets/index-a4f6c957.css\">\n</head>\n\n<body>\n  <noscript>Wanna write ur own UI without js?! Go ahead, don't disturb others</noscript>\n  <div id=\"root\"></div>\n\n  \n</body>\n\n</html>\n" columns= [Object, Object, Object, Object, Object, Object]  ... > 
  at <DataTable value="<!DOCTYPE html>\n<html lang=\"en\">\n\n<head>\n  <meta charset=\"utf-8\" />\n  <meta name=\"viewport\" content=\"width=device-width, initial-scale=1\" />\n  <meta name=\"theme-color\" content=\"#000000\" />\n  <link rel=\"shortcut icon\" type=\"image/ico\" href=\"/assets/favicon-bc234827.ico\" />\n  <link href=\"https://fonts.googleapis.com/css?family=Roboto:300,400,500\" rel=\"stylesheet\" />\n  <title>Pentaract UI</title>\n\n  <style>\n    *,\n    html {\n      margin: 0;\n      padding: 0;\n    }\n  </style>\n  <script type=\"module\" crossorigin src=\"/assets/index-58b24b54.js\"></script>\n  <link rel=\"stylesheet\" href=\"/assets/index-a4f6c957.css\">\n</head>\n\n<body>\n  <noscript>Wanna write ur own UI without js?! Go ahead, don't disturb others</noscript>\n  <div id=\"root\"></div>\n\n  \n</body>\n\n</html>\n" loading=false stripedRows=""  ... > 
  at <OrdersView onVnodeUnmounted=fn<onVnodeUnmounted> ref=Ref< Proxy(Object) > > 
  at <RouterView> 
  at <AppLayout onVnodeUnmounted=fn<onVnodeUnmounted> ref=Ref< Proxy(Object) > > 
  at <RouterView> 
  at <App> @ http://localhost:5277/node_modules/@vue/runtime-core/dist/runtime-core.esm-bundler.js:49
[    2331ms] [WARNING] [Vue warn]: Invalid prop: type check failed for prop "rowData". Expected Object, got String with value "h". 
  at <BodyCell key="created_at" rowData="h" column= {__v_isVNode: true, __v_skip: true, type: Object, props: Object, key: null}  ... > 
  at <BodyRow key=undefined rowData="h" index=17  ... > 
  at <TableBody ref="bodyRef" value="<!DOCTYPE html>\n<htm" class=""  ... > 
  at <VirtualScroller ref="virtualScroller" items="<!DOCTYPE html>\n<html lang=\"en\">\n\n<head>\n  <meta charset=\"utf-8\" />\n  <meta name=\"viewport\" content=\"width=device-width, initial-scale=1\" />\n  <meta name=\"theme-color\" content=\"#000000\" />\n  <link rel=\"shortcut icon\" type=\"image/ico\" href=\"/assets/favicon-bc234827.ico\" />\n  <link href=\"https://fonts.googleapis.com/css?family=Roboto:300,400,500\" rel=\"stylesheet\" />\n  <title>Pentaract UI</title>\n\n  <style>\n    *,\n    html {\n      margin: 0;\n      padding: 0;\n    }\n  </style>\n  <script type=\"module\" crossorigin src=\"/assets/index-58b24b54.js\"></script>\n  <link rel=\"stylesheet\" href=\"/assets/index-a4f6c957.css\">\n</head>\n\n<body>\n  <noscript>Wanna write ur own UI without js?! Go ahead, don't disturb others</noscript>\n  <div id=\"root\"></div>\n\n  \n</body>\n\n</html>\n" columns= [Object, Object, Object, Object, Object, Object]  ... > 
  at <DataTable value="<!DOCTYPE html>\n<html lang=\"en\">\n\n<head>\n  <meta charset=\"utf-8\" />\n  <meta name=\"viewport\" content=\"width=device-width, initial-scale=1\" />\n  <meta name=\"theme-color\" content=\"#000000\" />\n  <link rel=\"shortcut icon\" type=\"image/ico\" href=\"/assets/favicon-bc234827.ico\" />\n  <link href=\"https://fonts.googleapis.com/css?family=Roboto:300,400,500\" rel=\"stylesheet\" />\n  <title>Pentaract UI</title>\n\n  <style>\n    *,\n    html {\n      margin: 0;\n      padding: 0;\n    }\n  </style>\n  <script type=\"module\" crossorigin src=\"/assets/index-58b24b54.js\"></script>\n  <link rel=\"stylesheet\" href=\"/assets/index-a4f6c957.css\">\n</head>\n\n<body>\n  <noscript>Wanna write ur own UI without js?! Go ahead, don't disturb others</noscript>\n  <div id=\"root\"></div>\n\n  \n</body>\n\n</html>\n" loading=false stripedRows=""  ... > 
  at <OrdersView onVnodeUnmounted=fn<onVnodeUnmounted> ref=Ref< Proxy(Object) > > 
  at <RouterView> 
  at <AppLayout onVnodeUnmounted=fn<onVnodeUnmounted> ref=Ref< Proxy(Object) > > 
  at <RouterView> 
  at <App> @ http://localhost:5277/node_modules/@vue/runtime-core/dist/runtime-core.esm-bundler.js:49
[    2333ms] [WARNING] [Vue warn]: Invalid prop: type check failed for prop "rowData". Expected Object, got String with value "h". 
  at <BodyCell key=5 rowData="h" column= {__v_isVNode: true, __v_skip: true, type: Object, props: Object, key: null}  ... > 
  at <BodyRow key=undefined rowData="h" index=17  ... > 
  at <TableBody ref="bodyRef" value="<!DOCTYPE html>\n<htm" class=""  ... > 
  at <VirtualScroller ref="virtualScroller" items="<!DOCTYPE html>\n<html lang=\"en\">\n\n<head>\n  <meta charset=\"utf-8\" />\n  <meta name=\"viewport\" content=\"width=device-width, initial-scale=1\" />\n  <meta name=\"theme-color\" content=\"#000000\" />\n  <link rel=\"shortcut icon\" type=\"image/ico\" href=\"/assets/favicon-bc234827.ico\" />\n  <link href=\"https://fonts.googleapis.com/css?family=Roboto:300,400,500\" rel=\"stylesheet\" />\n  <title>Pentaract UI</title>\n\n  <style>\n    *,\n    html {\n      margin: 0;\n      padding: 0;\n    }\n  </style>\n  <script type=\"module\" crossorigin src=\"/assets/index-58b24b54.js\"></script>\n  <link rel=\"stylesheet\" href=\"/assets/index-a4f6c957.css\">\n</head>\n\n<body>\n  <noscript>Wanna write ur own UI without js?! Go ahead, don't disturb others</noscript>\n  <div id=\"root\"></div>\n\n  \n</body>\n\n</html>\n" columns= [Object, Object, Object, Object, Object, Object]  ... > 
  at <DataTable value="<!DOCTYPE html>\n<html lang=\"en\">\n\n<head>\n  <meta charset=\"utf-8\" />\n  <meta name=\"viewport\" content=\"width=device-width, initial-scale=1\" />\n  <meta name=\"theme-color\" content=\"#000000\" />\n  <link rel=\"shortcut icon\" type=\"image/ico\" href=\"/assets/favicon-bc234827.ico\" />\n  <link href=\"https://fonts.googleapis.com/css?family=Roboto:300,400,500\" rel=\"stylesheet\" />\n  <title>Pentaract UI</title>\n\n  <style>\n    *,\n    html {\n      margin: 0;\n      padding: 0;\n    }\n  </style>\n  <script type=\"module\" crossorigin src=\"/assets/index-58b24b54.js\"></script>\n  <link rel=\"stylesheet\" href=\"/assets/index-a4f6c957.css\">\n</head>\n\n<body>\n  <noscript>Wanna write ur own UI without js?! Go ahead, don't disturb others</noscript>\n  <div id=\"root\"></div>\n\n  \n</body>\n\n</html>\n" loading=false stripedRows=""  ... > 
  at <OrdersView onVnodeUnmounted=fn<onVnodeUnmounted> ref=Ref< Proxy(Object) > > 
  at <RouterView> 
  at <AppLayout onVnodeUnmounted=fn<onVnodeUnmounted> ref=Ref< Proxy(Object) > > 
  at <RouterView> 
  at <App> @ http://localhost:5277/node_modules/@vue/runtime-core/dist/runtime-core.esm-bundler.js:49
[    2337ms] [WARNING] [Vue warn]: Invalid prop: type check failed for prop "rowData". Expected Object, got String with value "t". 
  at <BodyRow key=undefined rowData="t" index=18  ... > 
  at <TableBody ref="bodyRef" value="<!DOCTYPE html>\n<htm" class=""  ... > 
  at <VirtualScroller ref="virtualScroller" items="<!DOCTYPE html>\n<html lang=\"en\">\n\n<head>\n  <meta charset=\"utf-8\" />\n  <meta name=\"viewport\" content=\"width=device-width, initial-scale=1\" />\n  <meta name=\"theme-color\" content=\"#000000\" />\n  <link rel=\"shortcut icon\" type=\"image/ico\" href=\"/assets/favicon-bc234827.ico\" />\n  <link href=\"https://fonts.googleapis.com/css?family=Roboto:300,400,500\" rel=\"stylesheet\" />\n  <title>Pentaract UI</title>\n\n  <style>\n    *,\n    html {\n      margin: 0;\n      padding: 0;\n    }\n  </style>\n  <script type=\"module\" crossorigin src=\"/assets/index-58b24b54.js\"></script>\n  <link rel=\"stylesheet\" href=\"/assets/index-a4f6c957.css\">\n</head>\n\n<body>\n  <noscript>Wanna write ur own UI without js?! Go ahead, don't disturb others</noscript>\n  <div id=\"root\"></div>\n\n  \n</body>\n\n</html>\n" columns= [Object, Object, Object, Object, Object, Object]  ... > 
  at <DataTable value="<!DOCTYPE html>\n<html lang=\"en\">\n\n<head>\n  <meta charset=\"utf-8\" />\n  <meta name=\"viewport\" content=\"width=device-width, initial-scale=1\" />\n  <meta name=\"theme-color\" content=\"#000000\" />\n  <link rel=\"shortcut icon\" type=\"image/ico\" href=\"/assets/favicon-bc234827.ico\" />\n  <link href=\"https://fonts.googleapis.com/css?family=Roboto:300,400,500\" rel=\"stylesheet\" />\n  <title>Pentaract UI</title>\n\n  <style>\n    *,\n    html {\n      margin: 0;\n      padding: 0;\n    }\n  </style>\n  <script type=\"module\" crossorigin src=\"/assets/index-58b24b54.js\"></script>\n  <link rel=\"stylesheet\" href=\"/assets/index-a4f6c957.css\">\n</head>\n\n<body>\n  <noscript>Wanna write ur own UI without js?! Go ahead, don't disturb others</noscript>\n  <div id=\"root\"></div>\n\n  \n</body>\n\n</html>\n" loading=false stripedRows=""  ... > 
  at <OrdersView onVnodeUnmounted=fn<onVnodeUnmounted> ref=Ref< Proxy(Object) > > 
  at <RouterView> 
  at <AppLayout onVnodeUnmounted=fn<onVnodeUnmounted> ref=Ref< Proxy(Object) > > 
  at <RouterView> 
  at <App> @ http://localhost:5277/node_modules/@vue/runtime-core/dist/runtime-core.esm-bundler.js:49
[    2338ms] [WARNING] [Vue warn]: Invalid prop: type check failed for prop "value". Expected Array, got String with value "<!DOCTYPE html>
<htm". 
  at <BodyRow key=undefined rowData="t" index=18  ... > 
  at <TableBody ref="bodyRef" value="<!DOCTYPE html>\n<htm" class=""  ... > 
  at <VirtualScroller ref="virtualScroller" items="<!DOCTYPE html>\n<html lang=\"en\">\n\n<head>\n  <meta charset=\"utf-8\" />\n  <meta name=\"viewport\" content=\"width=device-width, initial-scale=1\" />\n  <meta name=\"theme-color\" content=\"#000000\" />\n  <link rel=\"shortcut icon\" type=\"image/ico\" href=\"/assets/favicon-bc234827.ico\" />\n  <link href=\"https://fonts.googleapis.com/css?family=Roboto:300,400,500\" rel=\"stylesheet\" />\n  <title>Pentaract UI</title>\n\n  <style>\n    *,\n    html {\n      margin: 0;\n      padding: 0;\n    }\n  </style>\n  <script type=\"module\" crossorigin src=\"/assets/index-58b24b54.js\"></script>\n  <link rel=\"stylesheet\" href=\"/assets/index-a4f6c957.css\">\n</head>\n\n<body>\n  <noscript>Wanna write ur own UI without js?! Go ahead, don't disturb others</noscript>\n  <div id=\"root\"></div>\n\n  \n</body>\n\n</html>\n" columns= [Object, Object, Object, Object, Object, Object]  ... > 
  at <DataTable value="<!DOCTYPE html>\n<html lang=\"en\">\n\n<head>\n  <meta charset=\"utf-8\" />\n  <meta name=\"viewport\" content=\"width=device-width, initial-scale=1\" />\n  <meta name=\"theme-color\" content=\"#000000\" />\n  <link rel=\"shortcut icon\" type=\"image/ico\" href=\"/assets/favicon-bc234827.ico\" />\n  <link href=\"https://fonts.googleapis.com/css?family=Roboto:300,400,500\" rel=\"stylesheet\" />\n  <title>Pentaract UI</title>\n\n  <style>\n    *,\n    html {\n      margin: 0;\n      padding: 0;\n    }\n  </style>\n  <script type=\"module\" crossorigin src=\"/assets/index-58b24b54.js\"></script>\n  <link rel=\"stylesheet\" href=\"/assets/index-a4f6c957.css\">\n</head>\n\n<body>\n  <noscript>Wanna write ur own UI without js?! Go ahead, don't disturb others</noscript>\n  <div id=\"root\"></div>\n\n  \n</body>\n\n</html>\n" loading=false stripedRows=""  ... > 
  at <OrdersView onVnodeUnmounted=fn<onVnodeUnmounted> ref=Ref< Proxy(Object) > > 
  at <RouterView> 
  at <AppLayout onVnodeUnmounted=fn<onVnodeUnmounted> ref=Ref< Proxy(Object) > > 
  at <RouterView> 
  at <App> @ http://localhost:5277/node_modules/@vue/runtime-core/dist/runtime-core.esm-bundler.js:49
[    2341ms] [WARNING] [Vue warn]: Invalid prop: type check failed for prop "rowData". Expected Object, got String with value "t". 
  at <BodyCell key="id" rowData="t" column= {__v_isVNode: true, __v_skip: true, type: Object, props: Object, key: null}  ... > 
  at <BodyRow key=undefined rowData="t" index=18  ... > 
  at <TableBody ref="bodyRef" value="<!DOCTYPE html>\n<htm" class=""  ... > 
  at <VirtualScroller ref="virtualScroller" items="<!DOCTYPE html>\n<html lang=\"en\">\n\n<head>\n  <meta charset=\"utf-8\" />\n  <meta name=\"viewport\" content=\"width=device-width, initial-scale=1\" />\n  <meta name=\"theme-color\" content=\"#000000\" />\n  <link rel=\"shortcut icon\" type=\"image/ico\" href=\"/assets/favicon-bc234827.ico\" />\n  <link href=\"https://fonts.googleapis.com/css?family=Roboto:300,400,500\" rel=\"stylesheet\" />\n  <title>Pentaract UI</title>\n\n  <style>\n    *,\n    html {\n      margin: 0;\n      padding: 0;\n    }\n  </style>\n  <script type=\"module\" crossorigin src=\"/assets/index-58b24b54.js\"></script>\n  <link rel=\"stylesheet\" href=\"/assets/index-a4f6c957.css\">\n</head>\n\n<body>\n  <noscript>Wanna write ur own UI without js?! Go ahead, don't disturb others</noscript>\n  <div id=\"root\"></div>\n\n  \n</body>\n\n</html>\n" columns= [Object, Object, Object, Object, Object, Object]  ... > 
  at <DataTable value="<!DOCTYPE html>\n<html lang=\"en\">\n\n<head>\n  <meta charset=\"utf-8\" />\n  <meta name=\"viewport\" content=\"width=device-width, initial-scale=1\" />\n  <meta name=\"theme-color\" content=\"#000000\" />\n  <link rel=\"shortcut icon\" type=\"image/ico\" href=\"/assets/favicon-bc234827.ico\" />\n  <link href=\"https://fonts.googleapis.com/css?family=Roboto:300,400,500\" rel=\"stylesheet\" />\n  <title>Pentaract UI</title>\n\n  <style>\n    *,\n    html {\n      margin: 0;\n      padding: 0;\n    }\n  </style>\n  <script type=\"module\" crossorigin src=\"/assets/index-58b24b54.js\"></script>\n  <link rel=\"stylesheet\" href=\"/assets/index-a4f6c957.css\">\n</head>\n\n<body>\n  <noscript>Wanna write ur own UI without js?! Go ahead, don't disturb others</noscript>\n  <div id=\"root\"></div>\n\n  \n</body>\n\n</html>\n" loading=false stripedRows=""  ... > 
  at <OrdersView onVnodeUnmounted=fn<onVnodeUnmounted> ref=Ref< Proxy(Object) > > 
  at <RouterView> 
  at <AppLayout onVnodeUnmounted=fn<onVnodeUnmounted> ref=Ref< Proxy(Object) > > 
  at <RouterView> 
  at <App> @ http://localhost:5277/node_modules/@vue/runtime-core/dist/runtime-core.esm-bundler.js:49
[    2345ms] [WARNING] [Vue warn]: Invalid prop: type check failed for prop "rowData". Expected Object, got String with value "t". 
  at <BodyCell key="client_id" rowData="t" column= {__v_isVNode: true, __v_skip: true, type: Object, props: Object, key: null}  ... > 
  at <BodyRow key=undefined rowData="t" index=18  ... > 
  at <TableBody ref="bodyRef" value="<!DOCTYPE html>\n<htm" class=""  ... > 
  at <VirtualScroller ref="virtualScroller" items="<!DOCTYPE html>\n<html lang=\"en\">\n\n<head>\n  <meta charset=\"utf-8\" />\n  <meta name=\"viewport\" content=\"width=device-width, initial-scale=1\" />\n  <meta name=\"theme-color\" content=\"#000000\" />\n  <link rel=\"shortcut icon\" type=\"image/ico\" href=\"/assets/favicon-bc234827.ico\" />\n  <link href=\"https://fonts.googleapis.com/css?family=Roboto:300,400,500\" rel=\"stylesheet\" />\n  <title>Pentaract UI</title>\n\n  <style>\n    *,\n    html {\n      margin: 0;\n      padding: 0;\n    }\n  </style>\n  <script type=\"module\" crossorigin src=\"/assets/index-58b24b54.js\"></script>\n  <link rel=\"stylesheet\" href=\"/assets/index-a4f6c957.css\">\n</head>\n\n<body>\n  <noscript>Wanna write ur own UI without js?! Go ahead, don't disturb others</noscript>\n  <div id=\"root\"></div>\n\n  \n</body>\n\n</html>\n" columns= [Object, Object, Object, Object, Object, Object]  ... > 
  at <DataTable value="<!DOCTYPE html>\n<html lang=\"en\">\n\n<head>\n  <meta charset=\"utf-8\" />\n  <meta name=\"viewport\" content=\"width=device-width, initial-scale=1\" />\n  <meta name=\"theme-color\" content=\"#000000\" />\n  <link rel=\"shortcut icon\" type=\"image/ico\" href=\"/assets/favicon-bc234827.ico\" />\n  <link href=\"https://fonts.googleapis.com/css?family=Roboto:300,400,500\" rel=\"stylesheet\" />\n  <title>Pentaract UI</title>\n\n  <style>\n    *,\n    html {\n      margin: 0;\n      padding: 0;\n    }\n  </style>\n  <script type=\"module\" crossorigin src=\"/assets/index-58b24b54.js\"></script>\n  <link rel=\"stylesheet\" href=\"/assets/index-a4f6c957.css\">\n</head>\n\n<body>\n  <noscript>Wanna write ur own UI without js?! Go ahead, don't disturb others</noscript>\n  <div id=\"root\"></div>\n\n  \n</body>\n\n</html>\n" loading=false stripedRows=""  ... > 
  at <OrdersView onVnodeUnmounted=fn<onVnodeUnmounted> ref=Ref< Proxy(Object) > > 
  at <RouterView> 
  at <AppLayout onVnodeUnmounted=fn<onVnodeUnmounted> ref=Ref< Proxy(Object) > > 
  at <RouterView> 
  at <App> @ http://localhost:5277/node_modules/@vue/runtime-core/dist/runtime-core.esm-bundler.js:49
[    2349ms] [WARNING] [Vue warn]: Invalid prop: type check failed for prop "rowData". Expected Object, got String with value "t". 
  at <BodyCell key="source" rowData="t" column= {__v_isVNode: true, __v_skip: true, type: Object, props: Object, key: null}  ... > 
  at <BodyRow key=undefined rowData="t" index=18  ... > 
  at <TableBody ref="bodyRef" value="<!DOCTYPE html>\n<htm" class=""  ... > 
  at <VirtualScroller ref="virtualScroller" items="<!DOCTYPE html>\n<html lang=\"en\">\n\n<head>\n  <meta charset=\"utf-8\" />\n  <meta name=\"viewport\" content=\"width=device-width, initial-scale=1\" />\n  <meta name=\"theme-color\" content=\"#000000\" />\n  <link rel=\"shortcut icon\" type=\"image/ico\" href=\"/assets/favicon-bc234827.ico\" />\n  <link href=\"https://fonts.googleapis.com/css?family=Roboto:300,400,500\" rel=\"stylesheet\" />\n  <title>Pentaract UI</title>\n\n  <style>\n    *,\n    html {\n      margin: 0;\n      padding: 0;\n    }\n  </style>\n  <script type=\"module\" crossorigin src=\"/assets/index-58b24b54.js\"></script>\n  <link rel=\"stylesheet\" href=\"/assets/index-a4f6c957.css\">\n</head>\n\n<body>\n  <noscript>Wanna write ur own UI without js?! Go ahead, don't disturb others</noscript>\n  <div id=\"root\"></div>\n\n  \n</body>\n\n</html>\n" columns= [Object, Object, Object, Object, Object, Object]  ... > 
  at <DataTable value="<!DOCTYPE html>\n<html lang=\"en\">\n\n<head>\n  <meta charset=\"utf-8\" />\n  <meta name=\"viewport\" content=\"width=device-width, initial-scale=1\" />\n  <meta name=\"theme-color\" content=\"#000000\" />\n  <link rel=\"shortcut icon\" type=\"image/ico\" href=\"/assets/favicon-bc234827.ico\" />\n  <link href=\"https://fonts.googleapis.com/css?family=Roboto:300,400,500\" rel=\"stylesheet\" />\n  <title>Pentaract UI</title>\n\n  <style>\n    *,\n    html {\n      margin: 0;\n      padding: 0;\n    }\n  </style>\n  <script type=\"module\" crossorigin src=\"/assets/index-58b24b54.js\"></script>\n  <link rel=\"stylesheet\" href=\"/assets/index-a4f6c957.css\">\n</head>\n\n<body>\n  <noscript>Wanna write ur own UI without js?! Go ahead, don't disturb others</noscript>\n  <div id=\"root\"></div>\n\n  \n</body>\n\n</html>\n" loading=false stripedRows=""  ... > 
  at <OrdersView onVnodeUnmounted=fn<onVnodeUnmounted> ref=Ref< Proxy(Object) > > 
  at <RouterView> 
  at <AppLayout onVnodeUnmounted=fn<onVnodeUnmounted> ref=Ref< Proxy(Object) > > 
  at <RouterView> 
  at <App> @ http://localhost:5277/node_modules/@vue/runtime-core/dist/runtime-core.esm-bundler.js:49
[    2353ms] [WARNING] [Vue warn]: Invalid prop: type check failed for prop "rowData". Expected Object, got String with value "t". 
  at <BodyCell key="status" rowData="t" column= {__v_isVNode: true, __v_skip: true, type: Object, props: Object, key: null}  ... > 
  at <BodyRow key=undefined rowData="t" index=18  ... > 
  at <TableBody ref="bodyRef" value="<!DOCTYPE html>\n<htm" class=""  ... > 
  at <VirtualScroller ref="virtualScroller" items="<!DOCTYPE html>\n<html lang=\"en\">\n\n<head>\n  <meta charset=\"utf-8\" />\n  <meta name=\"viewport\" content=\"width=device-width, initial-scale=1\" />\n  <meta name=\"theme-color\" content=\"#000000\" />\n  <link rel=\"shortcut icon\" type=\"image/ico\" href=\"/assets/favicon-bc234827.ico\" />\n  <link href=\"https://fonts.googleapis.com/css?family=Roboto:300,400,500\" rel=\"stylesheet\" />\n  <title>Pentaract UI</title>\n\n  <style>\n    *,\n    html {\n      margin: 0;\n      padding: 0;\n    }\n  </style>\n  <script type=\"module\" crossorigin src=\"/assets/index-58b24b54.js\"></script>\n  <link rel=\"stylesheet\" href=\"/assets/index-a4f6c957.css\">\n</head>\n\n<body>\n  <noscript>Wanna write ur own UI without js?! Go ahead, don't disturb others</noscript>\n  <div id=\"root\"></div>\n\n  \n</body>\n\n</html>\n" columns= [Object, Object, Object, Object, Object, Object]  ... > 
  at <DataTable value="<!DOCTYPE html>\n<html lang=\"en\">\n\n<head>\n  <meta charset=\"utf-8\" />\n  <meta name=\"viewport\" content=\"width=device-width, initial-scale=1\" />\n  <meta name=\"theme-color\" content=\"#000000\" />\n  <link rel=\"shortcut icon\" type=\"image/ico\" href=\"/assets/favicon-bc234827.ico\" />\n  <link href=\"https://fonts.googleapis.com/css?family=Roboto:300,400,500\" rel=\"stylesheet\" />\n  <title>Pentaract UI</title>\n\n  <style>\n    *,\n    html {\n      margin: 0;\n      padding: 0;\n    }\n  </style>\n  <script type=\"module\" crossorigin src=\"/assets/index-58b24b54.js\"></script>\n  <link rel=\"stylesheet\" href=\"/assets/index-a4f6c957.css\">\n</head>\n\n<body>\n  <noscript>Wanna write ur own UI without js?! Go ahead, don't disturb others</noscript>\n  <div id=\"root\"></div>\n\n  \n</body>\n\n</html>\n" loading=false stripedRows=""  ... > 
  at <OrdersView onVnodeUnmounted=fn<onVnodeUnmounted> ref=Ref< Proxy(Object) > > 
  at <RouterView> 
  at <AppLayout onVnodeUnmounted=fn<onVnodeUnmounted> ref=Ref< Proxy(Object) > > 
  at <RouterView> 
  at <App> @ http://localhost:5277/node_modules/@vue/runtime-core/dist/runtime-core.esm-bundler.js:49
[    2356ms] [WARNING] [Vue warn]: Invalid prop: type check failed for prop "rowData". Expected Object, got String with value "t". 
  at <BodyCell key="created_at" rowData="t" column= {__v_isVNode: true, __v_skip: true, type: Object, props: Object, key: null}  ... > 
  at <BodyRow key=undefined rowData="t" index=18  ... > 
  at <TableBody ref="bodyRef" value="<!DOCTYPE html>\n<htm" class=""  ... > 
  at <VirtualScroller ref="virtualScroller" items="<!DOCTYPE html>\n<html lang=\"en\">\n\n<head>\n  <meta charset=\"utf-8\" />\n  <meta name=\"viewport\" content=\"width=device-width, initial-scale=1\" />\n  <meta name=\"theme-color\" content=\"#000000\" />\n  <link rel=\"shortcut icon\" type=\"image/ico\" href=\"/assets/favicon-bc234827.ico\" />\n  <link href=\"https://fonts.googleapis.com/css?family=Roboto:300,400,500\" rel=\"stylesheet\" />\n  <title>Pentaract UI</title>\n\n  <style>\n    *,\n    html {\n      margin: 0;\n      padding: 0;\n    }\n  </style>\n  <script type=\"module\" crossorigin src=\"/assets/index-58b24b54.js\"></script>\n  <link rel=\"stylesheet\" href=\"/assets/index-a4f6c957.css\">\n</head>\n\n<body>\n  <noscript>Wanna write ur own UI without js?! Go ahead, don't disturb others</noscript>\n  <div id=\"root\"></div>\n\n  \n</body>\n\n</html>\n" columns= [Object, Object, Object, Object, Object, Object]  ... > 
  at <DataTable value="<!DOCTYPE html>\n<html lang=\"en\">\n\n<head>\n  <meta charset=\"utf-8\" />\n  <meta name=\"viewport\" content=\"width=device-width, initial-scale=1\" />\n  <meta name=\"theme-color\" content=\"#000000\" />\n  <link rel=\"shortcut icon\" type=\"image/ico\" href=\"/assets/favicon-bc234827.ico\" />\n  <link href=\"https://fonts.googleapis.com/css?family=Roboto:300,400,500\" rel=\"stylesheet\" />\n  <title>Pentaract UI</title>\n\n  <style>\n    *,\n    html {\n      margin: 0;\n      padding: 0;\n    }\n  </style>\n  <script type=\"module\" crossorigin src=\"/assets/index-58b24b54.js\"></script>\n  <link rel=\"stylesheet\" href=\"/assets/index-a4f6c957.css\">\n</head>\n\n<body>\n  <noscript>Wanna write ur own UI without js?! Go ahead, don't disturb others</noscript>\n  <div id=\"root\"></div>\n\n  \n</body>\n\n</html>\n" loading=false stripedRows=""  ... > 
  at <OrdersView onVnodeUnmounted=fn<onVnodeUnmounted> ref=Ref< Proxy(Object) > > 
  at <RouterView> 
  at <AppLayout onVnodeUnmounted=fn<onVnodeUnmounted> ref=Ref< Proxy(Object) > > 
  at <RouterView> 
  at <App> @ http://localhost:5277/node_modules/@vue/runtime-core/dist/runtime-core.esm-bundler.js:49
[    2359ms] [WARNING] [Vue warn]: Invalid prop: type check failed for prop "rowData". Expected Object, got String with value "t". 
  at <BodyCell key=5 rowData="t" column= {__v_isVNode: true, __v_skip: true, type: Object, props: Object, key: null}  ... > 
  at <BodyRow key=undefined rowData="t" index=18  ... > 
  at <TableBody ref="bodyRef" value="<!DOCTYPE html>\n<htm" class=""  ... > 
  at <VirtualScroller ref="virtualScroller" items="<!DOCTYPE html>\n<html lang=\"en\">\n\n<head>\n  <meta charset=\"utf-8\" />\n  <meta name=\"viewport\" content=\"width=device-width, initial-scale=1\" />\n  <meta name=\"theme-color\" content=\"#000000\" />\n  <link rel=\"shortcut icon\" type=\"image/ico\" href=\"/assets/favicon-bc234827.ico\" />\n  <link href=\"https://fonts.googleapis.com/css?family=Roboto:300,400,500\" rel=\"stylesheet\" />\n  <title>Pentaract UI</title>\n\n  <style>\n    *,\n    html {\n      margin: 0;\n      padding: 0;\n    }\n  </style>\n  <script type=\"module\" crossorigin src=\"/assets/index-58b24b54.js\"></script>\n  <link rel=\"stylesheet\" href=\"/assets/index-a4f6c957.css\">\n</head>\n\n<body>\n  <noscript>Wanna write ur own UI without js?! Go ahead, don't disturb others</noscript>\n  <div id=\"root\"></div>\n\n  \n</body>\n\n</html>\n" columns= [Object, Object, Object, Object, Object, Object]  ... > 
  at <DataTable value="<!DOCTYPE html>\n<html lang=\"en\">\n\n<head>\n  <meta charset=\"utf-8\" />\n  <meta name=\"viewport\" content=\"width=device-width, initial-scale=1\" />\n  <meta name=\"theme-color\" content=\"#000000\" />\n  <link rel=\"shortcut icon\" type=\"image/ico\" href=\"/assets/favicon-bc234827.ico\" />\n  <link href=\"https://fonts.googleapis.com/css?family=Roboto:300,400,500\" rel=\"stylesheet\" />\n  <title>Pentaract UI</title>\n\n  <style>\n    *,\n    html {\n      margin: 0;\n      padding: 0;\n    }\n  </style>\n  <script type=\"module\" crossorigin src=\"/assets/index-58b24b54.js\"></script>\n  <link rel=\"stylesheet\" href=\"/assets/index-a4f6c957.css\">\n</head>\n\n<body>\n  <noscript>Wanna write ur own UI without js?! Go ahead, don't disturb others</noscript>\n  <div id=\"root\"></div>\n\n  \n</body>\n\n</html>\n" loading=false stripedRows=""  ... > 
  at <OrdersView onVnodeUnmounted=fn<onVnodeUnmounted> ref=Ref< Proxy(Object) > > 
  at <RouterView> 
  at <AppLayout onVnodeUnmounted=fn<onVnodeUnmounted> ref=Ref< Proxy(Object) > > 
  at <RouterView> 
  at <App> @ http://localhost:5277/node_modules/@vue/runtime-core/dist/runtime-core.esm-bundler.js:49
[    2362ms] [WARNING] [Vue warn]: Invalid prop: type check failed for prop "rowData". Expected Object, got String with value "m". 
  at <BodyRow key=undefined rowData="m" index=19  ... > 
  at <TableBody ref="bodyRef" value="<!DOCTYPE html>\n<htm" class=""  ... > 
  at <VirtualScroller ref="virtualScroller" items="<!DOCTYPE html>\n<html lang=\"en\">\n\n<head>\n  <meta charset=\"utf-8\" />\n  <meta name=\"viewport\" content=\"width=device-width, initial-scale=1\" />\n  <meta name=\"theme-color\" content=\"#000000\" />\n  <link rel=\"shortcut icon\" type=\"image/ico\" href=\"/assets/favicon-bc234827.ico\" />\n  <link href=\"https://fonts.googleapis.com/css?family=Roboto:300,400,500\" rel=\"stylesheet\" />\n  <title>Pentaract UI</title>\n\n  <style>\n    *,\n    html {\n      margin: 0;\n      padding: 0;\n    }\n  </style>\n  <script type=\"module\" crossorigin src=\"/assets/index-58b24b54.js\"></script>\n  <link rel=\"stylesheet\" href=\"/assets/index-a4f6c957.css\">\n</head>\n\n<body>\n  <noscript>Wanna write ur own UI without js?! Go ahead, don't disturb others</noscript>\n  <div id=\"root\"></div>\n\n  \n</body>\n\n</html>\n" columns= [Object, Object, Object, Object, Object, Object]  ... > 
  at <DataTable value="<!DOCTYPE html>\n<html lang=\"en\">\n\n<head>\n  <meta charset=\"utf-8\" />\n  <meta name=\"viewport\" content=\"width=device-width, initial-scale=1\" />\n  <meta name=\"theme-color\" content=\"#000000\" />\n  <link rel=\"shortcut icon\" type=\"image/ico\" href=\"/assets/favicon-bc234827.ico\" />\n  <link href=\"https://fonts.googleapis.com/css?family=Roboto:300,400,500\" rel=\"stylesheet\" />\n  <title>Pentaract UI</title>\n\n  <style>\n    *,\n    html {\n      margin: 0;\n      padding: 0;\n    }\n  </style>\n  <script type=\"module\" crossorigin src=\"/assets/index-58b24b54.js\"></script>\n  <link rel=\"stylesheet\" href=\"/assets/index-a4f6c957.css\">\n</head>\n\n<body>\n  <noscript>Wanna write ur own UI without js?! Go ahead, don't disturb others</noscript>\n  <div id=\"root\"></div>\n\n  \n</body>\n\n</html>\n" loading=false stripedRows=""  ... > 
  at <OrdersView onVnodeUnmounted=fn<onVnodeUnmounted> ref=Ref< Proxy(Object) > > 
  at <RouterView> 
  at <AppLayout onVnodeUnmounted=fn<onVnodeUnmounted> ref=Ref< Proxy(Object) > > 
  at <RouterView> 
  at <App> @ http://localhost:5277/node_modules/@vue/runtime-core/dist/runtime-core.esm-bundler.js:49
[    2363ms] [WARNING] [Vue warn]: Invalid prop: type check failed for prop "value". Expected Array, got String with value "<!DOCTYPE html>
<htm". 
  at <BodyRow key=undefined rowData="m" index=19  ... > 
  at <TableBody ref="bodyRef" value="<!DOCTYPE html>\n<htm" class=""  ... > 
  at <VirtualScroller ref="virtualScroller" items="<!DOCTYPE html>\n<html lang=\"en\">\n\n<head>\n  <meta charset=\"utf-8\" />\n  <meta name=\"viewport\" content=\"width=device-width, initial-scale=1\" />\n  <meta name=\"theme-color\" content=\"#000000\" />\n  <link rel=\"shortcut icon\" type=\"image/ico\" href=\"/assets/favicon-bc234827.ico\" />\n  <link href=\"https://fonts.googleapis.com/css?family=Roboto:300,400,500\" rel=\"stylesheet\" />\n  <title>Pentaract UI</title>\n\n  <style>\n    *,\n    html {\n      margin: 0;\n      padding: 0;\n    }\n  </style>\n  <script type=\"module\" crossorigin src=\"/assets/index-58b24b54.js\"></script>\n  <link rel=\"stylesheet\" href=\"/assets/index-a4f6c957.css\">\n</head>\n\n<body>\n  <noscript>Wanna write ur own UI without js?! Go ahead, don't disturb others</noscript>\n  <div id=\"root\"></div>\n\n  \n</body>\n\n</html>\n" columns= [Object, Object, Object, Object, Object, Object]  ... > 
  at <DataTable value="<!DOCTYPE html>\n<html lang=\"en\">\n\n<head>\n  <meta charset=\"utf-8\" />\n  <meta name=\"viewport\" content=\"width=device-width, initial-scale=1\" />\n  <meta name=\"theme-color\" content=\"#000000\" />\n  <link rel=\"shortcut icon\" type=\"image/ico\" href=\"/assets/favicon-bc234827.ico\" />\n  <link href=\"https://fonts.googleapis.com/css?family=Roboto:300,400,500\" rel=\"stylesheet\" />\n  <title>Pentaract UI</title>\n\n  <style>\n    *,\n    html {\n      margin: 0;\n      padding: 0;\n    }\n  </style>\n  <script type=\"module\" crossorigin src=\"/assets/index-58b24b54.js\"></script>\n  <link rel=\"stylesheet\" href=\"/assets/index-a4f6c957.css\">\n</head>\n\n<body>\n  <noscript>Wanna write ur own UI without js?! Go ahead, don't disturb others</noscript>\n  <div id=\"root\"></div>\n\n  \n</body>\n\n</html>\n" loading=false stripedRows=""  ... > 
  at <OrdersView onVnodeUnmounted=fn<onVnodeUnmounted> ref=Ref< Proxy(Object) > > 
  at <RouterView> 
  at <AppLayout onVnodeUnmounted=fn<onVnodeUnmounted> ref=Ref< Proxy(Object) > > 
  at <RouterView> 
  at <App> @ http://localhost:5277/node_modules/@vue/runtime-core/dist/runtime-core.esm-bundler.js:49
[    2366ms] [WARNING] [Vue warn]: Invalid prop: type check failed for prop "rowData". Expected Object, got String with value "m". 
  at <BodyCell key="id" rowData="m" column= {__v_isVNode: true, __v_skip: true, type: Object, props: Object, key: null}  ... > 
  at <BodyRow key=undefined rowData="m" index=19  ... > 
  at <TableBody ref="bodyRef" value="<!DOCTYPE html>\n<htm" class=""  ... > 
  at <VirtualScroller ref="virtualScroller" items="<!DOCTYPE html>\n<html lang=\"en\">\n\n<head>\n  <meta charset=\"utf-8\" />\n  <meta name=\"viewport\" content=\"width=device-width, initial-scale=1\" />\n  <meta name=\"theme-color\" content=\"#000000\" />\n  <link rel=\"shortcut icon\" type=\"image/ico\" href=\"/assets/favicon-bc234827.ico\" />\n  <link href=\"https://fonts.googleapis.com/css?family=Roboto:300,400,500\" rel=\"stylesheet\" />\n  <title>Pentaract UI</title>\n\n  <style>\n    *,\n    html {\n      margin: 0;\n      padding: 0;\n    }\n  </style>\n  <script type=\"module\" crossorigin src=\"/assets/index-58b24b54.js\"></script>\n  <link rel=\"stylesheet\" href=\"/assets/index-a4f6c957.css\">\n</head>\n\n<body>\n  <noscript>Wanna write ur own UI without js?! Go ahead, don't disturb others</noscript>\n  <div id=\"root\"></div>\n\n  \n</body>\n\n</html>\n" columns= [Object, Object, Object, Object, Object, Object]  ... > 
  at <DataTable value="<!DOCTYPE html>\n<html lang=\"en\">\n\n<head>\n  <meta charset=\"utf-8\" />\n  <meta name=\"viewport\" content=\"width=device-width, initial-scale=1\" />\n  <meta name=\"theme-color\" content=\"#000000\" />\n  <link rel=\"shortcut icon\" type=\"image/ico\" href=\"/assets/favicon-bc234827.ico\" />\n  <link href=\"https://fonts.googleapis.com/css?family=Roboto:300,400,500\" rel=\"stylesheet\" />\n  <title>Pentaract UI</title>\n\n  <style>\n    *,\n    html {\n      margin: 0;\n      padding: 0;\n    }\n  </style>\n  <script type=\"module\" crossorigin src=\"/assets/index-58b24b54.js\"></script>\n  <link rel=\"stylesheet\" href=\"/assets/index-a4f6c957.css\">\n</head>\n\n<body>\n  <noscript>Wanna write ur own UI without js?! Go ahead, don't disturb others</noscript>\n  <div id=\"root\"></div>\n\n  \n</body>\n\n</html>\n" loading=false stripedRows=""  ... > 
  at <OrdersView onVnodeUnmounted=fn<onVnodeUnmounted> ref=Ref< Proxy(Object) > > 
  at <RouterView> 
  at <AppLayout onVnodeUnmounted=fn<onVnodeUnmounted> ref=Ref< Proxy(Object) > > 
  at <RouterView> 
  at <App> @ http://localhost:5277/node_modules/@vue/runtime-core/dist/runtime-core.esm-bundler.js:49
[    2369ms] [WARNING] [Vue warn]: Invalid prop: type check failed for prop "rowData". Expected Object, got String with value "m". 
  at <BodyCell key="client_id" rowData="m" column= {__v_isVNode: true, __v_skip: true, type: Object, props: Object, key: null}  ... > 
  at <BodyRow key=undefined rowData="m" index=19  ... > 
  at <TableBody ref="bodyRef" value="<!DOCTYPE html>\n<htm" class=""  ... > 
  at <VirtualScroller ref="virtualScroller" items="<!DOCTYPE html>\n<html lang=\"en\">\n\n<head>\n  <meta charset=\"utf-8\" />\n  <meta name=\"viewport\" content=\"width=device-width, initial-scale=1\" />\n  <meta name=\"theme-color\" content=\"#000000\" />\n  <link rel=\"shortcut icon\" type=\"image/ico\" href=\"/assets/favicon-bc234827.ico\" />\n  <link href=\"https://fonts.googleapis.com/css?family=Roboto:300,400,500\" rel=\"stylesheet\" />\n  <title>Pentaract UI</title>\n\n  <style>\n    *,\n    html {\n      margin: 0;\n      padding: 0;\n    }\n  </style>\n  <script type=\"module\" crossorigin src=\"/assets/index-58b24b54.js\"></script>\n  <link rel=\"stylesheet\" href=\"/assets/index-a4f6c957.css\">\n</head>\n\n<body>\n  <noscript>Wanna write ur own UI without js?! Go ahead, don't disturb others</noscript>\n  <div id=\"root\"></div>\n\n  \n</body>\n\n</html>\n" columns= [Object, Object, Object, Object, Object, Object]  ... > 
  at <DataTable value="<!DOCTYPE html>\n<html lang=\"en\">\n\n<head>\n  <meta charset=\"utf-8\" />\n  <meta name=\"viewport\" content=\"width=device-width, initial-scale=1\" />\n  <meta name=\"theme-color\" content=\"#000000\" />\n  <link rel=\"shortcut icon\" type=\"image/ico\" href=\"/assets/favicon-bc234827.ico\" />\n  <link href=\"https://fonts.googleapis.com/css?family=Roboto:300,400,500\" rel=\"stylesheet\" />\n  <title>Pentaract UI</title>\n\n  <style>\n    *,\n    html {\n      margin: 0;\n      padding: 0;\n    }\n  </style>\n  <script type=\"module\" crossorigin src=\"/assets/index-58b24b54.js\"></script>\n  <link rel=\"stylesheet\" href=\"/assets/index-a4f6c957.css\">\n</head>\n\n<body>\n  <noscript>Wanna write ur own UI without js?! Go ahead, don't disturb others</noscript>\n  <div id=\"root\"></div>\n\n  \n</body>\n\n</html>\n" loading=false stripedRows=""  ... > 
  at <OrdersView onVnodeUnmounted=fn<onVnodeUnmounted> ref=Ref< Proxy(Object) > > 
  at <RouterView> 
  at <AppLayout onVnodeUnmounted=fn<onVnodeUnmounted> ref=Ref< Proxy(Object) > > 
  at <RouterView> 
  at <App> @ http://localhost:5277/node_modules/@vue/runtime-core/dist/runtime-core.esm-bundler.js:49
[    2373ms] [WARNING] [Vue warn]: Invalid prop: type check failed for prop "rowData". Expected Object, got String with value "m". 
  at <BodyCell key="source" rowData="m" column= {__v_isVNode: true, __v_skip: true, type: Object, props: Object, key: null}  ... > 
  at <BodyRow key=undefined rowData="m" index=19  ... > 
  at <TableBody ref="bodyRef" value="<!DOCTYPE html>\n<htm" class=""  ... > 
  at <VirtualScroller ref="virtualScroller" items="<!DOCTYPE html>\n<html lang=\"en\">\n\n<head>\n  <meta charset=\"utf-8\" />\n  <meta name=\"viewport\" content=\"width=device-width, initial-scale=1\" />\n  <meta name=\"theme-color\" content=\"#000000\" />\n  <link rel=\"shortcut icon\" type=\"image/ico\" href=\"/assets/favicon-bc234827.ico\" />\n  <link href=\"https://fonts.googleapis.com/css?family=Roboto:300,400,500\" rel=\"stylesheet\" />\n  <title>Pentaract UI</title>\n\n  <style>\n    *,\n    html {\n      margin: 0;\n      padding: 0;\n    }\n  </style>\n  <script type=\"module\" crossorigin src=\"/assets/index-58b24b54.js\"></script>\n  <link rel=\"stylesheet\" href=\"/assets/index-a4f6c957.css\">\n</head>\n\n<body>\n  <noscript>Wanna write ur own UI without js?! Go ahead, don't disturb others</noscript>\n  <div id=\"root\"></div>\n\n  \n</body>\n\n</html>\n" columns= [Object, Object, Object, Object, Object, Object]  ... > 
  at <DataTable value="<!DOCTYPE html>\n<html lang=\"en\">\n\n<head>\n  <meta charset=\"utf-8\" />\n  <meta name=\"viewport\" content=\"width=device-width, initial-scale=1\" />\n  <meta name=\"theme-color\" content=\"#000000\" />\n  <link rel=\"shortcut icon\" type=\"image/ico\" href=\"/assets/favicon-bc234827.ico\" />\n  <link href=\"https://fonts.googleapis.com/css?family=Roboto:300,400,500\" rel=\"stylesheet\" />\n  <title>Pentaract UI</title>\n\n  <style>\n    *,\n    html {\n      margin: 0;\n      padding: 0;\n    }\n  </style>\n  <script type=\"module\" crossorigin src=\"/assets/index-58b24b54.js\"></script>\n  <link rel=\"stylesheet\" href=\"/assets/index-a4f6c957.css\">\n</head>\n\n<body>\n  <noscript>Wanna write ur own UI without js?! Go ahead, don't disturb others</noscript>\n  <div id=\"root\"></div>\n\n  \n</body>\n\n</html>\n" loading=false stripedRows=""  ... > 
  at <OrdersView onVnodeUnmounted=fn<onVnodeUnmounted> ref=Ref< Proxy(Object) > > 
  at <RouterView> 
  at <AppLayout onVnodeUnmounted=fn<onVnodeUnmounted> ref=Ref< Proxy(Object) > > 
  at <RouterView> 
  at <App> @ http://localhost:5277/node_modules/@vue/runtime-core/dist/runtime-core.esm-bundler.js:49
[    2375ms] [WARNING] [Vue warn]: Invalid prop: type check failed for prop "rowData". Expected Object, got String with value "m". 
  at <BodyCell key="status" rowData="m" column= {__v_isVNode: true, __v_skip: true, type: Object, props: Object, key: null}  ... > 
  at <BodyRow key=undefined rowData="m" index=19  ... > 
  at <TableBody ref="bodyRef" value="<!DOCTYPE html>\n<htm" class=""  ... > 
  at <VirtualScroller ref="virtualScroller" items="<!DOCTYPE html>\n<html lang=\"en\">\n\n<head>\n  <meta charset=\"utf-8\" />\n  <meta name=\"viewport\" content=\"width=device-width, initial-scale=1\" />\n  <meta name=\"theme-color\" content=\"#000000\" />\n  <link rel=\"shortcut icon\" type=\"image/ico\" href=\"/assets/favicon-bc234827.ico\" />\n  <link href=\"https://fonts.googleapis.com/css?family=Roboto:300,400,500\" rel=\"stylesheet\" />\n  <title>Pentaract UI</title>\n\n  <style>\n    *,\n    html {\n      margin: 0;\n      padding: 0;\n    }\n  </style>\n  <script type=\"module\" crossorigin src=\"/assets/index-58b24b54.js\"></script>\n  <link rel=\"stylesheet\" href=\"/assets/index-a4f6c957.css\">\n</head>\n\n<body>\n  <noscript>Wanna write ur own UI without js?! Go ahead, don't disturb others</noscript>\n  <div id=\"root\"></div>\n\n  \n</body>\n\n</html>\n" columns= [Object, Object, Object, Object, Object, Object]  ... > 
  at <DataTable value="<!DOCTYPE html>\n<html lang=\"en\">\n\n<head>\n  <meta charset=\"utf-8\" />\n  <meta name=\"viewport\" content=\"width=device-width, initial-scale=1\" />\n  <meta name=\"theme-color\" content=\"#000000\" />\n  <link rel=\"shortcut icon\" type=\"image/ico\" href=\"/assets/favicon-bc234827.ico\" />\n  <link href=\"https://fonts.googleapis.com/css?family=Roboto:300,400,500\" rel=\"stylesheet\" />\n  <title>Pentaract UI</title>\n\n  <style>\n    *,\n    html {\n      margin: 0;\n      padding: 0;\n    }\n  </style>\n  <script type=\"module\" crossorigin src=\"/assets/index-58b24b54.js\"></script>\n  <link rel=\"stylesheet\" href=\"/assets/index-a4f6c957.css\">\n</head>\n\n<body>\n  <noscript>Wanna write ur own UI without js?! Go ahead, don't disturb others</noscript>\n  <div id=\"root\"></div>\n\n  \n</body>\n\n</html>\n" loading=false stripedRows=""  ... > 
  at <OrdersView onVnodeUnmounted=fn<onVnodeUnmounted> ref=Ref< Proxy(Object) > > 
  at <RouterView> 
  at <AppLayout onVnodeUnmounted=fn<onVnodeUnmounted> ref=Ref< Proxy(Object) > > 
  at <RouterView> 
  at <App> @ http://localhost:5277/node_modules/@vue/runtime-core/dist/runtime-core.esm-bundler.js:49
[    2378ms] [WARNING] [Vue warn]: Invalid prop: type check failed for prop "rowData". Expected Object, got String with value "m". 
  at <BodyCell key="created_at" rowData="m" column= {__v_isVNode: true, __v_skip: true, type: Object, props: Object, key: null}  ... > 
  at <BodyRow key=undefined rowData="m" index=19  ... > 
  at <TableBody ref="bodyRef" value="<!DOCTYPE html>\n<htm" class=""  ... > 
  at <VirtualScroller ref="virtualScroller" items="<!DOCTYPE html>\n<html lang=\"en\">\n\n<head>\n  <meta charset=\"utf-8\" />\n  <meta name=\"viewport\" content=\"width=device-width, initial-scale=1\" />\n  <meta name=\"theme-color\" content=\"#000000\" />\n  <link rel=\"shortcut icon\" type=\"image/ico\" href=\"/assets/favicon-bc234827.ico\" />\n  <link href=\"https://fonts.googleapis.com/css?family=Roboto:300,400,500\" rel=\"stylesheet\" />\n  <title>Pentaract UI</title>\n\n  <style>\n    *,\n    html {\n      margin: 0;\n      padding: 0;\n    }\n  </style>\n  <script type=\"module\" crossorigin src=\"/assets/index-58b24b54.js\"></script>\n  <link rel=\"stylesheet\" href=\"/assets/index-a4f6c957.css\">\n</head>\n\n<body>\n  <noscript>Wanna write ur own UI without js?! Go ahead, don't disturb others</noscript>\n  <div id=\"root\"></div>\n\n  \n</body>\n\n</html>\n" columns= [Object, Object, Object, Object, Object, Object]  ... > 
  at <DataTable value="<!DOCTYPE html>\n<html lang=\"en\">\n\n<head>\n  <meta charset=\"utf-8\" />\n  <meta name=\"viewport\" content=\"width=device-width, initial-scale=1\" />\n  <meta name=\"theme-color\" content=\"#000000\" />\n  <link rel=\"shortcut icon\" type=\"image/ico\" href=\"/assets/favicon-bc234827.ico\" />\n  <link href=\"https://fonts.googleapis.com/css?family=Roboto:300,400,500\" rel=\"stylesheet\" />\n  <title>Pentaract UI</title>\n\n  <style>\n    *,\n    html {\n      margin: 0;\n      padding: 0;\n    }\n  </style>\n  <script type=\"module\" crossorigin src=\"/assets/index-58b24b54.js\"></script>\n  <link rel=\"stylesheet\" href=\"/assets/index-a4f6c957.css\">\n</head>\n\n<body>\n  <noscript>Wanna write ur own UI without js?! Go ahead, don't disturb others</noscript>\n  <div id=\"root\"></div>\n\n  \n</body>\n\n</html>\n" loading=false stripedRows=""  ... > 
  at <OrdersView onVnodeUnmounted=fn<onVnodeUnmounted> ref=Ref< Proxy(Object) > > 
  at <RouterView> 
  at <AppLayout onVnodeUnmounted=fn<onVnodeUnmounted> ref=Ref< Proxy(Object) > > 
  at <RouterView> 
  at <App> @ http://localhost:5277/node_modules/@vue/runtime-core/dist/runtime-core.esm-bundler.js:49
[    2379ms] [WARNING] [Vue warn]: Invalid prop: type check failed for prop "rowData". Expected Object, got String with value "m". 
  at <BodyCell key=5 rowData="m" column= {__v_isVNode: true, __v_skip: true, type: Object, props: Object, key: null}  ... > 
  at <BodyRow key=undefined rowData="m" index=19  ... > 
  at <TableBody ref="bodyRef" value="<!DOCTYPE html>\n<htm" class=""  ... > 
  at <VirtualScroller ref="virtualScroller" items="<!DOCTYPE html>\n<html lang=\"en\">\n\n<head>\n  <meta charset=\"utf-8\" />\n  <meta name=\"viewport\" content=\"width=device-width, initial-scale=1\" />\n  <meta name=\"theme-color\" content=\"#000000\" />\n  <link rel=\"shortcut icon\" type=\"image/ico\" href=\"/assets/favicon-bc234827.ico\" />\n  <link href=\"https://fonts.googleapis.com/css?family=Roboto:300,400,500\" rel=\"stylesheet\" />\n  <title>Pentaract UI</title>\n\n  <style>\n    *,\n    html {\n      margin: 0;\n      padding: 0;\n    }\n  </style>\n  <script type=\"module\" crossorigin src=\"/assets/index-58b24b54.js\"></script>\n  <link rel=\"stylesheet\" href=\"/assets/index-a4f6c957.css\">\n</head>\n\n<body>\n  <noscript>Wanna write ur own UI without js?! Go ahead, don't disturb others</noscript>\n  <div id=\"root\"></div>\n\n  \n</body>\n\n</html>\n" columns= [Object, Object, Object, Object, Object, Object]  ... > 
  at <DataTable value="<!DOCTYPE html>\n<html lang=\"en\">\n\n<head>\n  <meta charset=\"utf-8\" />\n  <meta name=\"viewport\" content=\"width=device-width, initial-scale=1\" />\n  <meta name=\"theme-color\" content=\"#000000\" />\n  <link rel=\"shortcut icon\" type=\"image/ico\" href=\"/assets/favicon-bc234827.ico\" />\n  <link href=\"https://fonts.googleapis.com/css?family=Roboto:300,400,500\" rel=\"stylesheet\" />\n  <title>Pentaract UI</title>\n\n  <style>\n    *,\n    html {\n      margin: 0;\n      padding: 0;\n    }\n  </style>\n  <script type=\"module\" crossorigin src=\"/assets/index-58b24b54.js\"></script>\n  <link rel=\"stylesheet\" href=\"/assets/index-a4f6c957.css\">\n</head>\n\n<body>\n  <noscript>Wanna write ur own UI without js?! Go ahead, don't disturb others</noscript>\n  <div id=\"root\"></div>\n\n  \n</body>\n\n</html>\n" loading=false stripedRows=""  ... > 
  at <OrdersView onVnodeUnmounted=fn<onVnodeUnmounted> ref=Ref< Proxy(Object) > > 
  at <RouterView> 
  at <AppLayout onVnodeUnmounted=fn<onVnodeUnmounted> ref=Ref< Proxy(Object) > > 
  at <RouterView> 
  at <App> @ http://localhost:5277/node_modules/@vue/runtime-core/dist/runtime-core.esm-bundler.js:49
