[    3605ms] [WARNING] [Vue warn]: Invalid prop: type check failed for prop "value". Expected Array, got String with value "<!DOCTYPE html>
<html lang="en">

<head>
  <meta charset="utf-8" />
  <meta name="viewport" content="width=device-width, initial-scale=1" />
  <meta name="theme-color" content="#000000" />
  <link rel="shortcut icon" type="image/ico" href="/assets/favicon-bc234827.ico" />
  <link href="https://fonts.googleapis.com/css?family=Roboto:300,400,500" rel="stylesheet" />
  <title>Pentaract UI</title>

  <style>
    *,
    html {
      margin: 0;
      padding: 0;
    }
  </style>
  <script type="module" crossorigin src="/assets/index-58b24b54.js"></script>
  <link rel="stylesheet" href="/assets/index-a4f6c957.css">
</head>

<body>
  <noscript>Wanna write ur own UI without js?! Go ahead, don't disturb others</noscript>
  <div id="root"></div>

  
</body>

</html>
". 
  at <DataTable value="<!DOCTYPE html>\n<html lang=\"en\">\n\n<head>\n  <meta charset=\"utf-8\" />\n  <meta name=\"viewport\" content=\"width=device-width, initial-scale=1\" />\n  <meta name=\"theme-color\" content=\"#000000\" />\n  <link rel=\"shortcut icon\" type=\"image/ico\" href=\"/assets/favicon-bc234827.ico\" />\n  <link href=\"https://fonts.googleapis.com/css?family=Roboto:300,400,500\" rel=\"stylesheet\" />\n  <title>Pentaract UI</title>\n\n  <style>\n    *,\n    html {\n      margin: 0;\n      padding: 0;\n    }\n  </style>\n  <script type=\"module\" crossorigin src=\"/assets/index-58b24b54.js\"></script>\n  <link rel=\"stylesheet\" href=\"/assets/index-a4f6c957.css\">\n</head>\n\n<body>\n  <noscript>Wanna write ur own UI without js?! Go ahead, don't disturb others</noscript>\n  <div id=\"root\"></div>\n\n  \n</body>\n\n</html>\n" loading=false stripedRows=""  ... > 
  at <OrdersView onVnodeUnmounted=fn<onVnodeUnmounted> ref=Ref< Proxy(Object) > > 
  at <RouterView> 
  at <AppLayout onVnodeUnmounted=fn<onVnodeUnmounted> ref=Ref< Proxy(Object) > > 
  at <RouterView> 
  at <App> @ http://localhost:5277/node_modules/@vue/runtime-core/dist/runtime-core.esm-bundler.js:49
[    3609ms] [WARNING] [Vue warn]: Invalid prop: type check failed for prop "items". Expected Array, got String with value "<!DOCTYPE html>
<html lang="en">

<head>
  <meta charset="utf-8" />
  <meta name="viewport" content="width=device-width, initial-scale=1" />
  <meta name="theme-color" content="#000000" />
  <link rel="shortcut icon" type="image/ico" href="/assets/favicon-bc234827.ico" />
  <link href="https://fonts.googleapis.com/css?family=Roboto:300,400,500" rel="stylesheet" />
  <title>Pentaract UI</title>

  <style>
    *,
    html {
      margin: 0;
      padding: 0;
    }
  </style>
  <script type="module" crossorigin src="/assets/index-58b24b54.js"></script>
  <link rel="stylesheet" href="/assets/index-a4f6c957.css">
</head>

<body>
  <noscript>Wanna write ur own UI without js?! Go ahead, don't disturb others</noscript>
  <div id="root"></div>

  
</body>

</html>
". 
  at <VirtualScroller ref="virtualScroller" items="<!DOCTYPE html>\n<html lang=\"en\">\n\n<head>\n  <meta charset=\"utf-8\" />\n  <meta name=\"viewport\" content=\"width=device-width, initial-scale=1\" />\n  <meta name=\"theme-color\" content=\"#000000\" />\n  <link rel=\"shortcut icon\" type=\"image/ico\" href=\"/assets/favicon-bc234827.ico\" />\n  <link href=\"https://fonts.googleapis.com/css?family=Roboto:300,400,500\" rel=\"stylesheet\" />\n  <title>Pentaract UI</title>\n\n  <style>\n    *,\n    html {\n      margin: 0;\n      padding: 0;\n    }\n  </style>\n  <script type=\"module\" crossorigin src=\"/assets/index-58b24b54.js\"></script>\n  <link rel=\"stylesheet\" href=\"/assets/index-a4f6c957.css\">\n</head>\n\n<body>\n  <noscript>Wanna write ur own UI without js?! Go ahead, don't disturb others</noscript>\n  <div id=\"root\"></div>\n\n  \n</body>\n\n</html>\n" columns= [Object, Object, Object, Object, Object, Object]  ... > 
  at <DataTable value="<!DOCTYPE html>\n<html lang=\"en\">\n\n<head>\n  <meta charset=\"utf-8\" />\n  <meta name=\"viewport\" content=\"width=device-width, initial-scale=1\" />\n  <meta name=\"theme-color\" content=\"#000000\" />\n  <link rel=\"shortcut icon\" type=\"image/ico\" href=\"/assets/favicon-bc234827.ico\" />\n  <link href=\"https://fonts.googleapis.com/css?family=Roboto:300,400,500\" rel=\"stylesheet\" />\n  <title>Pentaract UI</title>\n\n  <style>\n    *,\n    html {\n      margin: 0;\n      padding: 0;\n    }\n  </style>\n  <script type=\"module\" crossorigin src=\"/assets/index-58b24b54.js\"></script>\n  <link rel=\"stylesheet\" href=\"/assets/index-a4f6c957.css\">\n</head>\n\n<body>\n  <noscript>Wanna write ur own UI without js?! Go ahead, don't disturb others</noscript>\n  <div id=\"root\"></div>\n\n  \n</body>\n\n</html>\n" loading=false stripedRows=""  ... > 
  at <OrdersView onVnodeUnmounted=fn<onVnodeUnmounted> ref=Ref< Proxy(Object) > > 
  at <RouterView> 
  at <AppLayout onVnodeUnmounted=fn<onVnodeUnmounted> ref=Ref< Proxy(Object) > > 
  at <RouterView> 
  at <App> @ http://localhost:5277/node_modules/@vue/runtime-core/dist/runtime-core.esm-bundler.js:49
[    3625ms] [WARNING] [Vue warn]: Invalid prop: type check failed for prop "value". Expected Array, got String with value "<!DOCTYPE html>
<htm". 
  at <TableBody ref="bodyRef" value="<!DOCTYPE html>\n<htm" class=""  ... > 
  at <VirtualScroller ref="virtualScroller" items="<!DOCTYPE html>\n<html lang=\"en\">\n\n<head>\n  <meta charset=\"utf-8\" />\n  <meta name=\"viewport\" content=\"width=device-width, initial-scale=1\" />\n  <meta name=\"theme-color\" content=\"#000000\" />\n  <link rel=\"shortcut icon\" type=\"image/ico\" href=\"/assets/favicon-bc234827.ico\" />\n  <link href=\"https://fonts.googleapis.com/css?family=Roboto:300,400,500\" rel=\"stylesheet\" />\n  <title>Pentaract UI</title>\n\n  <style>\n    *,\n    html {\n      margin: 0;\n      padding: 0;\n    }\n  </style>\n  <script type=\"module\" crossorigin src=\"/assets/index-58b24b54.js\"></script>\n  <link rel=\"stylesheet\" href=\"/assets/index-a4f6c957.css\">\n</head>\n\n<body>\n  <noscript>Wanna write ur own UI without js?! Go ahead, don't disturb others</noscript>\n  <div id=\"root\"></div>\n\n  \n</body>\n\n</html>\n" columns= [Object, Object, Object, Object, Object, Object]  ... > 
  at <DataTable value="<!DOCTYPE html>\n<html lang=\"en\">\n\n<head>\n  <meta charset=\"utf-8\" />\n  <meta name=\"viewport\" content=\"width=device-width, initial-scale=1\" />\n  <meta name=\"theme-color\" content=\"#000000\" />\n  <link rel=\"shortcut icon\" type=\"image/ico\" href=\"/assets/favicon-bc234827.ico\" />\n  <link href=\"https://fonts.googleapis.com/css?family=Roboto:300,400,500\" rel=\"stylesheet\" />\n  <title>Pentaract UI</title>\n\n  <style>\n    *,\n    html {\n      margin: 0;\n      padding: 0;\n    }\n  </style>\n  <script type=\"module\" crossorigin src=\"/assets/index-58b24b54.js\"></script>\n  <link rel=\"stylesheet\" href=\"/assets/index-a4f6c957.css\">\n</head>\n\n<body>\n  <noscript>Wanna write ur own UI without js?! Go ahead, don't disturb others</noscript>\n  <div id=\"root\"></div>\n\n  \n</body>\n\n</html>\n" loading=false stripedRows=""  ... > 
  at <OrdersView onVnodeUnmounted=fn<onVnodeUnmounted> ref=Ref< Proxy(Object) > > 
  at <RouterView> 
  at <AppLayout onVnodeUnmounted=fn<onVnodeUnmounted> ref=Ref< Proxy(Object) > > 
  at <RouterView> 
  at <App> @ http://localhost:5277/node_modules/@vue/runtime-core/dist/runtime-core.esm-bundler.js:49
[    3637ms] [WARNING] [Vue warn]: Invalid prop: type check failed for prop "rowData". Expected Object, got String with value "<". 
  at <BodyRow key=undefined rowData="<" index=0  ... > 
  at <TableBody ref="bodyRef" value="<!DOCTYPE html>\n<htm" class=""  ... > 
  at <VirtualScroller ref="virtualScroller" items="<!DOCTYPE html>\n<html lang=\"en\">\n\n<head>\n  <meta charset=\"utf-8\" />\n  <meta name=\"viewport\" content=\"width=device-width, initial-scale=1\" />\n  <meta name=\"theme-color\" content=\"#000000\" />\n  <link rel=\"shortcut icon\" type=\"image/ico\" href=\"/assets/favicon-bc234827.ico\" />\n  <link href=\"https://fonts.googleapis.com/css?family=Roboto:300,400,500\" rel=\"stylesheet\" />\n  <title>Pentaract UI</title>\n\n  <style>\n    *,\n    html {\n      margin: 0;\n      padding: 0;\n    }\n  </style>\n  <script type=\"module\" crossorigin src=\"/assets/index-58b24b54.js\"></script>\n  <link rel=\"stylesheet\" href=\"/assets/index-a4f6c957.css\">\n</head>\n\n<body>\n  <noscript>Wanna write ur own UI without js?! Go ahead, don't disturb others</noscript>\n  <div id=\"root\"></div>\n\n  \n</body>\n\n</html>\n" columns= [Object, Object, Object, Object, Object, Object]  ... > 
  at <DataTable value="<!DOCTYPE html>\n<html lang=\"en\">\n\n<head>\n  <meta charset=\"utf-8\" />\n  <meta name=\"viewport\" content=\"width=device-width, initial-scale=1\" />\n  <meta name=\"theme-color\" content=\"#000000\" />\n  <link rel=\"shortcut icon\" type=\"image/ico\" href=\"/assets/favicon-bc234827.ico\" />\n  <link href=\"https://fonts.googleapis.com/css?family=Roboto:300,400,500\" rel=\"stylesheet\" />\n  <title>Pentaract UI</title>\n\n  <style>\n    *,\n    html {\n      margin: 0;\n      padding: 0;\n    }\n  </style>\n  <script type=\"module\" crossorigin src=\"/assets/index-58b24b54.js\"></script>\n  <link rel=\"stylesheet\" href=\"/assets/index-a4f6c957.css\">\n</head>\n\n<body>\n  <noscript>Wanna write ur own UI without js?! Go ahead, don't disturb others</noscript>\n  <div id=\"root\"></div>\n\n  \n</body>\n\n</html>\n" loading=false stripedRows=""  ... > 
  at <OrdersView onVnodeUnmounted=fn<onVnodeUnmounted> ref=Ref< Proxy(Object) > > 
  at <RouterView> 
  at <AppLayout onVnodeUnmounted=fn<onVnodeUnmounted> ref=Ref< Proxy(Object) > > 
  at <RouterView> 
  at <App> @ http://localhost:5277/node_modules/@vue/runtime-core/dist/runtime-core.esm-bundler.js:49
[    3638ms] [WARNING] [Vue warn]: Invalid prop: type check failed for prop "value". Expected Array, got String with value "<!DOCTYPE html>
<htm". 
  at <BodyRow key=undefined rowData="<" index=0  ... > 
  at <TableBody ref="bodyRef" value="<!DOCTYPE html>\n<htm" class=""  ... > 
  at <VirtualScroller ref="virtualScroller" items="<!DOCTYPE html>\n<html lang=\"en\">\n\n<head>\n  <meta charset=\"utf-8\" />\n  <meta name=\"viewport\" content=\"width=device-width, initial-scale=1\" />\n  <meta name=\"theme-color\" content=\"#000000\" />\n  <link rel=\"shortcut icon\" type=\"image/ico\" href=\"/assets/favicon-bc234827.ico\" />\n  <link href=\"https://fonts.googleapis.com/css?family=Roboto:300,400,500\" rel=\"stylesheet\" />\n  <title>Pentaract UI</title>\n\n  <style>\n    *,\n    html {\n      margin: 0;\n      padding: 0;\n    }\n  </style>\n  <script type=\"module\" crossorigin src=\"/assets/index-58b24b54.js\"></script>\n  <link rel=\"stylesheet\" href=\"/assets/index-a4f6c957.css\">\n</head>\n\n<body>\n  <noscript>Wanna write ur own UI without js?! Go ahead, don't disturb others</noscript>\n  <div id=\"root\"></div>\n\n  \n</body>\n\n</html>\n" columns= [Object, Object, Object, Object, Object, Object]  ... > 
  at <DataTable value="<!DOCTYPE html>\n<html lang=\"en\">\n\n<head>\n  <meta charset=\"utf-8\" />\n  <meta name=\"viewport\" content=\"width=device-width, initial-scale=1\" />\n  <meta name=\"theme-color\" content=\"#000000\" />\n  <link rel=\"shortcut icon\" type=\"image/ico\" href=\"/assets/favicon-bc234827.ico\" />\n  <link href=\"https://fonts.googleapis.com/css?family=Roboto:300,400,500\" rel=\"stylesheet\" />\n  <title>Pentaract UI</title>\n\n  <style>\n    *,\n    html {\n      margin: 0;\n      padding: 0;\n    }\n  </style>\n  <script type=\"module\" crossorigin src=\"/assets/index-58b24b54.js\"></script>\n  <link rel=\"stylesheet\" href=\"/assets/index-a4f6c957.css\">\n</head>\n\n<body>\n  <noscript>Wanna write ur own UI without js?! Go ahead, don't disturb others</noscript>\n  <div id=\"root\"></div>\n\n  \n</body>\n\n</html>\n" loading=false stripedRows=""  ... > 
  at <OrdersView onVnodeUnmounted=fn<onVnodeUnmounted> ref=Ref< Proxy(Object) > > 
  at <RouterView> 
  at <AppLayout onVnodeUnmounted=fn<onVnodeUnmounted> ref=Ref< Proxy(Object) > > 
  at <RouterView> 
  at <App> @ http://localhost:5277/node_modules/@vue/runtime-core/dist/runtime-core.esm-bundler.js:49
[    3643ms] [WARNING] [Vue warn]: Invalid prop: type check failed for prop "rowData". Expected Object, got String with value "<". 
  at <BodyCell key="id" rowData="<" column= {__v_isVNode: true, __v_skip: true, type: Object, props: Object, key: null}  ... > 
  at <BodyRow key=undefined rowData="<" index=0  ... > 
  at <TableBody ref="bodyRef" value="<!DOCTYPE html>\n<htm" class=""  ... > 
  at <VirtualScroller ref="virtualScroller" items="<!DOCTYPE html>\n<html lang=\"en\">\n\n<head>\n  <meta charset=\"utf-8\" />\n  <meta name=\"viewport\" content=\"width=device-width, initial-scale=1\" />\n  <meta name=\"theme-color\" content=\"#000000\" />\n  <link rel=\"shortcut icon\" type=\"image/ico\" href=\"/assets/favicon-bc234827.ico\" />\n  <link href=\"https://fonts.googleapis.com/css?family=Roboto:300,400,500\" rel=\"stylesheet\" />\n  <title>Pentaract UI</title>\n\n  <style>\n    *,\n    html {\n      margin: 0;\n      padding: 0;\n    }\n  </style>\n  <script type=\"module\" crossorigin src=\"/assets/index-58b24b54.js\"></script>\n  <link rel=\"stylesheet\" href=\"/assets/index-a4f6c957.css\">\n</head>\n\n<body>\n  <noscript>Wanna write ur own UI without js?! Go ahead, don't disturb others</noscript>\n  <div id=\"root\"></div>\n\n  \n</body>\n\n</html>\n" columns= [Object, Object, Object, Object, Object, Object]  ... > 
  at <DataTable value="<!DOCTYPE html>\n<html lang=\"en\">\n\n<head>\n  <meta charset=\"utf-8\" />\n  <meta name=\"viewport\" content=\"width=device-width, initial-scale=1\" />\n  <meta name=\"theme-color\" content=\"#000000\" />\n  <link rel=\"shortcut icon\" type=\"image/ico\" href=\"/assets/favicon-bc234827.ico\" />\n  <link href=\"https://fonts.googleapis.com/css?family=Roboto:300,400,500\" rel=\"stylesheet\" />\n  <title>Pentaract UI</title>\n\n  <style>\n    *,\n    html {\n      margin: 0;\n      padding: 0;\n    }\n  </style>\n  <script type=\"module\" crossorigin src=\"/assets/index-58b24b54.js\"></script>\n  <link rel=\"stylesheet\" href=\"/assets/index-a4f6c957.css\">\n</head>\n\n<body>\n  <noscript>Wanna write ur own UI without js?! Go ahead, don't disturb others</noscript>\n  <div id=\"root\"></div>\n\n  \n</body>\n\n</html>\n" loading=false stripedRows=""  ... > 
  at <OrdersView onVnodeUnmounted=fn<onVnodeUnmounted> ref=Ref< Proxy(Object) > > 
  at <RouterView> 
  at <AppLayout onVnodeUnmounted=fn<onVnodeUnmounted> ref=Ref< Proxy(Object) > > 
  at <RouterView> 
  at <App> @ http://localhost:5277/node_modules/@vue/runtime-core/dist/runtime-core.esm-bundler.js:49
[    3649ms] [WARNING] [Vue warn]: Invalid prop: type check failed for prop "rowData". Expected Object, got String with value "<". 
  at <BodyCell key="client_id" rowData="<" column= {__v_isVNode: true, __v_skip: true, type: Object, props: Object, key: null}  ... > 
  at <BodyRow key=undefined rowData="<" index=0  ... > 
  at <TableBody ref="bodyRef" value="<!DOCTYPE html>\n<htm" class=""  ... > 
  at <VirtualScroller ref="virtualScroller" items="<!DOCTYPE html>\n<html lang=\"en\">\n\n<head>\n  <meta charset=\"utf-8\" />\n  <meta name=\"viewport\" content=\"width=device-width, initial-scale=1\" />\n  <meta name=\"theme-color\" content=\"#000000\" />\n  <link rel=\"shortcut icon\" type=\"image/ico\" href=\"/assets/favicon-bc234827.ico\" />\n  <link href=\"https://fonts.googleapis.com/css?family=Roboto:300,400,500\" rel=\"stylesheet\" />\n  <title>Pentaract UI</title>\n\n  <style>\n    *,\n    html {\n      margin: 0;\n      padding: 0;\n    }\n  </style>\n  <script type=\"module\" crossorigin src=\"/assets/index-58b24b54.js\"></script>\n  <link rel=\"stylesheet\" href=\"/assets/index-a4f6c957.css\">\n</head>\n\n<body>\n  <noscript>Wanna write ur own UI without js?! Go ahead, don't disturb others</noscript>\n  <div id=\"root\"></div>\n\n  \n</body>\n\n</html>\n" columns= [Object, Object, Object, Object, Object, Object]  ... > 
  at <DataTable value="<!DOCTYPE html>\n<html lang=\"en\">\n\n<head>\n  <meta charset=\"utf-8\" />\n  <meta name=\"viewport\" content=\"width=device-width, initial-scale=1\" />\n  <meta name=\"theme-color\" content=\"#000000\" />\n  <link rel=\"shortcut icon\" type=\"image/ico\" href=\"/assets/favicon-bc234827.ico\" />\n  <link href=\"https://fonts.googleapis.com/css?family=Roboto:300,400,500\" rel=\"stylesheet\" />\n  <title>Pentaract UI</title>\n\n  <style>\n    *,\n    html {\n      margin: 0;\n      padding: 0;\n    }\n  </style>\n  <script type=\"module\" crossorigin src=\"/assets/index-58b24b54.js\"></script>\n  <link rel=\"stylesheet\" href=\"/assets/index-a4f6c957.css\">\n</head>\n\n<body>\n  <noscript>Wanna write ur own UI without js?! Go ahead, don't disturb others</noscript>\n  <div id=\"root\"></div>\n\n  \n</body>\n\n</html>\n" loading=false stripedRows=""  ... > 
  at <OrdersView onVnodeUnmounted=fn<onVnodeUnmounted> ref=Ref< Proxy(Object) > > 
  at <RouterView> 
  at <AppLayout onVnodeUnmounted=fn<onVnodeUnmounted> ref=Ref< Proxy(Object) > > 
  at <RouterView> 
  at <App> @ http://localhost:5277/node_modules/@vue/runtime-core/dist/runtime-core.esm-bundler.js:49
[    3652ms] [WARNING] [Vue warn]: Invalid prop: type check failed for prop "rowData". Expected Object, got String with value "<". 
  at <BodyCell key="source" rowData="<" column= {__v_isVNode: true, __v_skip: true, type: Object, props: Object, key: null}  ... > 
  at <BodyRow key=undefined rowData="<" index=0  ... > 
  at <TableBody ref="bodyRef" value="<!DOCTYPE html>\n<htm" class=""  ... > 
  at <VirtualScroller ref="virtualScroller" items="<!DOCTYPE html>\n<html lang=\"en\">\n\n<head>\n  <meta charset=\"utf-8\" />\n  <meta name=\"viewport\" content=\"width=device-width, initial-scale=1\" />\n  <meta name=\"theme-color\" content=\"#000000\" />\n  <link rel=\"shortcut icon\" type=\"image/ico\" href=\"/assets/favicon-bc234827.ico\" />\n  <link href=\"https://fonts.googleapis.com/css?family=Roboto:300,400,500\" rel=\"stylesheet\" />\n  <title>Pentaract UI</title>\n\n  <style>\n    *,\n    html {\n      margin: 0;\n      padding: 0;\n    }\n  </style>\n  <script type=\"module\" crossorigin src=\"/assets/index-58b24b54.js\"></script>\n  <link rel=\"stylesheet\" href=\"/assets/index-a4f6c957.css\">\n</head>\n\n<body>\n  <noscript>Wanna write ur own UI without js?! Go ahead, don't disturb others</noscript>\n  <div id=\"root\"></div>\n\n  \n</body>\n\n</html>\n" columns= [Object, Object, Object, Object, Object, Object]  ... > 
  at <DataTable value="<!DOCTYPE html>\n<html lang=\"en\">\n\n<head>\n  <meta charset=\"utf-8\" />\n  <meta name=\"viewport\" content=\"width=device-width, initial-scale=1\" />\n  <meta name=\"theme-color\" content=\"#000000\" />\n  <link rel=\"shortcut icon\" type=\"image/ico\" href=\"/assets/favicon-bc234827.ico\" />\n  <link href=\"https://fonts.googleapis.com/css?family=Roboto:300,400,500\" rel=\"stylesheet\" />\n  <title>Pentaract UI</title>\n\n  <style>\n    *,\n    html {\n      margin: 0;\n      padding: 0;\n    }\n  </style>\n  <script type=\"module\" crossorigin src=\"/assets/index-58b24b54.js\"></script>\n  <link rel=\"stylesheet\" href=\"/assets/index-a4f6c957.css\">\n</head>\n\n<body>\n  <noscript>Wanna write ur own UI without js?! Go ahead, don't disturb others</noscript>\n  <div id=\"root\"></div>\n\n  \n</body>\n\n</html>\n" loading=false stripedRows=""  ... > 
  at <OrdersView onVnodeUnmounted=fn<onVnodeUnmounted> ref=Ref< Proxy(Object) > > 
  at <RouterView> 
  at <AppLayout onVnodeUnmounted=fn<onVnodeUnmounted> ref=Ref< Proxy(Object) > > 
  at <RouterView> 
  at <App> @ http://localhost:5277/node_modules/@vue/runtime-core/dist/runtime-core.esm-bundler.js:49
[    3655ms] [WARNING] [Vue warn]: Invalid prop: type check failed for prop "rowData". Expected Object, got String with value "<". 
  at <BodyCell key="status" rowData="<" column= {__v_isVNode: true, __v_skip: true, type: Object, props: Object, key: null}  ... > 
  at <BodyRow key=undefined rowData="<" index=0  ... > 
  at <TableBody ref="bodyRef" value="<!DOCTYPE html>\n<htm" class=""  ... > 
  at <VirtualScroller ref="virtualScroller" items="<!DOCTYPE html>\n<html lang=\"en\">\n\n<head>\n  <meta charset=\"utf-8\" />\n  <meta name=\"viewport\" content=\"width=device-width, initial-scale=1\" />\n  <meta name=\"theme-color\" content=\"#000000\" />\n  <link rel=\"shortcut icon\" type=\"image/ico\" href=\"/assets/favicon-bc234827.ico\" />\n  <link href=\"https://fonts.googleapis.com/css?family=Roboto:300,400,500\" rel=\"stylesheet\" />\n  <title>Pentaract UI</title>\n\n  <style>\n    *,\n    html {\n      margin: 0;\n      padding: 0;\n    }\n  </style>\n  <script type=\"module\" crossorigin src=\"/assets/index-58b24b54.js\"></script>\n  <link rel=\"stylesheet\" href=\"/assets/index-a4f6c957.css\">\n</head>\n\n<body>\n  <noscript>Wanna write ur own UI without js?! Go ahead, don't disturb others</noscript>\n  <div id=\"root\"></div>\n\n  \n</body>\n\n</html>\n" columns= [Object, Object, Object, Object, Object, Object]  ... > 
  at <DataTable value="<!DOCTYPE html>\n<html lang=\"en\">\n\n<head>\n  <meta charset=\"utf-8\" />\n  <meta name=\"viewport\" content=\"width=device-width, initial-scale=1\" />\n  <meta name=\"theme-color\" content=\"#000000\" />\n  <link rel=\"shortcut icon\" type=\"image/ico\" href=\"/assets/favicon-bc234827.ico\" />\n  <link href=\"https://fonts.googleapis.com/css?family=Roboto:300,400,500\" rel=\"stylesheet\" />\n  <title>Pentaract UI</title>\n\n  <style>\n    *,\n    html {\n      margin: 0;\n      padding: 0;\n    }\n  </style>\n  <script type=\"module\" crossorigin src=\"/assets/index-58b24b54.js\"></script>\n  <link rel=\"stylesheet\" href=\"/assets/index-a4f6c957.css\">\n</head>\n\n<body>\n  <noscript>Wanna write ur own UI without js?! Go ahead, don't disturb others</noscript>\n  <div id=\"root\"></div>\n\n  \n</body>\n\n</html>\n" loading=false stripedRows=""  ... > 
  at <OrdersView onVnodeUnmounted=fn<onVnodeUnmounted> ref=Ref< Proxy(Object) > > 
  at <RouterView> 
  at <AppLayout onVnodeUnmounted=fn<onVnodeUnmounted> ref=Ref< Proxy(Object) > > 
  at <RouterView> 
  at <App> @ http://localhost:5277/node_modules/@vue/runtime-core/dist/runtime-core.esm-bundler.js:49
[    3662ms] [WARNING] [Vue warn]: Invalid prop: type check failed for prop "rowData". Expected Object, got String with value "<". 
  at <BodyCell key="created_at" rowData="<" column= {__v_isVNode: true, __v_skip: true, type: Object, props: Object, key: null}  ... > 
  at <BodyRow key=undefined rowData="<" index=0  ... > 
  at <TableBody ref="bodyRef" value="<!DOCTYPE html>\n<htm" class=""  ... > 
  at <VirtualScroller ref="virtualScroller" items="<!DOCTYPE html>\n<html lang=\"en\">\n\n<head>\n  <meta charset=\"utf-8\" />\n  <meta name=\"viewport\" content=\"width=device-width, initial-scale=1\" />\n  <meta name=\"theme-color\" content=\"#000000\" />\n  <link rel=\"shortcut icon\" type=\"image/ico\" href=\"/assets/favicon-bc234827.ico\" />\n  <link href=\"https://fonts.googleapis.com/css?family=Roboto:300,400,500\" rel=\"stylesheet\" />\n  <title>Pentaract UI</title>\n\n  <style>\n    *,\n    html {\n      margin: 0;\n      padding: 0;\n    }\n  </style>\n  <script type=\"module\" crossorigin src=\"/assets/index-58b24b54.js\"></script>\n  <link rel=\"stylesheet\" href=\"/assets/index-a4f6c957.css\">\n</head>\n\n<body>\n  <noscript>Wanna write ur own UI without js?! Go ahead, don't disturb others</noscript>\n  <div id=\"root\"></div>\n\n  \n</body>\n\n</html>\n" columns= [Object, Object, Object, Object, Object, Object]  ... > 
  at <DataTable value="<!DOCTYPE html>\n<html lang=\"en\">\n\n<head>\n  <meta charset=\"utf-8\" />\n  <meta name=\"viewport\" content=\"width=device-width, initial-scale=1\" />\n  <meta name=\"theme-color\" content=\"#000000\" />\n  <link rel=\"shortcut icon\" type=\"image/ico\" href=\"/assets/favicon-bc234827.ico\" />\n  <link href=\"https://fonts.googleapis.com/css?family=Roboto:300,400,500\" rel=\"stylesheet\" />\n  <title>Pentaract UI</title>\n\n  <style>\n    *,\n    html {\n      margin: 0;\n      padding: 0;\n    }\n  </style>\n  <script type=\"module\" crossorigin src=\"/assets/index-58b24b54.js\"></script>\n  <link rel=\"stylesheet\" href=\"/assets/index-a4f6c957.css\">\n</head>\n\n<body>\n  <noscript>Wanna write ur own UI without js?! Go ahead, don't disturb others</noscript>\n  <div id=\"root\"></div>\n\n  \n</body>\n\n</html>\n" loading=false stripedRows=""  ... > 
  at <OrdersView onVnodeUnmounted=fn<onVnodeUnmounted> ref=Ref< Proxy(Object) > > 
  at <RouterView> 
  at <AppLayout onVnodeUnmounted=fn<onVnodeUnmounted> ref=Ref< Proxy(Object) > > 
  at <RouterView> 
  at <App> @ http://localhost:5277/node_modules/@vue/runtime-core/dist/runtime-core.esm-bundler.js:49
[    3678ms] [WARNING] [Vue warn]: Invalid prop: type check failed for prop "rowData". Expected Object, got String with value "<". 
  at <BodyCell key=5 rowData="<" column= {__v_isVNode: true, __v_skip: true, type: Object, props: Object, key: null}  ... > 
  at <BodyRow key=undefined rowData="<" index=0  ... > 
  at <TableBody ref="bodyRef" value="<!DOCTYPE html>\n<htm" class=""  ... > 
  at <VirtualScroller ref="virtualScroller" items="<!DOCTYPE html>\n<html lang=\"en\">\n\n<head>\n  <meta charset=\"utf-8\" />\n  <meta name=\"viewport\" content=\"width=device-width, initial-scale=1\" />\n  <meta name=\"theme-color\" content=\"#000000\" />\n  <link rel=\"shortcut icon\" type=\"image/ico\" href=\"/assets/favicon-bc234827.ico\" />\n  <link href=\"https://fonts.googleapis.com/css?family=Roboto:300,400,500\" rel=\"stylesheet\" />\n  <title>Pentaract UI</title>\n\n  <style>\n    *,\n    html {\n      margin: 0;\n      padding: 0;\n    }\n  </style>\n  <script type=\"module\" crossorigin src=\"/assets/index-58b24b54.js\"></script>\n  <link rel=\"stylesheet\" href=\"/assets/index-a4f6c957.css\">\n</head>\n\n<body>\n  <noscript>Wanna write ur own UI without js?! Go ahead, don't disturb others</noscript>\n  <div id=\"root\"></div>\n\n  \n</body>\n\n</html>\n" columns= [Object, Object, Object, Object, Object, Object]  ... > 
  at <DataTable value="<!DOCTYPE html>\n<html lang=\"en\">\n\n<head>\n  <meta charset=\"utf-8\" />\n  <meta name=\"viewport\" content=\"width=device-width, initial-scale=1\" />\n  <meta name=\"theme-color\" content=\"#000000\" />\n  <link rel=\"shortcut icon\" type=\"image/ico\" href=\"/assets/favicon-bc234827.ico\" />\n  <link href=\"https://fonts.googleapis.com/css?family=Roboto:300,400,500\" rel=\"stylesheet\" />\n  <title>Pentaract UI</title>\n\n  <style>\n    *,\n    html {\n      margin: 0;\n      padding: 0;\n    }\n  </style>\n  <script type=\"module\" crossorigin src=\"/assets/index-58b24b54.js\"></script>\n  <link rel=\"stylesheet\" href=\"/assets/index-a4f6c957.css\">\n</head>\n\n<body>\n  <noscript>Wanna write ur own UI without js?! Go ahead, don't disturb others</noscript>\n  <div id=\"root\"></div>\n\n  \n</body>\n\n</html>\n" loading=false stripedRows=""  ... > 
  at <OrdersView onVnodeUnmounted=fn<onVnodeUnmounted> ref=Ref< Proxy(Object) > > 
  at <RouterView> 
  at <AppLayout onVnodeUnmounted=fn<onVnodeUnmounted> ref=Ref< Proxy(Object) > > 
  at <RouterView> 
  at <App> @ http://localhost:5277/node_modules/@vue/runtime-core/dist/runtime-core.esm-bundler.js:49
[    3687ms] [WARNING] [Vue warn]: Invalid prop: type check failed for prop "rowData". Expected Object, got String with value "!". 
  at <BodyRow key=undefined rowData="!" index=1  ... > 
  at <TableBody ref="bodyRef" value="<!DOCTYPE html>\n<htm" class=""  ... > 
  at <VirtualScroller ref="virtualScroller" items="<!DOCTYPE html>\n<html lang=\"en\">\n\n<head>\n  <meta charset=\"utf-8\" />\n  <meta name=\"viewport\" content=\"width=device-width, initial-scale=1\" />\n  <meta name=\"theme-color\" content=\"#000000\" />\n  <link rel=\"shortcut icon\" type=\"image/ico\" href=\"/assets/favicon-bc234827.ico\" />\n  <link href=\"https://fonts.googleapis.com/css?family=Roboto:300,400,500\" rel=\"stylesheet\" />\n  <title>Pentaract UI</title>\n\n  <style>\n    *,\n    html {\n      margin: 0;\n      padding: 0;\n    }\n  </style>\n  <script type=\"module\" crossorigin src=\"/assets/index-58b24b54.js\"></script>\n  <link rel=\"stylesheet\" href=\"/assets/index-a4f6c957.css\">\n</head>\n\n<body>\n  <noscript>Wanna write ur own UI without js?! Go ahead, don't disturb others</noscript>\n  <div id=\"root\"></div>\n\n  \n</body>\n\n</html>\n" columns= [Object, Object, Object, Object, Object, Object]  ... > 
  at <DataTable value="<!DOCTYPE html>\n<html lang=\"en\">\n\n<head>\n  <meta charset=\"utf-8\" />\n  <meta name=\"viewport\" content=\"width=device-width, initial-scale=1\" />\n  <meta name=\"theme-color\" content=\"#000000\" />\n  <link rel=\"shortcut icon\" type=\"image/ico\" href=\"/assets/favicon-bc234827.ico\" />\n  <link href=\"https://fonts.googleapis.com/css?family=Roboto:300,400,500\" rel=\"stylesheet\" />\n  <title>Pentaract UI</title>\n\n  <style>\n    *,\n    html {\n      margin: 0;\n      padding: 0;\n    }\n  </style>\n  <script type=\"module\" crossorigin src=\"/assets/index-58b24b54.js\"></script>\n  <link rel=\"stylesheet\" href=\"/assets/index-a4f6c957.css\">\n</head>\n\n<body>\n  <noscript>Wanna write ur own UI without js?! Go ahead, don't disturb others</noscript>\n  <div id=\"root\"></div>\n\n  \n</body>\n\n</html>\n" loading=false stripedRows=""  ... > 
  at <OrdersView onVnodeUnmounted=fn<onVnodeUnmounted> ref=Ref< Proxy(Object) > > 
  at <RouterView> 
  at <AppLayout onVnodeUnmounted=fn<onVnodeUnmounted> ref=Ref< Proxy(Object) > > 
  at <RouterView> 
  at <App> @ http://localhost:5277/node_modules/@vue/runtime-core/dist/runtime-core.esm-bundler.js:49
[    3688ms] [WARNING] [Vue warn]: Invalid prop: type check failed for prop "value". Expected Array, got String with value "<!DOCTYPE html>
<htm". 
  at <BodyRow key=undefined rowData="!" index=1  ... > 
  at <TableBody ref="bodyRef" value="<!DOCTYPE html>\n<htm" class=""  ... > 
  at <VirtualScroller ref="virtualScroller" items="<!DOCTYPE html>\n<html lang=\"en\">\n\n<head>\n  <meta charset=\"utf-8\" />\n  <meta name=\"viewport\" content=\"width=device-width, initial-scale=1\" />\n  <meta name=\"theme-color\" content=\"#000000\" />\n  <link rel=\"shortcut icon\" type=\"image/ico\" href=\"/assets/favicon-bc234827.ico\" />\n  <link href=\"https://fonts.googleapis.com/css?family=Roboto:300,400,500\" rel=\"stylesheet\" />\n  <title>Pentaract UI</title>\n\n  <style>\n    *,\n    html {\n      margin: 0;\n      padding: 0;\n    }\n  </style>\n  <script type=\"module\" crossorigin src=\"/assets/index-58b24b54.js\"></script>\n  <link rel=\"stylesheet\" href=\"/assets/index-a4f6c957.css\">\n</head>\n\n<body>\n  <noscript>Wanna write ur own UI without js?! Go ahead, don't disturb others</noscript>\n  <div id=\"root\"></div>\n\n  \n</body>\n\n</html>\n" columns= [Object, Object, Object, Object, Object, Object]  ... > 
  at <DataTable value="<!DOCTYPE html>\n<html lang=\"en\">\n\n<head>\n  <meta charset=\"utf-8\" />\n  <meta name=\"viewport\" content=\"width=device-width, initial-scale=1\" />\n  <meta name=\"theme-color\" content=\"#000000\" />\n  <link rel=\"shortcut icon\" type=\"image/ico\" href=\"/assets/favicon-bc234827.ico\" />\n  <link href=\"https://fonts.googleapis.com/css?family=Roboto:300,400,500\" rel=\"stylesheet\" />\n  <title>Pentaract UI</title>\n\n  <style>\n    *,\n    html {\n      margin: 0;\n      padding: 0;\n    }\n  </style>\n  <script type=\"module\" crossorigin src=\"/assets/index-58b24b54.js\"></script>\n  <link rel=\"stylesheet\" href=\"/assets/index-a4f6c957.css\">\n</head>\n\n<body>\n  <noscript>Wanna write ur own UI without js?! Go ahead, don't disturb others</noscript>\n  <div id=\"root\"></div>\n\n  \n</body>\n\n</html>\n" loading=false stripedRows=""  ... > 
  at <OrdersView onVnodeUnmounted=fn<onVnodeUnmounted> ref=Ref< Proxy(Object) > > 
  at <RouterView> 
  at <AppLayout onVnodeUnmounted=fn<onVnodeUnmounted> ref=Ref< Proxy(Object) > > 
  at <RouterView> 
  at <App> @ http://localhost:5277/node_modules/@vue/runtime-core/dist/runtime-core.esm-bundler.js:49
[    3693ms] [WARNING] [Vue warn]: Invalid prop: type check failed for prop "rowData". Expected Object, got String with value "!". 
  at <BodyCell key="id" rowData="!" column= {__v_isVNode: true, __v_skip: true, type: Object, props: Object, key: null}  ... > 
  at <BodyRow key=undefined rowData="!" index=1  ... > 
  at <TableBody ref="bodyRef" value="<!DOCTYPE html>\n<htm" class=""  ... > 
  at <VirtualScroller ref="virtualScroller" items="<!DOCTYPE html>\n<html lang=\"en\">\n\n<head>\n  <meta charset=\"utf-8\" />\n  <meta name=\"viewport\" content=\"width=device-width, initial-scale=1\" />\n  <meta name=\"theme-color\" content=\"#000000\" />\n  <link rel=\"shortcut icon\" type=\"image/ico\" href=\"/assets/favicon-bc234827.ico\" />\n  <link href=\"https://fonts.googleapis.com/css?family=Roboto:300,400,500\" rel=\"stylesheet\" />\n  <title>Pentaract UI</title>\n\n  <style>\n    *,\n    html {\n      margin: 0;\n      padding: 0;\n    }\n  </style>\n  <script type=\"module\" crossorigin src=\"/assets/index-58b24b54.js\"></script>\n  <link rel=\"stylesheet\" href=\"/assets/index-a4f6c957.css\">\n</head>\n\n<body>\n  <noscript>Wanna write ur own UI without js?! Go ahead, don't disturb others</noscript>\n  <div id=\"root\"></div>\n\n  \n</body>\n\n</html>\n" columns= [Object, Object, Object, Object, Object, Object]  ... > 
  at <DataTable value="<!DOCTYPE html>\n<html lang=\"en\">\n\n<head>\n  <meta charset=\"utf-8\" />\n  <meta name=\"viewport\" content=\"width=device-width, initial-scale=1\" />\n  <meta name=\"theme-color\" content=\"#000000\" />\n  <link rel=\"shortcut icon\" type=\"image/ico\" href=\"/assets/favicon-bc234827.ico\" />\n  <link href=\"https://fonts.googleapis.com/css?family=Roboto:300,400,500\" rel=\"stylesheet\" />\n  <title>Pentaract UI</title>\n\n  <style>\n    *,\n    html {\n      margin: 0;\n      padding: 0;\n    }\n  </style>\n  <script type=\"module\" crossorigin src=\"/assets/index-58b24b54.js\"></script>\n  <link rel=\"stylesheet\" href=\"/assets/index-a4f6c957.css\">\n</head>\n\n<body>\n  <noscript>Wanna write ur own UI without js?! Go ahead, don't disturb others</noscript>\n  <div id=\"root\"></div>\n\n  \n</body>\n\n</html>\n" loading=false stripedRows=""  ... > 
  at <OrdersView onVnodeUnmounted=fn<onVnodeUnmounted> ref=Ref< Proxy(Object) > > 
  at <RouterView> 
  at <AppLayout onVnodeUnmounted=fn<onVnodeUnmounted> ref=Ref< Proxy(Object) > > 
  at <RouterView> 
  at <App> @ http://localhost:5277/node_modules/@vue/runtime-core/dist/runtime-core.esm-bundler.js:49
[    3699ms] [WARNING] [Vue warn]: Invalid prop: type check failed for prop "rowData". Expected Object, got String with value "!". 
  at <BodyCell key="client_id" rowData="!" column= {__v_isVNode: true, __v_skip: true, type: Object, props: Object, key: null}  ... > 
  at <BodyRow key=undefined rowData="!" index=1  ... > 
  at <TableBody ref="bodyRef" value="<!DOCTYPE html>\n<htm" class=""  ... > 
  at <VirtualScroller ref="virtualScroller" items="<!DOCTYPE html>\n<html lang=\"en\">\n\n<head>\n  <meta charset=\"utf-8\" />\n  <meta name=\"viewport\" content=\"width=device-width, initial-scale=1\" />\n  <meta name=\"theme-color\" content=\"#000000\" />\n  <link rel=\"shortcut icon\" type=\"image/ico\" href=\"/assets/favicon-bc234827.ico\" />\n  <link href=\"https://fonts.googleapis.com/css?family=Roboto:300,400,500\" rel=\"stylesheet\" />\n  <title>Pentaract UI</title>\n\n  <style>\n    *,\n    html {\n      margin: 0;\n      padding: 0;\n    }\n  </style>\n  <script type=\"module\" crossorigin src=\"/assets/index-58b24b54.js\"></script>\n  <link rel=\"stylesheet\" href=\"/assets/index-a4f6c957.css\">\n</head>\n\n<body>\n  <noscript>Wanna write ur own UI without js?! Go ahead, don't disturb others</noscript>\n  <div id=\"root\"></div>\n\n  \n</body>\n\n</html>\n" columns= [Object, Object, Object, Object, Object, Object]  ... > 
  at <DataTable value="<!DOCTYPE html>\n<html lang=\"en\">\n\n<head>\n  <meta charset=\"utf-8\" />\n  <meta name=\"viewport\" content=\"width=device-width, initial-scale=1\" />\n  <meta name=\"theme-color\" content=\"#000000\" />\n  <link rel=\"shortcut icon\" type=\"image/ico\" href=\"/assets/favicon-bc234827.ico\" />\n  <link href=\"https://fonts.googleapis.com/css?family=Roboto:300,400,500\" rel=\"stylesheet\" />\n  <title>Pentaract UI</title>\n\n  <style>\n    *,\n    html {\n      margin: 0;\n      padding: 0;\n    }\n  </style>\n  <script type=\"module\" crossorigin src=\"/assets/index-58b24b54.js\"></script>\n  <link rel=\"stylesheet\" href=\"/assets/index-a4f6c957.css\">\n</head>\n\n<body>\n  <noscript>Wanna write ur own UI without js?! Go ahead, don't disturb others</noscript>\n  <div id=\"root\"></div>\n\n  \n</body>\n\n</html>\n" loading=false stripedRows=""  ... > 
  at <OrdersView onVnodeUnmounted=fn<onVnodeUnmounted> ref=Ref< Proxy(Object) > > 
  at <RouterView> 
  at <AppLayout onVnodeUnmounted=fn<onVnodeUnmounted> ref=Ref< Proxy(Object) > > 
  at <RouterView> 
  at <App> @ http://localhost:5277/node_modules/@vue/runtime-core/dist/runtime-core.esm-bundler.js:49
[    3703ms] [WARNING] [Vue warn]: Invalid prop: type check failed for prop "rowData". Expected Object, got String with value "!". 
  at <BodyCell key="source" rowData="!" column= {__v_isVNode: true, __v_skip: true, type: Object, props: Object, key: null}  ... > 
  at <BodyRow key=undefined rowData="!" index=1  ... > 
  at <TableBody ref="bodyRef" value="<!DOCTYPE html>\n<htm" class=""  ... > 
  at <VirtualScroller ref="virtualScroller" items="<!DOCTYPE html>\n<html lang=\"en\">\n\n<head>\n  <meta charset=\"utf-8\" />\n  <meta name=\"viewport\" content=\"width=device-width, initial-scale=1\" />\n  <meta name=\"theme-color\" content=\"#000000\" />\n  <link rel=\"shortcut icon\" type=\"image/ico\" href=\"/assets/favicon-bc234827.ico\" />\n  <link href=\"https://fonts.googleapis.com/css?family=Roboto:300,400,500\" rel=\"stylesheet\" />\n  <title>Pentaract UI</title>\n\n  <style>\n    *,\n    html {\n      margin: 0;\n      padding: 0;\n    }\n  </style>\n  <script type=\"module\" crossorigin src=\"/assets/index-58b24b54.js\"></script>\n  <link rel=\"stylesheet\" href=\"/assets/index-a4f6c957.css\">\n</head>\n\n<body>\n  <noscript>Wanna write ur own UI without js?! Go ahead, don't disturb others</noscript>\n  <div id=\"root\"></div>\n\n  \n</body>\n\n</html>\n" columns= [Object, Object, Object, Object, Object, Object]  ... > 
  at <DataTable value="<!DOCTYPE html>\n<html lang=\"en\">\n\n<head>\n  <meta charset=\"utf-8\" />\n  <meta name=\"viewport\" content=\"width=device-width, initial-scale=1\" />\n  <meta name=\"theme-color\" content=\"#000000\" />\n  <link rel=\"shortcut icon\" type=\"image/ico\" href=\"/assets/favicon-bc234827.ico\" />\n  <link href=\"https://fonts.googleapis.com/css?family=Roboto:300,400,500\" rel=\"stylesheet\" />\n  <title>Pentaract UI</title>\n\n  <style>\n    *,\n    html {\n      margin: 0;\n      padding: 0;\n    }\n  </style>\n  <script type=\"module\" crossorigin src=\"/assets/index-58b24b54.js\"></script>\n  <link rel=\"stylesheet\" href=\"/assets/index-a4f6c957.css\">\n</head>\n\n<body>\n  <noscript>Wanna write ur own UI without js?! Go ahead, don't disturb others</noscript>\n  <div id=\"root\"></div>\n\n  \n</body>\n\n</html>\n" loading=false stripedRows=""  ... > 
  at <OrdersView onVnodeUnmounted=fn<onVnodeUnmounted> ref=Ref< Proxy(Object) > > 
  at <RouterView> 
  at <AppLayout onVnodeUnmounted=fn<onVnodeUnmounted> ref=Ref< Proxy(Object) > > 
  at <RouterView> 
  at <App> @ http://localhost:5277/node_modules/@vue/runtime-core/dist/runtime-core.esm-bundler.js:49
[    3711ms] [WARNING] [Vue warn]: Invalid prop: type check failed for prop "rowData". Expected Object, got String with value "!". 
  at <BodyCell key="status" rowData="!" column= {__v_isVNode: true, __v_skip: true, type: Object, props: Object, key: null}  ... > 
  at <BodyRow key=undefined rowData="!" index=1  ... > 
  at <TableBody ref="bodyRef" value="<!DOCTYPE html>\n<htm" class=""  ... > 
  at <VirtualScroller ref="virtualScroller" items="<!DOCTYPE html>\n<html lang=\"en\">\n\n<head>\n  <meta charset=\"utf-8\" />\n  <meta name=\"viewport\" content=\"width=device-width, initial-scale=1\" />\n  <meta name=\"theme-color\" content=\"#000000\" />\n  <link rel=\"shortcut icon\" type=\"image/ico\" href=\"/assets/favicon-bc234827.ico\" />\n  <link href=\"https://fonts.googleapis.com/css?family=Roboto:300,400,500\" rel=\"stylesheet\" />\n  <title>Pentaract UI</title>\n\n  <style>\n    *,\n    html {\n      margin: 0;\n      padding: 0;\n    }\n  </style>\n  <script type=\"module\" crossorigin src=\"/assets/index-58b24b54.js\"></script>\n  <link rel=\"stylesheet\" href=\"/assets/index-a4f6c957.css\">\n</head>\n\n<body>\n  <noscript>Wanna write ur own UI without js?! Go ahead, don't disturb others</noscript>\n  <div id=\"root\"></div>\n\n  \n</body>\n\n</html>\n" columns= [Object, Object, Object, Object, Object, Object]  ... > 
  at <DataTable value="<!DOCTYPE html>\n<html lang=\"en\">\n\n<head>\n  <meta charset=\"utf-8\" />\n  <meta name=\"viewport\" content=\"width=device-width, initial-scale=1\" />\n  <meta name=\"theme-color\" content=\"#000000\" />\n  <link rel=\"shortcut icon\" type=\"image/ico\" href=\"/assets/favicon-bc234827.ico\" />\n  <link href=\"https://fonts.googleapis.com/css?family=Roboto:300,400,500\" rel=\"stylesheet\" />\n  <title>Pentaract UI</title>\n\n  <style>\n    *,\n    html {\n      margin: 0;\n      padding: 0;\n    }\n  </style>\n  <script type=\"module\" crossorigin src=\"/assets/index-58b24b54.js\"></script>\n  <link rel=\"stylesheet\" href=\"/assets/index-a4f6c957.css\">\n</head>\n\n<body>\n  <noscript>Wanna write ur own UI without js?! Go ahead, don't disturb others</noscript>\n  <div id=\"root\"></div>\n\n  \n</body>\n\n</html>\n" loading=false stripedRows=""  ... > 
  at <OrdersView onVnodeUnmounted=fn<onVnodeUnmounted> ref=Ref< Proxy(Object) > > 
  at <RouterView> 
  at <AppLayout onVnodeUnmounted=fn<onVnodeUnmounted> ref=Ref< Proxy(Object) > > 
  at <RouterView> 
  at <App> @ http://localhost:5277/node_modules/@vue/runtime-core/dist/runtime-core.esm-bundler.js:49
[    3720ms] [WARNING] [Vue warn]: Invalid prop: type check failed for prop "rowData". Expected Object, got String with value "!". 
  at <BodyCell key="created_at" rowData="!" column= {__v_isVNode: true, __v_skip: true, type: Object, props: Object, key: null}  ... > 
  at <BodyRow key=undefined rowData="!" index=1  ... > 
  at <TableBody ref="bodyRef" value="<!DOCTYPE html>\n<htm" class=""  ... > 
  at <VirtualScroller ref="virtualScroller" items="<!DOCTYPE html>\n<html lang=\"en\">\n\n<head>\n  <meta charset=\"utf-8\" />\n  <meta name=\"viewport\" content=\"width=device-width, initial-scale=1\" />\n  <meta name=\"theme-color\" content=\"#000000\" />\n  <link rel=\"shortcut icon\" type=\"image/ico\" href=\"/assets/favicon-bc234827.ico\" />\n  <link href=\"https://fonts.googleapis.com/css?family=Roboto:300,400,500\" rel=\"stylesheet\" />\n  <title>Pentaract UI</title>\n\n  <style>\n    *,\n    html {\n      margin: 0;\n      padding: 0;\n    }\n  </style>\n  <script type=\"module\" crossorigin src=\"/assets/index-58b24b54.js\"></script>\n  <link rel=\"stylesheet\" href=\"/assets/index-a4f6c957.css\">\n</head>\n\n<body>\n  <noscript>Wanna write ur own UI without js?! Go ahead, don't disturb others</noscript>\n  <div id=\"root\"></div>\n\n  \n</body>\n\n</html>\n" columns= [Object, Object, Object, Object, Object, Object]  ... > 
  at <DataTable value="<!DOCTYPE html>\n<html lang=\"en\">\n\n<head>\n  <meta charset=\"utf-8\" />\n  <meta name=\"viewport\" content=\"width=device-width, initial-scale=1\" />\n  <meta name=\"theme-color\" content=\"#000000\" />\n  <link rel=\"shortcut icon\" type=\"image/ico\" href=\"/assets/favicon-bc234827.ico\" />\n  <link href=\"https://fonts.googleapis.com/css?family=Roboto:300,400,500\" rel=\"stylesheet\" />\n  <title>Pentaract UI</title>\n\n  <style>\n    *,\n    html {\n      margin: 0;\n      padding: 0;\n    }\n  </style>\n  <script type=\"module\" crossorigin src=\"/assets/index-58b24b54.js\"></script>\n  <link rel=\"stylesheet\" href=\"/assets/index-a4f6c957.css\">\n</head>\n\n<body>\n  <noscript>Wanna write ur own UI without js?! Go ahead, don't disturb others</noscript>\n  <div id=\"root\"></div>\n\n  \n</body>\n\n</html>\n" loading=false stripedRows=""  ... > 
  at <OrdersView onVnodeUnmounted=fn<onVnodeUnmounted> ref=Ref< Proxy(Object) > > 
  at <RouterView> 
  at <AppLayout onVnodeUnmounted=fn<onVnodeUnmounted> ref=Ref< Proxy(Object) > > 
  at <RouterView> 
  at <App> @ http://localhost:5277/node_modules/@vue/runtime-core/dist/runtime-core.esm-bundler.js:49
[    3723ms] [WARNING] [Vue warn]: Invalid prop: type check failed for prop "rowData". Expected Object, got String with value "!". 
  at <BodyCell key=5 rowData="!" column= {__v_isVNode: true, __v_skip: true, type: Object, props: Object, key: null}  ... > 
  at <BodyRow key=undefined rowData="!" index=1  ... > 
  at <TableBody ref="bodyRef" value="<!DOCTYPE html>\n<htm" class=""  ... > 
  at <VirtualScroller ref="virtualScroller" items="<!DOCTYPE html>\n<html lang=\"en\">\n\n<head>\n  <meta charset=\"utf-8\" />\n  <meta name=\"viewport\" content=\"width=device-width, initial-scale=1\" />\n  <meta name=\"theme-color\" content=\"#000000\" />\n  <link rel=\"shortcut icon\" type=\"image/ico\" href=\"/assets/favicon-bc234827.ico\" />\n  <link href=\"https://fonts.googleapis.com/css?family=Roboto:300,400,500\" rel=\"stylesheet\" />\n  <title>Pentaract UI</title>\n\n  <style>\n    *,\n    html {\n      margin: 0;\n      padding: 0;\n    }\n  </style>\n  <script type=\"module\" crossorigin src=\"/assets/index-58b24b54.js\"></script>\n  <link rel=\"stylesheet\" href=\"/assets/index-a4f6c957.css\">\n</head>\n\n<body>\n  <noscript>Wanna write ur own UI without js?! Go ahead, don't disturb others</noscript>\n  <div id=\"root\"></div>\n\n  \n</body>\n\n</html>\n" columns= [Object, Object, Object, Object, Object, Object]  ... > 
  at <DataTable value="<!DOCTYPE html>\n<html lang=\"en\">\n\n<head>\n  <meta charset=\"utf-8\" />\n  <meta name=\"viewport\" content=\"width=device-width, initial-scale=1\" />\n  <meta name=\"theme-color\" content=\"#000000\" />\n  <link rel=\"shortcut icon\" type=\"image/ico\" href=\"/assets/favicon-bc234827.ico\" />\n  <link href=\"https://fonts.googleapis.com/css?family=Roboto:300,400,500\" rel=\"stylesheet\" />\n  <title>Pentaract UI</title>\n\n  <style>\n    *,\n    html {\n      margin: 0;\n      padding: 0;\n    }\n  </style>\n  <script type=\"module\" crossorigin src=\"/assets/index-58b24b54.js\"></script>\n  <link rel=\"stylesheet\" href=\"/assets/index-a4f6c957.css\">\n</head>\n\n<body>\n  <noscript>Wanna write ur own UI without js?! Go ahead, don't disturb others</noscript>\n  <div id=\"root\"></div>\n\n  \n</body>\n\n</html>\n" loading=false stripedRows=""  ... > 
  at <OrdersView onVnodeUnmounted=fn<onVnodeUnmounted> ref=Ref< Proxy(Object) > > 
  at <RouterView> 
  at <AppLayout onVnodeUnmounted=fn<onVnodeUnmounted> ref=Ref< Proxy(Object) > > 
  at <RouterView> 
  at <App> @ http://localhost:5277/node_modules/@vue/runtime-core/dist/runtime-core.esm-bundler.js:49
[    3727ms] [WARNING] [Vue warn]: Invalid prop: type check failed for prop "rowData". Expected Object, got String with value "D". 
  at <BodyRow key=undefined rowData="D" index=2  ... > 
  at <TableBody ref="bodyRef" value="<!DOCTYPE html>\n<htm" class=""  ... > 
  at <VirtualScroller ref="virtualScroller" items="<!DOCTYPE html>\n<html lang=\"en\">\n\n<head>\n  <meta charset=\"utf-8\" />\n  <meta name=\"viewport\" content=\"width=device-width, initial-scale=1\" />\n  <meta name=\"theme-color\" content=\"#000000\" />\n  <link rel=\"shortcut icon\" type=\"image/ico\" href=\"/assets/favicon-bc234827.ico\" />\n  <link href=\"https://fonts.googleapis.com/css?family=Roboto:300,400,500\" rel=\"stylesheet\" />\n  <title>Pentaract UI</title>\n\n  <style>\n    *,\n    html {\n      margin: 0;\n      padding: 0;\n    }\n  </style>\n  <script type=\"module\" crossorigin src=\"/assets/index-58b24b54.js\"></script>\n  <link rel=\"stylesheet\" href=\"/assets/index-a4f6c957.css\">\n</head>\n\n<body>\n  <noscript>Wanna write ur own UI without js?! Go ahead, don't disturb others</noscript>\n  <div id=\"root\"></div>\n\n  \n</body>\n\n</html>\n" columns= [Object, Object, Object, Object, Object, Object]  ... > 
  at <DataTable value="<!DOCTYPE html>\n<html lang=\"en\">\n\n<head>\n  <meta charset=\"utf-8\" />\n  <meta name=\"viewport\" content=\"width=device-width, initial-scale=1\" />\n  <meta name=\"theme-color\" content=\"#000000\" />\n  <link rel=\"shortcut icon\" type=\"image/ico\" href=\"/assets/favicon-bc234827.ico\" />\n  <link href=\"https://fonts.googleapis.com/css?family=Roboto:300,400,500\" rel=\"stylesheet\" />\n  <title>Pentaract UI</title>\n\n  <style>\n    *,\n    html {\n      margin: 0;\n      padding: 0;\n    }\n  </style>\n  <script type=\"module\" crossorigin src=\"/assets/index-58b24b54.js\"></script>\n  <link rel=\"stylesheet\" href=\"/assets/index-a4f6c957.css\">\n</head>\n\n<body>\n  <noscript>Wanna write ur own UI without js?! Go ahead, don't disturb others</noscript>\n  <div id=\"root\"></div>\n\n  \n</body>\n\n</html>\n" loading=false stripedRows=""  ... > 
  at <OrdersView onVnodeUnmounted=fn<onVnodeUnmounted> ref=Ref< Proxy(Object) > > 
  at <RouterView> 
  at <AppLayout onVnodeUnmounted=fn<onVnodeUnmounted> ref=Ref< Proxy(Object) > > 
  at <RouterView> 
  at <App> @ http://localhost:5277/node_modules/@vue/runtime-core/dist/runtime-core.esm-bundler.js:49
[    3729ms] [WARNING] [Vue warn]: Invalid prop: type check failed for prop "value". Expected Array, got String with value "<!DOCTYPE html>
<htm". 
  at <BodyRow key=undefined rowData="D" index=2  ... > 
  at <TableBody ref="bodyRef" value="<!DOCTYPE html>\n<htm" class=""  ... > 
  at <VirtualScroller ref="virtualScroller" items="<!DOCTYPE html>\n<html lang=\"en\">\n\n<head>\n  <meta charset=\"utf-8\" />\n  <meta name=\"viewport\" content=\"width=device-width, initial-scale=1\" />\n  <meta name=\"theme-color\" content=\"#000000\" />\n  <link rel=\"shortcut icon\" type=\"image/ico\" href=\"/assets/favicon-bc234827.ico\" />\n  <link href=\"https://fonts.googleapis.com/css?family=Roboto:300,400,500\" rel=\"stylesheet\" />\n  <title>Pentaract UI</title>\n\n  <style>\n    *,\n    html {\n      margin: 0;\n      padding: 0;\n    }\n  </style>\n  <script type=\"module\" crossorigin src=\"/assets/index-58b24b54.js\"></script>\n  <link rel=\"stylesheet\" href=\"/assets/index-a4f6c957.css\">\n</head>\n\n<body>\n  <noscript>Wanna write ur own UI without js?! Go ahead, don't disturb others</noscript>\n  <div id=\"root\"></div>\n\n  \n</body>\n\n</html>\n" columns= [Object, Object, Object, Object, Object, Object]  ... > 
  at <DataTable value="<!DOCTYPE html>\n<html lang=\"en\">\n\n<head>\n  <meta charset=\"utf-8\" />\n  <meta name=\"viewport\" content=\"width=device-width, initial-scale=1\" />\n  <meta name=\"theme-color\" content=\"#000000\" />\n  <link rel=\"shortcut icon\" type=\"image/ico\" href=\"/assets/favicon-bc234827.ico\" />\n  <link href=\"https://fonts.googleapis.com/css?family=Roboto:300,400,500\" rel=\"stylesheet\" />\n  <title>Pentaract UI</title>\n\n  <style>\n    *,\n    html {\n      margin: 0;\n      padding: 0;\n    }\n  </style>\n  <script type=\"module\" crossorigin src=\"/assets/index-58b24b54.js\"></script>\n  <link rel=\"stylesheet\" href=\"/assets/index-a4f6c957.css\">\n</head>\n\n<body>\n  <noscript>Wanna write ur own UI without js?! Go ahead, don't disturb others</noscript>\n  <div id=\"root\"></div>\n\n  \n</body>\n\n</html>\n" loading=false stripedRows=""  ... > 
  at <OrdersView onVnodeUnmounted=fn<onVnodeUnmounted> ref=Ref< Proxy(Object) > > 
  at <RouterView> 
  at <AppLayout onVnodeUnmounted=fn<onVnodeUnmounted> ref=Ref< Proxy(Object) > > 
  at <RouterView> 
  at <App> @ http://localhost:5277/node_modules/@vue/runtime-core/dist/runtime-core.esm-bundler.js:49
[    3732ms] [WARNING] [Vue warn]: Invalid prop: type check failed for prop "rowData". Expected Object, got String with value "D". 
  at <BodyCell key="id" rowData="D" column= {__v_isVNode: true, __v_skip: true, type: Object, props: Object, key: null}  ... > 
  at <BodyRow key=undefined rowData="D" index=2  ... > 
  at <TableBody ref="bodyRef" value="<!DOCTYPE html>\n<htm" class=""  ... > 
  at <VirtualScroller ref="virtualScroller" items="<!DOCTYPE html>\n<html lang=\"en\">\n\n<head>\n  <meta charset=\"utf-8\" />\n  <meta name=\"viewport\" content=\"width=device-width, initial-scale=1\" />\n  <meta name=\"theme-color\" content=\"#000000\" />\n  <link rel=\"shortcut icon\" type=\"image/ico\" href=\"/assets/favicon-bc234827.ico\" />\n  <link href=\"https://fonts.googleapis.com/css?family=Roboto:300,400,500\" rel=\"stylesheet\" />\n  <title>Pentaract UI</title>\n\n  <style>\n    *,\n    html {\n      margin: 0;\n      padding: 0;\n    }\n  </style>\n  <script type=\"module\" crossorigin src=\"/assets/index-58b24b54.js\"></script>\n  <link rel=\"stylesheet\" href=\"/assets/index-a4f6c957.css\">\n</head>\n\n<body>\n  <noscript>Wanna write ur own UI without js?! Go ahead, don't disturb others</noscript>\n  <div id=\"root\"></div>\n\n  \n</body>\n\n</html>\n" columns= [Object, Object, Object, Object, Object, Object]  ... > 
  at <DataTable value="<!DOCTYPE html>\n<html lang=\"en\">\n\n<head>\n  <meta charset=\"utf-8\" />\n  <meta name=\"viewport\" content=\"width=device-width, initial-scale=1\" />\n  <meta name=\"theme-color\" content=\"#000000\" />\n  <link rel=\"shortcut icon\" type=\"image/ico\" href=\"/assets/favicon-bc234827.ico\" />\n  <link href=\"https://fonts.googleapis.com/css?family=Roboto:300,400,500\" rel=\"stylesheet\" />\n  <title>Pentaract UI</title>\n\n  <style>\n    *,\n    html {\n      margin: 0;\n      padding: 0;\n    }\n  </style>\n  <script type=\"module\" crossorigin src=\"/assets/index-58b24b54.js\"></script>\n  <link rel=\"stylesheet\" href=\"/assets/index-a4f6c957.css\">\n</head>\n\n<body>\n  <noscript>Wanna write ur own UI without js?! Go ahead, don't disturb others</noscript>\n  <div id=\"root\"></div>\n\n  \n</body>\n\n</html>\n" loading=false stripedRows=""  ... > 
  at <OrdersView onVnodeUnmounted=fn<onVnodeUnmounted> ref=Ref< Proxy(Object) > > 
  at <RouterView> 
  at <AppLayout onVnodeUnmounted=fn<onVnodeUnmounted> ref=Ref< Proxy(Object) > > 
  at <RouterView> 
  at <App> @ http://localhost:5277/node_modules/@vue/runtime-core/dist/runtime-core.esm-bundler.js:49
[    3735ms] [WARNING] [Vue warn]: Invalid prop: type check failed for prop "rowData". Expected Object, got String with value "D". 
  at <BodyCell key="client_id" rowData="D" column= {__v_isVNode: true, __v_skip: true, type: Object, props: Object, key: null}  ... > 
  at <BodyRow key=undefined rowData="D" index=2  ... > 
  at <TableBody ref="bodyRef" value="<!DOCTYPE html>\n<htm" class=""  ... > 
  at <VirtualScroller ref="virtualScroller" items="<!DOCTYPE html>\n<html lang=\"en\">\n\n<head>\n  <meta charset=\"utf-8\" />\n  <meta name=\"viewport\" content=\"width=device-width, initial-scale=1\" />\n  <meta name=\"theme-color\" content=\"#000000\" />\n  <link rel=\"shortcut icon\" type=\"image/ico\" href=\"/assets/favicon-bc234827.ico\" />\n  <link href=\"https://fonts.googleapis.com/css?family=Roboto:300,400,500\" rel=\"stylesheet\" />\n  <title>Pentaract UI</title>\n\n  <style>\n    *,\n    html {\n      margin: 0;\n      padding: 0;\n    }\n  </style>\n  <script type=\"module\" crossorigin src=\"/assets/index-58b24b54.js\"></script>\n  <link rel=\"stylesheet\" href=\"/assets/index-a4f6c957.css\">\n</head>\n\n<body>\n  <noscript>Wanna write ur own UI without js?! Go ahead, don't disturb others</noscript>\n  <div id=\"root\"></div>\n\n  \n</body>\n\n</html>\n" columns= [Object, Object, Object, Object, Object, Object]  ... > 
  at <DataTable value="<!DOCTYPE html>\n<html lang=\"en\">\n\n<head>\n  <meta charset=\"utf-8\" />\n  <meta name=\"viewport\" content=\"width=device-width, initial-scale=1\" />\n  <meta name=\"theme-color\" content=\"#000000\" />\n  <link rel=\"shortcut icon\" type=\"image/ico\" href=\"/assets/favicon-bc234827.ico\" />\n  <link href=\"https://fonts.googleapis.com/css?family=Roboto:300,400,500\" rel=\"stylesheet\" />\n  <title>Pentaract UI</title>\n\n  <style>\n    *,\n    html {\n      margin: 0;\n      padding: 0;\n    }\n  </style>\n  <script type=\"module\" crossorigin src=\"/assets/index-58b24b54.js\"></script>\n  <link rel=\"stylesheet\" href=\"/assets/index-a4f6c957.css\">\n</head>\n\n<body>\n  <noscript>Wanna write ur own UI without js?! Go ahead, don't disturb others</noscript>\n  <div id=\"root\"></div>\n\n  \n</body>\n\n</html>\n" loading=false stripedRows=""  ... > 
  at <OrdersView onVnodeUnmounted=fn<onVnodeUnmounted> ref=Ref< Proxy(Object) > > 
  at <RouterView> 
  at <AppLayout onVnodeUnmounted=fn<onVnodeUnmounted> ref=Ref< Proxy(Object) > > 
  at <RouterView> 
  at <App> @ http://localhost:5277/node_modules/@vue/runtime-core/dist/runtime-core.esm-bundler.js:49
[    3738ms] [WARNING] [Vue warn]: Invalid prop: type check failed for prop "rowData". Expected Object, got String with value "D". 
  at <BodyCell key="source" rowData="D" column= {__v_isVNode: true, __v_skip: true, type: Object, props: Object, key: null}  ... > 
  at <BodyRow key=undefined rowData="D" index=2  ... > 
  at <TableBody ref="bodyRef" value="<!DOCTYPE html>\n<htm" class=""  ... > 
  at <VirtualScroller ref="virtualScroller" items="<!DOCTYPE html>\n<html lang=\"en\">\n\n<head>\n  <meta charset=\"utf-8\" />\n  <meta name=\"viewport\" content=\"width=device-width, initial-scale=1\" />\n  <meta name=\"theme-color\" content=\"#000000\" />\n  <link rel=\"shortcut icon\" type=\"image/ico\" href=\"/assets/favicon-bc234827.ico\" />\n  <link href=\"https://fonts.googleapis.com/css?family=Roboto:300,400,500\" rel=\"stylesheet\" />\n  <title>Pentaract UI</title>\n\n  <style>\n    *,\n    html {\n      margin: 0;\n      padding: 0;\n    }\n  </style>\n  <script type=\"module\" crossorigin src=\"/assets/index-58b24b54.js\"></script>\n  <link rel=\"stylesheet\" href=\"/assets/index-a4f6c957.css\">\n</head>\n\n<body>\n  <noscript>Wanna write ur own UI without js?! Go ahead, don't disturb others</noscript>\n  <div id=\"root\"></div>\n\n  \n</body>\n\n</html>\n" columns= [Object, Object, Object, Object, Object, Object]  ... > 
  at <DataTable value="<!DOCTYPE html>\n<html lang=\"en\">\n\n<head>\n  <meta charset=\"utf-8\" />\n  <meta name=\"viewport\" content=\"width=device-width, initial-scale=1\" />\n  <meta name=\"theme-color\" content=\"#000000\" />\n  <link rel=\"shortcut icon\" type=\"image/ico\" href=\"/assets/favicon-bc234827.ico\" />\n  <link href=\"https://fonts.googleapis.com/css?family=Roboto:300,400,500\" rel=\"stylesheet\" />\n  <title>Pentaract UI</title>\n\n  <style>\n    *,\n    html {\n      margin: 0;\n      padding: 0;\n    }\n  </style>\n  <script type=\"module\" crossorigin src=\"/assets/index-58b24b54.js\"></script>\n  <link rel=\"stylesheet\" href=\"/assets/index-a4f6c957.css\">\n</head>\n\n<body>\n  <noscript>Wanna write ur own UI without js?! Go ahead, don't disturb others</noscript>\n  <div id=\"root\"></div>\n\n  \n</body>\n\n</html>\n" loading=false stripedRows=""  ... > 
  at <OrdersView onVnodeUnmounted=fn<onVnodeUnmounted> ref=Ref< Proxy(Object) > > 
  at <RouterView> 
  at <AppLayout onVnodeUnmounted=fn<onVnodeUnmounted> ref=Ref< Proxy(Object) > > 
  at <RouterView> 
  at <App> @ http://localhost:5277/node_modules/@vue/runtime-core/dist/runtime-core.esm-bundler.js:49
[    3743ms] [WARNING] [Vue warn]: Invalid prop: type check failed for prop "rowData". Expected Object, got String with value "D". 
  at <BodyCell key="status" rowData="D" column= {__v_isVNode: true, __v_skip: true, type: Object, props: Object, key: null}  ... > 
  at <BodyRow key=undefined rowData="D" index=2  ... > 
  at <TableBody ref="bodyRef" value="<!DOCTYPE html>\n<htm" class=""  ... > 
  at <VirtualScroller ref="virtualScroller" items="<!DOCTYPE html>\n<html lang=\"en\">\n\n<head>\n  <meta charset=\"utf-8\" />\n  <meta name=\"viewport\" content=\"width=device-width, initial-scale=1\" />\n  <meta name=\"theme-color\" content=\"#000000\" />\n  <link rel=\"shortcut icon\" type=\"image/ico\" href=\"/assets/favicon-bc234827.ico\" />\n  <link href=\"https://fonts.googleapis.com/css?family=Roboto:300,400,500\" rel=\"stylesheet\" />\n  <title>Pentaract UI</title>\n\n  <style>\n    *,\n    html {\n      margin: 0;\n      padding: 0;\n    }\n  </style>\n  <script type=\"module\" crossorigin src=\"/assets/index-58b24b54.js\"></script>\n  <link rel=\"stylesheet\" href=\"/assets/index-a4f6c957.css\">\n</head>\n\n<body>\n  <noscript>Wanna write ur own UI without js?! Go ahead, don't disturb others</noscript>\n  <div id=\"root\"></div>\n\n  \n</body>\n\n</html>\n" columns= [Object, Object, Object, Object, Object, Object]  ... > 
  at <DataTable value="<!DOCTYPE html>\n<html lang=\"en\">\n\n<head>\n  <meta charset=\"utf-8\" />\n  <meta name=\"viewport\" content=\"width=device-width, initial-scale=1\" />\n  <meta name=\"theme-color\" content=\"#000000\" />\n  <link rel=\"shortcut icon\" type=\"image/ico\" href=\"/assets/favicon-bc234827.ico\" />\n  <link href=\"https://fonts.googleapis.com/css?family=Roboto:300,400,500\" rel=\"stylesheet\" />\n  <title>Pentaract UI</title>\n\n  <style>\n    *,\n    html {\n      margin: 0;\n      padding: 0;\n    }\n  </style>\n  <script type=\"module\" crossorigin src=\"/assets/index-58b24b54.js\"></script>\n  <link rel=\"stylesheet\" href=\"/assets/index-a4f6c957.css\">\n</head>\n\n<body>\n  <noscript>Wanna write ur own UI without js?! Go ahead, don't disturb others</noscript>\n  <div id=\"root\"></div>\n\n  \n</body>\n\n</html>\n" loading=false stripedRows=""  ... > 
  at <OrdersView onVnodeUnmounted=fn<onVnodeUnmounted> ref=Ref< Proxy(Object) > > 
  at <RouterView> 
  at <AppLayout onVnodeUnmounted=fn<onVnodeUnmounted> ref=Ref< Proxy(Object) > > 
  at <RouterView> 
  at <App> @ http://localhost:5277/node_modules/@vue/runtime-core/dist/runtime-core.esm-bundler.js:49
[    3756ms] [WARNING] [Vue warn]: Invalid prop: type check failed for prop "rowData". Expected Object, got String with value "D". 
  at <BodyCell key="created_at" rowData="D" column= {__v_isVNode: true, __v_skip: true, type: Object, props: Object, key: null}  ... > 
  at <BodyRow key=undefined rowData="D" index=2  ... > 
  at <TableBody ref="bodyRef" value="<!DOCTYPE html>\n<htm" class=""  ... > 
  at <VirtualScroller ref="virtualScroller" items="<!DOCTYPE html>\n<html lang=\"en\">\n\n<head>\n  <meta charset=\"utf-8\" />\n  <meta name=\"viewport\" content=\"width=device-width, initial-scale=1\" />\n  <meta name=\"theme-color\" content=\"#000000\" />\n  <link rel=\"shortcut icon\" type=\"image/ico\" href=\"/assets/favicon-bc234827.ico\" />\n  <link href=\"https://fonts.googleapis.com/css?family=Roboto:300,400,500\" rel=\"stylesheet\" />\n  <title>Pentaract UI</title>\n\n  <style>\n    *,\n    html {\n      margin: 0;\n      padding: 0;\n    }\n  </style>\n  <script type=\"module\" crossorigin src=\"/assets/index-58b24b54.js\"></script>\n  <link rel=\"stylesheet\" href=\"/assets/index-a4f6c957.css\">\n</head>\n\n<body>\n  <noscript>Wanna write ur own UI without js?! Go ahead, don't disturb others</noscript>\n  <div id=\"root\"></div>\n\n  \n</body>\n\n</html>\n" columns= [Object, Object, Object, Object, Object, Object]  ... > 
  at <DataTable value="<!DOCTYPE html>\n<html lang=\"en\">\n\n<head>\n  <meta charset=\"utf-8\" />\n  <meta name=\"viewport\" content=\"width=device-width, initial-scale=1\" />\n  <meta name=\"theme-color\" content=\"#000000\" />\n  <link rel=\"shortcut icon\" type=\"image/ico\" href=\"/assets/favicon-bc234827.ico\" />\n  <link href=\"https://fonts.googleapis.com/css?family=Roboto:300,400,500\" rel=\"stylesheet\" />\n  <title>Pentaract UI</title>\n\n  <style>\n    *,\n    html {\n      margin: 0;\n      padding: 0;\n    }\n  </style>\n  <script type=\"module\" crossorigin src=\"/assets/index-58b24b54.js\"></script>\n  <link rel=\"stylesheet\" href=\"/assets/index-a4f6c957.css\">\n</head>\n\n<body>\n  <noscript>Wanna write ur own UI without js?! Go ahead, don't disturb others</noscript>\n  <div id=\"root\"></div>\n\n  \n</body>\n\n</html>\n" loading=false stripedRows=""  ... > 
  at <OrdersView onVnodeUnmounted=fn<onVnodeUnmounted> ref=Ref< Proxy(Object) > > 
  at <RouterView> 
  at <AppLayout onVnodeUnmounted=fn<onVnodeUnmounted> ref=Ref< Proxy(Object) > > 
  at <RouterView> 
  at <App> @ http://localhost:5277/node_modules/@vue/runtime-core/dist/runtime-core.esm-bundler.js:49
[    3759ms] [WARNING] [Vue warn]: Invalid prop: type check failed for prop "rowData". Expected Object, got String with value "D". 
  at <BodyCell key=5 rowData="D" column= {__v_isVNode: true, __v_skip: true, type: Object, props: Object, key: null}  ... > 
  at <BodyRow key=undefined rowData="D" index=2  ... > 
  at <TableBody ref="bodyRef" value="<!DOCTYPE html>\n<htm" class=""  ... > 
  at <VirtualScroller ref="virtualScroller" items="<!DOCTYPE html>\n<html lang=\"en\">\n\n<head>\n  <meta charset=\"utf-8\" />\n  <meta name=\"viewport\" content=\"width=device-width, initial-scale=1\" />\n  <meta name=\"theme-color\" content=\"#000000\" />\n  <link rel=\"shortcut icon\" type=\"image/ico\" href=\"/assets/favicon-bc234827.ico\" />\n  <link href=\"https://fonts.googleapis.com/css?family=Roboto:300,400,500\" rel=\"stylesheet\" />\n  <title>Pentaract UI</title>\n\n  <style>\n    *,\n    html {\n      margin: 0;\n      padding: 0;\n    }\n  </style>\n  <script type=\"module\" crossorigin src=\"/assets/index-58b24b54.js\"></script>\n  <link rel=\"stylesheet\" href=\"/assets/index-a4f6c957.css\">\n</head>\n\n<body>\n  <noscript>Wanna write ur own UI without js?! Go ahead, don't disturb others</noscript>\n  <div id=\"root\"></div>\n\n  \n</body>\n\n</html>\n" columns= [Object, Object, Object, Object, Object, Object]  ... > 
  at <DataTable value="<!DOCTYPE html>\n<html lang=\"en\">\n\n<head>\n  <meta charset=\"utf-8\" />\n  <meta name=\"viewport\" content=\"width=device-width, initial-scale=1\" />\n  <meta name=\"theme-color\" content=\"#000000\" />\n  <link rel=\"shortcut icon\" type=\"image/ico\" href=\"/assets/favicon-bc234827.ico\" />\n  <link href=\"https://fonts.googleapis.com/css?family=Roboto:300,400,500\" rel=\"stylesheet\" />\n  <title>Pentaract UI</title>\n\n  <style>\n    *,\n    html {\n      margin: 0;\n      padding: 0;\n    }\n  </style>\n  <script type=\"module\" crossorigin src=\"/assets/index-58b24b54.js\"></script>\n  <link rel=\"stylesheet\" href=\"/assets/index-a4f6c957.css\">\n</head>\n\n<body>\n  <noscript>Wanna write ur own UI without js?! Go ahead, don't disturb others</noscript>\n  <div id=\"root\"></div>\n\n  \n</body>\n\n</html>\n" loading=false stripedRows=""  ... > 
  at <OrdersView onVnodeUnmounted=fn<onVnodeUnmounted> ref=Ref< Proxy(Object) > > 
  at <RouterView> 
  at <AppLayout onVnodeUnmounted=fn<onVnodeUnmounted> ref=Ref< Proxy(Object) > > 
  at <RouterView> 
  at <App> @ http://localhost:5277/node_modules/@vue/runtime-core/dist/runtime-core.esm-bundler.js:49
[    3764ms] [WARNING] [Vue warn]: Invalid prop: type check failed for prop "rowData". Expected Object, got String with value "O". 
  at <BodyRow key=undefined rowData="O" index=3  ... > 
  at <TableBody ref="bodyRef" value="<!DOCTYPE html>\n<htm" class=""  ... > 
  at <VirtualScroller ref="virtualScroller" items="<!DOCTYPE html>\n<html lang=\"en\">\n\n<head>\n  <meta charset=\"utf-8\" />\n  <meta name=\"viewport\" content=\"width=device-width, initial-scale=1\" />\n  <meta name=\"theme-color\" content=\"#000000\" />\n  <link rel=\"shortcut icon\" type=\"image/ico\" href=\"/assets/favicon-bc234827.ico\" />\n  <link href=\"https://fonts.googleapis.com/css?family=Roboto:300,400,500\" rel=\"stylesheet\" />\n  <title>Pentaract UI</title>\n\n  <style>\n    *,\n    html {\n      margin: 0;\n      padding: 0;\n    }\n  </style>\n  <script type=\"module\" crossorigin src=\"/assets/index-58b24b54.js\"></script>\n  <link rel=\"stylesheet\" href=\"/assets/index-a4f6c957.css\">\n</head>\n\n<body>\n  <noscript>Wanna write ur own UI without js?! Go ahead, don't disturb others</noscript>\n  <div id=\"root\"></div>\n\n  \n</body>\n\n</html>\n" columns= [Object, Object, Object, Object, Object, Object]  ... > 
  at <DataTable value="<!DOCTYPE html>\n<html lang=\"en\">\n\n<head>\n  <meta charset=\"utf-8\" />\n  <meta name=\"viewport\" content=\"width=device-width, initial-scale=1\" />\n  <meta name=\"theme-color\" content=\"#000000\" />\n  <link rel=\"shortcut icon\" type=\"image/ico\" href=\"/assets/favicon-bc234827.ico\" />\n  <link href=\"https://fonts.googleapis.com/css?family=Roboto:300,400,500\" rel=\"stylesheet\" />\n  <title>Pentaract UI</title>\n\n  <style>\n    *,\n    html {\n      margin: 0;\n      padding: 0;\n    }\n  </style>\n  <script type=\"module\" crossorigin src=\"/assets/index-58b24b54.js\"></script>\n  <link rel=\"stylesheet\" href=\"/assets/index-a4f6c957.css\">\n</head>\n\n<body>\n  <noscript>Wanna write ur own UI without js?! Go ahead, don't disturb others</noscript>\n  <div id=\"root\"></div>\n\n  \n</body>\n\n</html>\n" loading=false stripedRows=""  ... > 
  at <OrdersView onVnodeUnmounted=fn<onVnodeUnmounted> ref=Ref< Proxy(Object) > > 
  at <RouterView> 
  at <AppLayout onVnodeUnmounted=fn<onVnodeUnmounted> ref=Ref< Proxy(Object) > > 
  at <RouterView> 
  at <App> @ http://localhost:5277/node_modules/@vue/runtime-core/dist/runtime-core.esm-bundler.js:49
[    3765ms] [WARNING] [Vue warn]: Invalid prop: type check failed for prop "value". Expected Array, got String with value "<!DOCTYPE html>
<htm". 
  at <BodyRow key=undefined rowData="O" index=3  ... > 
  at <TableBody ref="bodyRef" value="<!DOCTYPE html>\n<htm" class=""  ... > 
  at <VirtualScroller ref="virtualScroller" items="<!DOCTYPE html>\n<html lang=\"en\">\n\n<head>\n  <meta charset=\"utf-8\" />\n  <meta name=\"viewport\" content=\"width=device-width, initial-scale=1\" />\n  <meta name=\"theme-color\" content=\"#000000\" />\n  <link rel=\"shortcut icon\" type=\"image/ico\" href=\"/assets/favicon-bc234827.ico\" />\n  <link href=\"https://fonts.googleapis.com/css?family=Roboto:300,400,500\" rel=\"stylesheet\" />\n  <title>Pentaract UI</title>\n\n  <style>\n    *,\n    html {\n      margin: 0;\n      padding: 0;\n    }\n  </style>\n  <script type=\"module\" crossorigin src=\"/assets/index-58b24b54.js\"></script>\n  <link rel=\"stylesheet\" href=\"/assets/index-a4f6c957.css\">\n</head>\n\n<body>\n  <noscript>Wanna write ur own UI without js?! Go ahead, don't disturb others</noscript>\n  <div id=\"root\"></div>\n\n  \n</body>\n\n</html>\n" columns= [Object, Object, Object, Object, Object, Object]  ... > 
  at <DataTable value="<!DOCTYPE html>\n<html lang=\"en\">\n\n<head>\n  <meta charset=\"utf-8\" />\n  <meta name=\"viewport\" content=\"width=device-width, initial-scale=1\" />\n  <meta name=\"theme-color\" content=\"#000000\" />\n  <link rel=\"shortcut icon\" type=\"image/ico\" href=\"/assets/favicon-bc234827.ico\" />\n  <link href=\"https://fonts.googleapis.com/css?family=Roboto:300,400,500\" rel=\"stylesheet\" />\n  <title>Pentaract UI</title>\n\n  <style>\n    *,\n    html {\n      margin: 0;\n      padding: 0;\n    }\n  </style>\n  <script type=\"module\" crossorigin src=\"/assets/index-58b24b54.js\"></script>\n  <link rel=\"stylesheet\" href=\"/assets/index-a4f6c957.css\">\n</head>\n\n<body>\n  <noscript>Wanna write ur own UI without js?! Go ahead, don't disturb others</noscript>\n  <div id=\"root\"></div>\n\n  \n</body>\n\n</html>\n" loading=false stripedRows=""  ... > 
  at <OrdersView onVnodeUnmounted=fn<onVnodeUnmounted> ref=Ref< Proxy(Object) > > 
  at <RouterView> 
  at <AppLayout onVnodeUnmounted=fn<onVnodeUnmounted> ref=Ref< Proxy(Object) > > 
  at <RouterView> 
  at <App> @ http://localhost:5277/node_modules/@vue/runtime-core/dist/runtime-core.esm-bundler.js:49
[    3768ms] [WARNING] [Vue warn]: Invalid prop: type check failed for prop "rowData". Expected Object, got String with value "O". 
  at <BodyCell key="id" rowData="O" column= {__v_isVNode: true, __v_skip: true, type: Object, props: Object, key: null}  ... > 
  at <BodyRow key=undefined rowData="O" index=3  ... > 
  at <TableBody ref="bodyRef" value="<!DOCTYPE html>\n<htm" class=""  ... > 
  at <VirtualScroller ref="virtualScroller" items="<!DOCTYPE html>\n<html lang=\"en\">\n\n<head>\n  <meta charset=\"utf-8\" />\n  <meta name=\"viewport\" content=\"width=device-width, initial-scale=1\" />\n  <meta name=\"theme-color\" content=\"#000000\" />\n  <link rel=\"shortcut icon\" type=\"image/ico\" href=\"/assets/favicon-bc234827.ico\" />\n  <link href=\"https://fonts.googleapis.com/css?family=Roboto:300,400,500\" rel=\"stylesheet\" />\n  <title>Pentaract UI</title>\n\n  <style>\n    *,\n    html {\n      margin: 0;\n      padding: 0;\n    }\n  </style>\n  <script type=\"module\" crossorigin src=\"/assets/index-58b24b54.js\"></script>\n  <link rel=\"stylesheet\" href=\"/assets/index-a4f6c957.css\">\n</head>\n\n<body>\n  <noscript>Wanna write ur own UI without js?! Go ahead, don't disturb others</noscript>\n  <div id=\"root\"></div>\n\n  \n</body>\n\n</html>\n" columns= [Object, Object, Object, Object, Object, Object]  ... > 
  at <DataTable value="<!DOCTYPE html>\n<html lang=\"en\">\n\n<head>\n  <meta charset=\"utf-8\" />\n  <meta name=\"viewport\" content=\"width=device-width, initial-scale=1\" />\n  <meta name=\"theme-color\" content=\"#000000\" />\n  <link rel=\"shortcut icon\" type=\"image/ico\" href=\"/assets/favicon-bc234827.ico\" />\n  <link href=\"https://fonts.googleapis.com/css?family=Roboto:300,400,500\" rel=\"stylesheet\" />\n  <title>Pentaract UI</title>\n\n  <style>\n    *,\n    html {\n      margin: 0;\n      padding: 0;\n    }\n  </style>\n  <script type=\"module\" crossorigin src=\"/assets/index-58b24b54.js\"></script>\n  <link rel=\"stylesheet\" href=\"/assets/index-a4f6c957.css\">\n</head>\n\n<body>\n  <noscript>Wanna write ur own UI without js?! Go ahead, don't disturb others</noscript>\n  <div id=\"root\"></div>\n\n  \n</body>\n\n</html>\n" loading=false stripedRows=""  ... > 
  at <OrdersView onVnodeUnmounted=fn<onVnodeUnmounted> ref=Ref< Proxy(Object) > > 
  at <RouterView> 
  at <AppLayout onVnodeUnmounted=fn<onVnodeUnmounted> ref=Ref< Proxy(Object) > > 
  at <RouterView> 
  at <App> @ http://localhost:5277/node_modules/@vue/runtime-core/dist/runtime-core.esm-bundler.js:49
[    3773ms] [WARNING] [Vue warn]: Invalid prop: type check failed for prop "rowData". Expected Object, got String with value "O". 
  at <BodyCell key="client_id" rowData="O" column= {__v_isVNode: true, __v_skip: true, type: Object, props: Object, key: null}  ... > 
  at <BodyRow key=undefined rowData="O" index=3  ... > 
  at <TableBody ref="bodyRef" value="<!DOCTYPE html>\n<htm" class=""  ... > 
  at <VirtualScroller ref="virtualScroller" items="<!DOCTYPE html>\n<html lang=\"en\">\n\n<head>\n  <meta charset=\"utf-8\" />\n  <meta name=\"viewport\" content=\"width=device-width, initial-scale=1\" />\n  <meta name=\"theme-color\" content=\"#000000\" />\n  <link rel=\"shortcut icon\" type=\"image/ico\" href=\"/assets/favicon-bc234827.ico\" />\n  <link href=\"https://fonts.googleapis.com/css?family=Roboto:300,400,500\" rel=\"stylesheet\" />\n  <title>Pentaract UI</title>\n\n  <style>\n    *,\n    html {\n      margin: 0;\n      padding: 0;\n    }\n  </style>\n  <script type=\"module\" crossorigin src=\"/assets/index-58b24b54.js\"></script>\n  <link rel=\"stylesheet\" href=\"/assets/index-a4f6c957.css\">\n</head>\n\n<body>\n  <noscript>Wanna write ur own UI without js?! Go ahead, don't disturb others</noscript>\n  <div id=\"root\"></div>\n\n  \n</body>\n\n</html>\n" columns= [Object, Object, Object, Object, Object, Object]  ... > 
  at <DataTable value="<!DOCTYPE html>\n<html lang=\"en\">\n\n<head>\n  <meta charset=\"utf-8\" />\n  <meta name=\"viewport\" content=\"width=device-width, initial-scale=1\" />\n  <meta name=\"theme-color\" content=\"#000000\" />\n  <link rel=\"shortcut icon\" type=\"image/ico\" href=\"/assets/favicon-bc234827.ico\" />\n  <link href=\"https://fonts.googleapis.com/css?family=Roboto:300,400,500\" rel=\"stylesheet\" />\n  <title>Pentaract UI</title>\n\n  <style>\n    *,\n    html {\n      margin: 0;\n      padding: 0;\n    }\n  </style>\n  <script type=\"module\" crossorigin src=\"/assets/index-58b24b54.js\"></script>\n  <link rel=\"stylesheet\" href=\"/assets/index-a4f6c957.css\">\n</head>\n\n<body>\n  <noscript>Wanna write ur own UI without js?! Go ahead, don't disturb others</noscript>\n  <div id=\"root\"></div>\n\n  \n</body>\n\n</html>\n" loading=false stripedRows=""  ... > 
  at <OrdersView onVnodeUnmounted=fn<onVnodeUnmounted> ref=Ref< Proxy(Object) > > 
  at <RouterView> 
  at <AppLayout onVnodeUnmounted=fn<onVnodeUnmounted> ref=Ref< Proxy(Object) > > 
  at <RouterView> 
  at <App> @ http://localhost:5277/node_modules/@vue/runtime-core/dist/runtime-core.esm-bundler.js:49
[    3775ms] [WARNING] [Vue warn]: Invalid prop: type check failed for prop "rowData". Expected Object, got String with value "O". 
  at <BodyCell key="source" rowData="O" column= {__v_isVNode: true, __v_skip: true, type: Object, props: Object, key: null}  ... > 
  at <BodyRow key=undefined rowData="O" index=3  ... > 
  at <TableBody ref="bodyRef" value="<!DOCTYPE html>\n<htm" class=""  ... > 
  at <VirtualScroller ref="virtualScroller" items="<!DOCTYPE html>\n<html lang=\"en\">\n\n<head>\n  <meta charset=\"utf-8\" />\n  <meta name=\"viewport\" content=\"width=device-width, initial-scale=1\" />\n  <meta name=\"theme-color\" content=\"#000000\" />\n  <link rel=\"shortcut icon\" type=\"image/ico\" href=\"/assets/favicon-bc234827.ico\" />\n  <link href=\"https://fonts.googleapis.com/css?family=Roboto:300,400,500\" rel=\"stylesheet\" />\n  <title>Pentaract UI</title>\n\n  <style>\n    *,\n    html {\n      margin: 0;\n      padding: 0;\n    }\n  </style>\n  <script type=\"module\" crossorigin src=\"/assets/index-58b24b54.js\"></script>\n  <link rel=\"stylesheet\" href=\"/assets/index-a4f6c957.css\">\n</head>\n\n<body>\n  <noscript>Wanna write ur own UI without js?! Go ahead, don't disturb others</noscript>\n  <div id=\"root\"></div>\n\n  \n</body>\n\n</html>\n" columns= [Object, Object, Object, Object, Object, Object]  ... > 
  at <DataTable value="<!DOCTYPE html>\n<html lang=\"en\">\n\n<head>\n  <meta charset=\"utf-8\" />\n  <meta name=\"viewport\" content=\"width=device-width, initial-scale=1\" />\n  <meta name=\"theme-color\" content=\"#000000\" />\n  <link rel=\"shortcut icon\" type=\"image/ico\" href=\"/assets/favicon-bc234827.ico\" />\n  <link href=\"https://fonts.googleapis.com/css?family=Roboto:300,400,500\" rel=\"stylesheet\" />\n  <title>Pentaract UI</title>\n\n  <style>\n    *,\n    html {\n      margin: 0;\n      padding: 0;\n    }\n  </style>\n  <script type=\"module\" crossorigin src=\"/assets/index-58b24b54.js\"></script>\n  <link rel=\"stylesheet\" href=\"/assets/index-a4f6c957.css\">\n</head>\n\n<body>\n  <noscript>Wanna write ur own UI without js?! Go ahead, don't disturb others</noscript>\n  <div id=\"root\"></div>\n\n  \n</body>\n\n</html>\n" loading=false stripedRows=""  ... > 
  at <OrdersView onVnodeUnmounted=fn<onVnodeUnmounted> ref=Ref< Proxy(Object) > > 
  at <RouterView> 
  at <AppLayout onVnodeUnmounted=fn<onVnodeUnmounted> ref=Ref< Proxy(Object) > > 
  at <RouterView> 
  at <App> @ http://localhost:5277/node_modules/@vue/runtime-core/dist/runtime-core.esm-bundler.js:49
[    3777ms] [WARNING] [Vue warn]: Invalid prop: type check failed for prop "rowData". Expected Object, got String with value "O". 
  at <BodyCell key="status" rowData="O" column= {__v_isVNode: true, __v_skip: true, type: Object, props: Object, key: null}  ... > 
  at <BodyRow key=undefined rowData="O" index=3  ... > 
  at <TableBody ref="bodyRef" value="<!DOCTYPE html>\n<htm" class=""  ... > 
  at <VirtualScroller ref="virtualScroller" items="<!DOCTYPE html>\n<html lang=\"en\">\n\n<head>\n  <meta charset=\"utf-8\" />\n  <meta name=\"viewport\" content=\"width=device-width, initial-scale=1\" />\n  <meta name=\"theme-color\" content=\"#000000\" />\n  <link rel=\"shortcut icon\" type=\"image/ico\" href=\"/assets/favicon-bc234827.ico\" />\n  <link href=\"https://fonts.googleapis.com/css?family=Roboto:300,400,500\" rel=\"stylesheet\" />\n  <title>Pentaract UI</title>\n\n  <style>\n    *,\n    html {\n      margin: 0;\n      padding: 0;\n    }\n  </style>\n  <script type=\"module\" crossorigin src=\"/assets/index-58b24b54.js\"></script>\n  <link rel=\"stylesheet\" href=\"/assets/index-a4f6c957.css\">\n</head>\n\n<body>\n  <noscript>Wanna write ur own UI without js?! Go ahead, don't disturb others</noscript>\n  <div id=\"root\"></div>\n\n  \n</body>\n\n</html>\n" columns= [Object, Object, Object, Object, Object, Object]  ... > 
  at <DataTable value="<!DOCTYPE html>\n<html lang=\"en\">\n\n<head>\n  <meta charset=\"utf-8\" />\n  <meta name=\"viewport\" content=\"width=device-width, initial-scale=1\" />\n  <meta name=\"theme-color\" content=\"#000000\" />\n  <link rel=\"shortcut icon\" type=\"image/ico\" href=\"/assets/favicon-bc234827.ico\" />\n  <link href=\"https://fonts.googleapis.com/css?family=Roboto:300,400,500\" rel=\"stylesheet\" />\n  <title>Pentaract UI</title>\n\n  <style>\n    *,\n    html {\n      margin: 0;\n      padding: 0;\n    }\n  </style>\n  <script type=\"module\" crossorigin src=\"/assets/index-58b24b54.js\"></script>\n  <link rel=\"stylesheet\" href=\"/assets/index-a4f6c957.css\">\n</head>\n\n<body>\n  <noscript>Wanna write ur own UI without js?! Go ahead, don't disturb others</noscript>\n  <div id=\"root\"></div>\n\n  \n</body>\n\n</html>\n" loading=false stripedRows=""  ... > 
  at <OrdersView onVnodeUnmounted=fn<onVnodeUnmounted> ref=Ref< Proxy(Object) > > 
  at <RouterView> 
  at <AppLayout onVnodeUnmounted=fn<onVnodeUnmounted> ref=Ref< Proxy(Object) > > 
  at <RouterView> 
  at <App> @ http://localhost:5277/node_modules/@vue/runtime-core/dist/runtime-core.esm-bundler.js:49
[    3782ms] [WARNING] [Vue warn]: Invalid prop: type check failed for prop "rowData". Expected Object, got String with value "O". 
  at <BodyCell key="created_at" rowData="O" column= {__v_isVNode: true, __v_skip: true, type: Object, props: Object, key: null}  ... > 
  at <BodyRow key=undefined rowData="O" index=3  ... > 
  at <TableBody ref="bodyRef" value="<!DOCTYPE html>\n<htm" class=""  ... > 
  at <VirtualScroller ref="virtualScroller" items="<!DOCTYPE html>\n<html lang=\"en\">\n\n<head>\n  <meta charset=\"utf-8\" />\n  <meta name=\"viewport\" content=\"width=device-width, initial-scale=1\" />\n  <meta name=\"theme-color\" content=\"#000000\" />\n  <link rel=\"shortcut icon\" type=\"image/ico\" href=\"/assets/favicon-bc234827.ico\" />\n  <link href=\"https://fonts.googleapis.com/css?family=Roboto:300,400,500\" rel=\"stylesheet\" />\n  <title>Pentaract UI</title>\n\n  <style>\n    *,\n    html {\n      margin: 0;\n      padding: 0;\n    }\n  </style>\n  <script type=\"module\" crossorigin src=\"/assets/index-58b24b54.js\"></script>\n  <link rel=\"stylesheet\" href=\"/assets/index-a4f6c957.css\">\n</head>\n\n<body>\n  <noscript>Wanna write ur own UI without js?! Go ahead, don't disturb others</noscript>\n  <div id=\"root\"></div>\n\n  \n</body>\n\n</html>\n" columns= [Object, Object, Object, Object, Object, Object]  ... > 
  at <DataTable value="<!DOCTYPE html>\n<html lang=\"en\">\n\n<head>\n  <meta charset=\"utf-8\" />\n  <meta name=\"viewport\" content=\"width=device-width, initial-scale=1\" />\n  <meta name=\"theme-color\" content=\"#000000\" />\n  <link rel=\"shortcut icon\" type=\"image/ico\" href=\"/assets/favicon-bc234827.ico\" />\n  <link href=\"https://fonts.googleapis.com/css?family=Roboto:300,400,500\" rel=\"stylesheet\" />\n  <title>Pentaract UI</title>\n\n  <style>\n    *,\n    html {\n      margin: 0;\n      padding: 0;\n    }\n  </style>\n  <script type=\"module\" crossorigin src=\"/assets/index-58b24b54.js\"></script>\n  <link rel=\"stylesheet\" href=\"/assets/index-a4f6c957.css\">\n</head>\n\n<body>\n  <noscript>Wanna write ur own UI without js?! Go ahead, don't disturb others</noscript>\n  <div id=\"root\"></div>\n\n  \n</body>\n\n</html>\n" loading=false stripedRows=""  ... > 
  at <OrdersView onVnodeUnmounted=fn<onVnodeUnmounted> ref=Ref< Proxy(Object) > > 
  at <RouterView> 
  at <AppLayout onVnodeUnmounted=fn<onVnodeUnmounted> ref=Ref< Proxy(Object) > > 
  at <RouterView> 
  at <App> @ http://localhost:5277/node_modules/@vue/runtime-core/dist/runtime-core.esm-bundler.js:49
[    3786ms] [WARNING] [Vue warn]: Invalid prop: type check failed for prop "rowData". Expected Object, got String with value "O". 
  at <BodyCell key=5 rowData="O" column= {__v_isVNode: true, __v_skip: true, type: Object, props: Object, key: null}  ... > 
  at <BodyRow key=undefined rowData="O" index=3  ... > 
  at <TableBody ref="bodyRef" value="<!DOCTYPE html>\n<htm" class=""  ... > 
  at <VirtualScroller ref="virtualScroller" items="<!DOCTYPE html>\n<html lang=\"en\">\n\n<head>\n  <meta charset=\"utf-8\" />\n  <meta name=\"viewport\" content=\"width=device-width, initial-scale=1\" />\n  <meta name=\"theme-color\" content=\"#000000\" />\n  <link rel=\"shortcut icon\" type=\"image/ico\" href=\"/assets/favicon-bc234827.ico\" />\n  <link href=\"https://fonts.googleapis.com/css?family=Roboto:300,400,500\" rel=\"stylesheet\" />\n  <title>Pentaract UI</title>\n\n  <style>\n    *,\n    html {\n      margin: 0;\n      padding: 0;\n    }\n  </style>\n  <script type=\"module\" crossorigin src=\"/assets/index-58b24b54.js\"></script>\n  <link rel=\"stylesheet\" href=\"/assets/index-a4f6c957.css\">\n</head>\n\n<body>\n  <noscript>Wanna write ur own UI without js?! Go ahead, don't disturb others</noscript>\n  <div id=\"root\"></div>\n\n  \n</body>\n\n</html>\n" columns= [Object, Object, Object, Object, Object, Object]  ... > 
  at <DataTable value="<!DOCTYPE html>\n<html lang=\"en\">\n\n<head>\n  <meta charset=\"utf-8\" />\n  <meta name=\"viewport\" content=\"width=device-width, initial-scale=1\" />\n  <meta name=\"theme-color\" content=\"#000000\" />\n  <link rel=\"shortcut icon\" type=\"image/ico\" href=\"/assets/favicon-bc234827.ico\" />\n  <link href=\"https://fonts.googleapis.com/css?family=Roboto:300,400,500\" rel=\"stylesheet\" />\n  <title>Pentaract UI</title>\n\n  <style>\n    *,\n    html {\n      margin: 0;\n      padding: 0;\n    }\n  </style>\n  <script type=\"module\" crossorigin src=\"/assets/index-58b24b54.js\"></script>\n  <link rel=\"stylesheet\" href=\"/assets/index-a4f6c957.css\">\n</head>\n\n<body>\n  <noscript>Wanna write ur own UI without js?! Go ahead, don't disturb others</noscript>\n  <div id=\"root\"></div>\n\n  \n</body>\n\n</html>\n" loading=false stripedRows=""  ... > 
  at <OrdersView onVnodeUnmounted=fn<onVnodeUnmounted> ref=Ref< Proxy(Object) > > 
  at <RouterView> 
  at <AppLayout onVnodeUnmounted=fn<onVnodeUnmounted> ref=Ref< Proxy(Object) > > 
  at <RouterView> 
  at <App> @ http://localhost:5277/node_modules/@vue/runtime-core/dist/runtime-core.esm-bundler.js:49
[    3792ms] [WARNING] [Vue warn]: Invalid prop: type check failed for prop "rowData". Expected Object, got String with value "C". 
  at <BodyRow key=undefined rowData="C" index=4  ... > 
  at <TableBody ref="bodyRef" value="<!DOCTYPE html>\n<htm" class=""  ... > 
  at <VirtualScroller ref="virtualScroller" items="<!DOCTYPE html>\n<html lang=\"en\">\n\n<head>\n  <meta charset=\"utf-8\" />\n  <meta name=\"viewport\" content=\"width=device-width, initial-scale=1\" />\n  <meta name=\"theme-color\" content=\"#000000\" />\n  <link rel=\"shortcut icon\" type=\"image/ico\" href=\"/assets/favicon-bc234827.ico\" />\n  <link href=\"https://fonts.googleapis.com/css?family=Roboto:300,400,500\" rel=\"stylesheet\" />\n  <title>Pentaract UI</title>\n\n  <style>\n    *,\n    html {\n      margin: 0;\n      padding: 0;\n    }\n  </style>\n  <script type=\"module\" crossorigin src=\"/assets/index-58b24b54.js\"></script>\n  <link rel=\"stylesheet\" href=\"/assets/index-a4f6c957.css\">\n</head>\n\n<body>\n  <noscript>Wanna write ur own UI without js?! Go ahead, don't disturb others</noscript>\n  <div id=\"root\"></div>\n\n  \n</body>\n\n</html>\n" columns= [Object, Object, Object, Object, Object, Object]  ... > 
  at <DataTable value="<!DOCTYPE html>\n<html lang=\"en\">\n\n<head>\n  <meta charset=\"utf-8\" />\n  <meta name=\"viewport\" content=\"width=device-width, initial-scale=1\" />\n  <meta name=\"theme-color\" content=\"#000000\" />\n  <link rel=\"shortcut icon\" type=\"image/ico\" href=\"/assets/favicon-bc234827.ico\" />\n  <link href=\"https://fonts.googleapis.com/css?family=Roboto:300,400,500\" rel=\"stylesheet\" />\n  <title>Pentaract UI</title>\n\n  <style>\n    *,\n    html {\n      margin: 0;\n      padding: 0;\n    }\n  </style>\n  <script type=\"module\" crossorigin src=\"/assets/index-58b24b54.js\"></script>\n  <link rel=\"stylesheet\" href=\"/assets/index-a4f6c957.css\">\n</head>\n\n<body>\n  <noscript>Wanna write ur own UI without js?! Go ahead, don't disturb others</noscript>\n  <div id=\"root\"></div>\n\n  \n</body>\n\n</html>\n" loading=false stripedRows=""  ... > 
  at <OrdersView onVnodeUnmounted=fn<onVnodeUnmounted> ref=Ref< Proxy(Object) > > 
  at <RouterView> 
  at <AppLayout onVnodeUnmounted=fn<onVnodeUnmounted> ref=Ref< Proxy(Object) > > 
  at <RouterView> 
  at <App> @ http://localhost:5277/node_modules/@vue/runtime-core/dist/runtime-core.esm-bundler.js:49
[    3793ms] [WARNING] [Vue warn]: Invalid prop: type check failed for prop "value". Expected Array, got String with value "<!DOCTYPE html>
<htm". 
  at <BodyRow key=undefined rowData="C" index=4  ... > 
  at <TableBody ref="bodyRef" value="<!DOCTYPE html>\n<htm" class=""  ... > 
  at <VirtualScroller ref="virtualScroller" items="<!DOCTYPE html>\n<html lang=\"en\">\n\n<head>\n  <meta charset=\"utf-8\" />\n  <meta name=\"viewport\" content=\"width=device-width, initial-scale=1\" />\n  <meta name=\"theme-color\" content=\"#000000\" />\n  <link rel=\"shortcut icon\" type=\"image/ico\" href=\"/assets/favicon-bc234827.ico\" />\n  <link href=\"https://fonts.googleapis.com/css?family=Roboto:300,400,500\" rel=\"stylesheet\" />\n  <title>Pentaract UI</title>\n\n  <style>\n    *,\n    html {\n      margin: 0;\n      padding: 0;\n    }\n  </style>\n  <script type=\"module\" crossorigin src=\"/assets/index-58b24b54.js\"></script>\n  <link rel=\"stylesheet\" href=\"/assets/index-a4f6c957.css\">\n</head>\n\n<body>\n  <noscript>Wanna write ur own UI without js?! Go ahead, don't disturb others</noscript>\n  <div id=\"root\"></div>\n\n  \n</body>\n\n</html>\n" columns= [Object, Object, Object, Object, Object, Object]  ... > 
  at <DataTable value="<!DOCTYPE html>\n<html lang=\"en\">\n\n<head>\n  <meta charset=\"utf-8\" />\n  <meta name=\"viewport\" content=\"width=device-width, initial-scale=1\" />\n  <meta name=\"theme-color\" content=\"#000000\" />\n  <link rel=\"shortcut icon\" type=\"image/ico\" href=\"/assets/favicon-bc234827.ico\" />\n  <link href=\"https://fonts.googleapis.com/css?family=Roboto:300,400,500\" rel=\"stylesheet\" />\n  <title>Pentaract UI</title>\n\n  <style>\n    *,\n    html {\n      margin: 0;\n      padding: 0;\n    }\n  </style>\n  <script type=\"module\" crossorigin src=\"/assets/index-58b24b54.js\"></script>\n  <link rel=\"stylesheet\" href=\"/assets/index-a4f6c957.css\">\n</head>\n\n<body>\n  <noscript>Wanna write ur own UI without js?! Go ahead, don't disturb others</noscript>\n  <div id=\"root\"></div>\n\n  \n</body>\n\n</html>\n" loading=false stripedRows=""  ... > 
  at <OrdersView onVnodeUnmounted=fn<onVnodeUnmounted> ref=Ref< Proxy(Object) > > 
  at <RouterView> 
  at <AppLayout onVnodeUnmounted=fn<onVnodeUnmounted> ref=Ref< Proxy(Object) > > 
  at <RouterView> 
  at <App> @ http://localhost:5277/node_modules/@vue/runtime-core/dist/runtime-core.esm-bundler.js:49
[    3795ms] [WARNING] [Vue warn]: Invalid prop: type check failed for prop "rowData". Expected Object, got String with value "C". 
  at <BodyCell key="id" rowData="C" column= {__v_isVNode: true, __v_skip: true, type: Object, props: Object, key: null}  ... > 
  at <BodyRow key=undefined rowData="C" index=4  ... > 
  at <TableBody ref="bodyRef" value="<!DOCTYPE html>\n<htm" class=""  ... > 
  at <VirtualScroller ref="virtualScroller" items="<!DOCTYPE html>\n<html lang=\"en\">\n\n<head>\n  <meta charset=\"utf-8\" />\n  <meta name=\"viewport\" content=\"width=device-width, initial-scale=1\" />\n  <meta name=\"theme-color\" content=\"#000000\" />\n  <link rel=\"shortcut icon\" type=\"image/ico\" href=\"/assets/favicon-bc234827.ico\" />\n  <link href=\"https://fonts.googleapis.com/css?family=Roboto:300,400,500\" rel=\"stylesheet\" />\n  <title>Pentaract UI</title>\n\n  <style>\n    *,\n    html {\n      margin: 0;\n      padding: 0;\n    }\n  </style>\n  <script type=\"module\" crossorigin src=\"/assets/index-58b24b54.js\"></script>\n  <link rel=\"stylesheet\" href=\"/assets/index-a4f6c957.css\">\n</head>\n\n<body>\n  <noscript>Wanna write ur own UI without js?! Go ahead, don't disturb others</noscript>\n  <div id=\"root\"></div>\n\n  \n</body>\n\n</html>\n" columns= [Object, Object, Object, Object, Object, Object]  ... > 
  at <DataTable value="<!DOCTYPE html>\n<html lang=\"en\">\n\n<head>\n  <meta charset=\"utf-8\" />\n  <meta name=\"viewport\" content=\"width=device-width, initial-scale=1\" />\n  <meta name=\"theme-color\" content=\"#000000\" />\n  <link rel=\"shortcut icon\" type=\"image/ico\" href=\"/assets/favicon-bc234827.ico\" />\n  <link href=\"https://fonts.googleapis.com/css?family=Roboto:300,400,500\" rel=\"stylesheet\" />\n  <title>Pentaract UI</title>\n\n  <style>\n    *,\n    html {\n      margin: 0;\n      padding: 0;\n    }\n  </style>\n  <script type=\"module\" crossorigin src=\"/assets/index-58b24b54.js\"></script>\n  <link rel=\"stylesheet\" href=\"/assets/index-a4f6c957.css\">\n</head>\n\n<body>\n  <noscript>Wanna write ur own UI without js?! Go ahead, don't disturb others</noscript>\n  <div id=\"root\"></div>\n\n  \n</body>\n\n</html>\n" loading=false stripedRows=""  ... > 
  at <OrdersView onVnodeUnmounted=fn<onVnodeUnmounted> ref=Ref< Proxy(Object) > > 
  at <RouterView> 
  at <AppLayout onVnodeUnmounted=fn<onVnodeUnmounted> ref=Ref< Proxy(Object) > > 
  at <RouterView> 
  at <App> @ http://localhost:5277/node_modules/@vue/runtime-core/dist/runtime-core.esm-bundler.js:49
[    3799ms] [WARNING] [Vue warn]: Invalid prop: type check failed for prop "rowData". Expected Object, got String with value "C". 
  at <BodyCell key="client_id" rowData="C" column= {__v_isVNode: true, __v_skip: true, type: Object, props: Object, key: null}  ... > 
  at <BodyRow key=undefined rowData="C" index=4  ... > 
  at <TableBody ref="bodyRef" value="<!DOCTYPE html>\n<htm" class=""  ... > 
  at <VirtualScroller ref="virtualScroller" items="<!DOCTYPE html>\n<html lang=\"en\">\n\n<head>\n  <meta charset=\"utf-8\" />\n  <meta name=\"viewport\" content=\"width=device-width, initial-scale=1\" />\n  <meta name=\"theme-color\" content=\"#000000\" />\n  <link rel=\"shortcut icon\" type=\"image/ico\" href=\"/assets/favicon-bc234827.ico\" />\n  <link href=\"https://fonts.googleapis.com/css?family=Roboto:300,400,500\" rel=\"stylesheet\" />\n  <title>Pentaract UI</title>\n\n  <style>\n    *,\n    html {\n      margin: 0;\n      padding: 0;\n    }\n  </style>\n  <script type=\"module\" crossorigin src=\"/assets/index-58b24b54.js\"></script>\n  <link rel=\"stylesheet\" href=\"/assets/index-a4f6c957.css\">\n</head>\n\n<body>\n  <noscript>Wanna write ur own UI without js?! Go ahead, don't disturb others</noscript>\n  <div id=\"root\"></div>\n\n  \n</body>\n\n</html>\n" columns= [Object, Object, Object, Object, Object, Object]  ... > 
  at <DataTable value="<!DOCTYPE html>\n<html lang=\"en\">\n\n<head>\n  <meta charset=\"utf-8\" />\n  <meta name=\"viewport\" content=\"width=device-width, initial-scale=1\" />\n  <meta name=\"theme-color\" content=\"#000000\" />\n  <link rel=\"shortcut icon\" type=\"image/ico\" href=\"/assets/favicon-bc234827.ico\" />\n  <link href=\"https://fonts.googleapis.com/css?family=Roboto:300,400,500\" rel=\"stylesheet\" />\n  <title>Pentaract UI</title>\n\n  <style>\n    *,\n    html {\n      margin: 0;\n      padding: 0;\n    }\n  </style>\n  <script type=\"module\" crossorigin src=\"/assets/index-58b24b54.js\"></script>\n  <link rel=\"stylesheet\" href=\"/assets/index-a4f6c957.css\">\n</head>\n\n<body>\n  <noscript>Wanna write ur own UI without js?! Go ahead, don't disturb others</noscript>\n  <div id=\"root\"></div>\n\n  \n</body>\n\n</html>\n" loading=false stripedRows=""  ... > 
  at <OrdersView onVnodeUnmounted=fn<onVnodeUnmounted> ref=Ref< Proxy(Object) > > 
  at <RouterView> 
  at <AppLayout onVnodeUnmounted=fn<onVnodeUnmounted> ref=Ref< Proxy(Object) > > 
  at <RouterView> 
  at <App> @ http://localhost:5277/node_modules/@vue/runtime-core/dist/runtime-core.esm-bundler.js:49
[    3802ms] [WARNING] [Vue warn]: Invalid prop: type check failed for prop "rowData". Expected Object, got String with value "C". 
  at <BodyCell key="source" rowData="C" column= {__v_isVNode: true, __v_skip: true, type: Object, props: Object, key: null}  ... > 
  at <BodyRow key=undefined rowData="C" index=4  ... > 
  at <TableBody ref="bodyRef" value="<!DOCTYPE html>\n<htm" class=""  ... > 
  at <VirtualScroller ref="virtualScroller" items="<!DOCTYPE html>\n<html lang=\"en\">\n\n<head>\n  <meta charset=\"utf-8\" />\n  <meta name=\"viewport\" content=\"width=device-width, initial-scale=1\" />\n  <meta name=\"theme-color\" content=\"#000000\" />\n  <link rel=\"shortcut icon\" type=\"image/ico\" href=\"/assets/favicon-bc234827.ico\" />\n  <link href=\"https://fonts.googleapis.com/css?family=Roboto:300,400,500\" rel=\"stylesheet\" />\n  <title>Pentaract UI</title>\n\n  <style>\n    *,\n    html {\n      margin: 0;\n      padding: 0;\n    }\n  </style>\n  <script type=\"module\" crossorigin src=\"/assets/index-58b24b54.js\"></script>\n  <link rel=\"stylesheet\" href=\"/assets/index-a4f6c957.css\">\n</head>\n\n<body>\n  <noscript>Wanna write ur own UI without js?! Go ahead, don't disturb others</noscript>\n  <div id=\"root\"></div>\n\n  \n</body>\n\n</html>\n" columns= [Object, Object, Object, Object, Object, Object]  ... > 
  at <DataTable value="<!DOCTYPE html>\n<html lang=\"en\">\n\n<head>\n  <meta charset=\"utf-8\" />\n  <meta name=\"viewport\" content=\"width=device-width, initial-scale=1\" />\n  <meta name=\"theme-color\" content=\"#000000\" />\n  <link rel=\"shortcut icon\" type=\"image/ico\" href=\"/assets/favicon-bc234827.ico\" />\n  <link href=\"https://fonts.googleapis.com/css?family=Roboto:300,400,500\" rel=\"stylesheet\" />\n  <title>Pentaract UI</title>\n\n  <style>\n    *,\n    html {\n      margin: 0;\n      padding: 0;\n    }\n  </style>\n  <script type=\"module\" crossorigin src=\"/assets/index-58b24b54.js\"></script>\n  <link rel=\"stylesheet\" href=\"/assets/index-a4f6c957.css\">\n</head>\n\n<body>\n  <noscript>Wanna write ur own UI without js?! Go ahead, don't disturb others</noscript>\n  <div id=\"root\"></div>\n\n  \n</body>\n\n</html>\n" loading=false stripedRows=""  ... > 
  at <OrdersView onVnodeUnmounted=fn<onVnodeUnmounted> ref=Ref< Proxy(Object) > > 
  at <RouterView> 
  at <AppLayout onVnodeUnmounted=fn<onVnodeUnmounted> ref=Ref< Proxy(Object) > > 
  at <RouterView> 
  at <App> @ http://localhost:5277/node_modules/@vue/runtime-core/dist/runtime-core.esm-bundler.js:49
[    3806ms] [WARNING] [Vue warn]: Invalid prop: type check failed for prop "rowData". Expected Object, got String with value "C". 
  at <BodyCell key="status" rowData="C" column= {__v_isVNode: true, __v_skip: true, type: Object, props: Object, key: null}  ... > 
  at <BodyRow key=undefined rowData="C" index=4  ... > 
  at <TableBody ref="bodyRef" value="<!DOCTYPE html>\n<htm" class=""  ... > 
  at <VirtualScroller ref="virtualScroller" items="<!DOCTYPE html>\n<html lang=\"en\">\n\n<head>\n  <meta charset=\"utf-8\" />\n  <meta name=\"viewport\" content=\"width=device-width, initial-scale=1\" />\n  <meta name=\"theme-color\" content=\"#000000\" />\n  <link rel=\"shortcut icon\" type=\"image/ico\" href=\"/assets/favicon-bc234827.ico\" />\n  <link href=\"https://fonts.googleapis.com/css?family=Roboto:300,400,500\" rel=\"stylesheet\" />\n  <title>Pentaract UI</title>\n\n  <style>\n    *,\n    html {\n      margin: 0;\n      padding: 0;\n    }\n  </style>\n  <script type=\"module\" crossorigin src=\"/assets/index-58b24b54.js\"></script>\n  <link rel=\"stylesheet\" href=\"/assets/index-a4f6c957.css\">\n</head>\n\n<body>\n  <noscript>Wanna write ur own UI without js?! Go ahead, don't disturb others</noscript>\n  <div id=\"root\"></div>\n\n  \n</body>\n\n</html>\n" columns= [Object, Object, Object, Object, Object, Object]  ... > 
  at <DataTable value="<!DOCTYPE html>\n<html lang=\"en\">\n\n<head>\n  <meta charset=\"utf-8\" />\n  <meta name=\"viewport\" content=\"width=device-width, initial-scale=1\" />\n  <meta name=\"theme-color\" content=\"#000000\" />\n  <link rel=\"shortcut icon\" type=\"image/ico\" href=\"/assets/favicon-bc234827.ico\" />\n  <link href=\"https://fonts.googleapis.com/css?family=Roboto:300,400,500\" rel=\"stylesheet\" />\n  <title>Pentaract UI</title>\n\n  <style>\n    *,\n    html {\n      margin: 0;\n      padding: 0;\n    }\n  </style>\n  <script type=\"module\" crossorigin src=\"/assets/index-58b24b54.js\"></script>\n  <link rel=\"stylesheet\" href=\"/assets/index-a4f6c957.css\">\n</head>\n\n<body>\n  <noscript>Wanna write ur own UI without js?! Go ahead, don't disturb others</noscript>\n  <div id=\"root\"></div>\n\n  \n</body>\n\n</html>\n" loading=false stripedRows=""  ... > 
  at <OrdersView onVnodeUnmounted=fn<onVnodeUnmounted> ref=Ref< Proxy(Object) > > 
  at <RouterView> 
  at <AppLayout onVnodeUnmounted=fn<onVnodeUnmounted> ref=Ref< Proxy(Object) > > 
  at <RouterView> 
  at <App> @ http://localhost:5277/node_modules/@vue/runtime-core/dist/runtime-core.esm-bundler.js:49
[    3810ms] [WARNING] [Vue warn]: Invalid prop: type check failed for prop "rowData". Expected Object, got String with value "C". 
  at <BodyCell key="created_at" rowData="C" column= {__v_isVNode: true, __v_skip: true, type: Object, props: Object, key: null}  ... > 
  at <BodyRow key=undefined rowData="C" index=4  ... > 
  at <TableBody ref="bodyRef" value="<!DOCTYPE html>\n<htm" class=""  ... > 
  at <VirtualScroller ref="virtualScroller" items="<!DOCTYPE html>\n<html lang=\"en\">\n\n<head>\n  <meta charset=\"utf-8\" />\n  <meta name=\"viewport\" content=\"width=device-width, initial-scale=1\" />\n  <meta name=\"theme-color\" content=\"#000000\" />\n  <link rel=\"shortcut icon\" type=\"image/ico\" href=\"/assets/favicon-bc234827.ico\" />\n  <link href=\"https://fonts.googleapis.com/css?family=Roboto:300,400,500\" rel=\"stylesheet\" />\n  <title>Pentaract UI</title>\n\n  <style>\n    *,\n    html {\n      margin: 0;\n      padding: 0;\n    }\n  </style>\n  <script type=\"module\" crossorigin src=\"/assets/index-58b24b54.js\"></script>\n  <link rel=\"stylesheet\" href=\"/assets/index-a4f6c957.css\">\n</head>\n\n<body>\n  <noscript>Wanna write ur own UI without js?! Go ahead, don't disturb others</noscript>\n  <div id=\"root\"></div>\n\n  \n</body>\n\n</html>\n" columns= [Object, Object, Object, Object, Object, Object]  ... > 
  at <DataTable value="<!DOCTYPE html>\n<html lang=\"en\">\n\n<head>\n  <meta charset=\"utf-8\" />\n  <meta name=\"viewport\" content=\"width=device-width, initial-scale=1\" />\n  <meta name=\"theme-color\" content=\"#000000\" />\n  <link rel=\"shortcut icon\" type=\"image/ico\" href=\"/assets/favicon-bc234827.ico\" />\n  <link href=\"https://fonts.googleapis.com/css?family=Roboto:300,400,500\" rel=\"stylesheet\" />\n  <title>Pentaract UI</title>\n\n  <style>\n    *,\n    html {\n      margin: 0;\n      padding: 0;\n    }\n  </style>\n  <script type=\"module\" crossorigin src=\"/assets/index-58b24b54.js\"></script>\n  <link rel=\"stylesheet\" href=\"/assets/index-a4f6c957.css\">\n</head>\n\n<body>\n  <noscript>Wanna write ur own UI without js?! Go ahead, don't disturb others</noscript>\n  <div id=\"root\"></div>\n\n  \n</body>\n\n</html>\n" loading=false stripedRows=""  ... > 
  at <OrdersView onVnodeUnmounted=fn<onVnodeUnmounted> ref=Ref< Proxy(Object) > > 
  at <RouterView> 
  at <AppLayout onVnodeUnmounted=fn<onVnodeUnmounted> ref=Ref< Proxy(Object) > > 
  at <RouterView> 
  at <App> @ http://localhost:5277/node_modules/@vue/runtime-core/dist/runtime-core.esm-bundler.js:49
[    3814ms] [WARNING] [Vue warn]: Invalid prop: type check failed for prop "rowData". Expected Object, got String with value "C". 
  at <BodyCell key=5 rowData="C" column= {__v_isVNode: true, __v_skip: true, type: Object, props: Object, key: null}  ... > 
  at <BodyRow key=undefined rowData="C" index=4  ... > 
  at <TableBody ref="bodyRef" value="<!DOCTYPE html>\n<htm" class=""  ... > 
  at <VirtualScroller ref="virtualScroller" items="<!DOCTYPE html>\n<html lang=\"en\">\n\n<head>\n  <meta charset=\"utf-8\" />\n  <meta name=\"viewport\" content=\"width=device-width, initial-scale=1\" />\n  <meta name=\"theme-color\" content=\"#000000\" />\n  <link rel=\"shortcut icon\" type=\"image/ico\" href=\"/assets/favicon-bc234827.ico\" />\n  <link href=\"https://fonts.googleapis.com/css?family=Roboto:300,400,500\" rel=\"stylesheet\" />\n  <title>Pentaract UI</title>\n\n  <style>\n    *,\n    html {\n      margin: 0;\n      padding: 0;\n    }\n  </style>\n  <script type=\"module\" crossorigin src=\"/assets/index-58b24b54.js\"></script>\n  <link rel=\"stylesheet\" href=\"/assets/index-a4f6c957.css\">\n</head>\n\n<body>\n  <noscript>Wanna write ur own UI without js?! Go ahead, don't disturb others</noscript>\n  <div id=\"root\"></div>\n\n  \n</body>\n\n</html>\n" columns= [Object, Object, Object, Object, Object, Object]  ... > 
  at <DataTable value="<!DOCTYPE html>\n<html lang=\"en\">\n\n<head>\n  <meta charset=\"utf-8\" />\n  <meta name=\"viewport\" content=\"width=device-width, initial-scale=1\" />\n  <meta name=\"theme-color\" content=\"#000000\" />\n  <link rel=\"shortcut icon\" type=\"image/ico\" href=\"/assets/favicon-bc234827.ico\" />\n  <link href=\"https://fonts.googleapis.com/css?family=Roboto:300,400,500\" rel=\"stylesheet\" />\n  <title>Pentaract UI</title>\n\n  <style>\n    *,\n    html {\n      margin: 0;\n      padding: 0;\n    }\n  </style>\n  <script type=\"module\" crossorigin src=\"/assets/index-58b24b54.js\"></script>\n  <link rel=\"stylesheet\" href=\"/assets/index-a4f6c957.css\">\n</head>\n\n<body>\n  <noscript>Wanna write ur own UI without js?! Go ahead, don't disturb others</noscript>\n  <div id=\"root\"></div>\n\n  \n</body>\n\n</html>\n" loading=false stripedRows=""  ... > 
  at <OrdersView onVnodeUnmounted=fn<onVnodeUnmounted> ref=Ref< Proxy(Object) > > 
  at <RouterView> 
  at <AppLayout onVnodeUnmounted=fn<onVnodeUnmounted> ref=Ref< Proxy(Object) > > 
  at <RouterView> 
  at <App> @ http://localhost:5277/node_modules/@vue/runtime-core/dist/runtime-core.esm-bundler.js:49
[    3820ms] [WARNING] [Vue warn]: Invalid prop: type check failed for prop "rowData". Expected Object, got String with value "T". 
  at <BodyRow key=undefined rowData="T" index=5  ... > 
  at <TableBody ref="bodyRef" value="<!DOCTYPE html>\n<htm" class=""  ... > 
  at <VirtualScroller ref="virtualScroller" items="<!DOCTYPE html>\n<html lang=\"en\">\n\n<head>\n  <meta charset=\"utf-8\" />\n  <meta name=\"viewport\" content=\"width=device-width, initial-scale=1\" />\n  <meta name=\"theme-color\" content=\"#000000\" />\n  <link rel=\"shortcut icon\" type=\"image/ico\" href=\"/assets/favicon-bc234827.ico\" />\n  <link href=\"https://fonts.googleapis.com/css?family=Roboto:300,400,500\" rel=\"stylesheet\" />\n  <title>Pentaract UI</title>\n\n  <style>\n    *,\n    html {\n      margin: 0;\n      padding: 0;\n    }\n  </style>\n  <script type=\"module\" crossorigin src=\"/assets/index-58b24b54.js\"></script>\n  <link rel=\"stylesheet\" href=\"/assets/index-a4f6c957.css\">\n</head>\n\n<body>\n  <noscript>Wanna write ur own UI without js?! Go ahead, don't disturb others</noscript>\n  <div id=\"root\"></div>\n\n  \n</body>\n\n</html>\n" columns= [Object, Object, Object, Object, Object, Object]  ... > 
  at <DataTable value="<!DOCTYPE html>\n<html lang=\"en\">\n\n<head>\n  <meta charset=\"utf-8\" />\n  <meta name=\"viewport\" content=\"width=device-width, initial-scale=1\" />\n  <meta name=\"theme-color\" content=\"#000000\" />\n  <link rel=\"shortcut icon\" type=\"image/ico\" href=\"/assets/favicon-bc234827.ico\" />\n  <link href=\"https://fonts.googleapis.com/css?family=Roboto:300,400,500\" rel=\"stylesheet\" />\n  <title>Pentaract UI</title>\n\n  <style>\n    *,\n    html {\n      margin: 0;\n      padding: 0;\n    }\n  </style>\n  <script type=\"module\" crossorigin src=\"/assets/index-58b24b54.js\"></script>\n  <link rel=\"stylesheet\" href=\"/assets/index-a4f6c957.css\">\n</head>\n\n<body>\n  <noscript>Wanna write ur own UI without js?! Go ahead, don't disturb others</noscript>\n  <div id=\"root\"></div>\n\n  \n</body>\n\n</html>\n" loading=false stripedRows=""  ... > 
  at <OrdersView onVnodeUnmounted=fn<onVnodeUnmounted> ref=Ref< Proxy(Object) > > 
  at <RouterView> 
  at <AppLayout onVnodeUnmounted=fn<onVnodeUnmounted> ref=Ref< Proxy(Object) > > 
  at <RouterView> 
  at <App> @ http://localhost:5277/node_modules/@vue/runtime-core/dist/runtime-core.esm-bundler.js:49
[    3822ms] [WARNING] [Vue warn]: Invalid prop: type check failed for prop "value". Expected Array, got String with value "<!DOCTYPE html>
<htm". 
  at <BodyRow key=undefined rowData="T" index=5  ... > 
  at <TableBody ref="bodyRef" value="<!DOCTYPE html>\n<htm" class=""  ... > 
  at <VirtualScroller ref="virtualScroller" items="<!DOCTYPE html>\n<html lang=\"en\">\n\n<head>\n  <meta charset=\"utf-8\" />\n  <meta name=\"viewport\" content=\"width=device-width, initial-scale=1\" />\n  <meta name=\"theme-color\" content=\"#000000\" />\n  <link rel=\"shortcut icon\" type=\"image/ico\" href=\"/assets/favicon-bc234827.ico\" />\n  <link href=\"https://fonts.googleapis.com/css?family=Roboto:300,400,500\" rel=\"stylesheet\" />\n  <title>Pentaract UI</title>\n\n  <style>\n    *,\n    html {\n      margin: 0;\n      padding: 0;\n    }\n  </style>\n  <script type=\"module\" crossorigin src=\"/assets/index-58b24b54.js\"></script>\n  <link rel=\"stylesheet\" href=\"/assets/index-a4f6c957.css\">\n</head>\n\n<body>\n  <noscript>Wanna write ur own UI without js?! Go ahead, don't disturb others</noscript>\n  <div id=\"root\"></div>\n\n  \n</body>\n\n</html>\n" columns= [Object, Object, Object, Object, Object, Object]  ... > 
  at <DataTable value="<!DOCTYPE html>\n<html lang=\"en\">\n\n<head>\n  <meta charset=\"utf-8\" />\n  <meta name=\"viewport\" content=\"width=device-width, initial-scale=1\" />\n  <meta name=\"theme-color\" content=\"#000000\" />\n  <link rel=\"shortcut icon\" type=\"image/ico\" href=\"/assets/favicon-bc234827.ico\" />\n  <link href=\"https://fonts.googleapis.com/css?family=Roboto:300,400,500\" rel=\"stylesheet\" />\n  <title>Pentaract UI</title>\n\n  <style>\n    *,\n    html {\n      margin: 0;\n      padding: 0;\n    }\n  </style>\n  <script type=\"module\" crossorigin src=\"/assets/index-58b24b54.js\"></script>\n  <link rel=\"stylesheet\" href=\"/assets/index-a4f6c957.css\">\n</head>\n\n<body>\n  <noscript>Wanna write ur own UI without js?! Go ahead, don't disturb others</noscript>\n  <div id=\"root\"></div>\n\n  \n</body>\n\n</html>\n" loading=false stripedRows=""  ... > 
  at <OrdersView onVnodeUnmounted=fn<onVnodeUnmounted> ref=Ref< Proxy(Object) > > 
  at <RouterView> 
  at <AppLayout onVnodeUnmounted=fn<onVnodeUnmounted> ref=Ref< Proxy(Object) > > 
  at <RouterView> 
  at <App> @ http://localhost:5277/node_modules/@vue/runtime-core/dist/runtime-core.esm-bundler.js:49
[    3825ms] [WARNING] [Vue warn]: Invalid prop: type check failed for prop "rowData". Expected Object, got String with value "T". 
  at <BodyCell key="id" rowData="T" column= {__v_isVNode: true, __v_skip: true, type: Object, props: Object, key: null}  ... > 
  at <BodyRow key=undefined rowData="T" index=5  ... > 
  at <TableBody ref="bodyRef" value="<!DOCTYPE html>\n<htm" class=""  ... > 
  at <VirtualScroller ref="virtualScroller" items="<!DOCTYPE html>\n<html lang=\"en\">\n\n<head>\n  <meta charset=\"utf-8\" />\n  <meta name=\"viewport\" content=\"width=device-width, initial-scale=1\" />\n  <meta name=\"theme-color\" content=\"#000000\" />\n  <link rel=\"shortcut icon\" type=\"image/ico\" href=\"/assets/favicon-bc234827.ico\" />\n  <link href=\"https://fonts.googleapis.com/css?family=Roboto:300,400,500\" rel=\"stylesheet\" />\n  <title>Pentaract UI</title>\n\n  <style>\n    *,\n    html {\n      margin: 0;\n      padding: 0;\n    }\n  </style>\n  <script type=\"module\" crossorigin src=\"/assets/index-58b24b54.js\"></script>\n  <link rel=\"stylesheet\" href=\"/assets/index-a4f6c957.css\">\n</head>\n\n<body>\n  <noscript>Wanna write ur own UI without js?! Go ahead, don't disturb others</noscript>\n  <div id=\"root\"></div>\n\n  \n</body>\n\n</html>\n" columns= [Object, Object, Object, Object, Object, Object]  ... > 
  at <DataTable value="<!DOCTYPE html>\n<html lang=\"en\">\n\n<head>\n  <meta charset=\"utf-8\" />\n  <meta name=\"viewport\" content=\"width=device-width, initial-scale=1\" />\n  <meta name=\"theme-color\" content=\"#000000\" />\n  <link rel=\"shortcut icon\" type=\"image/ico\" href=\"/assets/favicon-bc234827.ico\" />\n  <link href=\"https://fonts.googleapis.com/css?family=Roboto:300,400,500\" rel=\"stylesheet\" />\n  <title>Pentaract UI</title>\n\n  <style>\n    *,\n    html {\n      margin: 0;\n      padding: 0;\n    }\n  </style>\n  <script type=\"module\" crossorigin src=\"/assets/index-58b24b54.js\"></script>\n  <link rel=\"stylesheet\" href=\"/assets/index-a4f6c957.css\">\n</head>\n\n<body>\n  <noscript>Wanna write ur own UI without js?! Go ahead, don't disturb others</noscript>\n  <div id=\"root\"></div>\n\n  \n</body>\n\n</html>\n" loading=false stripedRows=""  ... > 
  at <OrdersView onVnodeUnmounted=fn<onVnodeUnmounted> ref=Ref< Proxy(Object) > > 
  at <RouterView> 
  at <AppLayout onVnodeUnmounted=fn<onVnodeUnmounted> ref=Ref< Proxy(Object) > > 
  at <RouterView> 
  at <App> @ http://localhost:5277/node_modules/@vue/runtime-core/dist/runtime-core.esm-bundler.js:49
[    3829ms] [WARNING] [Vue warn]: Invalid prop: type check failed for prop "rowData". Expected Object, got String with value "T". 
  at <BodyCell key="client_id" rowData="T" column= {__v_isVNode: true, __v_skip: true, type: Object, props: Object, key: null}  ... > 
  at <BodyRow key=undefined rowData="T" index=5  ... > 
  at <TableBody ref="bodyRef" value="<!DOCTYPE html>\n<htm" class=""  ... > 
  at <VirtualScroller ref="virtualScroller" items="<!DOCTYPE html>\n<html lang=\"en\">\n\n<head>\n  <meta charset=\"utf-8\" />\n  <meta name=\"viewport\" content=\"width=device-width, initial-scale=1\" />\n  <meta name=\"theme-color\" content=\"#000000\" />\n  <link rel=\"shortcut icon\" type=\"image/ico\" href=\"/assets/favicon-bc234827.ico\" />\n  <link href=\"https://fonts.googleapis.com/css?family=Roboto:300,400,500\" rel=\"stylesheet\" />\n  <title>Pentaract UI</title>\n\n  <style>\n    *,\n    html {\n      margin: 0;\n      padding: 0;\n    }\n  </style>\n  <script type=\"module\" crossorigin src=\"/assets/index-58b24b54.js\"></script>\n  <link rel=\"stylesheet\" href=\"/assets/index-a4f6c957.css\">\n</head>\n\n<body>\n  <noscript>Wanna write ur own UI without js?! Go ahead, don't disturb others</noscript>\n  <div id=\"root\"></div>\n\n  \n</body>\n\n</html>\n" columns= [Object, Object, Object, Object, Object, Object]  ... > 
  at <DataTable value="<!DOCTYPE html>\n<html lang=\"en\">\n\n<head>\n  <meta charset=\"utf-8\" />\n  <meta name=\"viewport\" content=\"width=device-width, initial-scale=1\" />\n  <meta name=\"theme-color\" content=\"#000000\" />\n  <link rel=\"shortcut icon\" type=\"image/ico\" href=\"/assets/favicon-bc234827.ico\" />\n  <link href=\"https://fonts.googleapis.com/css?family=Roboto:300,400,500\" rel=\"stylesheet\" />\n  <title>Pentaract UI</title>\n\n  <style>\n    *,\n    html {\n      margin: 0;\n      padding: 0;\n    }\n  </style>\n  <script type=\"module\" crossorigin src=\"/assets/index-58b24b54.js\"></script>\n  <link rel=\"stylesheet\" href=\"/assets/index-a4f6c957.css\">\n</head>\n\n<body>\n  <noscript>Wanna write ur own UI without js?! Go ahead, don't disturb others</noscript>\n  <div id=\"root\"></div>\n\n  \n</body>\n\n</html>\n" loading=false stripedRows=""  ... > 
  at <OrdersView onVnodeUnmounted=fn<onVnodeUnmounted> ref=Ref< Proxy(Object) > > 
  at <RouterView> 
  at <AppLayout onVnodeUnmounted=fn<onVnodeUnmounted> ref=Ref< Proxy(Object) > > 
  at <RouterView> 
  at <App> @ http://localhost:5277/node_modules/@vue/runtime-core/dist/runtime-core.esm-bundler.js:49
[    3833ms] [WARNING] [Vue warn]: Invalid prop: type check failed for prop "rowData". Expected Object, got String with value "T". 
  at <BodyCell key="source" rowData="T" column= {__v_isVNode: true, __v_skip: true, type: Object, props: Object, key: null}  ... > 
  at <BodyRow key=undefined rowData="T" index=5  ... > 
  at <TableBody ref="bodyRef" value="<!DOCTYPE html>\n<htm" class=""  ... > 
  at <VirtualScroller ref="virtualScroller" items="<!DOCTYPE html>\n<html lang=\"en\">\n\n<head>\n  <meta charset=\"utf-8\" />\n  <meta name=\"viewport\" content=\"width=device-width, initial-scale=1\" />\n  <meta name=\"theme-color\" content=\"#000000\" />\n  <link rel=\"shortcut icon\" type=\"image/ico\" href=\"/assets/favicon-bc234827.ico\" />\n  <link href=\"https://fonts.googleapis.com/css?family=Roboto:300,400,500\" rel=\"stylesheet\" />\n  <title>Pentaract UI</title>\n\n  <style>\n    *,\n    html {\n      margin: 0;\n      padding: 0;\n    }\n  </style>\n  <script type=\"module\" crossorigin src=\"/assets/index-58b24b54.js\"></script>\n  <link rel=\"stylesheet\" href=\"/assets/index-a4f6c957.css\">\n</head>\n\n<body>\n  <noscript>Wanna write ur own UI without js?! Go ahead, don't disturb others</noscript>\n  <div id=\"root\"></div>\n\n  \n</body>\n\n</html>\n" columns= [Object, Object, Object, Object, Object, Object]  ... > 
  at <DataTable value="<!DOCTYPE html>\n<html lang=\"en\">\n\n<head>\n  <meta charset=\"utf-8\" />\n  <meta name=\"viewport\" content=\"width=device-width, initial-scale=1\" />\n  <meta name=\"theme-color\" content=\"#000000\" />\n  <link rel=\"shortcut icon\" type=\"image/ico\" href=\"/assets/favicon-bc234827.ico\" />\n  <link href=\"https://fonts.googleapis.com/css?family=Roboto:300,400,500\" rel=\"stylesheet\" />\n  <title>Pentaract UI</title>\n\n  <style>\n    *,\n    html {\n      margin: 0;\n      padding: 0;\n    }\n  </style>\n  <script type=\"module\" crossorigin src=\"/assets/index-58b24b54.js\"></script>\n  <link rel=\"stylesheet\" href=\"/assets/index-a4f6c957.css\">\n</head>\n\n<body>\n  <noscript>Wanna write ur own UI without js?! Go ahead, don't disturb others</noscript>\n  <div id=\"root\"></div>\n\n  \n</body>\n\n</html>\n" loading=false stripedRows=""  ... > 
  at <OrdersView onVnodeUnmounted=fn<onVnodeUnmounted> ref=Ref< Proxy(Object) > > 
  at <RouterView> 
  at <AppLayout onVnodeUnmounted=fn<onVnodeUnmounted> ref=Ref< Proxy(Object) > > 
  at <RouterView> 
  at <App> @ http://localhost:5277/node_modules/@vue/runtime-core/dist/runtime-core.esm-bundler.js:49
[    3837ms] [WARNING] [Vue warn]: Invalid prop: type check failed for prop "rowData". Expected Object, got String with value "T". 
  at <BodyCell key="status" rowData="T" column= {__v_isVNode: true, __v_skip: true, type: Object, props: Object, key: null}  ... > 
  at <BodyRow key=undefined rowData="T" index=5  ... > 
  at <TableBody ref="bodyRef" value="<!DOCTYPE html>\n<htm" class=""  ... > 
  at <VirtualScroller ref="virtualScroller" items="<!DOCTYPE html>\n<html lang=\"en\">\n\n<head>\n  <meta charset=\"utf-8\" />\n  <meta name=\"viewport\" content=\"width=device-width, initial-scale=1\" />\n  <meta name=\"theme-color\" content=\"#000000\" />\n  <link rel=\"shortcut icon\" type=\"image/ico\" href=\"/assets/favicon-bc234827.ico\" />\n  <link href=\"https://fonts.googleapis.com/css?family=Roboto:300,400,500\" rel=\"stylesheet\" />\n  <title>Pentaract UI</title>\n\n  <style>\n    *,\n    html {\n      margin: 0;\n      padding: 0;\n    }\n  </style>\n  <script type=\"module\" crossorigin src=\"/assets/index-58b24b54.js\"></script>\n  <link rel=\"stylesheet\" href=\"/assets/index-a4f6c957.css\">\n</head>\n\n<body>\n  <noscript>Wanna write ur own UI without js?! Go ahead, don't disturb others</noscript>\n  <div id=\"root\"></div>\n\n  \n</body>\n\n</html>\n" columns= [Object, Object, Object, Object, Object, Object]  ... > 
  at <DataTable value="<!DOCTYPE html>\n<html lang=\"en\">\n\n<head>\n  <meta charset=\"utf-8\" />\n  <meta name=\"viewport\" content=\"width=device-width, initial-scale=1\" />\n  <meta name=\"theme-color\" content=\"#000000\" />\n  <link rel=\"shortcut icon\" type=\"image/ico\" href=\"/assets/favicon-bc234827.ico\" />\n  <link href=\"https://fonts.googleapis.com/css?family=Roboto:300,400,500\" rel=\"stylesheet\" />\n  <title>Pentaract UI</title>\n\n  <style>\n    *,\n    html {\n      margin: 0;\n      padding: 0;\n    }\n  </style>\n  <script type=\"module\" crossorigin src=\"/assets/index-58b24b54.js\"></script>\n  <link rel=\"stylesheet\" href=\"/assets/index-a4f6c957.css\">\n</head>\n\n<body>\n  <noscript>Wanna write ur own UI without js?! Go ahead, don't disturb others</noscript>\n  <div id=\"root\"></div>\n\n  \n</body>\n\n</html>\n" loading=false stripedRows=""  ... > 
  at <OrdersView onVnodeUnmounted=fn<onVnodeUnmounted> ref=Ref< Proxy(Object) > > 
  at <RouterView> 
  at <AppLayout onVnodeUnmounted=fn<onVnodeUnmounted> ref=Ref< Proxy(Object) > > 
  at <RouterView> 
  at <App> @ http://localhost:5277/node_modules/@vue/runtime-core/dist/runtime-core.esm-bundler.js:49
[    3842ms] [WARNING] [Vue warn]: Invalid prop: type check failed for prop "rowData". Expected Object, got String with value "T". 
  at <BodyCell key="created_at" rowData="T" column= {__v_isVNode: true, __v_skip: true, type: Object, props: Object, key: null}  ... > 
  at <BodyRow key=undefined rowData="T" index=5  ... > 
  at <TableBody ref="bodyRef" value="<!DOCTYPE html>\n<htm" class=""  ... > 
  at <VirtualScroller ref="virtualScroller" items="<!DOCTYPE html>\n<html lang=\"en\">\n\n<head>\n  <meta charset=\"utf-8\" />\n  <meta name=\"viewport\" content=\"width=device-width, initial-scale=1\" />\n  <meta name=\"theme-color\" content=\"#000000\" />\n  <link rel=\"shortcut icon\" type=\"image/ico\" href=\"/assets/favicon-bc234827.ico\" />\n  <link href=\"https://fonts.googleapis.com/css?family=Roboto:300,400,500\" rel=\"stylesheet\" />\n  <title>Pentaract UI</title>\n\n  <style>\n    *,\n    html {\n      margin: 0;\n      padding: 0;\n    }\n  </style>\n  <script type=\"module\" crossorigin src=\"/assets/index-58b24b54.js\"></script>\n  <link rel=\"stylesheet\" href=\"/assets/index-a4f6c957.css\">\n</head>\n\n<body>\n  <noscript>Wanna write ur own UI without js?! Go ahead, don't disturb others</noscript>\n  <div id=\"root\"></div>\n\n  \n</body>\n\n</html>\n" columns= [Object, Object, Object, Object, Object, Object]  ... > 
  at <DataTable value="<!DOCTYPE html>\n<html lang=\"en\">\n\n<head>\n  <meta charset=\"utf-8\" />\n  <meta name=\"viewport\" content=\"width=device-width, initial-scale=1\" />\n  <meta name=\"theme-color\" content=\"#000000\" />\n  <link rel=\"shortcut icon\" type=\"image/ico\" href=\"/assets/favicon-bc234827.ico\" />\n  <link href=\"https://fonts.googleapis.com/css?family=Roboto:300,400,500\" rel=\"stylesheet\" />\n  <title>Pentaract UI</title>\n\n  <style>\n    *,\n    html {\n      margin: 0;\n      padding: 0;\n    }\n  </style>\n  <script type=\"module\" crossorigin src=\"/assets/index-58b24b54.js\"></script>\n  <link rel=\"stylesheet\" href=\"/assets/index-a4f6c957.css\">\n</head>\n\n<body>\n  <noscript>Wanna write ur own UI without js?! Go ahead, don't disturb others</noscript>\n  <div id=\"root\"></div>\n\n  \n</body>\n\n</html>\n" loading=false stripedRows=""  ... > 
  at <OrdersView onVnodeUnmounted=fn<onVnodeUnmounted> ref=Ref< Proxy(Object) > > 
  at <RouterView> 
  at <AppLayout onVnodeUnmounted=fn<onVnodeUnmounted> ref=Ref< Proxy(Object) > > 
  at <RouterView> 
  at <App> @ http://localhost:5277/node_modules/@vue/runtime-core/dist/runtime-core.esm-bundler.js:49
[    3846ms] [WARNING] [Vue warn]: Invalid prop: type check failed for prop "rowData". Expected Object, got String with value "T". 
  at <BodyCell key=5 rowData="T" column= {__v_isVNode: true, __v_skip: true, type: Object, props: Object, key: null}  ... > 
  at <BodyRow key=undefined rowData="T" index=5  ... > 
  at <TableBody ref="bodyRef" value="<!DOCTYPE html>\n<htm" class=""  ... > 
  at <VirtualScroller ref="virtualScroller" items="<!DOCTYPE html>\n<html lang=\"en\">\n\n<head>\n  <meta charset=\"utf-8\" />\n  <meta name=\"viewport\" content=\"width=device-width, initial-scale=1\" />\n  <meta name=\"theme-color\" content=\"#000000\" />\n  <link rel=\"shortcut icon\" type=\"image/ico\" href=\"/assets/favicon-bc234827.ico\" />\n  <link href=\"https://fonts.googleapis.com/css?family=Roboto:300,400,500\" rel=\"stylesheet\" />\n  <title>Pentaract UI</title>\n\n  <style>\n    *,\n    html {\n      margin: 0;\n      padding: 0;\n    }\n  </style>\n  <script type=\"module\" crossorigin src=\"/assets/index-58b24b54.js\"></script>\n  <link rel=\"stylesheet\" href=\"/assets/index-a4f6c957.css\">\n</head>\n\n<body>\n  <noscript>Wanna write ur own UI without js?! Go ahead, don't disturb others</noscript>\n  <div id=\"root\"></div>\n\n  \n</body>\n\n</html>\n" columns= [Object, Object, Object, Object, Object, Object]  ... > 
  at <DataTable value="<!DOCTYPE html>\n<html lang=\"en\">\n\n<head>\n  <meta charset=\"utf-8\" />\n  <meta name=\"viewport\" content=\"width=device-width, initial-scale=1\" />\n  <meta name=\"theme-color\" content=\"#000000\" />\n  <link rel=\"shortcut icon\" type=\"image/ico\" href=\"/assets/favicon-bc234827.ico\" />\n  <link href=\"https://fonts.googleapis.com/css?family=Roboto:300,400,500\" rel=\"stylesheet\" />\n  <title>Pentaract UI</title>\n\n  <style>\n    *,\n    html {\n      margin: 0;\n      padding: 0;\n    }\n  </style>\n  <script type=\"module\" crossorigin src=\"/assets/index-58b24b54.js\"></script>\n  <link rel=\"stylesheet\" href=\"/assets/index-a4f6c957.css\">\n</head>\n\n<body>\n  <noscript>Wanna write ur own UI without js?! Go ahead, don't disturb others</noscript>\n  <div id=\"root\"></div>\n\n  \n</body>\n\n</html>\n" loading=false stripedRows=""  ... > 
  at <OrdersView onVnodeUnmounted=fn<onVnodeUnmounted> ref=Ref< Proxy(Object) > > 
  at <RouterView> 
  at <AppLayout onVnodeUnmounted=fn<onVnodeUnmounted> ref=Ref< Proxy(Object) > > 
  at <RouterView> 
  at <App> @ http://localhost:5277/node_modules/@vue/runtime-core/dist/runtime-core.esm-bundler.js:49
[    3855ms] [WARNING] [Vue warn]: Invalid prop: type check failed for prop "rowData". Expected Object, got String with value "Y". 
  at <BodyRow key=undefined rowData="Y" index=6  ... > 
  at <TableBody ref="bodyRef" value="<!DOCTYPE html>\n<htm" class=""  ... > 
  at <VirtualScroller ref="virtualScroller" items="<!DOCTYPE html>\n<html lang=\"en\">\n\n<head>\n  <meta charset=\"utf-8\" />\n  <meta name=\"viewport\" content=\"width=device-width, initial-scale=1\" />\n  <meta name=\"theme-color\" content=\"#000000\" />\n  <link rel=\"shortcut icon\" type=\"image/ico\" href=\"/assets/favicon-bc234827.ico\" />\n  <link href=\"https://fonts.googleapis.com/css?family=Roboto:300,400,500\" rel=\"stylesheet\" />\n  <title>Pentaract UI</title>\n\n  <style>\n    *,\n    html {\n      margin: 0;\n      padding: 0;\n    }\n  </style>\n  <script type=\"module\" crossorigin src=\"/assets/index-58b24b54.js\"></script>\n  <link rel=\"stylesheet\" href=\"/assets/index-a4f6c957.css\">\n</head>\n\n<body>\n  <noscript>Wanna write ur own UI without js?! Go ahead, don't disturb others</noscript>\n  <div id=\"root\"></div>\n\n  \n</body>\n\n</html>\n" columns= [Object, Object, Object, Object, Object, Object]  ... > 
  at <DataTable value="<!DOCTYPE html>\n<html lang=\"en\">\n\n<head>\n  <meta charset=\"utf-8\" />\n  <meta name=\"viewport\" content=\"width=device-width, initial-scale=1\" />\n  <meta name=\"theme-color\" content=\"#000000\" />\n  <link rel=\"shortcut icon\" type=\"image/ico\" href=\"/assets/favicon-bc234827.ico\" />\n  <link href=\"https://fonts.googleapis.com/css?family=Roboto:300,400,500\" rel=\"stylesheet\" />\n  <title>Pentaract UI</title>\n\n  <style>\n    *,\n    html {\n      margin: 0;\n      padding: 0;\n    }\n  </style>\n  <script type=\"module\" crossorigin src=\"/assets/index-58b24b54.js\"></script>\n  <link rel=\"stylesheet\" href=\"/assets/index-a4f6c957.css\">\n</head>\n\n<body>\n  <noscript>Wanna write ur own UI without js?! Go ahead, don't disturb others</noscript>\n  <div id=\"root\"></div>\n\n  \n</body>\n\n</html>\n" loading=false stripedRows=""  ... > 
  at <OrdersView onVnodeUnmounted=fn<onVnodeUnmounted> ref=Ref< Proxy(Object) > > 
  at <RouterView> 
  at <AppLayout onVnodeUnmounted=fn<onVnodeUnmounted> ref=Ref< Proxy(Object) > > 
  at <RouterView> 
  at <App> @ http://localhost:5277/node_modules/@vue/runtime-core/dist/runtime-core.esm-bundler.js:49
[    3857ms] [WARNING] [Vue warn]: Invalid prop: type check failed for prop "value". Expected Array, got String with value "<!DOCTYPE html>
<htm". 
  at <BodyRow key=undefined rowData="Y" index=6  ... > 
  at <TableBody ref="bodyRef" value="<!DOCTYPE html>\n<htm" class=""  ... > 
  at <VirtualScroller ref="virtualScroller" items="<!DOCTYPE html>\n<html lang=\"en\">\n\n<head>\n  <meta charset=\"utf-8\" />\n  <meta name=\"viewport\" content=\"width=device-width, initial-scale=1\" />\n  <meta name=\"theme-color\" content=\"#000000\" />\n  <link rel=\"shortcut icon\" type=\"image/ico\" href=\"/assets/favicon-bc234827.ico\" />\n  <link href=\"https://fonts.googleapis.com/css?family=Roboto:300,400,500\" rel=\"stylesheet\" />\n  <title>Pentaract UI</title>\n\n  <style>\n    *,\n    html {\n      margin: 0;\n      padding: 0;\n    }\n  </style>\n  <script type=\"module\" crossorigin src=\"/assets/index-58b24b54.js\"></script>\n  <link rel=\"stylesheet\" href=\"/assets/index-a4f6c957.css\">\n</head>\n\n<body>\n  <noscript>Wanna write ur own UI without js?! Go ahead, don't disturb others</noscript>\n  <div id=\"root\"></div>\n\n  \n</body>\n\n</html>\n" columns= [Object, Object, Object, Object, Object, Object]  ... > 
  at <DataTable value="<!DOCTYPE html>\n<html lang=\"en\">\n\n<head>\n  <meta charset=\"utf-8\" />\n  <meta name=\"viewport\" content=\"width=device-width, initial-scale=1\" />\n  <meta name=\"theme-color\" content=\"#000000\" />\n  <link rel=\"shortcut icon\" type=\"image/ico\" href=\"/assets/favicon-bc234827.ico\" />\n  <link href=\"https://fonts.googleapis.com/css?family=Roboto:300,400,500\" rel=\"stylesheet\" />\n  <title>Pentaract UI</title>\n\n  <style>\n    *,\n    html {\n      margin: 0;\n      padding: 0;\n    }\n  </style>\n  <script type=\"module\" crossorigin src=\"/assets/index-58b24b54.js\"></script>\n  <link rel=\"stylesheet\" href=\"/assets/index-a4f6c957.css\">\n</head>\n\n<body>\n  <noscript>Wanna write ur own UI without js?! Go ahead, don't disturb others</noscript>\n  <div id=\"root\"></div>\n\n  \n</body>\n\n</html>\n" loading=false stripedRows=""  ... > 
  at <OrdersView onVnodeUnmounted=fn<onVnodeUnmounted> ref=Ref< Proxy(Object) > > 
  at <RouterView> 
  at <AppLayout onVnodeUnmounted=fn<onVnodeUnmounted> ref=Ref< Proxy(Object) > > 
  at <RouterView> 
  at <App> @ http://localhost:5277/node_modules/@vue/runtime-core/dist/runtime-core.esm-bundler.js:49
[    3861ms] [WARNING] [Vue warn]: Invalid prop: type check failed for prop "rowData". Expected Object, got String with value "Y". 
  at <BodyCell key="id" rowData="Y" column= {__v_isVNode: true, __v_skip: true, type: Object, props: Object, key: null}  ... > 
  at <BodyRow key=undefined rowData="Y" index=6  ... > 
  at <TableBody ref="bodyRef" value="<!DOCTYPE html>\n<htm" class=""  ... > 
  at <VirtualScroller ref="virtualScroller" items="<!DOCTYPE html>\n<html lang=\"en\">\n\n<head>\n  <meta charset=\"utf-8\" />\n  <meta name=\"viewport\" content=\"width=device-width, initial-scale=1\" />\n  <meta name=\"theme-color\" content=\"#000000\" />\n  <link rel=\"shortcut icon\" type=\"image/ico\" href=\"/assets/favicon-bc234827.ico\" />\n  <link href=\"https://fonts.googleapis.com/css?family=Roboto:300,400,500\" rel=\"stylesheet\" />\n  <title>Pentaract UI</title>\n\n  <style>\n    *,\n    html {\n      margin: 0;\n      padding: 0;\n    }\n  </style>\n  <script type=\"module\" crossorigin src=\"/assets/index-58b24b54.js\"></script>\n  <link rel=\"stylesheet\" href=\"/assets/index-a4f6c957.css\">\n</head>\n\n<body>\n  <noscript>Wanna write ur own UI without js?! Go ahead, don't disturb others</noscript>\n  <div id=\"root\"></div>\n\n  \n</body>\n\n</html>\n" columns= [Object, Object, Object, Object, Object, Object]  ... > 
  at <DataTable value="<!DOCTYPE html>\n<html lang=\"en\">\n\n<head>\n  <meta charset=\"utf-8\" />\n  <meta name=\"viewport\" content=\"width=device-width, initial-scale=1\" />\n  <meta name=\"theme-color\" content=\"#000000\" />\n  <link rel=\"shortcut icon\" type=\"image/ico\" href=\"/assets/favicon-bc234827.ico\" />\n  <link href=\"https://fonts.googleapis.com/css?family=Roboto:300,400,500\" rel=\"stylesheet\" />\n  <title>Pentaract UI</title>\n\n  <style>\n    *,\n    html {\n      margin: 0;\n      padding: 0;\n    }\n  </style>\n  <script type=\"module\" crossorigin src=\"/assets/index-58b24b54.js\"></script>\n  <link rel=\"stylesheet\" href=\"/assets/index-a4f6c957.css\">\n</head>\n\n<body>\n  <noscript>Wanna write ur own UI without js?! Go ahead, don't disturb others</noscript>\n  <div id=\"root\"></div>\n\n  \n</body>\n\n</html>\n" loading=false stripedRows=""  ... > 
  at <OrdersView onVnodeUnmounted=fn<onVnodeUnmounted> ref=Ref< Proxy(Object) > > 
  at <RouterView> 
  at <AppLayout onVnodeUnmounted=fn<onVnodeUnmounted> ref=Ref< Proxy(Object) > > 
  at <RouterView> 
  at <App> @ http://localhost:5277/node_modules/@vue/runtime-core/dist/runtime-core.esm-bundler.js:49
[    3865ms] [WARNING] [Vue warn]: Invalid prop: type check failed for prop "rowData". Expected Object, got String with value "Y". 
  at <BodyCell key="client_id" rowData="Y" column= {__v_isVNode: true, __v_skip: true, type: Object, props: Object, key: null}  ... > 
  at <BodyRow key=undefined rowData="Y" index=6  ... > 
  at <TableBody ref="bodyRef" value="<!DOCTYPE html>\n<htm" class=""  ... > 
  at <VirtualScroller ref="virtualScroller" items="<!DOCTYPE html>\n<html lang=\"en\">\n\n<head>\n  <meta charset=\"utf-8\" />\n  <meta name=\"viewport\" content=\"width=device-width, initial-scale=1\" />\n  <meta name=\"theme-color\" content=\"#000000\" />\n  <link rel=\"shortcut icon\" type=\"image/ico\" href=\"/assets/favicon-bc234827.ico\" />\n  <link href=\"https://fonts.googleapis.com/css?family=Roboto:300,400,500\" rel=\"stylesheet\" />\n  <title>Pentaract UI</title>\n\n  <style>\n    *,\n    html {\n      margin: 0;\n      padding: 0;\n    }\n  </style>\n  <script type=\"module\" crossorigin src=\"/assets/index-58b24b54.js\"></script>\n  <link rel=\"stylesheet\" href=\"/assets/index-a4f6c957.css\">\n</head>\n\n<body>\n  <noscript>Wanna write ur own UI without js?! Go ahead, don't disturb others</noscript>\n  <div id=\"root\"></div>\n\n  \n</body>\n\n</html>\n" columns= [Object, Object, Object, Object, Object, Object]  ... > 
  at <DataTable value="<!DOCTYPE html>\n<html lang=\"en\">\n\n<head>\n  <meta charset=\"utf-8\" />\n  <meta name=\"viewport\" content=\"width=device-width, initial-scale=1\" />\n  <meta name=\"theme-color\" content=\"#000000\" />\n  <link rel=\"shortcut icon\" type=\"image/ico\" href=\"/assets/favicon-bc234827.ico\" />\n  <link href=\"https://fonts.googleapis.com/css?family=Roboto:300,400,500\" rel=\"stylesheet\" />\n  <title>Pentaract UI</title>\n\n  <style>\n    *,\n    html {\n      margin: 0;\n      padding: 0;\n    }\n  </style>\n  <script type=\"module\" crossorigin src=\"/assets/index-58b24b54.js\"></script>\n  <link rel=\"stylesheet\" href=\"/assets/index-a4f6c957.css\">\n</head>\n\n<body>\n  <noscript>Wanna write ur own UI without js?! Go ahead, don't disturb others</noscript>\n  <div id=\"root\"></div>\n\n  \n</body>\n\n</html>\n" loading=false stripedRows=""  ... > 
  at <OrdersView onVnodeUnmounted=fn<onVnodeUnmounted> ref=Ref< Proxy(Object) > > 
  at <RouterView> 
  at <AppLayout onVnodeUnmounted=fn<onVnodeUnmounted> ref=Ref< Proxy(Object) > > 
  at <RouterView> 
  at <App> @ http://localhost:5277/node_modules/@vue/runtime-core/dist/runtime-core.esm-bundler.js:49
[    3869ms] [WARNING] [Vue warn]: Invalid prop: type check failed for prop "rowData". Expected Object, got String with value "Y". 
  at <BodyCell key="source" rowData="Y" column= {__v_isVNode: true, __v_skip: true, type: Object, props: Object, key: null}  ... > 
  at <BodyRow key=undefined rowData="Y" index=6  ... > 
  at <TableBody ref="bodyRef" value="<!DOCTYPE html>\n<htm" class=""  ... > 
  at <VirtualScroller ref="virtualScroller" items="<!DOCTYPE html>\n<html lang=\"en\">\n\n<head>\n  <meta charset=\"utf-8\" />\n  <meta name=\"viewport\" content=\"width=device-width, initial-scale=1\" />\n  <meta name=\"theme-color\" content=\"#000000\" />\n  <link rel=\"shortcut icon\" type=\"image/ico\" href=\"/assets/favicon-bc234827.ico\" />\n  <link href=\"https://fonts.googleapis.com/css?family=Roboto:300,400,500\" rel=\"stylesheet\" />\n  <title>Pentaract UI</title>\n\n  <style>\n    *,\n    html {\n      margin: 0;\n      padding: 0;\n    }\n  </style>\n  <script type=\"module\" crossorigin src=\"/assets/index-58b24b54.js\"></script>\n  <link rel=\"stylesheet\" href=\"/assets/index-a4f6c957.css\">\n</head>\n\n<body>\n  <noscript>Wanna write ur own UI without js?! Go ahead, don't disturb others</noscript>\n  <div id=\"root\"></div>\n\n  \n</body>\n\n</html>\n" columns= [Object, Object, Object, Object, Object, Object]  ... > 
  at <DataTable value="<!DOCTYPE html>\n<html lang=\"en\">\n\n<head>\n  <meta charset=\"utf-8\" />\n  <meta name=\"viewport\" content=\"width=device-width, initial-scale=1\" />\n  <meta name=\"theme-color\" content=\"#000000\" />\n  <link rel=\"shortcut icon\" type=\"image/ico\" href=\"/assets/favicon-bc234827.ico\" />\n  <link href=\"https://fonts.googleapis.com/css?family=Roboto:300,400,500\" rel=\"stylesheet\" />\n  <title>Pentaract UI</title>\n\n  <style>\n    *,\n    html {\n      margin: 0;\n      padding: 0;\n    }\n  </style>\n  <script type=\"module\" crossorigin src=\"/assets/index-58b24b54.js\"></script>\n  <link rel=\"stylesheet\" href=\"/assets/index-a4f6c957.css\">\n</head>\n\n<body>\n  <noscript>Wanna write ur own UI without js?! Go ahead, don't disturb others</noscript>\n  <div id=\"root\"></div>\n\n  \n</body>\n\n</html>\n" loading=false stripedRows=""  ... > 
  at <OrdersView onVnodeUnmounted=fn<onVnodeUnmounted> ref=Ref< Proxy(Object) > > 
  at <RouterView> 
  at <AppLayout onVnodeUnmounted=fn<onVnodeUnmounted> ref=Ref< Proxy(Object) > > 
  at <RouterView> 
  at <App> @ http://localhost:5277/node_modules/@vue/runtime-core/dist/runtime-core.esm-bundler.js:49
[    3873ms] [WARNING] [Vue warn]: Invalid prop: type check failed for prop "rowData". Expected Object, got String with value "Y". 
  at <BodyCell key="status" rowData="Y" column= {__v_isVNode: true, __v_skip: true, type: Object, props: Object, key: null}  ... > 
  at <BodyRow key=undefined rowData="Y" index=6  ... > 
  at <TableBody ref="bodyRef" value="<!DOCTYPE html>\n<htm" class=""  ... > 
  at <VirtualScroller ref="virtualScroller" items="<!DOCTYPE html>\n<html lang=\"en\">\n\n<head>\n  <meta charset=\"utf-8\" />\n  <meta name=\"viewport\" content=\"width=device-width, initial-scale=1\" />\n  <meta name=\"theme-color\" content=\"#000000\" />\n  <link rel=\"shortcut icon\" type=\"image/ico\" href=\"/assets/favicon-bc234827.ico\" />\n  <link href=\"https://fonts.googleapis.com/css?family=Roboto:300,400,500\" rel=\"stylesheet\" />\n  <title>Pentaract UI</title>\n\n  <style>\n    *,\n    html {\n      margin: 0;\n      padding: 0;\n    }\n  </style>\n  <script type=\"module\" crossorigin src=\"/assets/index-58b24b54.js\"></script>\n  <link rel=\"stylesheet\" href=\"/assets/index-a4f6c957.css\">\n</head>\n\n<body>\n  <noscript>Wanna write ur own UI without js?! Go ahead, don't disturb others</noscript>\n  <div id=\"root\"></div>\n\n  \n</body>\n\n</html>\n" columns= [Object, Object, Object, Object, Object, Object]  ... > 
  at <DataTable value="<!DOCTYPE html>\n<html lang=\"en\">\n\n<head>\n  <meta charset=\"utf-8\" />\n  <meta name=\"viewport\" content=\"width=device-width, initial-scale=1\" />\n  <meta name=\"theme-color\" content=\"#000000\" />\n  <link rel=\"shortcut icon\" type=\"image/ico\" href=\"/assets/favicon-bc234827.ico\" />\n  <link href=\"https://fonts.googleapis.com/css?family=Roboto:300,400,500\" rel=\"stylesheet\" />\n  <title>Pentaract UI</title>\n\n  <style>\n    *,\n    html {\n      margin: 0;\n      padding: 0;\n    }\n  </style>\n  <script type=\"module\" crossorigin src=\"/assets/index-58b24b54.js\"></script>\n  <link rel=\"stylesheet\" href=\"/assets/index-a4f6c957.css\">\n</head>\n\n<body>\n  <noscript>Wanna write ur own UI without js?! Go ahead, don't disturb others</noscript>\n  <div id=\"root\"></div>\n\n  \n</body>\n\n</html>\n" loading=false stripedRows=""  ... > 
  at <OrdersView onVnodeUnmounted=fn<onVnodeUnmounted> ref=Ref< Proxy(Object) > > 
  at <RouterView> 
  at <AppLayout onVnodeUnmounted=fn<onVnodeUnmounted> ref=Ref< Proxy(Object) > > 
  at <RouterView> 
  at <App> @ http://localhost:5277/node_modules/@vue/runtime-core/dist/runtime-core.esm-bundler.js:49
[    3877ms] [WARNING] [Vue warn]: Invalid prop: type check failed for prop "rowData". Expected Object, got String with value "Y". 
  at <BodyCell key="created_at" rowData="Y" column= {__v_isVNode: true, __v_skip: true, type: Object, props: Object, key: null}  ... > 
  at <BodyRow key=undefined rowData="Y" index=6  ... > 
  at <TableBody ref="bodyRef" value="<!DOCTYPE html>\n<htm" class=""  ... > 
  at <VirtualScroller ref="virtualScroller" items="<!DOCTYPE html>\n<html lang=\"en\">\n\n<head>\n  <meta charset=\"utf-8\" />\n  <meta name=\"viewport\" content=\"width=device-width, initial-scale=1\" />\n  <meta name=\"theme-color\" content=\"#000000\" />\n  <link rel=\"shortcut icon\" type=\"image/ico\" href=\"/assets/favicon-bc234827.ico\" />\n  <link href=\"https://fonts.googleapis.com/css?family=Roboto:300,400,500\" rel=\"stylesheet\" />\n  <title>Pentaract UI</title>\n\n  <style>\n    *,\n    html {\n      margin: 0;\n      padding: 0;\n    }\n  </style>\n  <script type=\"module\" crossorigin src=\"/assets/index-58b24b54.js\"></script>\n  <link rel=\"stylesheet\" href=\"/assets/index-a4f6c957.css\">\n</head>\n\n<body>\n  <noscript>Wanna write ur own UI without js?! Go ahead, don't disturb others</noscript>\n  <div id=\"root\"></div>\n\n  \n</body>\n\n</html>\n" columns= [Object, Object, Object, Object, Object, Object]  ... > 
  at <DataTable value="<!DOCTYPE html>\n<html lang=\"en\">\n\n<head>\n  <meta charset=\"utf-8\" />\n  <meta name=\"viewport\" content=\"width=device-width, initial-scale=1\" />\n  <meta name=\"theme-color\" content=\"#000000\" />\n  <link rel=\"shortcut icon\" type=\"image/ico\" href=\"/assets/favicon-bc234827.ico\" />\n  <link href=\"https://fonts.googleapis.com/css?family=Roboto:300,400,500\" rel=\"stylesheet\" />\n  <title>Pentaract UI</title>\n\n  <style>\n    *,\n    html {\n      margin: 0;\n      padding: 0;\n    }\n  </style>\n  <script type=\"module\" crossorigin src=\"/assets/index-58b24b54.js\"></script>\n  <link rel=\"stylesheet\" href=\"/assets/index-a4f6c957.css\">\n</head>\n\n<body>\n  <noscript>Wanna write ur own UI without js?! Go ahead, don't disturb others</noscript>\n  <div id=\"root\"></div>\n\n  \n</body>\n\n</html>\n" loading=false stripedRows=""  ... > 
  at <OrdersView onVnodeUnmounted=fn<onVnodeUnmounted> ref=Ref< Proxy(Object) > > 
  at <RouterView> 
  at <AppLayout onVnodeUnmounted=fn<onVnodeUnmounted> ref=Ref< Proxy(Object) > > 
  at <RouterView> 
  at <App> @ http://localhost:5277/node_modules/@vue/runtime-core/dist/runtime-core.esm-bundler.js:49
[    3881ms] [WARNING] [Vue warn]: Invalid prop: type check failed for prop "rowData". Expected Object, got String with value "Y". 
  at <BodyCell key=5 rowData="Y" column= {__v_isVNode: true, __v_skip: true, type: Object, props: Object, key: null}  ... > 
  at <BodyRow key=undefined rowData="Y" index=6  ... > 
  at <TableBody ref="bodyRef" value="<!DOCTYPE html>\n<htm" class=""  ... > 
  at <VirtualScroller ref="virtualScroller" items="<!DOCTYPE html>\n<html lang=\"en\">\n\n<head>\n  <meta charset=\"utf-8\" />\n  <meta name=\"viewport\" content=\"width=device-width, initial-scale=1\" />\n  <meta name=\"theme-color\" content=\"#000000\" />\n  <link rel=\"shortcut icon\" type=\"image/ico\" href=\"/assets/favicon-bc234827.ico\" />\n  <link href=\"https://fonts.googleapis.com/css?family=Roboto:300,400,500\" rel=\"stylesheet\" />\n  <title>Pentaract UI</title>\n\n  <style>\n    *,\n    html {\n      margin: 0;\n      padding: 0;\n    }\n  </style>\n  <script type=\"module\" crossorigin src=\"/assets/index-58b24b54.js\"></script>\n  <link rel=\"stylesheet\" href=\"/assets/index-a4f6c957.css\">\n</head>\n\n<body>\n  <noscript>Wanna write ur own UI without js?! Go ahead, don't disturb others</noscript>\n  <div id=\"root\"></div>\n\n  \n</body>\n\n</html>\n" columns= [Object, Object, Object, Object, Object, Object]  ... > 
  at <DataTable value="<!DOCTYPE html>\n<html lang=\"en\">\n\n<head>\n  <meta charset=\"utf-8\" />\n  <meta name=\"viewport\" content=\"width=device-width, initial-scale=1\" />\n  <meta name=\"theme-color\" content=\"#000000\" />\n  <link rel=\"shortcut icon\" type=\"image/ico\" href=\"/assets/favicon-bc234827.ico\" />\n  <link href=\"https://fonts.googleapis.com/css?family=Roboto:300,400,500\" rel=\"stylesheet\" />\n  <title>Pentaract UI</title>\n\n  <style>\n    *,\n    html {\n      margin: 0;\n      padding: 0;\n    }\n  </style>\n  <script type=\"module\" crossorigin src=\"/assets/index-58b24b54.js\"></script>\n  <link rel=\"stylesheet\" href=\"/assets/index-a4f6c957.css\">\n</head>\n\n<body>\n  <noscript>Wanna write ur own UI without js?! Go ahead, don't disturb others</noscript>\n  <div id=\"root\"></div>\n\n  \n</body>\n\n</html>\n" loading=false stripedRows=""  ... > 
  at <OrdersView onVnodeUnmounted=fn<onVnodeUnmounted> ref=Ref< Proxy(Object) > > 
  at <RouterView> 
  at <AppLayout onVnodeUnmounted=fn<onVnodeUnmounted> ref=Ref< Proxy(Object) > > 
  at <RouterView> 
  at <App> @ http://localhost:5277/node_modules/@vue/runtime-core/dist/runtime-core.esm-bundler.js:49
[    3886ms] [WARNING] [Vue warn]: Invalid prop: type check failed for prop "rowData". Expected Object, got String with value "P". 
  at <BodyRow key=undefined rowData="P" index=7  ... > 
  at <TableBody ref="bodyRef" value="<!DOCTYPE html>\n<htm" class=""  ... > 
  at <VirtualScroller ref="virtualScroller" items="<!DOCTYPE html>\n<html lang=\"en\">\n\n<head>\n  <meta charset=\"utf-8\" />\n  <meta name=\"viewport\" content=\"width=device-width, initial-scale=1\" />\n  <meta name=\"theme-color\" content=\"#000000\" />\n  <link rel=\"shortcut icon\" type=\"image/ico\" href=\"/assets/favicon-bc234827.ico\" />\n  <link href=\"https://fonts.googleapis.com/css?family=Roboto:300,400,500\" rel=\"stylesheet\" />\n  <title>Pentaract UI</title>\n\n  <style>\n    *,\n    html {\n      margin: 0;\n      padding: 0;\n    }\n  </style>\n  <script type=\"module\" crossorigin src=\"/assets/index-58b24b54.js\"></script>\n  <link rel=\"stylesheet\" href=\"/assets/index-a4f6c957.css\">\n</head>\n\n<body>\n  <noscript>Wanna write ur own UI without js?! Go ahead, don't disturb others</noscript>\n  <div id=\"root\"></div>\n\n  \n</body>\n\n</html>\n" columns= [Object, Object, Object, Object, Object, Object]  ... > 
  at <DataTable value="<!DOCTYPE html>\n<html lang=\"en\">\n\n<head>\n  <meta charset=\"utf-8\" />\n  <meta name=\"viewport\" content=\"width=device-width, initial-scale=1\" />\n  <meta name=\"theme-color\" content=\"#000000\" />\n  <link rel=\"shortcut icon\" type=\"image/ico\" href=\"/assets/favicon-bc234827.ico\" />\n  <link href=\"https://fonts.googleapis.com/css?family=Roboto:300,400,500\" rel=\"stylesheet\" />\n  <title>Pentaract UI</title>\n\n  <style>\n    *,\n    html {\n      margin: 0;\n      padding: 0;\n    }\n  </style>\n  <script type=\"module\" crossorigin src=\"/assets/index-58b24b54.js\"></script>\n  <link rel=\"stylesheet\" href=\"/assets/index-a4f6c957.css\">\n</head>\n\n<body>\n  <noscript>Wanna write ur own UI without js?! Go ahead, don't disturb others</noscript>\n  <div id=\"root\"></div>\n\n  \n</body>\n\n</html>\n" loading=false stripedRows=""  ... > 
  at <OrdersView onVnodeUnmounted=fn<onVnodeUnmounted> ref=Ref< Proxy(Object) > > 
  at <RouterView> 
  at <AppLayout onVnodeUnmounted=fn<onVnodeUnmounted> ref=Ref< Proxy(Object) > > 
  at <RouterView> 
  at <App> @ http://localhost:5277/node_modules/@vue/runtime-core/dist/runtime-core.esm-bundler.js:49
[    3888ms] [WARNING] [Vue warn]: Invalid prop: type check failed for prop "value". Expected Array, got String with value "<!DOCTYPE html>
<htm". 
  at <BodyRow key=undefined rowData="P" index=7  ... > 
  at <TableBody ref="bodyRef" value="<!DOCTYPE html>\n<htm" class=""  ... > 
  at <VirtualScroller ref="virtualScroller" items="<!DOCTYPE html>\n<html lang=\"en\">\n\n<head>\n  <meta charset=\"utf-8\" />\n  <meta name=\"viewport\" content=\"width=device-width, initial-scale=1\" />\n  <meta name=\"theme-color\" content=\"#000000\" />\n  <link rel=\"shortcut icon\" type=\"image/ico\" href=\"/assets/favicon-bc234827.ico\" />\n  <link href=\"https://fonts.googleapis.com/css?family=Roboto:300,400,500\" rel=\"stylesheet\" />\n  <title>Pentaract UI</title>\n\n  <style>\n    *,\n    html {\n      margin: 0;\n      padding: 0;\n    }\n  </style>\n  <script type=\"module\" crossorigin src=\"/assets/index-58b24b54.js\"></script>\n  <link rel=\"stylesheet\" href=\"/assets/index-a4f6c957.css\">\n</head>\n\n<body>\n  <noscript>Wanna write ur own UI without js?! Go ahead, don't disturb others</noscript>\n  <div id=\"root\"></div>\n\n  \n</body>\n\n</html>\n" columns= [Object, Object, Object, Object, Object, Object]  ... > 
  at <DataTable value="<!DOCTYPE html>\n<html lang=\"en\">\n\n<head>\n  <meta charset=\"utf-8\" />\n  <meta name=\"viewport\" content=\"width=device-width, initial-scale=1\" />\n  <meta name=\"theme-color\" content=\"#000000\" />\n  <link rel=\"shortcut icon\" type=\"image/ico\" href=\"/assets/favicon-bc234827.ico\" />\n  <link href=\"https://fonts.googleapis.com/css?family=Roboto:300,400,500\" rel=\"stylesheet\" />\n  <title>Pentaract UI</title>\n\n  <style>\n    *,\n    html {\n      margin: 0;\n      padding: 0;\n    }\n  </style>\n  <script type=\"module\" crossorigin src=\"/assets/index-58b24b54.js\"></script>\n  <link rel=\"stylesheet\" href=\"/assets/index-a4f6c957.css\">\n</head>\n\n<body>\n  <noscript>Wanna write ur own UI without js?! Go ahead, don't disturb others</noscript>\n  <div id=\"root\"></div>\n\n  \n</body>\n\n</html>\n" loading=false stripedRows=""  ... > 
  at <OrdersView onVnodeUnmounted=fn<onVnodeUnmounted> ref=Ref< Proxy(Object) > > 
  at <RouterView> 
  at <AppLayout onVnodeUnmounted=fn<onVnodeUnmounted> ref=Ref< Proxy(Object) > > 
  at <RouterView> 
  at <App> @ http://localhost:5277/node_modules/@vue/runtime-core/dist/runtime-core.esm-bundler.js:49
[    3891ms] [WARNING] [Vue warn]: Invalid prop: type check failed for prop "rowData". Expected Object, got String with value "P". 
  at <BodyCell key="id" rowData="P" column= {__v_isVNode: true, __v_skip: true, type: Object, props: Object, key: null}  ... > 
  at <BodyRow key=undefined rowData="P" index=7  ... > 
  at <TableBody ref="bodyRef" value="<!DOCTYPE html>\n<htm" class=""  ... > 
  at <VirtualScroller ref="virtualScroller" items="<!DOCTYPE html>\n<html lang=\"en\">\n\n<head>\n  <meta charset=\"utf-8\" />\n  <meta name=\"viewport\" content=\"width=device-width, initial-scale=1\" />\n  <meta name=\"theme-color\" content=\"#000000\" />\n  <link rel=\"shortcut icon\" type=\"image/ico\" href=\"/assets/favicon-bc234827.ico\" />\n  <link href=\"https://fonts.googleapis.com/css?family=Roboto:300,400,500\" rel=\"stylesheet\" />\n  <title>Pentaract UI</title>\n\n  <style>\n    *,\n    html {\n      margin: 0;\n      padding: 0;\n    }\n  </style>\n  <script type=\"module\" crossorigin src=\"/assets/index-58b24b54.js\"></script>\n  <link rel=\"stylesheet\" href=\"/assets/index-a4f6c957.css\">\n</head>\n\n<body>\n  <noscript>Wanna write ur own UI without js?! Go ahead, don't disturb others</noscript>\n  <div id=\"root\"></div>\n\n  \n</body>\n\n</html>\n" columns= [Object, Object, Object, Object, Object, Object]  ... > 
  at <DataTable value="<!DOCTYPE html>\n<html lang=\"en\">\n\n<head>\n  <meta charset=\"utf-8\" />\n  <meta name=\"viewport\" content=\"width=device-width, initial-scale=1\" />\n  <meta name=\"theme-color\" content=\"#000000\" />\n  <link rel=\"shortcut icon\" type=\"image/ico\" href=\"/assets/favicon-bc234827.ico\" />\n  <link href=\"https://fonts.googleapis.com/css?family=Roboto:300,400,500\" rel=\"stylesheet\" />\n  <title>Pentaract UI</title>\n\n  <style>\n    *,\n    html {\n      margin: 0;\n      padding: 0;\n    }\n  </style>\n  <script type=\"module\" crossorigin src=\"/assets/index-58b24b54.js\"></script>\n  <link rel=\"stylesheet\" href=\"/assets/index-a4f6c957.css\">\n</head>\n\n<body>\n  <noscript>Wanna write ur own UI without js?! Go ahead, don't disturb others</noscript>\n  <div id=\"root\"></div>\n\n  \n</body>\n\n</html>\n" loading=false stripedRows=""  ... > 
  at <OrdersView onVnodeUnmounted=fn<onVnodeUnmounted> ref=Ref< Proxy(Object) > > 
  at <RouterView> 
  at <AppLayout onVnodeUnmounted=fn<onVnodeUnmounted> ref=Ref< Proxy(Object) > > 
  at <RouterView> 
  at <App> @ http://localhost:5277/node_modules/@vue/runtime-core/dist/runtime-core.esm-bundler.js:49
[    3894ms] [WARNING] [Vue warn]: Invalid prop: type check failed for prop "rowData". Expected Object, got String with value "P". 
  at <BodyCell key="client_id" rowData="P" column= {__v_isVNode: true, __v_skip: true, type: Object, props: Object, key: null}  ... > 
  at <BodyRow key=undefined rowData="P" index=7  ... > 
  at <TableBody ref="bodyRef" value="<!DOCTYPE html>\n<htm" class=""  ... > 
  at <VirtualScroller ref="virtualScroller" items="<!DOCTYPE html>\n<html lang=\"en\">\n\n<head>\n  <meta charset=\"utf-8\" />\n  <meta name=\"viewport\" content=\"width=device-width, initial-scale=1\" />\n  <meta name=\"theme-color\" content=\"#000000\" />\n  <link rel=\"shortcut icon\" type=\"image/ico\" href=\"/assets/favicon-bc234827.ico\" />\n  <link href=\"https://fonts.googleapis.com/css?family=Roboto:300,400,500\" rel=\"stylesheet\" />\n  <title>Pentaract UI</title>\n\n  <style>\n    *,\n    html {\n      margin: 0;\n      padding: 0;\n    }\n  </style>\n  <script type=\"module\" crossorigin src=\"/assets/index-58b24b54.js\"></script>\n  <link rel=\"stylesheet\" href=\"/assets/index-a4f6c957.css\">\n</head>\n\n<body>\n  <noscript>Wanna write ur own UI without js?! Go ahead, don't disturb others</noscript>\n  <div id=\"root\"></div>\n\n  \n</body>\n\n</html>\n" columns= [Object, Object, Object, Object, Object, Object]  ... > 
  at <DataTable value="<!DOCTYPE html>\n<html lang=\"en\">\n\n<head>\n  <meta charset=\"utf-8\" />\n  <meta name=\"viewport\" content=\"width=device-width, initial-scale=1\" />\n  <meta name=\"theme-color\" content=\"#000000\" />\n  <link rel=\"shortcut icon\" type=\"image/ico\" href=\"/assets/favicon-bc234827.ico\" />\n  <link href=\"https://fonts.googleapis.com/css?family=Roboto:300,400,500\" rel=\"stylesheet\" />\n  <title>Pentaract UI</title>\n\n  <style>\n    *,\n    html {\n      margin: 0;\n      padding: 0;\n    }\n  </style>\n  <script type=\"module\" crossorigin src=\"/assets/index-58b24b54.js\"></script>\n  <link rel=\"stylesheet\" href=\"/assets/index-a4f6c957.css\">\n</head>\n\n<body>\n  <noscript>Wanna write ur own UI without js?! Go ahead, don't disturb others</noscript>\n  <div id=\"root\"></div>\n\n  \n</body>\n\n</html>\n" loading=false stripedRows=""  ... > 
  at <OrdersView onVnodeUnmounted=fn<onVnodeUnmounted> ref=Ref< Proxy(Object) > > 
  at <RouterView> 
  at <AppLayout onVnodeUnmounted=fn<onVnodeUnmounted> ref=Ref< Proxy(Object) > > 
  at <RouterView> 
  at <App> @ http://localhost:5277/node_modules/@vue/runtime-core/dist/runtime-core.esm-bundler.js:49
[    3898ms] [WARNING] [Vue warn]: Invalid prop: type check failed for prop "rowData". Expected Object, got String with value "P". 
  at <BodyCell key="source" rowData="P" column= {__v_isVNode: true, __v_skip: true, type: Object, props: Object, key: null}  ... > 
  at <BodyRow key=undefined rowData="P" index=7  ... > 
  at <TableBody ref="bodyRef" value="<!DOCTYPE html>\n<htm" class=""  ... > 
  at <VirtualScroller ref="virtualScroller" items="<!DOCTYPE html>\n<html lang=\"en\">\n\n<head>\n  <meta charset=\"utf-8\" />\n  <meta name=\"viewport\" content=\"width=device-width, initial-scale=1\" />\n  <meta name=\"theme-color\" content=\"#000000\" />\n  <link rel=\"shortcut icon\" type=\"image/ico\" href=\"/assets/favicon-bc234827.ico\" />\n  <link href=\"https://fonts.googleapis.com/css?family=Roboto:300,400,500\" rel=\"stylesheet\" />\n  <title>Pentaract UI</title>\n\n  <style>\n    *,\n    html {\n      margin: 0;\n      padding: 0;\n    }\n  </style>\n  <script type=\"module\" crossorigin src=\"/assets/index-58b24b54.js\"></script>\n  <link rel=\"stylesheet\" href=\"/assets/index-a4f6c957.css\">\n</head>\n\n<body>\n  <noscript>Wanna write ur own UI without js?! Go ahead, don't disturb others</noscript>\n  <div id=\"root\"></div>\n\n  \n</body>\n\n</html>\n" columns= [Object, Object, Object, Object, Object, Object]  ... > 
  at <DataTable value="<!DOCTYPE html>\n<html lang=\"en\">\n\n<head>\n  <meta charset=\"utf-8\" />\n  <meta name=\"viewport\" content=\"width=device-width, initial-scale=1\" />\n  <meta name=\"theme-color\" content=\"#000000\" />\n  <link rel=\"shortcut icon\" type=\"image/ico\" href=\"/assets/favicon-bc234827.ico\" />\n  <link href=\"https://fonts.googleapis.com/css?family=Roboto:300,400,500\" rel=\"stylesheet\" />\n  <title>Pentaract UI</title>\n\n  <style>\n    *,\n    html {\n      margin: 0;\n      padding: 0;\n    }\n  </style>\n  <script type=\"module\" crossorigin src=\"/assets/index-58b24b54.js\"></script>\n  <link rel=\"stylesheet\" href=\"/assets/index-a4f6c957.css\">\n</head>\n\n<body>\n  <noscript>Wanna write ur own UI without js?! Go ahead, don't disturb others</noscript>\n  <div id=\"root\"></div>\n\n  \n</body>\n\n</html>\n" loading=false stripedRows=""  ... > 
  at <OrdersView onVnodeUnmounted=fn<onVnodeUnmounted> ref=Ref< Proxy(Object) > > 
  at <RouterView> 
  at <AppLayout onVnodeUnmounted=fn<onVnodeUnmounted> ref=Ref< Proxy(Object) > > 
  at <RouterView> 
  at <App> @ http://localhost:5277/node_modules/@vue/runtime-core/dist/runtime-core.esm-bundler.js:49
[    3902ms] [WARNING] [Vue warn]: Invalid prop: type check failed for prop "rowData". Expected Object, got String with value "P". 
  at <BodyCell key="status" rowData="P" column= {__v_isVNode: true, __v_skip: true, type: Object, props: Object, key: null}  ... > 
  at <BodyRow key=undefined rowData="P" index=7  ... > 
  at <TableBody ref="bodyRef" value="<!DOCTYPE html>\n<htm" class=""  ... > 
  at <VirtualScroller ref="virtualScroller" items="<!DOCTYPE html>\n<html lang=\"en\">\n\n<head>\n  <meta charset=\"utf-8\" />\n  <meta name=\"viewport\" content=\"width=device-width, initial-scale=1\" />\n  <meta name=\"theme-color\" content=\"#000000\" />\n  <link rel=\"shortcut icon\" type=\"image/ico\" href=\"/assets/favicon-bc234827.ico\" />\n  <link href=\"https://fonts.googleapis.com/css?family=Roboto:300,400,500\" rel=\"stylesheet\" />\n  <title>Pentaract UI</title>\n\n  <style>\n    *,\n    html {\n      margin: 0;\n      padding: 0;\n    }\n  </style>\n  <script type=\"module\" crossorigin src=\"/assets/index-58b24b54.js\"></script>\n  <link rel=\"stylesheet\" href=\"/assets/index-a4f6c957.css\">\n</head>\n\n<body>\n  <noscript>Wanna write ur own UI without js?! Go ahead, don't disturb others</noscript>\n  <div id=\"root\"></div>\n\n  \n</body>\n\n</html>\n" columns= [Object, Object, Object, Object, Object, Object]  ... > 
  at <DataTable value="<!DOCTYPE html>\n<html lang=\"en\">\n\n<head>\n  <meta charset=\"utf-8\" />\n  <meta name=\"viewport\" content=\"width=device-width, initial-scale=1\" />\n  <meta name=\"theme-color\" content=\"#000000\" />\n  <link rel=\"shortcut icon\" type=\"image/ico\" href=\"/assets/favicon-bc234827.ico\" />\n  <link href=\"https://fonts.googleapis.com/css?family=Roboto:300,400,500\" rel=\"stylesheet\" />\n  <title>Pentaract UI</title>\n\n  <style>\n    *,\n    html {\n      margin: 0;\n      padding: 0;\n    }\n  </style>\n  <script type=\"module\" crossorigin src=\"/assets/index-58b24b54.js\"></script>\n  <link rel=\"stylesheet\" href=\"/assets/index-a4f6c957.css\">\n</head>\n\n<body>\n  <noscript>Wanna write ur own UI without js?! Go ahead, don't disturb others</noscript>\n  <div id=\"root\"></div>\n\n  \n</body>\n\n</html>\n" loading=false stripedRows=""  ... > 
  at <OrdersView onVnodeUnmounted=fn<onVnodeUnmounted> ref=Ref< Proxy(Object) > > 
  at <RouterView> 
  at <AppLayout onVnodeUnmounted=fn<onVnodeUnmounted> ref=Ref< Proxy(Object) > > 
  at <RouterView> 
  at <App> @ http://localhost:5277/node_modules/@vue/runtime-core/dist/runtime-core.esm-bundler.js:49
[    3907ms] [WARNING] [Vue warn]: Invalid prop: type check failed for prop "rowData". Expected Object, got String with value "P". 
  at <BodyCell key="created_at" rowData="P" column= {__v_isVNode: true, __v_skip: true, type: Object, props: Object, key: null}  ... > 
  at <BodyRow key=undefined rowData="P" index=7  ... > 
  at <TableBody ref="bodyRef" value="<!DOCTYPE html>\n<htm" class=""  ... > 
  at <VirtualScroller ref="virtualScroller" items="<!DOCTYPE html>\n<html lang=\"en\">\n\n<head>\n  <meta charset=\"utf-8\" />\n  <meta name=\"viewport\" content=\"width=device-width, initial-scale=1\" />\n  <meta name=\"theme-color\" content=\"#000000\" />\n  <link rel=\"shortcut icon\" type=\"image/ico\" href=\"/assets/favicon-bc234827.ico\" />\n  <link href=\"https://fonts.googleapis.com/css?family=Roboto:300,400,500\" rel=\"stylesheet\" />\n  <title>Pentaract UI</title>\n\n  <style>\n    *,\n    html {\n      margin: 0;\n      padding: 0;\n    }\n  </style>\n  <script type=\"module\" crossorigin src=\"/assets/index-58b24b54.js\"></script>\n  <link rel=\"stylesheet\" href=\"/assets/index-a4f6c957.css\">\n</head>\n\n<body>\n  <noscript>Wanna write ur own UI without js?! Go ahead, don't disturb others</noscript>\n  <div id=\"root\"></div>\n\n  \n</body>\n\n</html>\n" columns= [Object, Object, Object, Object, Object, Object]  ... > 
  at <DataTable value="<!DOCTYPE html>\n<html lang=\"en\">\n\n<head>\n  <meta charset=\"utf-8\" />\n  <meta name=\"viewport\" content=\"width=device-width, initial-scale=1\" />\n  <meta name=\"theme-color\" content=\"#000000\" />\n  <link rel=\"shortcut icon\" type=\"image/ico\" href=\"/assets/favicon-bc234827.ico\" />\n  <link href=\"https://fonts.googleapis.com/css?family=Roboto:300,400,500\" rel=\"stylesheet\" />\n  <title>Pentaract UI</title>\n\n  <style>\n    *,\n    html {\n      margin: 0;\n      padding: 0;\n    }\n  </style>\n  <script type=\"module\" crossorigin src=\"/assets/index-58b24b54.js\"></script>\n  <link rel=\"stylesheet\" href=\"/assets/index-a4f6c957.css\">\n</head>\n\n<body>\n  <noscript>Wanna write ur own UI without js?! Go ahead, don't disturb others</noscript>\n  <div id=\"root\"></div>\n\n  \n</body>\n\n</html>\n" loading=false stripedRows=""  ... > 
  at <OrdersView onVnodeUnmounted=fn<onVnodeUnmounted> ref=Ref< Proxy(Object) > > 
  at <RouterView> 
  at <AppLayout onVnodeUnmounted=fn<onVnodeUnmounted> ref=Ref< Proxy(Object) > > 
  at <RouterView> 
  at <App> @ http://localhost:5277/node_modules/@vue/runtime-core/dist/runtime-core.esm-bundler.js:49
[    3910ms] [WARNING] [Vue warn]: Invalid prop: type check failed for prop "rowData". Expected Object, got String with value "P". 
  at <BodyCell key=5 rowData="P" column= {__v_isVNode: true, __v_skip: true, type: Object, props: Object, key: null}  ... > 
  at <BodyRow key=undefined rowData="P" index=7  ... > 
  at <TableBody ref="bodyRef" value="<!DOCTYPE html>\n<htm" class=""  ... > 
  at <VirtualScroller ref="virtualScroller" items="<!DOCTYPE html>\n<html lang=\"en\">\n\n<head>\n  <meta charset=\"utf-8\" />\n  <meta name=\"viewport\" content=\"width=device-width, initial-scale=1\" />\n  <meta name=\"theme-color\" content=\"#000000\" />\n  <link rel=\"shortcut icon\" type=\"image/ico\" href=\"/assets/favicon-bc234827.ico\" />\n  <link href=\"https://fonts.googleapis.com/css?family=Roboto:300,400,500\" rel=\"stylesheet\" />\n  <title>Pentaract UI</title>\n\n  <style>\n    *,\n    html {\n      margin: 0;\n      padding: 0;\n    }\n  </style>\n  <script type=\"module\" crossorigin src=\"/assets/index-58b24b54.js\"></script>\n  <link rel=\"stylesheet\" href=\"/assets/index-a4f6c957.css\">\n</head>\n\n<body>\n  <noscript>Wanna write ur own UI without js?! Go ahead, don't disturb others</noscript>\n  <div id=\"root\"></div>\n\n  \n</body>\n\n</html>\n" columns= [Object, Object, Object, Object, Object, Object]  ... > 
  at <DataTable value="<!DOCTYPE html>\n<html lang=\"en\">\n\n<head>\n  <meta charset=\"utf-8\" />\n  <meta name=\"viewport\" content=\"width=device-width, initial-scale=1\" />\n  <meta name=\"theme-color\" content=\"#000000\" />\n  <link rel=\"shortcut icon\" type=\"image/ico\" href=\"/assets/favicon-bc234827.ico\" />\n  <link href=\"https://fonts.googleapis.com/css?family=Roboto:300,400,500\" rel=\"stylesheet\" />\n  <title>Pentaract UI</title>\n\n  <style>\n    *,\n    html {\n      margin: 0;\n      padding: 0;\n    }\n  </style>\n  <script type=\"module\" crossorigin src=\"/assets/index-58b24b54.js\"></script>\n  <link rel=\"stylesheet\" href=\"/assets/index-a4f6c957.css\">\n</head>\n\n<body>\n  <noscript>Wanna write ur own UI without js?! Go ahead, don't disturb others</noscript>\n  <div id=\"root\"></div>\n\n  \n</body>\n\n</html>\n" loading=false stripedRows=""  ... > 
  at <OrdersView onVnodeUnmounted=fn<onVnodeUnmounted> ref=Ref< Proxy(Object) > > 
  at <RouterView> 
  at <AppLayout onVnodeUnmounted=fn<onVnodeUnmounted> ref=Ref< Proxy(Object) > > 
  at <RouterView> 
  at <App> @ http://localhost:5277/node_modules/@vue/runtime-core/dist/runtime-core.esm-bundler.js:49
[    3915ms] [WARNING] [Vue warn]: Invalid prop: type check failed for prop "rowData". Expected Object, got String with value "E". 
  at <BodyRow key=undefined rowData="E" index=8  ... > 
  at <TableBody ref="bodyRef" value="<!DOCTYPE html>\n<htm" class=""  ... > 
  at <VirtualScroller ref="virtualScroller" items="<!DOCTYPE html>\n<html lang=\"en\">\n\n<head>\n  <meta charset=\"utf-8\" />\n  <meta name=\"viewport\" content=\"width=device-width, initial-scale=1\" />\n  <meta name=\"theme-color\" content=\"#000000\" />\n  <link rel=\"shortcut icon\" type=\"image/ico\" href=\"/assets/favicon-bc234827.ico\" />\n  <link href=\"https://fonts.googleapis.com/css?family=Roboto:300,400,500\" rel=\"stylesheet\" />\n  <title>Pentaract UI</title>\n\n  <style>\n    *,\n    html {\n      margin: 0;\n      padding: 0;\n    }\n  </style>\n  <script type=\"module\" crossorigin src=\"/assets/index-58b24b54.js\"></script>\n  <link rel=\"stylesheet\" href=\"/assets/index-a4f6c957.css\">\n</head>\n\n<body>\n  <noscript>Wanna write ur own UI without js?! Go ahead, don't disturb others</noscript>\n  <div id=\"root\"></div>\n\n  \n</body>\n\n</html>\n" columns= [Object, Object, Object, Object, Object, Object]  ... > 
  at <DataTable value="<!DOCTYPE html>\n<html lang=\"en\">\n\n<head>\n  <meta charset=\"utf-8\" />\n  <meta name=\"viewport\" content=\"width=device-width, initial-scale=1\" />\n  <meta name=\"theme-color\" content=\"#000000\" />\n  <link rel=\"shortcut icon\" type=\"image/ico\" href=\"/assets/favicon-bc234827.ico\" />\n  <link href=\"https://fonts.googleapis.com/css?family=Roboto:300,400,500\" rel=\"stylesheet\" />\n  <title>Pentaract UI</title>\n\n  <style>\n    *,\n    html {\n      margin: 0;\n      padding: 0;\n    }\n  </style>\n  <script type=\"module\" crossorigin src=\"/assets/index-58b24b54.js\"></script>\n  <link rel=\"stylesheet\" href=\"/assets/index-a4f6c957.css\">\n</head>\n\n<body>\n  <noscript>Wanna write ur own UI without js?! Go ahead, don't disturb others</noscript>\n  <div id=\"root\"></div>\n\n  \n</body>\n\n</html>\n" loading=false stripedRows=""  ... > 
  at <OrdersView onVnodeUnmounted=fn<onVnodeUnmounted> ref=Ref< Proxy(Object) > > 
  at <RouterView> 
  at <AppLayout onVnodeUnmounted=fn<onVnodeUnmounted> ref=Ref< Proxy(Object) > > 
  at <RouterView> 
  at <App> @ http://localhost:5277/node_modules/@vue/runtime-core/dist/runtime-core.esm-bundler.js:49
[    3916ms] [WARNING] [Vue warn]: Invalid prop: type check failed for prop "value". Expected Array, got String with value "<!DOCTYPE html>
<htm". 
  at <BodyRow key=undefined rowData="E" index=8  ... > 
  at <TableBody ref="bodyRef" value="<!DOCTYPE html>\n<htm" class=""  ... > 
  at <VirtualScroller ref="virtualScroller" items="<!DOCTYPE html>\n<html lang=\"en\">\n\n<head>\n  <meta charset=\"utf-8\" />\n  <meta name=\"viewport\" content=\"width=device-width, initial-scale=1\" />\n  <meta name=\"theme-color\" content=\"#000000\" />\n  <link rel=\"shortcut icon\" type=\"image/ico\" href=\"/assets/favicon-bc234827.ico\" />\n  <link href=\"https://fonts.googleapis.com/css?family=Roboto:300,400,500\" rel=\"stylesheet\" />\n  <title>Pentaract UI</title>\n\n  <style>\n    *,\n    html {\n      margin: 0;\n      padding: 0;\n    }\n  </style>\n  <script type=\"module\" crossorigin src=\"/assets/index-58b24b54.js\"></script>\n  <link rel=\"stylesheet\" href=\"/assets/index-a4f6c957.css\">\n</head>\n\n<body>\n  <noscript>Wanna write ur own UI without js?! Go ahead, don't disturb others</noscript>\n  <div id=\"root\"></div>\n\n  \n</body>\n\n</html>\n" columns= [Object, Object, Object, Object, Object, Object]  ... > 
  at <DataTable value="<!DOCTYPE html>\n<html lang=\"en\">\n\n<head>\n  <meta charset=\"utf-8\" />\n  <meta name=\"viewport\" content=\"width=device-width, initial-scale=1\" />\n  <meta name=\"theme-color\" content=\"#000000\" />\n  <link rel=\"shortcut icon\" type=\"image/ico\" href=\"/assets/favicon-bc234827.ico\" />\n  <link href=\"https://fonts.googleapis.com/css?family=Roboto:300,400,500\" rel=\"stylesheet\" />\n  <title>Pentaract UI</title>\n\n  <style>\n    *,\n    html {\n      margin: 0;\n      padding: 0;\n    }\n  </style>\n  <script type=\"module\" crossorigin src=\"/assets/index-58b24b54.js\"></script>\n  <link rel=\"stylesheet\" href=\"/assets/index-a4f6c957.css\">\n</head>\n\n<body>\n  <noscript>Wanna write ur own UI without js?! Go ahead, don't disturb others</noscript>\n  <div id=\"root\"></div>\n\n  \n</body>\n\n</html>\n" loading=false stripedRows=""  ... > 
  at <OrdersView onVnodeUnmounted=fn<onVnodeUnmounted> ref=Ref< Proxy(Object) > > 
  at <RouterView> 
  at <AppLayout onVnodeUnmounted=fn<onVnodeUnmounted> ref=Ref< Proxy(Object) > > 
  at <RouterView> 
  at <App> @ http://localhost:5277/node_modules/@vue/runtime-core/dist/runtime-core.esm-bundler.js:49
[    3919ms] [WARNING] [Vue warn]: Invalid prop: type check failed for prop "rowData". Expected Object, got String with value "E". 
  at <BodyCell key="id" rowData="E" column= {__v_isVNode: true, __v_skip: true, type: Object, props: Object, key: null}  ... > 
  at <BodyRow key=undefined rowData="E" index=8  ... > 
  at <TableBody ref="bodyRef" value="<!DOCTYPE html>\n<htm" class=""  ... > 
  at <VirtualScroller ref="virtualScroller" items="<!DOCTYPE html>\n<html lang=\"en\">\n\n<head>\n  <meta charset=\"utf-8\" />\n  <meta name=\"viewport\" content=\"width=device-width, initial-scale=1\" />\n  <meta name=\"theme-color\" content=\"#000000\" />\n  <link rel=\"shortcut icon\" type=\"image/ico\" href=\"/assets/favicon-bc234827.ico\" />\n  <link href=\"https://fonts.googleapis.com/css?family=Roboto:300,400,500\" rel=\"stylesheet\" />\n  <title>Pentaract UI</title>\n\n  <style>\n    *,\n    html {\n      margin: 0;\n      padding: 0;\n    }\n  </style>\n  <script type=\"module\" crossorigin src=\"/assets/index-58b24b54.js\"></script>\n  <link rel=\"stylesheet\" href=\"/assets/index-a4f6c957.css\">\n</head>\n\n<body>\n  <noscript>Wanna write ur own UI without js?! Go ahead, don't disturb others</noscript>\n  <div id=\"root\"></div>\n\n  \n</body>\n\n</html>\n" columns= [Object, Object, Object, Object, Object, Object]  ... > 
  at <DataTable value="<!DOCTYPE html>\n<html lang=\"en\">\n\n<head>\n  <meta charset=\"utf-8\" />\n  <meta name=\"viewport\" content=\"width=device-width, initial-scale=1\" />\n  <meta name=\"theme-color\" content=\"#000000\" />\n  <link rel=\"shortcut icon\" type=\"image/ico\" href=\"/assets/favicon-bc234827.ico\" />\n  <link href=\"https://fonts.googleapis.com/css?family=Roboto:300,400,500\" rel=\"stylesheet\" />\n  <title>Pentaract UI</title>\n\n  <style>\n    *,\n    html {\n      margin: 0;\n      padding: 0;\n    }\n  </style>\n  <script type=\"module\" crossorigin src=\"/assets/index-58b24b54.js\"></script>\n  <link rel=\"stylesheet\" href=\"/assets/index-a4f6c957.css\">\n</head>\n\n<body>\n  <noscript>Wanna write ur own UI without js?! Go ahead, don't disturb others</noscript>\n  <div id=\"root\"></div>\n\n  \n</body>\n\n</html>\n" loading=false stripedRows=""  ... > 
  at <OrdersView onVnodeUnmounted=fn<onVnodeUnmounted> ref=Ref< Proxy(Object) > > 
  at <RouterView> 
  at <AppLayout onVnodeUnmounted=fn<onVnodeUnmounted> ref=Ref< Proxy(Object) > > 
  at <RouterView> 
  at <App> @ http://localhost:5277/node_modules/@vue/runtime-core/dist/runtime-core.esm-bundler.js:49
[    3922ms] [WARNING] [Vue warn]: Invalid prop: type check failed for prop "rowData". Expected Object, got String with value "E". 
  at <BodyCell key="client_id" rowData="E" column= {__v_isVNode: true, __v_skip: true, type: Object, props: Object, key: null}  ... > 
  at <BodyRow key=undefined rowData="E" index=8  ... > 
  at <TableBody ref="bodyRef" value="<!DOCTYPE html>\n<htm" class=""  ... > 
  at <VirtualScroller ref="virtualScroller" items="<!DOCTYPE html>\n<html lang=\"en\">\n\n<head>\n  <meta charset=\"utf-8\" />\n  <meta name=\"viewport\" content=\"width=device-width, initial-scale=1\" />\n  <meta name=\"theme-color\" content=\"#000000\" />\n  <link rel=\"shortcut icon\" type=\"image/ico\" href=\"/assets/favicon-bc234827.ico\" />\n  <link href=\"https://fonts.googleapis.com/css?family=Roboto:300,400,500\" rel=\"stylesheet\" />\n  <title>Pentaract UI</title>\n\n  <style>\n    *,\n    html {\n      margin: 0;\n      padding: 0;\n    }\n  </style>\n  <script type=\"module\" crossorigin src=\"/assets/index-58b24b54.js\"></script>\n  <link rel=\"stylesheet\" href=\"/assets/index-a4f6c957.css\">\n</head>\n\n<body>\n  <noscript>Wanna write ur own UI without js?! Go ahead, don't disturb others</noscript>\n  <div id=\"root\"></div>\n\n  \n</body>\n\n</html>\n" columns= [Object, Object, Object, Object, Object, Object]  ... > 
  at <DataTable value="<!DOCTYPE html>\n<html lang=\"en\">\n\n<head>\n  <meta charset=\"utf-8\" />\n  <meta name=\"viewport\" content=\"width=device-width, initial-scale=1\" />\n  <meta name=\"theme-color\" content=\"#000000\" />\n  <link rel=\"shortcut icon\" type=\"image/ico\" href=\"/assets/favicon-bc234827.ico\" />\n  <link href=\"https://fonts.googleapis.com/css?family=Roboto:300,400,500\" rel=\"stylesheet\" />\n  <title>Pentaract UI</title>\n\n  <style>\n    *,\n    html {\n      margin: 0;\n      padding: 0;\n    }\n  </style>\n  <script type=\"module\" crossorigin src=\"/assets/index-58b24b54.js\"></script>\n  <link rel=\"stylesheet\" href=\"/assets/index-a4f6c957.css\">\n</head>\n\n<body>\n  <noscript>Wanna write ur own UI without js?! Go ahead, don't disturb others</noscript>\n  <div id=\"root\"></div>\n\n  \n</body>\n\n</html>\n" loading=false stripedRows=""  ... > 
  at <OrdersView onVnodeUnmounted=fn<onVnodeUnmounted> ref=Ref< Proxy(Object) > > 
  at <RouterView> 
  at <AppLayout onVnodeUnmounted=fn<onVnodeUnmounted> ref=Ref< Proxy(Object) > > 
  at <RouterView> 
  at <App> @ http://localhost:5277/node_modules/@vue/runtime-core/dist/runtime-core.esm-bundler.js:49
[    3931ms] [WARNING] [Vue warn]: Invalid prop: type check failed for prop "rowData". Expected Object, got String with value "E". 
  at <BodyCell key="source" rowData="E" column= {__v_isVNode: true, __v_skip: true, type: Object, props: Object, key: null}  ... > 
  at <BodyRow key=undefined rowData="E" index=8  ... > 
  at <TableBody ref="bodyRef" value="<!DOCTYPE html>\n<htm" class=""  ... > 
  at <VirtualScroller ref="virtualScroller" items="<!DOCTYPE html>\n<html lang=\"en\">\n\n<head>\n  <meta charset=\"utf-8\" />\n  <meta name=\"viewport\" content=\"width=device-width, initial-scale=1\" />\n  <meta name=\"theme-color\" content=\"#000000\" />\n  <link rel=\"shortcut icon\" type=\"image/ico\" href=\"/assets/favicon-bc234827.ico\" />\n  <link href=\"https://fonts.googleapis.com/css?family=Roboto:300,400,500\" rel=\"stylesheet\" />\n  <title>Pentaract UI</title>\n\n  <style>\n    *,\n    html {\n      margin: 0;\n      padding: 0;\n    }\n  </style>\n  <script type=\"module\" crossorigin src=\"/assets/index-58b24b54.js\"></script>\n  <link rel=\"stylesheet\" href=\"/assets/index-a4f6c957.css\">\n</head>\n\n<body>\n  <noscript>Wanna write ur own UI without js?! Go ahead, don't disturb others</noscript>\n  <div id=\"root\"></div>\n\n  \n</body>\n\n</html>\n" columns= [Object, Object, Object, Object, Object, Object]  ... > 
  at <DataTable value="<!DOCTYPE html>\n<html lang=\"en\">\n\n<head>\n  <meta charset=\"utf-8\" />\n  <meta name=\"viewport\" content=\"width=device-width, initial-scale=1\" />\n  <meta name=\"theme-color\" content=\"#000000\" />\n  <link rel=\"shortcut icon\" type=\"image/ico\" href=\"/assets/favicon-bc234827.ico\" />\n  <link href=\"https://fonts.googleapis.com/css?family=Roboto:300,400,500\" rel=\"stylesheet\" />\n  <title>Pentaract UI</title>\n\n  <style>\n    *,\n    html {\n      margin: 0;\n      padding: 0;\n    }\n  </style>\n  <script type=\"module\" crossorigin src=\"/assets/index-58b24b54.js\"></script>\n  <link rel=\"stylesheet\" href=\"/assets/index-a4f6c957.css\">\n</head>\n\n<body>\n  <noscript>Wanna write ur own UI without js?! Go ahead, don't disturb others</noscript>\n  <div id=\"root\"></div>\n\n  \n</body>\n\n</html>\n" loading=false stripedRows=""  ... > 
  at <OrdersView onVnodeUnmounted=fn<onVnodeUnmounted> ref=Ref< Proxy(Object) > > 
  at <RouterView> 
  at <AppLayout onVnodeUnmounted=fn<onVnodeUnmounted> ref=Ref< Proxy(Object) > > 
  at <RouterView> 
  at <App> @ http://localhost:5277/node_modules/@vue/runtime-core/dist/runtime-core.esm-bundler.js:49
[    3935ms] [WARNING] [Vue warn]: Invalid prop: type check failed for prop "rowData". Expected Object, got String with value "E". 
  at <BodyCell key="status" rowData="E" column= {__v_isVNode: true, __v_skip: true, type: Object, props: Object, key: null}  ... > 
  at <BodyRow key=undefined rowData="E" index=8  ... > 
  at <TableBody ref="bodyRef" value="<!DOCTYPE html>\n<htm" class=""  ... > 
  at <VirtualScroller ref="virtualScroller" items="<!DOCTYPE html>\n<html lang=\"en\">\n\n<head>\n  <meta charset=\"utf-8\" />\n  <meta name=\"viewport\" content=\"width=device-width, initial-scale=1\" />\n  <meta name=\"theme-color\" content=\"#000000\" />\n  <link rel=\"shortcut icon\" type=\"image/ico\" href=\"/assets/favicon-bc234827.ico\" />\n  <link href=\"https://fonts.googleapis.com/css?family=Roboto:300,400,500\" rel=\"stylesheet\" />\n  <title>Pentaract UI</title>\n\n  <style>\n    *,\n    html {\n      margin: 0;\n      padding: 0;\n    }\n  </style>\n  <script type=\"module\" crossorigin src=\"/assets/index-58b24b54.js\"></script>\n  <link rel=\"stylesheet\" href=\"/assets/index-a4f6c957.css\">\n</head>\n\n<body>\n  <noscript>Wanna write ur own UI without js?! Go ahead, don't disturb others</noscript>\n  <div id=\"root\"></div>\n\n  \n</body>\n\n</html>\n" columns= [Object, Object, Object, Object, Object, Object]  ... > 
  at <DataTable value="<!DOCTYPE html>\n<html lang=\"en\">\n\n<head>\n  <meta charset=\"utf-8\" />\n  <meta name=\"viewport\" content=\"width=device-width, initial-scale=1\" />\n  <meta name=\"theme-color\" content=\"#000000\" />\n  <link rel=\"shortcut icon\" type=\"image/ico\" href=\"/assets/favicon-bc234827.ico\" />\n  <link href=\"https://fonts.googleapis.com/css?family=Roboto:300,400,500\" rel=\"stylesheet\" />\n  <title>Pentaract UI</title>\n\n  <style>\n    *,\n    html {\n      margin: 0;\n      padding: 0;\n    }\n  </style>\n  <script type=\"module\" crossorigin src=\"/assets/index-58b24b54.js\"></script>\n  <link rel=\"stylesheet\" href=\"/assets/index-a4f6c957.css\">\n</head>\n\n<body>\n  <noscript>Wanna write ur own UI without js?! Go ahead, don't disturb others</noscript>\n  <div id=\"root\"></div>\n\n  \n</body>\n\n</html>\n" loading=false stripedRows=""  ... > 
  at <OrdersView onVnodeUnmounted=fn<onVnodeUnmounted> ref=Ref< Proxy(Object) > > 
  at <RouterView> 
  at <AppLayout onVnodeUnmounted=fn<onVnodeUnmounted> ref=Ref< Proxy(Object) > > 
  at <RouterView> 
  at <App> @ http://localhost:5277/node_modules/@vue/runtime-core/dist/runtime-core.esm-bundler.js:49
[    3939ms] [WARNING] [Vue warn]: Invalid prop: type check failed for prop "rowData". Expected Object, got String with value "E". 
  at <BodyCell key="created_at" rowData="E" column= {__v_isVNode: true, __v_skip: true, type: Object, props: Object, key: null}  ... > 
  at <BodyRow key=undefined rowData="E" index=8  ... > 
  at <TableBody ref="bodyRef" value="<!DOCTYPE html>\n<htm" class=""  ... > 
  at <VirtualScroller ref="virtualScroller" items="<!DOCTYPE html>\n<html lang=\"en\">\n\n<head>\n  <meta charset=\"utf-8\" />\n  <meta name=\"viewport\" content=\"width=device-width, initial-scale=1\" />\n  <meta name=\"theme-color\" content=\"#000000\" />\n  <link rel=\"shortcut icon\" type=\"image/ico\" href=\"/assets/favicon-bc234827.ico\" />\n  <link href=\"https://fonts.googleapis.com/css?family=Roboto:300,400,500\" rel=\"stylesheet\" />\n  <title>Pentaract UI</title>\n\n  <style>\n    *,\n    html {\n      margin: 0;\n      padding: 0;\n    }\n  </style>\n  <script type=\"module\" crossorigin src=\"/assets/index-58b24b54.js\"></script>\n  <link rel=\"stylesheet\" href=\"/assets/index-a4f6c957.css\">\n</head>\n\n<body>\n  <noscript>Wanna write ur own UI without js?! Go ahead, don't disturb others</noscript>\n  <div id=\"root\"></div>\n\n  \n</body>\n\n</html>\n" columns= [Object, Object, Object, Object, Object, Object]  ... > 
  at <DataTable value="<!DOCTYPE html>\n<html lang=\"en\">\n\n<head>\n  <meta charset=\"utf-8\" />\n  <meta name=\"viewport\" content=\"width=device-width, initial-scale=1\" />\n  <meta name=\"theme-color\" content=\"#000000\" />\n  <link rel=\"shortcut icon\" type=\"image/ico\" href=\"/assets/favicon-bc234827.ico\" />\n  <link href=\"https://fonts.googleapis.com/css?family=Roboto:300,400,500\" rel=\"stylesheet\" />\n  <title>Pentaract UI</title>\n\n  <style>\n    *,\n    html {\n      margin: 0;\n      padding: 0;\n    }\n  </style>\n  <script type=\"module\" crossorigin src=\"/assets/index-58b24b54.js\"></script>\n  <link rel=\"stylesheet\" href=\"/assets/index-a4f6c957.css\">\n</head>\n\n<body>\n  <noscript>Wanna write ur own UI without js?! Go ahead, don't disturb others</noscript>\n  <div id=\"root\"></div>\n\n  \n</body>\n\n</html>\n" loading=false stripedRows=""  ... > 
  at <OrdersView onVnodeUnmounted=fn<onVnodeUnmounted> ref=Ref< Proxy(Object) > > 
  at <RouterView> 
  at <AppLayout onVnodeUnmounted=fn<onVnodeUnmounted> ref=Ref< Proxy(Object) > > 
  at <RouterView> 
  at <App> @ http://localhost:5277/node_modules/@vue/runtime-core/dist/runtime-core.esm-bundler.js:49
[    3946ms] [WARNING] [Vue warn]: Invalid prop: type check failed for prop "rowData". Expected Object, got String with value "E". 
  at <BodyCell key=5 rowData="E" column= {__v_isVNode: true, __v_skip: true, type: Object, props: Object, key: null}  ... > 
  at <BodyRow key=undefined rowData="E" index=8  ... > 
  at <TableBody ref="bodyRef" value="<!DOCTYPE html>\n<htm" class=""  ... > 
  at <VirtualScroller ref="virtualScroller" items="<!DOCTYPE html>\n<html lang=\"en\">\n\n<head>\n  <meta charset=\"utf-8\" />\n  <meta name=\"viewport\" content=\"width=device-width, initial-scale=1\" />\n  <meta name=\"theme-color\" content=\"#000000\" />\n  <link rel=\"shortcut icon\" type=\"image/ico\" href=\"/assets/favicon-bc234827.ico\" />\n  <link href=\"https://fonts.googleapis.com/css?family=Roboto:300,400,500\" rel=\"stylesheet\" />\n  <title>Pentaract UI</title>\n\n  <style>\n    *,\n    html {\n      margin: 0;\n      padding: 0;\n    }\n  </style>\n  <script type=\"module\" crossorigin src=\"/assets/index-58b24b54.js\"></script>\n  <link rel=\"stylesheet\" href=\"/assets/index-a4f6c957.css\">\n</head>\n\n<body>\n  <noscript>Wanna write ur own UI without js?! Go ahead, don't disturb others</noscript>\n  <div id=\"root\"></div>\n\n  \n</body>\n\n</html>\n" columns= [Object, Object, Object, Object, Object, Object]  ... > 
  at <DataTable value="<!DOCTYPE html>\n<html lang=\"en\">\n\n<head>\n  <meta charset=\"utf-8\" />\n  <meta name=\"viewport\" content=\"width=device-width, initial-scale=1\" />\n  <meta name=\"theme-color\" content=\"#000000\" />\n  <link rel=\"shortcut icon\" type=\"image/ico\" href=\"/assets/favicon-bc234827.ico\" />\n  <link href=\"https://fonts.googleapis.com/css?family=Roboto:300,400,500\" rel=\"stylesheet\" />\n  <title>Pentaract UI</title>\n\n  <style>\n    *,\n    html {\n      margin: 0;\n      padding: 0;\n    }\n  </style>\n  <script type=\"module\" crossorigin src=\"/assets/index-58b24b54.js\"></script>\n  <link rel=\"stylesheet\" href=\"/assets/index-a4f6c957.css\">\n</head>\n\n<body>\n  <noscript>Wanna write ur own UI without js?! Go ahead, don't disturb others</noscript>\n  <div id=\"root\"></div>\n\n  \n</body>\n\n</html>\n" loading=false stripedRows=""  ... > 
  at <OrdersView onVnodeUnmounted=fn<onVnodeUnmounted> ref=Ref< Proxy(Object) > > 
  at <RouterView> 
  at <AppLayout onVnodeUnmounted=fn<onVnodeUnmounted> ref=Ref< Proxy(Object) > > 
  at <RouterView> 
  at <App> @ http://localhost:5277/node_modules/@vue/runtime-core/dist/runtime-core.esm-bundler.js:49
[    3952ms] [WARNING] [Vue warn]: Invalid prop: type check failed for prop "rowData". Expected Object, got String with value " ". 
  at <BodyRow key=undefined rowData=" " index=9  ... > 
  at <TableBody ref="bodyRef" value="<!DOCTYPE html>\n<htm" class=""  ... > 
  at <VirtualScroller ref="virtualScroller" items="<!DOCTYPE html>\n<html lang=\"en\">\n\n<head>\n  <meta charset=\"utf-8\" />\n  <meta name=\"viewport\" content=\"width=device-width, initial-scale=1\" />\n  <meta name=\"theme-color\" content=\"#000000\" />\n  <link rel=\"shortcut icon\" type=\"image/ico\" href=\"/assets/favicon-bc234827.ico\" />\n  <link href=\"https://fonts.googleapis.com/css?family=Roboto:300,400,500\" rel=\"stylesheet\" />\n  <title>Pentaract UI</title>\n\n  <style>\n    *,\n    html {\n      margin: 0;\n      padding: 0;\n    }\n  </style>\n  <script type=\"module\" crossorigin src=\"/assets/index-58b24b54.js\"></script>\n  <link rel=\"stylesheet\" href=\"/assets/index-a4f6c957.css\">\n</head>\n\n<body>\n  <noscript>Wanna write ur own UI without js?! Go ahead, don't disturb others</noscript>\n  <div id=\"root\"></div>\n\n  \n</body>\n\n</html>\n" columns= [Object, Object, Object, Object, Object, Object]  ... > 
  at <DataTable value="<!DOCTYPE html>\n<html lang=\"en\">\n\n<head>\n  <meta charset=\"utf-8\" />\n  <meta name=\"viewport\" content=\"width=device-width, initial-scale=1\" />\n  <meta name=\"theme-color\" content=\"#000000\" />\n  <link rel=\"shortcut icon\" type=\"image/ico\" href=\"/assets/favicon-bc234827.ico\" />\n  <link href=\"https://fonts.googleapis.com/css?family=Roboto:300,400,500\" rel=\"stylesheet\" />\n  <title>Pentaract UI</title>\n\n  <style>\n    *,\n    html {\n      margin: 0;\n      padding: 0;\n    }\n  </style>\n  <script type=\"module\" crossorigin src=\"/assets/index-58b24b54.js\"></script>\n  <link rel=\"stylesheet\" href=\"/assets/index-a4f6c957.css\">\n</head>\n\n<body>\n  <noscript>Wanna write ur own UI without js?! Go ahead, don't disturb others</noscript>\n  <div id=\"root\"></div>\n\n  \n</body>\n\n</html>\n" loading=false stripedRows=""  ... > 
  at <OrdersView onVnodeUnmounted=fn<onVnodeUnmounted> ref=Ref< Proxy(Object) > > 
  at <RouterView> 
  at <AppLayout onVnodeUnmounted=fn<onVnodeUnmounted> ref=Ref< Proxy(Object) > > 
  at <RouterView> 
  at <App> @ http://localhost:5277/node_modules/@vue/runtime-core/dist/runtime-core.esm-bundler.js:49
[    3954ms] [WARNING] [Vue warn]: Invalid prop: type check failed for prop "value". Expected Array, got String with value "<!DOCTYPE html>
<htm". 
  at <BodyRow key=undefined rowData=" " index=9  ... > 
  at <TableBody ref="bodyRef" value="<!DOCTYPE html>\n<htm" class=""  ... > 
  at <VirtualScroller ref="virtualScroller" items="<!DOCTYPE html>\n<html lang=\"en\">\n\n<head>\n  <meta charset=\"utf-8\" />\n  <meta name=\"viewport\" content=\"width=device-width, initial-scale=1\" />\n  <meta name=\"theme-color\" content=\"#000000\" />\n  <link rel=\"shortcut icon\" type=\"image/ico\" href=\"/assets/favicon-bc234827.ico\" />\n  <link href=\"https://fonts.googleapis.com/css?family=Roboto:300,400,500\" rel=\"stylesheet\" />\n  <title>Pentaract UI</title>\n\n  <style>\n    *,\n    html {\n      margin: 0;\n      padding: 0;\n    }\n  </style>\n  <script type=\"module\" crossorigin src=\"/assets/index-58b24b54.js\"></script>\n  <link rel=\"stylesheet\" href=\"/assets/index-a4f6c957.css\">\n</head>\n\n<body>\n  <noscript>Wanna write ur own UI without js?! Go ahead, don't disturb others</noscript>\n  <div id=\"root\"></div>\n\n  \n</body>\n\n</html>\n" columns= [Object, Object, Object, Object, Object, Object]  ... > 
  at <DataTable value="<!DOCTYPE html>\n<html lang=\"en\">\n\n<head>\n  <meta charset=\"utf-8\" />\n  <meta name=\"viewport\" content=\"width=device-width, initial-scale=1\" />\n  <meta name=\"theme-color\" content=\"#000000\" />\n  <link rel=\"shortcut icon\" type=\"image/ico\" href=\"/assets/favicon-bc234827.ico\" />\n  <link href=\"https://fonts.googleapis.com/css?family=Roboto:300,400,500\" rel=\"stylesheet\" />\n  <title>Pentaract UI</title>\n\n  <style>\n    *,\n    html {\n      margin: 0;\n      padding: 0;\n    }\n  </style>\n  <script type=\"module\" crossorigin src=\"/assets/index-58b24b54.js\"></script>\n  <link rel=\"stylesheet\" href=\"/assets/index-a4f6c957.css\">\n</head>\n\n<body>\n  <noscript>Wanna write ur own UI without js?! Go ahead, don't disturb others</noscript>\n  <div id=\"root\"></div>\n\n  \n</body>\n\n</html>\n" loading=false stripedRows=""  ... > 
  at <OrdersView onVnodeUnmounted=fn<onVnodeUnmounted> ref=Ref< Proxy(Object) > > 
  at <RouterView> 
  at <AppLayout onVnodeUnmounted=fn<onVnodeUnmounted> ref=Ref< Proxy(Object) > > 
  at <RouterView> 
  at <App> @ http://localhost:5277/node_modules/@vue/runtime-core/dist/runtime-core.esm-bundler.js:49
[    3956ms] [WARNING] [Vue warn]: Invalid prop: type check failed for prop "rowData". Expected Object, got String with value " ". 
  at <BodyCell key="id" rowData=" " column= {__v_isVNode: true, __v_skip: true, type: Object, props: Object, key: null}  ... > 
  at <BodyRow key=undefined rowData=" " index=9  ... > 
  at <TableBody ref="bodyRef" value="<!DOCTYPE html>\n<htm" class=""  ... > 
  at <VirtualScroller ref="virtualScroller" items="<!DOCTYPE html>\n<html lang=\"en\">\n\n<head>\n  <meta charset=\"utf-8\" />\n  <meta name=\"viewport\" content=\"width=device-width, initial-scale=1\" />\n  <meta name=\"theme-color\" content=\"#000000\" />\n  <link rel=\"shortcut icon\" type=\"image/ico\" href=\"/assets/favicon-bc234827.ico\" />\n  <link href=\"https://fonts.googleapis.com/css?family=Roboto:300,400,500\" rel=\"stylesheet\" />\n  <title>Pentaract UI</title>\n\n  <style>\n    *,\n    html {\n      margin: 0;\n      padding: 0;\n    }\n  </style>\n  <script type=\"module\" crossorigin src=\"/assets/index-58b24b54.js\"></script>\n  <link rel=\"stylesheet\" href=\"/assets/index-a4f6c957.css\">\n</head>\n\n<body>\n  <noscript>Wanna write ur own UI without js?! Go ahead, don't disturb others</noscript>\n  <div id=\"root\"></div>\n\n  \n</body>\n\n</html>\n" columns= [Object, Object, Object, Object, Object, Object]  ... > 
  at <DataTable value="<!DOCTYPE html>\n<html lang=\"en\">\n\n<head>\n  <meta charset=\"utf-8\" />\n  <meta name=\"viewport\" content=\"width=device-width, initial-scale=1\" />\n  <meta name=\"theme-color\" content=\"#000000\" />\n  <link rel=\"shortcut icon\" type=\"image/ico\" href=\"/assets/favicon-bc234827.ico\" />\n  <link href=\"https://fonts.googleapis.com/css?family=Roboto:300,400,500\" rel=\"stylesheet\" />\n  <title>Pentaract UI</title>\n\n  <style>\n    *,\n    html {\n      margin: 0;\n      padding: 0;\n    }\n  </style>\n  <script type=\"module\" crossorigin src=\"/assets/index-58b24b54.js\"></script>\n  <link rel=\"stylesheet\" href=\"/assets/index-a4f6c957.css\">\n</head>\n\n<body>\n  <noscript>Wanna write ur own UI without js?! Go ahead, don't disturb others</noscript>\n  <div id=\"root\"></div>\n\n  \n</body>\n\n</html>\n" loading=false stripedRows=""  ... > 
  at <OrdersView onVnodeUnmounted=fn<onVnodeUnmounted> ref=Ref< Proxy(Object) > > 
  at <RouterView> 
  at <AppLayout onVnodeUnmounted=fn<onVnodeUnmounted> ref=Ref< Proxy(Object) > > 
  at <RouterView> 
  at <App> @ http://localhost:5277/node_modules/@vue/runtime-core/dist/runtime-core.esm-bundler.js:49
[    3960ms] [WARNING] [Vue warn]: Invalid prop: type check failed for prop "rowData". Expected Object, got String with value " ". 
  at <BodyCell key="client_id" rowData=" " column= {__v_isVNode: true, __v_skip: true, type: Object, props: Object, key: null}  ... > 
  at <BodyRow key=undefined rowData=" " index=9  ... > 
  at <TableBody ref="bodyRef" value="<!DOCTYPE html>\n<htm" class=""  ... > 
  at <VirtualScroller ref="virtualScroller" items="<!DOCTYPE html>\n<html lang=\"en\">\n\n<head>\n  <meta charset=\"utf-8\" />\n  <meta name=\"viewport\" content=\"width=device-width, initial-scale=1\" />\n  <meta name=\"theme-color\" content=\"#000000\" />\n  <link rel=\"shortcut icon\" type=\"image/ico\" href=\"/assets/favicon-bc234827.ico\" />\n  <link href=\"https://fonts.googleapis.com/css?family=Roboto:300,400,500\" rel=\"stylesheet\" />\n  <title>Pentaract UI</title>\n\n  <style>\n    *,\n    html {\n      margin: 0;\n      padding: 0;\n    }\n  </style>\n  <script type=\"module\" crossorigin src=\"/assets/index-58b24b54.js\"></script>\n  <link rel=\"stylesheet\" href=\"/assets/index-a4f6c957.css\">\n</head>\n\n<body>\n  <noscript>Wanna write ur own UI without js?! Go ahead, don't disturb others</noscript>\n  <div id=\"root\"></div>\n\n  \n</body>\n\n</html>\n" columns= [Object, Object, Object, Object, Object, Object]  ... > 
  at <DataTable value="<!DOCTYPE html>\n<html lang=\"en\">\n\n<head>\n  <meta charset=\"utf-8\" />\n  <meta name=\"viewport\" content=\"width=device-width, initial-scale=1\" />\n  <meta name=\"theme-color\" content=\"#000000\" />\n  <link rel=\"shortcut icon\" type=\"image/ico\" href=\"/assets/favicon-bc234827.ico\" />\n  <link href=\"https://fonts.googleapis.com/css?family=Roboto:300,400,500\" rel=\"stylesheet\" />\n  <title>Pentaract UI</title>\n\n  <style>\n    *,\n    html {\n      margin: 0;\n      padding: 0;\n    }\n  </style>\n  <script type=\"module\" crossorigin src=\"/assets/index-58b24b54.js\"></script>\n  <link rel=\"stylesheet\" href=\"/assets/index-a4f6c957.css\">\n</head>\n\n<body>\n  <noscript>Wanna write ur own UI without js?! Go ahead, don't disturb others</noscript>\n  <div id=\"root\"></div>\n\n  \n</body>\n\n</html>\n" loading=false stripedRows=""  ... > 
  at <OrdersView onVnodeUnmounted=fn<onVnodeUnmounted> ref=Ref< Proxy(Object) > > 
  at <RouterView> 
  at <AppLayout onVnodeUnmounted=fn<onVnodeUnmounted> ref=Ref< Proxy(Object) > > 
  at <RouterView> 
  at <App> @ http://localhost:5277/node_modules/@vue/runtime-core/dist/runtime-core.esm-bundler.js:49
[    3962ms] [WARNING] [Vue warn]: Invalid prop: type check failed for prop "rowData". Expected Object, got String with value " ". 
  at <BodyCell key="source" rowData=" " column= {__v_isVNode: true, __v_skip: true, type: Object, props: Object, key: null}  ... > 
  at <BodyRow key=undefined rowData=" " index=9  ... > 
  at <TableBody ref="bodyRef" value="<!DOCTYPE html>\n<htm" class=""  ... > 
  at <VirtualScroller ref="virtualScroller" items="<!DOCTYPE html>\n<html lang=\"en\">\n\n<head>\n  <meta charset=\"utf-8\" />\n  <meta name=\"viewport\" content=\"width=device-width, initial-scale=1\" />\n  <meta name=\"theme-color\" content=\"#000000\" />\n  <link rel=\"shortcut icon\" type=\"image/ico\" href=\"/assets/favicon-bc234827.ico\" />\n  <link href=\"https://fonts.googleapis.com/css?family=Roboto:300,400,500\" rel=\"stylesheet\" />\n  <title>Pentaract UI</title>\n\n  <style>\n    *,\n    html {\n      margin: 0;\n      padding: 0;\n    }\n  </style>\n  <script type=\"module\" crossorigin src=\"/assets/index-58b24b54.js\"></script>\n  <link rel=\"stylesheet\" href=\"/assets/index-a4f6c957.css\">\n</head>\n\n<body>\n  <noscript>Wanna write ur own UI without js?! Go ahead, don't disturb others</noscript>\n  <div id=\"root\"></div>\n\n  \n</body>\n\n</html>\n" columns= [Object, Object, Object, Object, Object, Object]  ... > 
  at <DataTable value="<!DOCTYPE html>\n<html lang=\"en\">\n\n<head>\n  <meta charset=\"utf-8\" />\n  <meta name=\"viewport\" content=\"width=device-width, initial-scale=1\" />\n  <meta name=\"theme-color\" content=\"#000000\" />\n  <link rel=\"shortcut icon\" type=\"image/ico\" href=\"/assets/favicon-bc234827.ico\" />\n  <link href=\"https://fonts.googleapis.com/css?family=Roboto:300,400,500\" rel=\"stylesheet\" />\n  <title>Pentaract UI</title>\n\n  <style>\n    *,\n    html {\n      margin: 0;\n      padding: 0;\n    }\n  </style>\n  <script type=\"module\" crossorigin src=\"/assets/index-58b24b54.js\"></script>\n  <link rel=\"stylesheet\" href=\"/assets/index-a4f6c957.css\">\n</head>\n\n<body>\n  <noscript>Wanna write ur own UI without js?! Go ahead, don't disturb others</noscript>\n  <div id=\"root\"></div>\n\n  \n</body>\n\n</html>\n" loading=false stripedRows=""  ... > 
  at <OrdersView onVnodeUnmounted=fn<onVnodeUnmounted> ref=Ref< Proxy(Object) > > 
  at <RouterView> 
  at <AppLayout onVnodeUnmounted=fn<onVnodeUnmounted> ref=Ref< Proxy(Object) > > 
  at <RouterView> 
  at <App> @ http://localhost:5277/node_modules/@vue/runtime-core/dist/runtime-core.esm-bundler.js:49
[    3966ms] [WARNING] [Vue warn]: Invalid prop: type check failed for prop "rowData". Expected Object, got String with value " ". 
  at <BodyCell key="status" rowData=" " column= {__v_isVNode: true, __v_skip: true, type: Object, props: Object, key: null}  ... > 
  at <BodyRow key=undefined rowData=" " index=9  ... > 
  at <TableBody ref="bodyRef" value="<!DOCTYPE html>\n<htm" class=""  ... > 
  at <VirtualScroller ref="virtualScroller" items="<!DOCTYPE html>\n<html lang=\"en\">\n\n<head>\n  <meta charset=\"utf-8\" />\n  <meta name=\"viewport\" content=\"width=device-width, initial-scale=1\" />\n  <meta name=\"theme-color\" content=\"#000000\" />\n  <link rel=\"shortcut icon\" type=\"image/ico\" href=\"/assets/favicon-bc234827.ico\" />\n  <link href=\"https://fonts.googleapis.com/css?family=Roboto:300,400,500\" rel=\"stylesheet\" />\n  <title>Pentaract UI</title>\n\n  <style>\n    *,\n    html {\n      margin: 0;\n      padding: 0;\n    }\n  </style>\n  <script type=\"module\" crossorigin src=\"/assets/index-58b24b54.js\"></script>\n  <link rel=\"stylesheet\" href=\"/assets/index-a4f6c957.css\">\n</head>\n\n<body>\n  <noscript>Wanna write ur own UI without js?! Go ahead, don't disturb others</noscript>\n  <div id=\"root\"></div>\n\n  \n</body>\n\n</html>\n" columns= [Object, Object, Object, Object, Object, Object]  ... > 
  at <DataTable value="<!DOCTYPE html>\n<html lang=\"en\">\n\n<head>\n  <meta charset=\"utf-8\" />\n  <meta name=\"viewport\" content=\"width=device-width, initial-scale=1\" />\n  <meta name=\"theme-color\" content=\"#000000\" />\n  <link rel=\"shortcut icon\" type=\"image/ico\" href=\"/assets/favicon-bc234827.ico\" />\n  <link href=\"https://fonts.googleapis.com/css?family=Roboto:300,400,500\" rel=\"stylesheet\" />\n  <title>Pentaract UI</title>\n\n  <style>\n    *,\n    html {\n      margin: 0;\n      padding: 0;\n    }\n  </style>\n  <script type=\"module\" crossorigin src=\"/assets/index-58b24b54.js\"></script>\n  <link rel=\"stylesheet\" href=\"/assets/index-a4f6c957.css\">\n</head>\n\n<body>\n  <noscript>Wanna write ur own UI without js?! Go ahead, don't disturb others</noscript>\n  <div id=\"root\"></div>\n\n  \n</body>\n\n</html>\n" loading=false stripedRows=""  ... > 
  at <OrdersView onVnodeUnmounted=fn<onVnodeUnmounted> ref=Ref< Proxy(Object) > > 
  at <RouterView> 
  at <AppLayout onVnodeUnmounted=fn<onVnodeUnmounted> ref=Ref< Proxy(Object) > > 
  at <RouterView> 
  at <App> @ http://localhost:5277/node_modules/@vue/runtime-core/dist/runtime-core.esm-bundler.js:49
[    3969ms] [WARNING] [Vue warn]: Invalid prop: type check failed for prop "rowData". Expected Object, got String with value " ". 
  at <BodyCell key="created_at" rowData=" " column= {__v_isVNode: true, __v_skip: true, type: Object, props: Object, key: null}  ... > 
  at <BodyRow key=undefined rowData=" " index=9  ... > 
  at <TableBody ref="bodyRef" value="<!DOCTYPE html>\n<htm" class=""  ... > 
  at <VirtualScroller ref="virtualScroller" items="<!DOCTYPE html>\n<html lang=\"en\">\n\n<head>\n  <meta charset=\"utf-8\" />\n  <meta name=\"viewport\" content=\"width=device-width, initial-scale=1\" />\n  <meta name=\"theme-color\" content=\"#000000\" />\n  <link rel=\"shortcut icon\" type=\"image/ico\" href=\"/assets/favicon-bc234827.ico\" />\n  <link href=\"https://fonts.googleapis.com/css?family=Roboto:300,400,500\" rel=\"stylesheet\" />\n  <title>Pentaract UI</title>\n\n  <style>\n    *,\n    html {\n      margin: 0;\n      padding: 0;\n    }\n  </style>\n  <script type=\"module\" crossorigin src=\"/assets/index-58b24b54.js\"></script>\n  <link rel=\"stylesheet\" href=\"/assets/index-a4f6c957.css\">\n</head>\n\n<body>\n  <noscript>Wanna write ur own UI without js?! Go ahead, don't disturb others</noscript>\n  <div id=\"root\"></div>\n\n  \n</body>\n\n</html>\n" columns= [Object, Object, Object, Object, Object, Object]  ... > 
  at <DataTable value="<!DOCTYPE html>\n<html lang=\"en\">\n\n<head>\n  <meta charset=\"utf-8\" />\n  <meta name=\"viewport\" content=\"width=device-width, initial-scale=1\" />\n  <meta name=\"theme-color\" content=\"#000000\" />\n  <link rel=\"shortcut icon\" type=\"image/ico\" href=\"/assets/favicon-bc234827.ico\" />\n  <link href=\"https://fonts.googleapis.com/css?family=Roboto:300,400,500\" rel=\"stylesheet\" />\n  <title>Pentaract UI</title>\n\n  <style>\n    *,\n    html {\n      margin: 0;\n      padding: 0;\n    }\n  </style>\n  <script type=\"module\" crossorigin src=\"/assets/index-58b24b54.js\"></script>\n  <link rel=\"stylesheet\" href=\"/assets/index-a4f6c957.css\">\n</head>\n\n<body>\n  <noscript>Wanna write ur own UI without js?! Go ahead, don't disturb others</noscript>\n  <div id=\"root\"></div>\n\n  \n</body>\n\n</html>\n" loading=false stripedRows=""  ... > 
  at <OrdersView onVnodeUnmounted=fn<onVnodeUnmounted> ref=Ref< Proxy(Object) > > 
  at <RouterView> 
  at <AppLayout onVnodeUnmounted=fn<onVnodeUnmounted> ref=Ref< Proxy(Object) > > 
  at <RouterView> 
  at <App> @ http://localhost:5277/node_modules/@vue/runtime-core/dist/runtime-core.esm-bundler.js:49
[    3972ms] [WARNING] [Vue warn]: Invalid prop: type check failed for prop "rowData". Expected Object, got String with value " ". 
  at <BodyCell key=5 rowData=" " column= {__v_isVNode: true, __v_skip: true, type: Object, props: Object, key: null}  ... > 
  at <BodyRow key=undefined rowData=" " index=9  ... > 
  at <TableBody ref="bodyRef" value="<!DOCTYPE html>\n<htm" class=""  ... > 
  at <VirtualScroller ref="virtualScroller" items="<!DOCTYPE html>\n<html lang=\"en\">\n\n<head>\n  <meta charset=\"utf-8\" />\n  <meta name=\"viewport\" content=\"width=device-width, initial-scale=1\" />\n  <meta name=\"theme-color\" content=\"#000000\" />\n  <link rel=\"shortcut icon\" type=\"image/ico\" href=\"/assets/favicon-bc234827.ico\" />\n  <link href=\"https://fonts.googleapis.com/css?family=Roboto:300,400,500\" rel=\"stylesheet\" />\n  <title>Pentaract UI</title>\n\n  <style>\n    *,\n    html {\n      margin: 0;\n      padding: 0;\n    }\n  </style>\n  <script type=\"module\" crossorigin src=\"/assets/index-58b24b54.js\"></script>\n  <link rel=\"stylesheet\" href=\"/assets/index-a4f6c957.css\">\n</head>\n\n<body>\n  <noscript>Wanna write ur own UI without js?! Go ahead, don't disturb others</noscript>\n  <div id=\"root\"></div>\n\n  \n</body>\n\n</html>\n" columns= [Object, Object, Object, Object, Object, Object]  ... > 
  at <DataTable value="<!DOCTYPE html>\n<html lang=\"en\">\n\n<head>\n  <meta charset=\"utf-8\" />\n  <meta name=\"viewport\" content=\"width=device-width, initial-scale=1\" />\n  <meta name=\"theme-color\" content=\"#000000\" />\n  <link rel=\"shortcut icon\" type=\"image/ico\" href=\"/assets/favicon-bc234827.ico\" />\n  <link href=\"https://fonts.googleapis.com/css?family=Roboto:300,400,500\" rel=\"stylesheet\" />\n  <title>Pentaract UI</title>\n\n  <style>\n    *,\n    html {\n      margin: 0;\n      padding: 0;\n    }\n  </style>\n  <script type=\"module\" crossorigin src=\"/assets/index-58b24b54.js\"></script>\n  <link rel=\"stylesheet\" href=\"/assets/index-a4f6c957.css\">\n</head>\n\n<body>\n  <noscript>Wanna write ur own UI without js?! Go ahead, don't disturb others</noscript>\n  <div id=\"root\"></div>\n\n  \n</body>\n\n</html>\n" loading=false stripedRows=""  ... > 
  at <OrdersView onVnodeUnmounted=fn<onVnodeUnmounted> ref=Ref< Proxy(Object) > > 
  at <RouterView> 
  at <AppLayout onVnodeUnmounted=fn<onVnodeUnmounted> ref=Ref< Proxy(Object) > > 
  at <RouterView> 
  at <App> @ http://localhost:5277/node_modules/@vue/runtime-core/dist/runtime-core.esm-bundler.js:49
[    3980ms] [WARNING] [Vue warn]: Invalid prop: type check failed for prop "rowData". Expected Object, got String with value "h". 
  at <BodyRow key=undefined rowData="h" index=10  ... > 
  at <TableBody ref="bodyRef" value="<!DOCTYPE html>\n<htm" class=""  ... > 
  at <VirtualScroller ref="virtualScroller" items="<!DOCTYPE html>\n<html lang=\"en\">\n\n<head>\n  <meta charset=\"utf-8\" />\n  <meta name=\"viewport\" content=\"width=device-width, initial-scale=1\" />\n  <meta name=\"theme-color\" content=\"#000000\" />\n  <link rel=\"shortcut icon\" type=\"image/ico\" href=\"/assets/favicon-bc234827.ico\" />\n  <link href=\"https://fonts.googleapis.com/css?family=Roboto:300,400,500\" rel=\"stylesheet\" />\n  <title>Pentaract UI</title>\n\n  <style>\n    *,\n    html {\n      margin: 0;\n      padding: 0;\n    }\n  </style>\n  <script type=\"module\" crossorigin src=\"/assets/index-58b24b54.js\"></script>\n  <link rel=\"stylesheet\" href=\"/assets/index-a4f6c957.css\">\n</head>\n\n<body>\n  <noscript>Wanna write ur own UI without js?! Go ahead, don't disturb others</noscript>\n  <div id=\"root\"></div>\n\n  \n</body>\n\n</html>\n" columns= [Object, Object, Object, Object, Object, Object]  ... > 
  at <DataTable value="<!DOCTYPE html>\n<html lang=\"en\">\n\n<head>\n  <meta charset=\"utf-8\" />\n  <meta name=\"viewport\" content=\"width=device-width, initial-scale=1\" />\n  <meta name=\"theme-color\" content=\"#000000\" />\n  <link rel=\"shortcut icon\" type=\"image/ico\" href=\"/assets/favicon-bc234827.ico\" />\n  <link href=\"https://fonts.googleapis.com/css?family=Roboto:300,400,500\" rel=\"stylesheet\" />\n  <title>Pentaract UI</title>\n\n  <style>\n    *,\n    html {\n      margin: 0;\n      padding: 0;\n    }\n  </style>\n  <script type=\"module\" crossorigin src=\"/assets/index-58b24b54.js\"></script>\n  <link rel=\"stylesheet\" href=\"/assets/index-a4f6c957.css\">\n</head>\n\n<body>\n  <noscript>Wanna write ur own UI without js?! Go ahead, don't disturb others</noscript>\n  <div id=\"root\"></div>\n\n  \n</body>\n\n</html>\n" loading=false stripedRows=""  ... > 
  at <OrdersView onVnodeUnmounted=fn<onVnodeUnmounted> ref=Ref< Proxy(Object) > > 
  at <RouterView> 
  at <AppLayout onVnodeUnmounted=fn<onVnodeUnmounted> ref=Ref< Proxy(Object) > > 
  at <RouterView> 
  at <App> @ http://localhost:5277/node_modules/@vue/runtime-core/dist/runtime-core.esm-bundler.js:49
[    3981ms] [WARNING] [Vue warn]: Invalid prop: type check failed for prop "value". Expected Array, got String with value "<!DOCTYPE html>
<htm". 
  at <BodyRow key=undefined rowData="h" index=10  ... > 
  at <TableBody ref="bodyRef" value="<!DOCTYPE html>\n<htm" class=""  ... > 
  at <VirtualScroller ref="virtualScroller" items="<!DOCTYPE html>\n<html lang=\"en\">\n\n<head>\n  <meta charset=\"utf-8\" />\n  <meta name=\"viewport\" content=\"width=device-width, initial-scale=1\" />\n  <meta name=\"theme-color\" content=\"#000000\" />\n  <link rel=\"shortcut icon\" type=\"image/ico\" href=\"/assets/favicon-bc234827.ico\" />\n  <link href=\"https://fonts.googleapis.com/css?family=Roboto:300,400,500\" rel=\"stylesheet\" />\n  <title>Pentaract UI</title>\n\n  <style>\n    *,\n    html {\n      margin: 0;\n      padding: 0;\n    }\n  </style>\n  <script type=\"module\" crossorigin src=\"/assets/index-58b24b54.js\"></script>\n  <link rel=\"stylesheet\" href=\"/assets/index-a4f6c957.css\">\n</head>\n\n<body>\n  <noscript>Wanna write ur own UI without js?! Go ahead, don't disturb others</noscript>\n  <div id=\"root\"></div>\n\n  \n</body>\n\n</html>\n" columns= [Object, Object, Object, Object, Object, Object]  ... > 
  at <DataTable value="<!DOCTYPE html>\n<html lang=\"en\">\n\n<head>\n  <meta charset=\"utf-8\" />\n  <meta name=\"viewport\" content=\"width=device-width, initial-scale=1\" />\n  <meta name=\"theme-color\" content=\"#000000\" />\n  <link rel=\"shortcut icon\" type=\"image/ico\" href=\"/assets/favicon-bc234827.ico\" />\n  <link href=\"https://fonts.googleapis.com/css?family=Roboto:300,400,500\" rel=\"stylesheet\" />\n  <title>Pentaract UI</title>\n\n  <style>\n    *,\n    html {\n      margin: 0;\n      padding: 0;\n    }\n  </style>\n  <script type=\"module\" crossorigin src=\"/assets/index-58b24b54.js\"></script>\n  <link rel=\"stylesheet\" href=\"/assets/index-a4f6c957.css\">\n</head>\n\n<body>\n  <noscript>Wanna write ur own UI without js?! Go ahead, don't disturb others</noscript>\n  <div id=\"root\"></div>\n\n  \n</body>\n\n</html>\n" loading=false stripedRows=""  ... > 
  at <OrdersView onVnodeUnmounted=fn<onVnodeUnmounted> ref=Ref< Proxy(Object) > > 
  at <RouterView> 
  at <AppLayout onVnodeUnmounted=fn<onVnodeUnmounted> ref=Ref< Proxy(Object) > > 
  at <RouterView> 
  at <App> @ http://localhost:5277/node_modules/@vue/runtime-core/dist/runtime-core.esm-bundler.js:49
[    3984ms] [WARNING] [Vue warn]: Invalid prop: type check failed for prop "rowData". Expected Object, got String with value "h". 
  at <BodyCell key="id" rowData="h" column= {__v_isVNode: true, __v_skip: true, type: Object, props: Object, key: null}  ... > 
  at <BodyRow key=undefined rowData="h" index=10  ... > 
  at <TableBody ref="bodyRef" value="<!DOCTYPE html>\n<htm" class=""  ... > 
  at <VirtualScroller ref="virtualScroller" items="<!DOCTYPE html>\n<html lang=\"en\">\n\n<head>\n  <meta charset=\"utf-8\" />\n  <meta name=\"viewport\" content=\"width=device-width, initial-scale=1\" />\n  <meta name=\"theme-color\" content=\"#000000\" />\n  <link rel=\"shortcut icon\" type=\"image/ico\" href=\"/assets/favicon-bc234827.ico\" />\n  <link href=\"https://fonts.googleapis.com/css?family=Roboto:300,400,500\" rel=\"stylesheet\" />\n  <title>Pentaract UI</title>\n\n  <style>\n    *,\n    html {\n      margin: 0;\n      padding: 0;\n    }\n  </style>\n  <script type=\"module\" crossorigin src=\"/assets/index-58b24b54.js\"></script>\n  <link rel=\"stylesheet\" href=\"/assets/index-a4f6c957.css\">\n</head>\n\n<body>\n  <noscript>Wanna write ur own UI without js?! Go ahead, don't disturb others</noscript>\n  <div id=\"root\"></div>\n\n  \n</body>\n\n</html>\n" columns= [Object, Object, Object, Object, Object, Object]  ... > 
  at <DataTable value="<!DOCTYPE html>\n<html lang=\"en\">\n\n<head>\n  <meta charset=\"utf-8\" />\n  <meta name=\"viewport\" content=\"width=device-width, initial-scale=1\" />\n  <meta name=\"theme-color\" content=\"#000000\" />\n  <link rel=\"shortcut icon\" type=\"image/ico\" href=\"/assets/favicon-bc234827.ico\" />\n  <link href=\"https://fonts.googleapis.com/css?family=Roboto:300,400,500\" rel=\"stylesheet\" />\n  <title>Pentaract UI</title>\n\n  <style>\n    *,\n    html {\n      margin: 0;\n      padding: 0;\n    }\n  </style>\n  <script type=\"module\" crossorigin src=\"/assets/index-58b24b54.js\"></script>\n  <link rel=\"stylesheet\" href=\"/assets/index-a4f6c957.css\">\n</head>\n\n<body>\n  <noscript>Wanna write ur own UI without js?! Go ahead, don't disturb others</noscript>\n  <div id=\"root\"></div>\n\n  \n</body>\n\n</html>\n" loading=false stripedRows=""  ... > 
  at <OrdersView onVnodeUnmounted=fn<onVnodeUnmounted> ref=Ref< Proxy(Object) > > 
  at <RouterView> 
  at <AppLayout onVnodeUnmounted=fn<onVnodeUnmounted> ref=Ref< Proxy(Object) > > 
  at <RouterView> 
  at <App> @ http://localhost:5277/node_modules/@vue/runtime-core/dist/runtime-core.esm-bundler.js:49
[    3988ms] [WARNING] [Vue warn]: Invalid prop: type check failed for prop "rowData". Expected Object, got String with value "h". 
  at <BodyCell key="client_id" rowData="h" column= {__v_isVNode: true, __v_skip: true, type: Object, props: Object, key: null}  ... > 
  at <BodyRow key=undefined rowData="h" index=10  ... > 
  at <TableBody ref="bodyRef" value="<!DOCTYPE html>\n<htm" class=""  ... > 
  at <VirtualScroller ref="virtualScroller" items="<!DOCTYPE html>\n<html lang=\"en\">\n\n<head>\n  <meta charset=\"utf-8\" />\n  <meta name=\"viewport\" content=\"width=device-width, initial-scale=1\" />\n  <meta name=\"theme-color\" content=\"#000000\" />\n  <link rel=\"shortcut icon\" type=\"image/ico\" href=\"/assets/favicon-bc234827.ico\" />\n  <link href=\"https://fonts.googleapis.com/css?family=Roboto:300,400,500\" rel=\"stylesheet\" />\n  <title>Pentaract UI</title>\n\n  <style>\n    *,\n    html {\n      margin: 0;\n      padding: 0;\n    }\n  </style>\n  <script type=\"module\" crossorigin src=\"/assets/index-58b24b54.js\"></script>\n  <link rel=\"stylesheet\" href=\"/assets/index-a4f6c957.css\">\n</head>\n\n<body>\n  <noscript>Wanna write ur own UI without js?! Go ahead, don't disturb others</noscript>\n  <div id=\"root\"></div>\n\n  \n</body>\n\n</html>\n" columns= [Object, Object, Object, Object, Object, Object]  ... > 
  at <DataTable value="<!DOCTYPE html>\n<html lang=\"en\">\n\n<head>\n  <meta charset=\"utf-8\" />\n  <meta name=\"viewport\" content=\"width=device-width, initial-scale=1\" />\n  <meta name=\"theme-color\" content=\"#000000\" />\n  <link rel=\"shortcut icon\" type=\"image/ico\" href=\"/assets/favicon-bc234827.ico\" />\n  <link href=\"https://fonts.googleapis.com/css?family=Roboto:300,400,500\" rel=\"stylesheet\" />\n  <title>Pentaract UI</title>\n\n  <style>\n    *,\n    html {\n      margin: 0;\n      padding: 0;\n    }\n  </style>\n  <script type=\"module\" crossorigin src=\"/assets/index-58b24b54.js\"></script>\n  <link rel=\"stylesheet\" href=\"/assets/index-a4f6c957.css\">\n</head>\n\n<body>\n  <noscript>Wanna write ur own UI without js?! Go ahead, don't disturb others</noscript>\n  <div id=\"root\"></div>\n\n  \n</body>\n\n</html>\n" loading=false stripedRows=""  ... > 
  at <OrdersView onVnodeUnmounted=fn<onVnodeUnmounted> ref=Ref< Proxy(Object) > > 
  at <RouterView> 
  at <AppLayout onVnodeUnmounted=fn<onVnodeUnmounted> ref=Ref< Proxy(Object) > > 
  at <RouterView> 
  at <App> @ http://localhost:5277/node_modules/@vue/runtime-core/dist/runtime-core.esm-bundler.js:49
[    3991ms] [WARNING] [Vue warn]: Invalid prop: type check failed for prop "rowData". Expected Object, got String with value "h". 
  at <BodyCell key="source" rowData="h" column= {__v_isVNode: true, __v_skip: true, type: Object, props: Object, key: null}  ... > 
  at <BodyRow key=undefined rowData="h" index=10  ... > 
  at <TableBody ref="bodyRef" value="<!DOCTYPE html>\n<htm" class=""  ... > 
  at <VirtualScroller ref="virtualScroller" items="<!DOCTYPE html>\n<html lang=\"en\">\n\n<head>\n  <meta charset=\"utf-8\" />\n  <meta name=\"viewport\" content=\"width=device-width, initial-scale=1\" />\n  <meta name=\"theme-color\" content=\"#000000\" />\n  <link rel=\"shortcut icon\" type=\"image/ico\" href=\"/assets/favicon-bc234827.ico\" />\n  <link href=\"https://fonts.googleapis.com/css?family=Roboto:300,400,500\" rel=\"stylesheet\" />\n  <title>Pentaract UI</title>\n\n  <style>\n    *,\n    html {\n      margin: 0;\n      padding: 0;\n    }\n  </style>\n  <script type=\"module\" crossorigin src=\"/assets/index-58b24b54.js\"></script>\n  <link rel=\"stylesheet\" href=\"/assets/index-a4f6c957.css\">\n</head>\n\n<body>\n  <noscript>Wanna write ur own UI without js?! Go ahead, don't disturb others</noscript>\n  <div id=\"root\"></div>\n\n  \n</body>\n\n</html>\n" columns= [Object, Object, Object, Object, Object, Object]  ... > 
  at <DataTable value="<!DOCTYPE html>\n<html lang=\"en\">\n\n<head>\n  <meta charset=\"utf-8\" />\n  <meta name=\"viewport\" content=\"width=device-width, initial-scale=1\" />\n  <meta name=\"theme-color\" content=\"#000000\" />\n  <link rel=\"shortcut icon\" type=\"image/ico\" href=\"/assets/favicon-bc234827.ico\" />\n  <link href=\"https://fonts.googleapis.com/css?family=Roboto:300,400,500\" rel=\"stylesheet\" />\n  <title>Pentaract UI</title>\n\n  <style>\n    *,\n    html {\n      margin: 0;\n      padding: 0;\n    }\n  </style>\n  <script type=\"module\" crossorigin src=\"/assets/index-58b24b54.js\"></script>\n  <link rel=\"stylesheet\" href=\"/assets/index-a4f6c957.css\">\n</head>\n\n<body>\n  <noscript>Wanna write ur own UI without js?! Go ahead, don't disturb others</noscript>\n  <div id=\"root\"></div>\n\n  \n</body>\n\n</html>\n" loading=false stripedRows=""  ... > 
  at <OrdersView onVnodeUnmounted=fn<onVnodeUnmounted> ref=Ref< Proxy(Object) > > 
  at <RouterView> 
  at <AppLayout onVnodeUnmounted=fn<onVnodeUnmounted> ref=Ref< Proxy(Object) > > 
  at <RouterView> 
  at <App> @ http://localhost:5277/node_modules/@vue/runtime-core/dist/runtime-core.esm-bundler.js:49
[    3994ms] [WARNING] [Vue warn]: Invalid prop: type check failed for prop "rowData". Expected Object, got String with value "h". 
  at <BodyCell key="status" rowData="h" column= {__v_isVNode: true, __v_skip: true, type: Object, props: Object, key: null}  ... > 
  at <BodyRow key=undefined rowData="h" index=10  ... > 
  at <TableBody ref="bodyRef" value="<!DOCTYPE html>\n<htm" class=""  ... > 
  at <VirtualScroller ref="virtualScroller" items="<!DOCTYPE html>\n<html lang=\"en\">\n\n<head>\n  <meta charset=\"utf-8\" />\n  <meta name=\"viewport\" content=\"width=device-width, initial-scale=1\" />\n  <meta name=\"theme-color\" content=\"#000000\" />\n  <link rel=\"shortcut icon\" type=\"image/ico\" href=\"/assets/favicon-bc234827.ico\" />\n  <link href=\"https://fonts.googleapis.com/css?family=Roboto:300,400,500\" rel=\"stylesheet\" />\n  <title>Pentaract UI</title>\n\n  <style>\n    *,\n    html {\n      margin: 0;\n      padding: 0;\n    }\n  </style>\n  <script type=\"module\" crossorigin src=\"/assets/index-58b24b54.js\"></script>\n  <link rel=\"stylesheet\" href=\"/assets/index-a4f6c957.css\">\n</head>\n\n<body>\n  <noscript>Wanna write ur own UI without js?! Go ahead, don't disturb others</noscript>\n  <div id=\"root\"></div>\n\n  \n</body>\n\n</html>\n" columns= [Object, Object, Object, Object, Object, Object]  ... > 
  at <DataTable value="<!DOCTYPE html>\n<html lang=\"en\">\n\n<head>\n  <meta charset=\"utf-8\" />\n  <meta name=\"viewport\" content=\"width=device-width, initial-scale=1\" />\n  <meta name=\"theme-color\" content=\"#000000\" />\n  <link rel=\"shortcut icon\" type=\"image/ico\" href=\"/assets/favicon-bc234827.ico\" />\n  <link href=\"https://fonts.googleapis.com/css?family=Roboto:300,400,500\" rel=\"stylesheet\" />\n  <title>Pentaract UI</title>\n\n  <style>\n    *,\n    html {\n      margin: 0;\n      padding: 0;\n    }\n  </style>\n  <script type=\"module\" crossorigin src=\"/assets/index-58b24b54.js\"></script>\n  <link rel=\"stylesheet\" href=\"/assets/index-a4f6c957.css\">\n</head>\n\n<body>\n  <noscript>Wanna write ur own UI without js?! Go ahead, don't disturb others</noscript>\n  <div id=\"root\"></div>\n\n  \n</body>\n\n</html>\n" loading=false stripedRows=""  ... > 
  at <OrdersView onVnodeUnmounted=fn<onVnodeUnmounted> ref=Ref< Proxy(Object) > > 
  at <RouterView> 
  at <AppLayout onVnodeUnmounted=fn<onVnodeUnmounted> ref=Ref< Proxy(Object) > > 
  at <RouterView> 
  at <App> @ http://localhost:5277/node_modules/@vue/runtime-core/dist/runtime-core.esm-bundler.js:49
[    3999ms] [WARNING] [Vue warn]: Invalid prop: type check failed for prop "rowData". Expected Object, got String with value "h". 
  at <BodyCell key="created_at" rowData="h" column= {__v_isVNode: true, __v_skip: true, type: Object, props: Object, key: null}  ... > 
  at <BodyRow key=undefined rowData="h" index=10  ... > 
  at <TableBody ref="bodyRef" value="<!DOCTYPE html>\n<htm" class=""  ... > 
  at <VirtualScroller ref="virtualScroller" items="<!DOCTYPE html>\n<html lang=\"en\">\n\n<head>\n  <meta charset=\"utf-8\" />\n  <meta name=\"viewport\" content=\"width=device-width, initial-scale=1\" />\n  <meta name=\"theme-color\" content=\"#000000\" />\n  <link rel=\"shortcut icon\" type=\"image/ico\" href=\"/assets/favicon-bc234827.ico\" />\n  <link href=\"https://fonts.googleapis.com/css?family=Roboto:300,400,500\" rel=\"stylesheet\" />\n  <title>Pentaract UI</title>\n\n  <style>\n    *,\n    html {\n      margin: 0;\n      padding: 0;\n    }\n  </style>\n  <script type=\"module\" crossorigin src=\"/assets/index-58b24b54.js\"></script>\n  <link rel=\"stylesheet\" href=\"/assets/index-a4f6c957.css\">\n</head>\n\n<body>\n  <noscript>Wanna write ur own UI without js?! Go ahead, don't disturb others</noscript>\n  <div id=\"root\"></div>\n\n  \n</body>\n\n</html>\n" columns= [Object, Object, Object, Object, Object, Object]  ... > 
  at <DataTable value="<!DOCTYPE html>\n<html lang=\"en\">\n\n<head>\n  <meta charset=\"utf-8\" />\n  <meta name=\"viewport\" content=\"width=device-width, initial-scale=1\" />\n  <meta name=\"theme-color\" content=\"#000000\" />\n  <link rel=\"shortcut icon\" type=\"image/ico\" href=\"/assets/favicon-bc234827.ico\" />\n  <link href=\"https://fonts.googleapis.com/css?family=Roboto:300,400,500\" rel=\"stylesheet\" />\n  <title>Pentaract UI</title>\n\n  <style>\n    *,\n    html {\n      margin: 0;\n      padding: 0;\n    }\n  </style>\n  <script type=\"module\" crossorigin src=\"/assets/index-58b24b54.js\"></script>\n  <link rel=\"stylesheet\" href=\"/assets/index-a4f6c957.css\">\n</head>\n\n<body>\n  <noscript>Wanna write ur own UI without js?! Go ahead, don't disturb others</noscript>\n  <div id=\"root\"></div>\n\n  \n</body>\n\n</html>\n" loading=false stripedRows=""  ... > 
  at <OrdersView onVnodeUnmounted=fn<onVnodeUnmounted> ref=Ref< Proxy(Object) > > 
  at <RouterView> 
  at <AppLayout onVnodeUnmounted=fn<onVnodeUnmounted> ref=Ref< Proxy(Object) > > 
  at <RouterView> 
  at <App> @ http://localhost:5277/node_modules/@vue/runtime-core/dist/runtime-core.esm-bundler.js:49
[    4004ms] [WARNING] [Vue warn]: Invalid prop: type check failed for prop "rowData". Expected Object, got String with value "h". 
  at <BodyCell key=5 rowData="h" column= {__v_isVNode: true, __v_skip: true, type: Object, props: Object, key: null}  ... > 
  at <BodyRow key=undefined rowData="h" index=10  ... > 
  at <TableBody ref="bodyRef" value="<!DOCTYPE html>\n<htm" class=""  ... > 
  at <VirtualScroller ref="virtualScroller" items="<!DOCTYPE html>\n<html lang=\"en\">\n\n<head>\n  <meta charset=\"utf-8\" />\n  <meta name=\"viewport\" content=\"width=device-width, initial-scale=1\" />\n  <meta name=\"theme-color\" content=\"#000000\" />\n  <link rel=\"shortcut icon\" type=\"image/ico\" href=\"/assets/favicon-bc234827.ico\" />\n  <link href=\"https://fonts.googleapis.com/css?family=Roboto:300,400,500\" rel=\"stylesheet\" />\n  <title>Pentaract UI</title>\n\n  <style>\n    *,\n    html {\n      margin: 0;\n      padding: 0;\n    }\n  </style>\n  <script type=\"module\" crossorigin src=\"/assets/index-58b24b54.js\"></script>\n  <link rel=\"stylesheet\" href=\"/assets/index-a4f6c957.css\">\n</head>\n\n<body>\n  <noscript>Wanna write ur own UI without js?! Go ahead, don't disturb others</noscript>\n  <div id=\"root\"></div>\n\n  \n</body>\n\n</html>\n" columns= [Object, Object, Object, Object, Object, Object]  ... > 
  at <DataTable value="<!DOCTYPE html>\n<html lang=\"en\">\n\n<head>\n  <meta charset=\"utf-8\" />\n  <meta name=\"viewport\" content=\"width=device-width, initial-scale=1\" />\n  <meta name=\"theme-color\" content=\"#000000\" />\n  <link rel=\"shortcut icon\" type=\"image/ico\" href=\"/assets/favicon-bc234827.ico\" />\n  <link href=\"https://fonts.googleapis.com/css?family=Roboto:300,400,500\" rel=\"stylesheet\" />\n  <title>Pentaract UI</title>\n\n  <style>\n    *,\n    html {\n      margin: 0;\n      padding: 0;\n    }\n  </style>\n  <script type=\"module\" crossorigin src=\"/assets/index-58b24b54.js\"></script>\n  <link rel=\"stylesheet\" href=\"/assets/index-a4f6c957.css\">\n</head>\n\n<body>\n  <noscript>Wanna write ur own UI without js?! Go ahead, don't disturb others</noscript>\n  <div id=\"root\"></div>\n\n  \n</body>\n\n</html>\n" loading=false stripedRows=""  ... > 
  at <OrdersView onVnodeUnmounted=fn<onVnodeUnmounted> ref=Ref< Proxy(Object) > > 
  at <RouterView> 
  at <AppLayout onVnodeUnmounted=fn<onVnodeUnmounted> ref=Ref< Proxy(Object) > > 
  at <RouterView> 
  at <App> @ http://localhost:5277/node_modules/@vue/runtime-core/dist/runtime-core.esm-bundler.js:49
[    4010ms] [WARNING] [Vue warn]: Invalid prop: type check failed for prop "rowData". Expected Object, got String with value "t". 
  at <BodyRow key=undefined rowData="t" index=11  ... > 
  at <TableBody ref="bodyRef" value="<!DOCTYPE html>\n<htm" class=""  ... > 
  at <VirtualScroller ref="virtualScroller" items="<!DOCTYPE html>\n<html lang=\"en\">\n\n<head>\n  <meta charset=\"utf-8\" />\n  <meta name=\"viewport\" content=\"width=device-width, initial-scale=1\" />\n  <meta name=\"theme-color\" content=\"#000000\" />\n  <link rel=\"shortcut icon\" type=\"image/ico\" href=\"/assets/favicon-bc234827.ico\" />\n  <link href=\"https://fonts.googleapis.com/css?family=Roboto:300,400,500\" rel=\"stylesheet\" />\n  <title>Pentaract UI</title>\n\n  <style>\n    *,\n    html {\n      margin: 0;\n      padding: 0;\n    }\n  </style>\n  <script type=\"module\" crossorigin src=\"/assets/index-58b24b54.js\"></script>\n  <link rel=\"stylesheet\" href=\"/assets/index-a4f6c957.css\">\n</head>\n\n<body>\n  <noscript>Wanna write ur own UI without js?! Go ahead, don't disturb others</noscript>\n  <div id=\"root\"></div>\n\n  \n</body>\n\n</html>\n" columns= [Object, Object, Object, Object, Object, Object]  ... > 
  at <DataTable value="<!DOCTYPE html>\n<html lang=\"en\">\n\n<head>\n  <meta charset=\"utf-8\" />\n  <meta name=\"viewport\" content=\"width=device-width, initial-scale=1\" />\n  <meta name=\"theme-color\" content=\"#000000\" />\n  <link rel=\"shortcut icon\" type=\"image/ico\" href=\"/assets/favicon-bc234827.ico\" />\n  <link href=\"https://fonts.googleapis.com/css?family=Roboto:300,400,500\" rel=\"stylesheet\" />\n  <title>Pentaract UI</title>\n\n  <style>\n    *,\n    html {\n      margin: 0;\n      padding: 0;\n    }\n  </style>\n  <script type=\"module\" crossorigin src=\"/assets/index-58b24b54.js\"></script>\n  <link rel=\"stylesheet\" href=\"/assets/index-a4f6c957.css\">\n</head>\n\n<body>\n  <noscript>Wanna write ur own UI without js?! Go ahead, don't disturb others</noscript>\n  <div id=\"root\"></div>\n\n  \n</body>\n\n</html>\n" loading=false stripedRows=""  ... > 
  at <OrdersView onVnodeUnmounted=fn<onVnodeUnmounted> ref=Ref< Proxy(Object) > > 
  at <RouterView> 
  at <AppLayout onVnodeUnmounted=fn<onVnodeUnmounted> ref=Ref< Proxy(Object) > > 
  at <RouterView> 
  at <App> @ http://localhost:5277/node_modules/@vue/runtime-core/dist/runtime-core.esm-bundler.js:49
[    4011ms] [WARNING] [Vue warn]: Invalid prop: type check failed for prop "value". Expected Array, got String with value "<!DOCTYPE html>
<htm". 
  at <BodyRow key=undefined rowData="t" index=11  ... > 
  at <TableBody ref="bodyRef" value="<!DOCTYPE html>\n<htm" class=""  ... > 
  at <VirtualScroller ref="virtualScroller" items="<!DOCTYPE html>\n<html lang=\"en\">\n\n<head>\n  <meta charset=\"utf-8\" />\n  <meta name=\"viewport\" content=\"width=device-width, initial-scale=1\" />\n  <meta name=\"theme-color\" content=\"#000000\" />\n  <link rel=\"shortcut icon\" type=\"image/ico\" href=\"/assets/favicon-bc234827.ico\" />\n  <link href=\"https://fonts.googleapis.com/css?family=Roboto:300,400,500\" rel=\"stylesheet\" />\n  <title>Pentaract UI</title>\n\n  <style>\n    *,\n    html {\n      margin: 0;\n      padding: 0;\n    }\n  </style>\n  <script type=\"module\" crossorigin src=\"/assets/index-58b24b54.js\"></script>\n  <link rel=\"stylesheet\" href=\"/assets/index-a4f6c957.css\">\n</head>\n\n<body>\n  <noscript>Wanna write ur own UI without js?! Go ahead, don't disturb others</noscript>\n  <div id=\"root\"></div>\n\n  \n</body>\n\n</html>\n" columns= [Object, Object, Object, Object, Object, Object]  ... > 
  at <DataTable value="<!DOCTYPE html>\n<html lang=\"en\">\n\n<head>\n  <meta charset=\"utf-8\" />\n  <meta name=\"viewport\" content=\"width=device-width, initial-scale=1\" />\n  <meta name=\"theme-color\" content=\"#000000\" />\n  <link rel=\"shortcut icon\" type=\"image/ico\" href=\"/assets/favicon-bc234827.ico\" />\n  <link href=\"https://fonts.googleapis.com/css?family=Roboto:300,400,500\" rel=\"stylesheet\" />\n  <title>Pentaract UI</title>\n\n  <style>\n    *,\n    html {\n      margin: 0;\n      padding: 0;\n    }\n  </style>\n  <script type=\"module\" crossorigin src=\"/assets/index-58b24b54.js\"></script>\n  <link rel=\"stylesheet\" href=\"/assets/index-a4f6c957.css\">\n</head>\n\n<body>\n  <noscript>Wanna write ur own UI without js?! Go ahead, don't disturb others</noscript>\n  <div id=\"root\"></div>\n\n  \n</body>\n\n</html>\n" loading=false stripedRows=""  ... > 
  at <OrdersView onVnodeUnmounted=fn<onVnodeUnmounted> ref=Ref< Proxy(Object) > > 
  at <RouterView> 
  at <AppLayout onVnodeUnmounted=fn<onVnodeUnmounted> ref=Ref< Proxy(Object) > > 
  at <RouterView> 
  at <App> @ http://localhost:5277/node_modules/@vue/runtime-core/dist/runtime-core.esm-bundler.js:49
[    4014ms] [WARNING] [Vue warn]: Invalid prop: type check failed for prop "rowData". Expected Object, got String with value "t". 
  at <BodyCell key="id" rowData="t" column= {__v_isVNode: true, __v_skip: true, type: Object, props: Object, key: null}  ... > 
  at <BodyRow key=undefined rowData="t" index=11  ... > 
  at <TableBody ref="bodyRef" value="<!DOCTYPE html>\n<htm" class=""  ... > 
  at <VirtualScroller ref="virtualScroller" items="<!DOCTYPE html>\n<html lang=\"en\">\n\n<head>\n  <meta charset=\"utf-8\" />\n  <meta name=\"viewport\" content=\"width=device-width, initial-scale=1\" />\n  <meta name=\"theme-color\" content=\"#000000\" />\n  <link rel=\"shortcut icon\" type=\"image/ico\" href=\"/assets/favicon-bc234827.ico\" />\n  <link href=\"https://fonts.googleapis.com/css?family=Roboto:300,400,500\" rel=\"stylesheet\" />\n  <title>Pentaract UI</title>\n\n  <style>\n    *,\n    html {\n      margin: 0;\n      padding: 0;\n    }\n  </style>\n  <script type=\"module\" crossorigin src=\"/assets/index-58b24b54.js\"></script>\n  <link rel=\"stylesheet\" href=\"/assets/index-a4f6c957.css\">\n</head>\n\n<body>\n  <noscript>Wanna write ur own UI without js?! Go ahead, don't disturb others</noscript>\n  <div id=\"root\"></div>\n\n  \n</body>\n\n</html>\n" columns= [Object, Object, Object, Object, Object, Object]  ... > 
  at <DataTable value="<!DOCTYPE html>\n<html lang=\"en\">\n\n<head>\n  <meta charset=\"utf-8\" />\n  <meta name=\"viewport\" content=\"width=device-width, initial-scale=1\" />\n  <meta name=\"theme-color\" content=\"#000000\" />\n  <link rel=\"shortcut icon\" type=\"image/ico\" href=\"/assets/favicon-bc234827.ico\" />\n  <link href=\"https://fonts.googleapis.com/css?family=Roboto:300,400,500\" rel=\"stylesheet\" />\n  <title>Pentaract UI</title>\n\n  <style>\n    *,\n    html {\n      margin: 0;\n      padding: 0;\n    }\n  </style>\n  <script type=\"module\" crossorigin src=\"/assets/index-58b24b54.js\"></script>\n  <link rel=\"stylesheet\" href=\"/assets/index-a4f6c957.css\">\n</head>\n\n<body>\n  <noscript>Wanna write ur own UI without js?! Go ahead, don't disturb others</noscript>\n  <div id=\"root\"></div>\n\n  \n</body>\n\n</html>\n" loading=false stripedRows=""  ... > 
  at <OrdersView onVnodeUnmounted=fn<onVnodeUnmounted> ref=Ref< Proxy(Object) > > 
  at <RouterView> 
  at <AppLayout onVnodeUnmounted=fn<onVnodeUnmounted> ref=Ref< Proxy(Object) > > 
  at <RouterView> 
  at <App> @ http://localhost:5277/node_modules/@vue/runtime-core/dist/runtime-core.esm-bundler.js:49
[    4018ms] [WARNING] [Vue warn]: Invalid prop: type check failed for prop "rowData". Expected Object, got String with value "t". 
  at <BodyCell key="client_id" rowData="t" column= {__v_isVNode: true, __v_skip: true, type: Object, props: Object, key: null}  ... > 
  at <BodyRow key=undefined rowData="t" index=11  ... > 
  at <TableBody ref="bodyRef" value="<!DOCTYPE html>\n<htm" class=""  ... > 
  at <VirtualScroller ref="virtualScroller" items="<!DOCTYPE html>\n<html lang=\"en\">\n\n<head>\n  <meta charset=\"utf-8\" />\n  <meta name=\"viewport\" content=\"width=device-width, initial-scale=1\" />\n  <meta name=\"theme-color\" content=\"#000000\" />\n  <link rel=\"shortcut icon\" type=\"image/ico\" href=\"/assets/favicon-bc234827.ico\" />\n  <link href=\"https://fonts.googleapis.com/css?family=Roboto:300,400,500\" rel=\"stylesheet\" />\n  <title>Pentaract UI</title>\n\n  <style>\n    *,\n    html {\n      margin: 0;\n      padding: 0;\n    }\n  </style>\n  <script type=\"module\" crossorigin src=\"/assets/index-58b24b54.js\"></script>\n  <link rel=\"stylesheet\" href=\"/assets/index-a4f6c957.css\">\n</head>\n\n<body>\n  <noscript>Wanna write ur own UI without js?! Go ahead, don't disturb others</noscript>\n  <div id=\"root\"></div>\n\n  \n</body>\n\n</html>\n" columns= [Object, Object, Object, Object, Object, Object]  ... > 
  at <DataTable value="<!DOCTYPE html>\n<html lang=\"en\">\n\n<head>\n  <meta charset=\"utf-8\" />\n  <meta name=\"viewport\" content=\"width=device-width, initial-scale=1\" />\n  <meta name=\"theme-color\" content=\"#000000\" />\n  <link rel=\"shortcut icon\" type=\"image/ico\" href=\"/assets/favicon-bc234827.ico\" />\n  <link href=\"https://fonts.googleapis.com/css?family=Roboto:300,400,500\" rel=\"stylesheet\" />\n  <title>Pentaract UI</title>\n\n  <style>\n    *,\n    html {\n      margin: 0;\n      padding: 0;\n    }\n  </style>\n  <script type=\"module\" crossorigin src=\"/assets/index-58b24b54.js\"></script>\n  <link rel=\"stylesheet\" href=\"/assets/index-a4f6c957.css\">\n</head>\n\n<body>\n  <noscript>Wanna write ur own UI without js?! Go ahead, don't disturb others</noscript>\n  <div id=\"root\"></div>\n\n  \n</body>\n\n</html>\n" loading=false stripedRows=""  ... > 
  at <OrdersView onVnodeUnmounted=fn<onVnodeUnmounted> ref=Ref< Proxy(Object) > > 
  at <RouterView> 
  at <AppLayout onVnodeUnmounted=fn<onVnodeUnmounted> ref=Ref< Proxy(Object) > > 
  at <RouterView> 
  at <App> @ http://localhost:5277/node_modules/@vue/runtime-core/dist/runtime-core.esm-bundler.js:49
[    4021ms] [WARNING] [Vue warn]: Invalid prop: type check failed for prop "rowData". Expected Object, got String with value "t". 
  at <BodyCell key="source" rowData="t" column= {__v_isVNode: true, __v_skip: true, type: Object, props: Object, key: null}  ... > 
  at <BodyRow key=undefined rowData="t" index=11  ... > 
  at <TableBody ref="bodyRef" value="<!DOCTYPE html>\n<htm" class=""  ... > 
  at <VirtualScroller ref="virtualScroller" items="<!DOCTYPE html>\n<html lang=\"en\">\n\n<head>\n  <meta charset=\"utf-8\" />\n  <meta name=\"viewport\" content=\"width=device-width, initial-scale=1\" />\n  <meta name=\"theme-color\" content=\"#000000\" />\n  <link rel=\"shortcut icon\" type=\"image/ico\" href=\"/assets/favicon-bc234827.ico\" />\n  <link href=\"https://fonts.googleapis.com/css?family=Roboto:300,400,500\" rel=\"stylesheet\" />\n  <title>Pentaract UI</title>\n\n  <style>\n    *,\n    html {\n      margin: 0;\n      padding: 0;\n    }\n  </style>\n  <script type=\"module\" crossorigin src=\"/assets/index-58b24b54.js\"></script>\n  <link rel=\"stylesheet\" href=\"/assets/index-a4f6c957.css\">\n</head>\n\n<body>\n  <noscript>Wanna write ur own UI without js?! Go ahead, don't disturb others</noscript>\n  <div id=\"root\"></div>\n\n  \n</body>\n\n</html>\n" columns= [Object, Object, Object, Object, Object, Object]  ... > 
  at <DataTable value="<!DOCTYPE html>\n<html lang=\"en\">\n\n<head>\n  <meta charset=\"utf-8\" />\n  <meta name=\"viewport\" content=\"width=device-width, initial-scale=1\" />\n  <meta name=\"theme-color\" content=\"#000000\" />\n  <link rel=\"shortcut icon\" type=\"image/ico\" href=\"/assets/favicon-bc234827.ico\" />\n  <link href=\"https://fonts.googleapis.com/css?family=Roboto:300,400,500\" rel=\"stylesheet\" />\n  <title>Pentaract UI</title>\n\n  <style>\n    *,\n    html {\n      margin: 0;\n      padding: 0;\n    }\n  </style>\n  <script type=\"module\" crossorigin src=\"/assets/index-58b24b54.js\"></script>\n  <link rel=\"stylesheet\" href=\"/assets/index-a4f6c957.css\">\n</head>\n\n<body>\n  <noscript>Wanna write ur own UI without js?! Go ahead, don't disturb others</noscript>\n  <div id=\"root\"></div>\n\n  \n</body>\n\n</html>\n" loading=false stripedRows=""  ... > 
  at <OrdersView onVnodeUnmounted=fn<onVnodeUnmounted> ref=Ref< Proxy(Object) > > 
  at <RouterView> 
  at <AppLayout onVnodeUnmounted=fn<onVnodeUnmounted> ref=Ref< Proxy(Object) > > 
  at <RouterView> 
  at <App> @ http://localhost:5277/node_modules/@vue/runtime-core/dist/runtime-core.esm-bundler.js:49
[    4025ms] [WARNING] [Vue warn]: Invalid prop: type check failed for prop "rowData". Expected Object, got String with value "t". 
  at <BodyCell key="status" rowData="t" column= {__v_isVNode: true, __v_skip: true, type: Object, props: Object, key: null}  ... > 
  at <BodyRow key=undefined rowData="t" index=11  ... > 
  at <TableBody ref="bodyRef" value="<!DOCTYPE html>\n<htm" class=""  ... > 
  at <VirtualScroller ref="virtualScroller" items="<!DOCTYPE html>\n<html lang=\"en\">\n\n<head>\n  <meta charset=\"utf-8\" />\n  <meta name=\"viewport\" content=\"width=device-width, initial-scale=1\" />\n  <meta name=\"theme-color\" content=\"#000000\" />\n  <link rel=\"shortcut icon\" type=\"image/ico\" href=\"/assets/favicon-bc234827.ico\" />\n  <link href=\"https://fonts.googleapis.com/css?family=Roboto:300,400,500\" rel=\"stylesheet\" />\n  <title>Pentaract UI</title>\n\n  <style>\n    *,\n    html {\n      margin: 0;\n      padding: 0;\n    }\n  </style>\n  <script type=\"module\" crossorigin src=\"/assets/index-58b24b54.js\"></script>\n  <link rel=\"stylesheet\" href=\"/assets/index-a4f6c957.css\">\n</head>\n\n<body>\n  <noscript>Wanna write ur own UI without js?! Go ahead, don't disturb others</noscript>\n  <div id=\"root\"></div>\n\n  \n</body>\n\n</html>\n" columns= [Object, Object, Object, Object, Object, Object]  ... > 
  at <DataTable value="<!DOCTYPE html>\n<html lang=\"en\">\n\n<head>\n  <meta charset=\"utf-8\" />\n  <meta name=\"viewport\" content=\"width=device-width, initial-scale=1\" />\n  <meta name=\"theme-color\" content=\"#000000\" />\n  <link rel=\"shortcut icon\" type=\"image/ico\" href=\"/assets/favicon-bc234827.ico\" />\n  <link href=\"https://fonts.googleapis.com/css?family=Roboto:300,400,500\" rel=\"stylesheet\" />\n  <title>Pentaract UI</title>\n\n  <style>\n    *,\n    html {\n      margin: 0;\n      padding: 0;\n    }\n  </style>\n  <script type=\"module\" crossorigin src=\"/assets/index-58b24b54.js\"></script>\n  <link rel=\"stylesheet\" href=\"/assets/index-a4f6c957.css\">\n</head>\n\n<body>\n  <noscript>Wanna write ur own UI without js?! Go ahead, don't disturb others</noscript>\n  <div id=\"root\"></div>\n\n  \n</body>\n\n</html>\n" loading=false stripedRows=""  ... > 
  at <OrdersView onVnodeUnmounted=fn<onVnodeUnmounted> ref=Ref< Proxy(Object) > > 
  at <RouterView> 
  at <AppLayout onVnodeUnmounted=fn<onVnodeUnmounted> ref=Ref< Proxy(Object) > > 
  at <RouterView> 
  at <App> @ http://localhost:5277/node_modules/@vue/runtime-core/dist/runtime-core.esm-bundler.js:49
[    4029ms] [WARNING] [Vue warn]: Invalid prop: type check failed for prop "rowData". Expected Object, got String with value "t". 
  at <BodyCell key="created_at" rowData="t" column= {__v_isVNode: true, __v_skip: true, type: Object, props: Object, key: null}  ... > 
  at <BodyRow key=undefined rowData="t" index=11  ... > 
  at <TableBody ref="bodyRef" value="<!DOCTYPE html>\n<htm" class=""  ... > 
  at <VirtualScroller ref="virtualScroller" items="<!DOCTYPE html>\n<html lang=\"en\">\n\n<head>\n  <meta charset=\"utf-8\" />\n  <meta name=\"viewport\" content=\"width=device-width, initial-scale=1\" />\n  <meta name=\"theme-color\" content=\"#000000\" />\n  <link rel=\"shortcut icon\" type=\"image/ico\" href=\"/assets/favicon-bc234827.ico\" />\n  <link href=\"https://fonts.googleapis.com/css?family=Roboto:300,400,500\" rel=\"stylesheet\" />\n  <title>Pentaract UI</title>\n\n  <style>\n    *,\n    html {\n      margin: 0;\n      padding: 0;\n    }\n  </style>\n  <script type=\"module\" crossorigin src=\"/assets/index-58b24b54.js\"></script>\n  <link rel=\"stylesheet\" href=\"/assets/index-a4f6c957.css\">\n</head>\n\n<body>\n  <noscript>Wanna write ur own UI without js?! Go ahead, don't disturb others</noscript>\n  <div id=\"root\"></div>\n\n  \n</body>\n\n</html>\n" columns= [Object, Object, Object, Object, Object, Object]  ... > 
  at <DataTable value="<!DOCTYPE html>\n<html lang=\"en\">\n\n<head>\n  <meta charset=\"utf-8\" />\n  <meta name=\"viewport\" content=\"width=device-width, initial-scale=1\" />\n  <meta name=\"theme-color\" content=\"#000000\" />\n  <link rel=\"shortcut icon\" type=\"image/ico\" href=\"/assets/favicon-bc234827.ico\" />\n  <link href=\"https://fonts.googleapis.com/css?family=Roboto:300,400,500\" rel=\"stylesheet\" />\n  <title>Pentaract UI</title>\n\n  <style>\n    *,\n    html {\n      margin: 0;\n      padding: 0;\n    }\n  </style>\n  <script type=\"module\" crossorigin src=\"/assets/index-58b24b54.js\"></script>\n  <link rel=\"stylesheet\" href=\"/assets/index-a4f6c957.css\">\n</head>\n\n<body>\n  <noscript>Wanna write ur own UI without js?! Go ahead, don't disturb others</noscript>\n  <div id=\"root\"></div>\n\n  \n</body>\n\n</html>\n" loading=false stripedRows=""  ... > 
  at <OrdersView onVnodeUnmounted=fn<onVnodeUnmounted> ref=Ref< Proxy(Object) > > 
  at <RouterView> 
  at <AppLayout onVnodeUnmounted=fn<onVnodeUnmounted> ref=Ref< Proxy(Object) > > 
  at <RouterView> 
  at <App> @ http://localhost:5277/node_modules/@vue/runtime-core/dist/runtime-core.esm-bundler.js:49
[    4032ms] [WARNING] [Vue warn]: Invalid prop: type check failed for prop "rowData". Expected Object, got String with value "t". 
  at <BodyCell key=5 rowData="t" column= {__v_isVNode: true, __v_skip: true, type: Object, props: Object, key: null}  ... > 
  at <BodyRow key=undefined rowData="t" index=11  ... > 
  at <TableBody ref="bodyRef" value="<!DOCTYPE html>\n<htm" class=""  ... > 
  at <VirtualScroller ref="virtualScroller" items="<!DOCTYPE html>\n<html lang=\"en\">\n\n<head>\n  <meta charset=\"utf-8\" />\n  <meta name=\"viewport\" content=\"width=device-width, initial-scale=1\" />\n  <meta name=\"theme-color\" content=\"#000000\" />\n  <link rel=\"shortcut icon\" type=\"image/ico\" href=\"/assets/favicon-bc234827.ico\" />\n  <link href=\"https://fonts.googleapis.com/css?family=Roboto:300,400,500\" rel=\"stylesheet\" />\n  <title>Pentaract UI</title>\n\n  <style>\n    *,\n    html {\n      margin: 0;\n      padding: 0;\n    }\n  </style>\n  <script type=\"module\" crossorigin src=\"/assets/index-58b24b54.js\"></script>\n  <link rel=\"stylesheet\" href=\"/assets/index-a4f6c957.css\">\n</head>\n\n<body>\n  <noscript>Wanna write ur own UI without js?! Go ahead, don't disturb others</noscript>\n  <div id=\"root\"></div>\n\n  \n</body>\n\n</html>\n" columns= [Object, Object, Object, Object, Object, Object]  ... > 
  at <DataTable value="<!DOCTYPE html>\n<html lang=\"en\">\n\n<head>\n  <meta charset=\"utf-8\" />\n  <meta name=\"viewport\" content=\"width=device-width, initial-scale=1\" />\n  <meta name=\"theme-color\" content=\"#000000\" />\n  <link rel=\"shortcut icon\" type=\"image/ico\" href=\"/assets/favicon-bc234827.ico\" />\n  <link href=\"https://fonts.googleapis.com/css?family=Roboto:300,400,500\" rel=\"stylesheet\" />\n  <title>Pentaract UI</title>\n\n  <style>\n    *,\n    html {\n      margin: 0;\n      padding: 0;\n    }\n  </style>\n  <script type=\"module\" crossorigin src=\"/assets/index-58b24b54.js\"></script>\n  <link rel=\"stylesheet\" href=\"/assets/index-a4f6c957.css\">\n</head>\n\n<body>\n  <noscript>Wanna write ur own UI without js?! Go ahead, don't disturb others</noscript>\n  <div id=\"root\"></div>\n\n  \n</body>\n\n</html>\n" loading=false stripedRows=""  ... > 
  at <OrdersView onVnodeUnmounted=fn<onVnodeUnmounted> ref=Ref< Proxy(Object) > > 
  at <RouterView> 
  at <AppLayout onVnodeUnmounted=fn<onVnodeUnmounted> ref=Ref< Proxy(Object) > > 
  at <RouterView> 
  at <App> @ http://localhost:5277/node_modules/@vue/runtime-core/dist/runtime-core.esm-bundler.js:49
[    4038ms] [WARNING] [Vue warn]: Invalid prop: type check failed for prop "rowData". Expected Object, got String with value "m". 
  at <BodyRow key=undefined rowData="m" index=12  ... > 
  at <TableBody ref="bodyRef" value="<!DOCTYPE html>\n<htm" class=""  ... > 
  at <VirtualScroller ref="virtualScroller" items="<!DOCTYPE html>\n<html lang=\"en\">\n\n<head>\n  <meta charset=\"utf-8\" />\n  <meta name=\"viewport\" content=\"width=device-width, initial-scale=1\" />\n  <meta name=\"theme-color\" content=\"#000000\" />\n  <link rel=\"shortcut icon\" type=\"image/ico\" href=\"/assets/favicon-bc234827.ico\" />\n  <link href=\"https://fonts.googleapis.com/css?family=Roboto:300,400,500\" rel=\"stylesheet\" />\n  <title>Pentaract UI</title>\n\n  <style>\n    *,\n    html {\n      margin: 0;\n      padding: 0;\n    }\n  </style>\n  <script type=\"module\" crossorigin src=\"/assets/index-58b24b54.js\"></script>\n  <link rel=\"stylesheet\" href=\"/assets/index-a4f6c957.css\">\n</head>\n\n<body>\n  <noscript>Wanna write ur own UI without js?! Go ahead, don't disturb others</noscript>\n  <div id=\"root\"></div>\n\n  \n</body>\n\n</html>\n" columns= [Object, Object, Object, Object, Object, Object]  ... > 
  at <DataTable value="<!DOCTYPE html>\n<html lang=\"en\">\n\n<head>\n  <meta charset=\"utf-8\" />\n  <meta name=\"viewport\" content=\"width=device-width, initial-scale=1\" />\n  <meta name=\"theme-color\" content=\"#000000\" />\n  <link rel=\"shortcut icon\" type=\"image/ico\" href=\"/assets/favicon-bc234827.ico\" />\n  <link href=\"https://fonts.googleapis.com/css?family=Roboto:300,400,500\" rel=\"stylesheet\" />\n  <title>Pentaract UI</title>\n\n  <style>\n    *,\n    html {\n      margin: 0;\n      padding: 0;\n    }\n  </style>\n  <script type=\"module\" crossorigin src=\"/assets/index-58b24b54.js\"></script>\n  <link rel=\"stylesheet\" href=\"/assets/index-a4f6c957.css\">\n</head>\n\n<body>\n  <noscript>Wanna write ur own UI without js?! Go ahead, don't disturb others</noscript>\n  <div id=\"root\"></div>\n\n  \n</body>\n\n</html>\n" loading=false stripedRows=""  ... > 
  at <OrdersView onVnodeUnmounted=fn<onVnodeUnmounted> ref=Ref< Proxy(Object) > > 
  at <RouterView> 
  at <AppLayout onVnodeUnmounted=fn<onVnodeUnmounted> ref=Ref< Proxy(Object) > > 
  at <RouterView> 
  at <App> @ http://localhost:5277/node_modules/@vue/runtime-core/dist/runtime-core.esm-bundler.js:49
[    4039ms] [WARNING] [Vue warn]: Invalid prop: type check failed for prop "value". Expected Array, got String with value "<!DOCTYPE html>
<htm". 
  at <BodyRow key=undefined rowData="m" index=12  ... > 
  at <TableBody ref="bodyRef" value="<!DOCTYPE html>\n<htm" class=""  ... > 
  at <VirtualScroller ref="virtualScroller" items="<!DOCTYPE html>\n<html lang=\"en\">\n\n<head>\n  <meta charset=\"utf-8\" />\n  <meta name=\"viewport\" content=\"width=device-width, initial-scale=1\" />\n  <meta name=\"theme-color\" content=\"#000000\" />\n  <link rel=\"shortcut icon\" type=\"image/ico\" href=\"/assets/favicon-bc234827.ico\" />\n  <link href=\"https://fonts.googleapis.com/css?family=Roboto:300,400,500\" rel=\"stylesheet\" />\n  <title>Pentaract UI</title>\n\n  <style>\n    *,\n    html {\n      margin: 0;\n      padding: 0;\n    }\n  </style>\n  <script type=\"module\" crossorigin src=\"/assets/index-58b24b54.js\"></script>\n  <link rel=\"stylesheet\" href=\"/assets/index-a4f6c957.css\">\n</head>\n\n<body>\n  <noscript>Wanna write ur own UI without js?! Go ahead, don't disturb others</noscript>\n  <div id=\"root\"></div>\n\n  \n</body>\n\n</html>\n" columns= [Object, Object, Object, Object, Object, Object]  ... > 
  at <DataTable value="<!DOCTYPE html>\n<html lang=\"en\">\n\n<head>\n  <meta charset=\"utf-8\" />\n  <meta name=\"viewport\" content=\"width=device-width, initial-scale=1\" />\n  <meta name=\"theme-color\" content=\"#000000\" />\n  <link rel=\"shortcut icon\" type=\"image/ico\" href=\"/assets/favicon-bc234827.ico\" />\n  <link href=\"https://fonts.googleapis.com/css?family=Roboto:300,400,500\" rel=\"stylesheet\" />\n  <title>Pentaract UI</title>\n\n  <style>\n    *,\n    html {\n      margin: 0;\n      padding: 0;\n    }\n  </style>\n  <script type=\"module\" crossorigin src=\"/assets/index-58b24b54.js\"></script>\n  <link rel=\"stylesheet\" href=\"/assets/index-a4f6c957.css\">\n</head>\n\n<body>\n  <noscript>Wanna write ur own UI without js?! Go ahead, don't disturb others</noscript>\n  <div id=\"root\"></div>\n\n  \n</body>\n\n</html>\n" loading=false stripedRows=""  ... > 
  at <OrdersView onVnodeUnmounted=fn<onVnodeUnmounted> ref=Ref< Proxy(Object) > > 
  at <RouterView> 
  at <AppLayout onVnodeUnmounted=fn<onVnodeUnmounted> ref=Ref< Proxy(Object) > > 
  at <RouterView> 
  at <App> @ http://localhost:5277/node_modules/@vue/runtime-core/dist/runtime-core.esm-bundler.js:49
[    4042ms] [WARNING] [Vue warn]: Invalid prop: type check failed for prop "rowData". Expected Object, got String with value "m". 
  at <BodyCell key="id" rowData="m" column= {__v_isVNode: true, __v_skip: true, type: Object, props: Object, key: null}  ... > 
  at <BodyRow key=undefined rowData="m" index=12  ... > 
  at <TableBody ref="bodyRef" value="<!DOCTYPE html>\n<htm" class=""  ... > 
  at <VirtualScroller ref="virtualScroller" items="<!DOCTYPE html>\n<html lang=\"en\">\n\n<head>\n  <meta charset=\"utf-8\" />\n  <meta name=\"viewport\" content=\"width=device-width, initial-scale=1\" />\n  <meta name=\"theme-color\" content=\"#000000\" />\n  <link rel=\"shortcut icon\" type=\"image/ico\" href=\"/assets/favicon-bc234827.ico\" />\n  <link href=\"https://fonts.googleapis.com/css?family=Roboto:300,400,500\" rel=\"stylesheet\" />\n  <title>Pentaract UI</title>\n\n  <style>\n    *,\n    html {\n      margin: 0;\n      padding: 0;\n    }\n  </style>\n  <script type=\"module\" crossorigin src=\"/assets/index-58b24b54.js\"></script>\n  <link rel=\"stylesheet\" href=\"/assets/index-a4f6c957.css\">\n</head>\n\n<body>\n  <noscript>Wanna write ur own UI without js?! Go ahead, don't disturb others</noscript>\n  <div id=\"root\"></div>\n\n  \n</body>\n\n</html>\n" columns= [Object, Object, Object, Object, Object, Object]  ... > 
  at <DataTable value="<!DOCTYPE html>\n<html lang=\"en\">\n\n<head>\n  <meta charset=\"utf-8\" />\n  <meta name=\"viewport\" content=\"width=device-width, initial-scale=1\" />\n  <meta name=\"theme-color\" content=\"#000000\" />\n  <link rel=\"shortcut icon\" type=\"image/ico\" href=\"/assets/favicon-bc234827.ico\" />\n  <link href=\"https://fonts.googleapis.com/css?family=Roboto:300,400,500\" rel=\"stylesheet\" />\n  <title>Pentaract UI</title>\n\n  <style>\n    *,\n    html {\n      margin: 0;\n      padding: 0;\n    }\n  </style>\n  <script type=\"module\" crossorigin src=\"/assets/index-58b24b54.js\"></script>\n  <link rel=\"stylesheet\" href=\"/assets/index-a4f6c957.css\">\n</head>\n\n<body>\n  <noscript>Wanna write ur own UI without js?! Go ahead, don't disturb others</noscript>\n  <div id=\"root\"></div>\n\n  \n</body>\n\n</html>\n" loading=false stripedRows=""  ... > 
  at <OrdersView onVnodeUnmounted=fn<onVnodeUnmounted> ref=Ref< Proxy(Object) > > 
  at <RouterView> 
  at <AppLayout onVnodeUnmounted=fn<onVnodeUnmounted> ref=Ref< Proxy(Object) > > 
  at <RouterView> 
  at <App> @ http://localhost:5277/node_modules/@vue/runtime-core/dist/runtime-core.esm-bundler.js:49
[    4046ms] [WARNING] [Vue warn]: Invalid prop: type check failed for prop "rowData". Expected Object, got String with value "m". 
  at <BodyCell key="client_id" rowData="m" column= {__v_isVNode: true, __v_skip: true, type: Object, props: Object, key: null}  ... > 
  at <BodyRow key=undefined rowData="m" index=12  ... > 
  at <TableBody ref="bodyRef" value="<!DOCTYPE html>\n<htm" class=""  ... > 
  at <VirtualScroller ref="virtualScroller" items="<!DOCTYPE html>\n<html lang=\"en\">\n\n<head>\n  <meta charset=\"utf-8\" />\n  <meta name=\"viewport\" content=\"width=device-width, initial-scale=1\" />\n  <meta name=\"theme-color\" content=\"#000000\" />\n  <link rel=\"shortcut icon\" type=\"image/ico\" href=\"/assets/favicon-bc234827.ico\" />\n  <link href=\"https://fonts.googleapis.com/css?family=Roboto:300,400,500\" rel=\"stylesheet\" />\n  <title>Pentaract UI</title>\n\n  <style>\n    *,\n    html {\n      margin: 0;\n      padding: 0;\n    }\n  </style>\n  <script type=\"module\" crossorigin src=\"/assets/index-58b24b54.js\"></script>\n  <link rel=\"stylesheet\" href=\"/assets/index-a4f6c957.css\">\n</head>\n\n<body>\n  <noscript>Wanna write ur own UI without js?! Go ahead, don't disturb others</noscript>\n  <div id=\"root\"></div>\n\n  \n</body>\n\n</html>\n" columns= [Object, Object, Object, Object, Object, Object]  ... > 
  at <DataTable value="<!DOCTYPE html>\n<html lang=\"en\">\n\n<head>\n  <meta charset=\"utf-8\" />\n  <meta name=\"viewport\" content=\"width=device-width, initial-scale=1\" />\n  <meta name=\"theme-color\" content=\"#000000\" />\n  <link rel=\"shortcut icon\" type=\"image/ico\" href=\"/assets/favicon-bc234827.ico\" />\n  <link href=\"https://fonts.googleapis.com/css?family=Roboto:300,400,500\" rel=\"stylesheet\" />\n  <title>Pentaract UI</title>\n\n  <style>\n    *,\n    html {\n      margin: 0;\n      padding: 0;\n    }\n  </style>\n  <script type=\"module\" crossorigin src=\"/assets/index-58b24b54.js\"></script>\n  <link rel=\"stylesheet\" href=\"/assets/index-a4f6c957.css\">\n</head>\n\n<body>\n  <noscript>Wanna write ur own UI without js?! Go ahead, don't disturb others</noscript>\n  <div id=\"root\"></div>\n\n  \n</body>\n\n</html>\n" loading=false stripedRows=""  ... > 
  at <OrdersView onVnodeUnmounted=fn<onVnodeUnmounted> ref=Ref< Proxy(Object) > > 
  at <RouterView> 
  at <AppLayout onVnodeUnmounted=fn<onVnodeUnmounted> ref=Ref< Proxy(Object) > > 
  at <RouterView> 
  at <App> @ http://localhost:5277/node_modules/@vue/runtime-core/dist/runtime-core.esm-bundler.js:49
[    4049ms] [WARNING] [Vue warn]: Invalid prop: type check failed for prop "rowData". Expected Object, got String with value "m". 
  at <BodyCell key="source" rowData="m" column= {__v_isVNode: true, __v_skip: true, type: Object, props: Object, key: null}  ... > 
  at <BodyRow key=undefined rowData="m" index=12  ... > 
  at <TableBody ref="bodyRef" value="<!DOCTYPE html>\n<htm" class=""  ... > 
  at <VirtualScroller ref="virtualScroller" items="<!DOCTYPE html>\n<html lang=\"en\">\n\n<head>\n  <meta charset=\"utf-8\" />\n  <meta name=\"viewport\" content=\"width=device-width, initial-scale=1\" />\n  <meta name=\"theme-color\" content=\"#000000\" />\n  <link rel=\"shortcut icon\" type=\"image/ico\" href=\"/assets/favicon-bc234827.ico\" />\n  <link href=\"https://fonts.googleapis.com/css?family=Roboto:300,400,500\" rel=\"stylesheet\" />\n  <title>Pentaract UI</title>\n\n  <style>\n    *,\n    html {\n      margin: 0;\n      padding: 0;\n    }\n  </style>\n  <script type=\"module\" crossorigin src=\"/assets/index-58b24b54.js\"></script>\n  <link rel=\"stylesheet\" href=\"/assets/index-a4f6c957.css\">\n</head>\n\n<body>\n  <noscript>Wanna write ur own UI without js?! Go ahead, don't disturb others</noscript>\n  <div id=\"root\"></div>\n\n  \n</body>\n\n</html>\n" columns= [Object, Object, Object, Object, Object, Object]  ... > 
  at <DataTable value="<!DOCTYPE html>\n<html lang=\"en\">\n\n<head>\n  <meta charset=\"utf-8\" />\n  <meta name=\"viewport\" content=\"width=device-width, initial-scale=1\" />\n  <meta name=\"theme-color\" content=\"#000000\" />\n  <link rel=\"shortcut icon\" type=\"image/ico\" href=\"/assets/favicon-bc234827.ico\" />\n  <link href=\"https://fonts.googleapis.com/css?family=Roboto:300,400,500\" rel=\"stylesheet\" />\n  <title>Pentaract UI</title>\n\n  <style>\n    *,\n    html {\n      margin: 0;\n      padding: 0;\n    }\n  </style>\n  <script type=\"module\" crossorigin src=\"/assets/index-58b24b54.js\"></script>\n  <link rel=\"stylesheet\" href=\"/assets/index-a4f6c957.css\">\n</head>\n\n<body>\n  <noscript>Wanna write ur own UI without js?! Go ahead, don't disturb others</noscript>\n  <div id=\"root\"></div>\n\n  \n</body>\n\n</html>\n" loading=false stripedRows=""  ... > 
  at <OrdersView onVnodeUnmounted=fn<onVnodeUnmounted> ref=Ref< Proxy(Object) > > 
  at <RouterView> 
  at <AppLayout onVnodeUnmounted=fn<onVnodeUnmounted> ref=Ref< Proxy(Object) > > 
  at <RouterView> 
  at <App> @ http://localhost:5277/node_modules/@vue/runtime-core/dist/runtime-core.esm-bundler.js:49
[    4052ms] [WARNING] [Vue warn]: Invalid prop: type check failed for prop "rowData". Expected Object, got String with value "m". 
  at <BodyCell key="status" rowData="m" column= {__v_isVNode: true, __v_skip: true, type: Object, props: Object, key: null}  ... > 
  at <BodyRow key=undefined rowData="m" index=12  ... > 
  at <TableBody ref="bodyRef" value="<!DOCTYPE html>\n<htm" class=""  ... > 
  at <VirtualScroller ref="virtualScroller" items="<!DOCTYPE html>\n<html lang=\"en\">\n\n<head>\n  <meta charset=\"utf-8\" />\n  <meta name=\"viewport\" content=\"width=device-width, initial-scale=1\" />\n  <meta name=\"theme-color\" content=\"#000000\" />\n  <link rel=\"shortcut icon\" type=\"image/ico\" href=\"/assets/favicon-bc234827.ico\" />\n  <link href=\"https://fonts.googleapis.com/css?family=Roboto:300,400,500\" rel=\"stylesheet\" />\n  <title>Pentaract UI</title>\n\n  <style>\n    *,\n    html {\n      margin: 0;\n      padding: 0;\n    }\n  </style>\n  <script type=\"module\" crossorigin src=\"/assets/index-58b24b54.js\"></script>\n  <link rel=\"stylesheet\" href=\"/assets/index-a4f6c957.css\">\n</head>\n\n<body>\n  <noscript>Wanna write ur own UI without js?! Go ahead, don't disturb others</noscript>\n  <div id=\"root\"></div>\n\n  \n</body>\n\n</html>\n" columns= [Object, Object, Object, Object, Object, Object]  ... > 
  at <DataTable value="<!DOCTYPE html>\n<html lang=\"en\">\n\n<head>\n  <meta charset=\"utf-8\" />\n  <meta name=\"viewport\" content=\"width=device-width, initial-scale=1\" />\n  <meta name=\"theme-color\" content=\"#000000\" />\n  <link rel=\"shortcut icon\" type=\"image/ico\" href=\"/assets/favicon-bc234827.ico\" />\n  <link href=\"https://fonts.googleapis.com/css?family=Roboto:300,400,500\" rel=\"stylesheet\" />\n  <title>Pentaract UI</title>\n\n  <style>\n    *,\n    html {\n      margin: 0;\n      padding: 0;\n    }\n  </style>\n  <script type=\"module\" crossorigin src=\"/assets/index-58b24b54.js\"></script>\n  <link rel=\"stylesheet\" href=\"/assets/index-a4f6c957.css\">\n</head>\n\n<body>\n  <noscript>Wanna write ur own UI without js?! Go ahead, don't disturb others</noscript>\n  <div id=\"root\"></div>\n\n  \n</body>\n\n</html>\n" loading=false stripedRows=""  ... > 
  at <OrdersView onVnodeUnmounted=fn<onVnodeUnmounted> ref=Ref< Proxy(Object) > > 
  at <RouterView> 
  at <AppLayout onVnodeUnmounted=fn<onVnodeUnmounted> ref=Ref< Proxy(Object) > > 
  at <RouterView> 
  at <App> @ http://localhost:5277/node_modules/@vue/runtime-core/dist/runtime-core.esm-bundler.js:49
[    4057ms] [WARNING] [Vue warn]: Invalid prop: type check failed for prop "rowData". Expected Object, got String with value "m". 
  at <BodyCell key="created_at" rowData="m" column= {__v_isVNode: true, __v_skip: true, type: Object, props: Object, key: null}  ... > 
  at <BodyRow key=undefined rowData="m" index=12  ... > 
  at <TableBody ref="bodyRef" value="<!DOCTYPE html>\n<htm" class=""  ... > 
  at <VirtualScroller ref="virtualScroller" items="<!DOCTYPE html>\n<html lang=\"en\">\n\n<head>\n  <meta charset=\"utf-8\" />\n  <meta name=\"viewport\" content=\"width=device-width, initial-scale=1\" />\n  <meta name=\"theme-color\" content=\"#000000\" />\n  <link rel=\"shortcut icon\" type=\"image/ico\" href=\"/assets/favicon-bc234827.ico\" />\n  <link href=\"https://fonts.googleapis.com/css?family=Roboto:300,400,500\" rel=\"stylesheet\" />\n  <title>Pentaract UI</title>\n\n  <style>\n    *,\n    html {\n      margin: 0;\n      padding: 0;\n    }\n  </style>\n  <script type=\"module\" crossorigin src=\"/assets/index-58b24b54.js\"></script>\n  <link rel=\"stylesheet\" href=\"/assets/index-a4f6c957.css\">\n</head>\n\n<body>\n  <noscript>Wanna write ur own UI without js?! Go ahead, don't disturb others</noscript>\n  <div id=\"root\"></div>\n\n  \n</body>\n\n</html>\n" columns= [Object, Object, Object, Object, Object, Object]  ... > 
  at <DataTable value="<!DOCTYPE html>\n<html lang=\"en\">\n\n<head>\n  <meta charset=\"utf-8\" />\n  <meta name=\"viewport\" content=\"width=device-width, initial-scale=1\" />\n  <meta name=\"theme-color\" content=\"#000000\" />\n  <link rel=\"shortcut icon\" type=\"image/ico\" href=\"/assets/favicon-bc234827.ico\" />\n  <link href=\"https://fonts.googleapis.com/css?family=Roboto:300,400,500\" rel=\"stylesheet\" />\n  <title>Pentaract UI</title>\n\n  <style>\n    *,\n    html {\n      margin: 0;\n      padding: 0;\n    }\n  </style>\n  <script type=\"module\" crossorigin src=\"/assets/index-58b24b54.js\"></script>\n  <link rel=\"stylesheet\" href=\"/assets/index-a4f6c957.css\">\n</head>\n\n<body>\n  <noscript>Wanna write ur own UI without js?! Go ahead, don't disturb others</noscript>\n  <div id=\"root\"></div>\n\n  \n</body>\n\n</html>\n" loading=false stripedRows=""  ... > 
  at <OrdersView onVnodeUnmounted=fn<onVnodeUnmounted> ref=Ref< Proxy(Object) > > 
  at <RouterView> 
  at <AppLayout onVnodeUnmounted=fn<onVnodeUnmounted> ref=Ref< Proxy(Object) > > 
  at <RouterView> 
  at <App> @ http://localhost:5277/node_modules/@vue/runtime-core/dist/runtime-core.esm-bundler.js:49
[    4061ms] [WARNING] [Vue warn]: Invalid prop: type check failed for prop "rowData". Expected Object, got String with value "m". 
  at <BodyCell key=5 rowData="m" column= {__v_isVNode: true, __v_skip: true, type: Object, props: Object, key: null}  ... > 
  at <BodyRow key=undefined rowData="m" index=12  ... > 
  at <TableBody ref="bodyRef" value="<!DOCTYPE html>\n<htm" class=""  ... > 
  at <VirtualScroller ref="virtualScroller" items="<!DOCTYPE html>\n<html lang=\"en\">\n\n<head>\n  <meta charset=\"utf-8\" />\n  <meta name=\"viewport\" content=\"width=device-width, initial-scale=1\" />\n  <meta name=\"theme-color\" content=\"#000000\" />\n  <link rel=\"shortcut icon\" type=\"image/ico\" href=\"/assets/favicon-bc234827.ico\" />\n  <link href=\"https://fonts.googleapis.com/css?family=Roboto:300,400,500\" rel=\"stylesheet\" />\n  <title>Pentaract UI</title>\n\n  <style>\n    *,\n    html {\n      margin: 0;\n      padding: 0;\n    }\n  </style>\n  <script type=\"module\" crossorigin src=\"/assets/index-58b24b54.js\"></script>\n  <link rel=\"stylesheet\" href=\"/assets/index-a4f6c957.css\">\n</head>\n\n<body>\n  <noscript>Wanna write ur own UI without js?! Go ahead, don't disturb others</noscript>\n  <div id=\"root\"></div>\n\n  \n</body>\n\n</html>\n" columns= [Object, Object, Object, Object, Object, Object]  ... > 
  at <DataTable value="<!DOCTYPE html>\n<html lang=\"en\">\n\n<head>\n  <meta charset=\"utf-8\" />\n  <meta name=\"viewport\" content=\"width=device-width, initial-scale=1\" />\n  <meta name=\"theme-color\" content=\"#000000\" />\n  <link rel=\"shortcut icon\" type=\"image/ico\" href=\"/assets/favicon-bc234827.ico\" />\n  <link href=\"https://fonts.googleapis.com/css?family=Roboto:300,400,500\" rel=\"stylesheet\" />\n  <title>Pentaract UI</title>\n\n  <style>\n    *,\n    html {\n      margin: 0;\n      padding: 0;\n    }\n  </style>\n  <script type=\"module\" crossorigin src=\"/assets/index-58b24b54.js\"></script>\n  <link rel=\"stylesheet\" href=\"/assets/index-a4f6c957.css\">\n</head>\n\n<body>\n  <noscript>Wanna write ur own UI without js?! Go ahead, don't disturb others</noscript>\n  <div id=\"root\"></div>\n\n  \n</body>\n\n</html>\n" loading=false stripedRows=""  ... > 
  at <OrdersView onVnodeUnmounted=fn<onVnodeUnmounted> ref=Ref< Proxy(Object) > > 
  at <RouterView> 
  at <AppLayout onVnodeUnmounted=fn<onVnodeUnmounted> ref=Ref< Proxy(Object) > > 
  at <RouterView> 
  at <App> @ http://localhost:5277/node_modules/@vue/runtime-core/dist/runtime-core.esm-bundler.js:49
[    4070ms] [WARNING] [Vue warn]: Invalid prop: type check failed for prop "rowData". Expected Object, got String with value "l". 
  at <BodyRow key=undefined rowData="l" index=13  ... > 
  at <TableBody ref="bodyRef" value="<!DOCTYPE html>\n<htm" class=""  ... > 
  at <VirtualScroller ref="virtualScroller" items="<!DOCTYPE html>\n<html lang=\"en\">\n\n<head>\n  <meta charset=\"utf-8\" />\n  <meta name=\"viewport\" content=\"width=device-width, initial-scale=1\" />\n  <meta name=\"theme-color\" content=\"#000000\" />\n  <link rel=\"shortcut icon\" type=\"image/ico\" href=\"/assets/favicon-bc234827.ico\" />\n  <link href=\"https://fonts.googleapis.com/css?family=Roboto:300,400,500\" rel=\"stylesheet\" />\n  <title>Pentaract UI</title>\n\n  <style>\n    *,\n    html {\n      margin: 0;\n      padding: 0;\n    }\n  </style>\n  <script type=\"module\" crossorigin src=\"/assets/index-58b24b54.js\"></script>\n  <link rel=\"stylesheet\" href=\"/assets/index-a4f6c957.css\">\n</head>\n\n<body>\n  <noscript>Wanna write ur own UI without js?! Go ahead, don't disturb others</noscript>\n  <div id=\"root\"></div>\n\n  \n</body>\n\n</html>\n" columns= [Object, Object, Object, Object, Object, Object]  ... > 
  at <DataTable value="<!DOCTYPE html>\n<html lang=\"en\">\n\n<head>\n  <meta charset=\"utf-8\" />\n  <meta name=\"viewport\" content=\"width=device-width, initial-scale=1\" />\n  <meta name=\"theme-color\" content=\"#000000\" />\n  <link rel=\"shortcut icon\" type=\"image/ico\" href=\"/assets/favicon-bc234827.ico\" />\n  <link href=\"https://fonts.googleapis.com/css?family=Roboto:300,400,500\" rel=\"stylesheet\" />\n  <title>Pentaract UI</title>\n\n  <style>\n    *,\n    html {\n      margin: 0;\n      padding: 0;\n    }\n  </style>\n  <script type=\"module\" crossorigin src=\"/assets/index-58b24b54.js\"></script>\n  <link rel=\"stylesheet\" href=\"/assets/index-a4f6c957.css\">\n</head>\n\n<body>\n  <noscript>Wanna write ur own UI without js?! Go ahead, don't disturb others</noscript>\n  <div id=\"root\"></div>\n\n  \n</body>\n\n</html>\n" loading=false stripedRows=""  ... > 
  at <OrdersView onVnodeUnmounted=fn<onVnodeUnmounted> ref=Ref< Proxy(Object) > > 
  at <RouterView> 
  at <AppLayout onVnodeUnmounted=fn<onVnodeUnmounted> ref=Ref< Proxy(Object) > > 
  at <RouterView> 
  at <App> @ http://localhost:5277/node_modules/@vue/runtime-core/dist/runtime-core.esm-bundler.js:49
[    4074ms] [WARNING] [Vue warn]: Invalid prop: type check failed for prop "value". Expected Array, got String with value "<!DOCTYPE html>
<htm". 
  at <BodyRow key=undefined rowData="l" index=13  ... > 
  at <TableBody ref="bodyRef" value="<!DOCTYPE html>\n<htm" class=""  ... > 
  at <VirtualScroller ref="virtualScroller" items="<!DOCTYPE html>\n<html lang=\"en\">\n\n<head>\n  <meta charset=\"utf-8\" />\n  <meta name=\"viewport\" content=\"width=device-width, initial-scale=1\" />\n  <meta name=\"theme-color\" content=\"#000000\" />\n  <link rel=\"shortcut icon\" type=\"image/ico\" href=\"/assets/favicon-bc234827.ico\" />\n  <link href=\"https://fonts.googleapis.com/css?family=Roboto:300,400,500\" rel=\"stylesheet\" />\n  <title>Pentaract UI</title>\n\n  <style>\n    *,\n    html {\n      margin: 0;\n      padding: 0;\n    }\n  </style>\n  <script type=\"module\" crossorigin src=\"/assets/index-58b24b54.js\"></script>\n  <link rel=\"stylesheet\" href=\"/assets/index-a4f6c957.css\">\n</head>\n\n<body>\n  <noscript>Wanna write ur own UI without js?! Go ahead, don't disturb others</noscript>\n  <div id=\"root\"></div>\n\n  \n</body>\n\n</html>\n" columns= [Object, Object, Object, Object, Object, Object]  ... > 
  at <DataTable value="<!DOCTYPE html>\n<html lang=\"en\">\n\n<head>\n  <meta charset=\"utf-8\" />\n  <meta name=\"viewport\" content=\"width=device-width, initial-scale=1\" />\n  <meta name=\"theme-color\" content=\"#000000\" />\n  <link rel=\"shortcut icon\" type=\"image/ico\" href=\"/assets/favicon-bc234827.ico\" />\n  <link href=\"https://fonts.googleapis.com/css?family=Roboto:300,400,500\" rel=\"stylesheet\" />\n  <title>Pentaract UI</title>\n\n  <style>\n    *,\n    html {\n      margin: 0;\n      padding: 0;\n    }\n  </style>\n  <script type=\"module\" crossorigin src=\"/assets/index-58b24b54.js\"></script>\n  <link rel=\"stylesheet\" href=\"/assets/index-a4f6c957.css\">\n</head>\n\n<body>\n  <noscript>Wanna write ur own UI without js?! Go ahead, don't disturb others</noscript>\n  <div id=\"root\"></div>\n\n  \n</body>\n\n</html>\n" loading=false stripedRows=""  ... > 
  at <OrdersView onVnodeUnmounted=fn<onVnodeUnmounted> ref=Ref< Proxy(Object) > > 
  at <RouterView> 
  at <AppLayout onVnodeUnmounted=fn<onVnodeUnmounted> ref=Ref< Proxy(Object) > > 
  at <RouterView> 
  at <App> @ http://localhost:5277/node_modules/@vue/runtime-core/dist/runtime-core.esm-bundler.js:49
[    4077ms] [WARNING] [Vue warn]: Invalid prop: type check failed for prop "rowData". Expected Object, got String with value "l". 
  at <BodyCell key="id" rowData="l" column= {__v_isVNode: true, __v_skip: true, type: Object, props: Object, key: null}  ... > 
  at <BodyRow key=undefined rowData="l" index=13  ... > 
  at <TableBody ref="bodyRef" value="<!DOCTYPE html>\n<htm" class=""  ... > 
  at <VirtualScroller ref="virtualScroller" items="<!DOCTYPE html>\n<html lang=\"en\">\n\n<head>\n  <meta charset=\"utf-8\" />\n  <meta name=\"viewport\" content=\"width=device-width, initial-scale=1\" />\n  <meta name=\"theme-color\" content=\"#000000\" />\n  <link rel=\"shortcut icon\" type=\"image/ico\" href=\"/assets/favicon-bc234827.ico\" />\n  <link href=\"https://fonts.googleapis.com/css?family=Roboto:300,400,500\" rel=\"stylesheet\" />\n  <title>Pentaract UI</title>\n\n  <style>\n    *,\n    html {\n      margin: 0;\n      padding: 0;\n    }\n  </style>\n  <script type=\"module\" crossorigin src=\"/assets/index-58b24b54.js\"></script>\n  <link rel=\"stylesheet\" href=\"/assets/index-a4f6c957.css\">\n</head>\n\n<body>\n  <noscript>Wanna write ur own UI without js?! Go ahead, don't disturb others</noscript>\n  <div id=\"root\"></div>\n\n  \n</body>\n\n</html>\n" columns= [Object, Object, Object, Object, Object, Object]  ... > 
  at <DataTable value="<!DOCTYPE html>\n<html lang=\"en\">\n\n<head>\n  <meta charset=\"utf-8\" />\n  <meta name=\"viewport\" content=\"width=device-width, initial-scale=1\" />\n  <meta name=\"theme-color\" content=\"#000000\" />\n  <link rel=\"shortcut icon\" type=\"image/ico\" href=\"/assets/favicon-bc234827.ico\" />\n  <link href=\"https://fonts.googleapis.com/css?family=Roboto:300,400,500\" rel=\"stylesheet\" />\n  <title>Pentaract UI</title>\n\n  <style>\n    *,\n    html {\n      margin: 0;\n      padding: 0;\n    }\n  </style>\n  <script type=\"module\" crossorigin src=\"/assets/index-58b24b54.js\"></script>\n  <link rel=\"stylesheet\" href=\"/assets/index-a4f6c957.css\">\n</head>\n\n<body>\n  <noscript>Wanna write ur own UI without js?! Go ahead, don't disturb others</noscript>\n  <div id=\"root\"></div>\n\n  \n</body>\n\n</html>\n" loading=false stripedRows=""  ... > 
  at <OrdersView onVnodeUnmounted=fn<onVnodeUnmounted> ref=Ref< Proxy(Object) > > 
  at <RouterView> 
  at <AppLayout onVnodeUnmounted=fn<onVnodeUnmounted> ref=Ref< Proxy(Object) > > 
  at <RouterView> 
  at <App> @ http://localhost:5277/node_modules/@vue/runtime-core/dist/runtime-core.esm-bundler.js:49
[    4080ms] [WARNING] [Vue warn]: Invalid prop: type check failed for prop "rowData". Expected Object, got String with value "l". 
  at <BodyCell key="client_id" rowData="l" column= {__v_isVNode: true, __v_skip: true, type: Object, props: Object, key: null}  ... > 
  at <BodyRow key=undefined rowData="l" index=13  ... > 
  at <TableBody ref="bodyRef" value="<!DOCTYPE html>\n<htm" class=""  ... > 
  at <VirtualScroller ref="virtualScroller" items="<!DOCTYPE html>\n<html lang=\"en\">\n\n<head>\n  <meta charset=\"utf-8\" />\n  <meta name=\"viewport\" content=\"width=device-width, initial-scale=1\" />\n  <meta name=\"theme-color\" content=\"#000000\" />\n  <link rel=\"shortcut icon\" type=\"image/ico\" href=\"/assets/favicon-bc234827.ico\" />\n  <link href=\"https://fonts.googleapis.com/css?family=Roboto:300,400,500\" rel=\"stylesheet\" />\n  <title>Pentaract UI</title>\n\n  <style>\n    *,\n    html {\n      margin: 0;\n      padding: 0;\n    }\n  </style>\n  <script type=\"module\" crossorigin src=\"/assets/index-58b24b54.js\"></script>\n  <link rel=\"stylesheet\" href=\"/assets/index-a4f6c957.css\">\n</head>\n\n<body>\n  <noscript>Wanna write ur own UI without js?! Go ahead, don't disturb others</noscript>\n  <div id=\"root\"></div>\n\n  \n</body>\n\n</html>\n" columns= [Object, Object, Object, Object, Object, Object]  ... > 
  at <DataTable value="<!DOCTYPE html>\n<html lang=\"en\">\n\n<head>\n  <meta charset=\"utf-8\" />\n  <meta name=\"viewport\" content=\"width=device-width, initial-scale=1\" />\n  <meta name=\"theme-color\" content=\"#000000\" />\n  <link rel=\"shortcut icon\" type=\"image/ico\" href=\"/assets/favicon-bc234827.ico\" />\n  <link href=\"https://fonts.googleapis.com/css?family=Roboto:300,400,500\" rel=\"stylesheet\" />\n  <title>Pentaract UI</title>\n\n  <style>\n    *,\n    html {\n      margin: 0;\n      padding: 0;\n    }\n  </style>\n  <script type=\"module\" crossorigin src=\"/assets/index-58b24b54.js\"></script>\n  <link rel=\"stylesheet\" href=\"/assets/index-a4f6c957.css\">\n</head>\n\n<body>\n  <noscript>Wanna write ur own UI without js?! Go ahead, don't disturb others</noscript>\n  <div id=\"root\"></div>\n\n  \n</body>\n\n</html>\n" loading=false stripedRows=""  ... > 
  at <OrdersView onVnodeUnmounted=fn<onVnodeUnmounted> ref=Ref< Proxy(Object) > > 
  at <RouterView> 
  at <AppLayout onVnodeUnmounted=fn<onVnodeUnmounted> ref=Ref< Proxy(Object) > > 
  at <RouterView> 
  at <App> @ http://localhost:5277/node_modules/@vue/runtime-core/dist/runtime-core.esm-bundler.js:49
[    4084ms] [WARNING] [Vue warn]: Invalid prop: type check failed for prop "rowData". Expected Object, got String with value "l". 
  at <BodyCell key="source" rowData="l" column= {__v_isVNode: true, __v_skip: true, type: Object, props: Object, key: null}  ... > 
  at <BodyRow key=undefined rowData="l" index=13  ... > 
  at <TableBody ref="bodyRef" value="<!DOCTYPE html>\n<htm" class=""  ... > 
  at <VirtualScroller ref="virtualScroller" items="<!DOCTYPE html>\n<html lang=\"en\">\n\n<head>\n  <meta charset=\"utf-8\" />\n  <meta name=\"viewport\" content=\"width=device-width, initial-scale=1\" />\n  <meta name=\"theme-color\" content=\"#000000\" />\n  <link rel=\"shortcut icon\" type=\"image/ico\" href=\"/assets/favicon-bc234827.ico\" />\n  <link href=\"https://fonts.googleapis.com/css?family=Roboto:300,400,500\" rel=\"stylesheet\" />\n  <title>Pentaract UI</title>\n\n  <style>\n    *,\n    html {\n      margin: 0;\n      padding: 0;\n    }\n  </style>\n  <script type=\"module\" crossorigin src=\"/assets/index-58b24b54.js\"></script>\n  <link rel=\"stylesheet\" href=\"/assets/index-a4f6c957.css\">\n</head>\n\n<body>\n  <noscript>Wanna write ur own UI without js?! Go ahead, don't disturb others</noscript>\n  <div id=\"root\"></div>\n\n  \n</body>\n\n</html>\n" columns= [Object, Object, Object, Object, Object, Object]  ... > 
  at <DataTable value="<!DOCTYPE html>\n<html lang=\"en\">\n\n<head>\n  <meta charset=\"utf-8\" />\n  <meta name=\"viewport\" content=\"width=device-width, initial-scale=1\" />\n  <meta name=\"theme-color\" content=\"#000000\" />\n  <link rel=\"shortcut icon\" type=\"image/ico\" href=\"/assets/favicon-bc234827.ico\" />\n  <link href=\"https://fonts.googleapis.com/css?family=Roboto:300,400,500\" rel=\"stylesheet\" />\n  <title>Pentaract UI</title>\n\n  <style>\n    *,\n    html {\n      margin: 0;\n      padding: 0;\n    }\n  </style>\n  <script type=\"module\" crossorigin src=\"/assets/index-58b24b54.js\"></script>\n  <link rel=\"stylesheet\" href=\"/assets/index-a4f6c957.css\">\n</head>\n\n<body>\n  <noscript>Wanna write ur own UI without js?! Go ahead, don't disturb others</noscript>\n  <div id=\"root\"></div>\n\n  \n</body>\n\n</html>\n" loading=false stripedRows=""  ... > 
  at <OrdersView onVnodeUnmounted=fn<onVnodeUnmounted> ref=Ref< Proxy(Object) > > 
  at <RouterView> 
  at <AppLayout onVnodeUnmounted=fn<onVnodeUnmounted> ref=Ref< Proxy(Object) > > 
  at <RouterView> 
  at <App> @ http://localhost:5277/node_modules/@vue/runtime-core/dist/runtime-core.esm-bundler.js:49
[    4087ms] [WARNING] [Vue warn]: Invalid prop: type check failed for prop "rowData". Expected Object, got String with value "l". 
  at <BodyCell key="status" rowData="l" column= {__v_isVNode: true, __v_skip: true, type: Object, props: Object, key: null}  ... > 
  at <BodyRow key=undefined rowData="l" index=13  ... > 
  at <TableBody ref="bodyRef" value="<!DOCTYPE html>\n<htm" class=""  ... > 
  at <VirtualScroller ref="virtualScroller" items="<!DOCTYPE html>\n<html lang=\"en\">\n\n<head>\n  <meta charset=\"utf-8\" />\n  <meta name=\"viewport\" content=\"width=device-width, initial-scale=1\" />\n  <meta name=\"theme-color\" content=\"#000000\" />\n  <link rel=\"shortcut icon\" type=\"image/ico\" href=\"/assets/favicon-bc234827.ico\" />\n  <link href=\"https://fonts.googleapis.com/css?family=Roboto:300,400,500\" rel=\"stylesheet\" />\n  <title>Pentaract UI</title>\n\n  <style>\n    *,\n    html {\n      margin: 0;\n      padding: 0;\n    }\n  </style>\n  <script type=\"module\" crossorigin src=\"/assets/index-58b24b54.js\"></script>\n  <link rel=\"stylesheet\" href=\"/assets/index-a4f6c957.css\">\n</head>\n\n<body>\n  <noscript>Wanna write ur own UI without js?! Go ahead, don't disturb others</noscript>\n  <div id=\"root\"></div>\n\n  \n</body>\n\n</html>\n" columns= [Object, Object, Object, Object, Object, Object]  ... > 
  at <DataTable value="<!DOCTYPE html>\n<html lang=\"en\">\n\n<head>\n  <meta charset=\"utf-8\" />\n  <meta name=\"viewport\" content=\"width=device-width, initial-scale=1\" />\n  <meta name=\"theme-color\" content=\"#000000\" />\n  <link rel=\"shortcut icon\" type=\"image/ico\" href=\"/assets/favicon-bc234827.ico\" />\n  <link href=\"https://fonts.googleapis.com/css?family=Roboto:300,400,500\" rel=\"stylesheet\" />\n  <title>Pentaract UI</title>\n\n  <style>\n    *,\n    html {\n      margin: 0;\n      padding: 0;\n    }\n  </style>\n  <script type=\"module\" crossorigin src=\"/assets/index-58b24b54.js\"></script>\n  <link rel=\"stylesheet\" href=\"/assets/index-a4f6c957.css\">\n</head>\n\n<body>\n  <noscript>Wanna write ur own UI without js?! Go ahead, don't disturb others</noscript>\n  <div id=\"root\"></div>\n\n  \n</body>\n\n</html>\n" loading=false stripedRows=""  ... > 
  at <OrdersView onVnodeUnmounted=fn<onVnodeUnmounted> ref=Ref< Proxy(Object) > > 
  at <RouterView> 
  at <AppLayout onVnodeUnmounted=fn<onVnodeUnmounted> ref=Ref< Proxy(Object) > > 
  at <RouterView> 
  at <App> @ http://localhost:5277/node_modules/@vue/runtime-core/dist/runtime-core.esm-bundler.js:49
[    4091ms] [WARNING] [Vue warn]: Invalid prop: type check failed for prop "rowData". Expected Object, got String with value "l". 
  at <BodyCell key="created_at" rowData="l" column= {__v_isVNode: true, __v_skip: true, type: Object, props: Object, key: null}  ... > 
  at <BodyRow key=undefined rowData="l" index=13  ... > 
  at <TableBody ref="bodyRef" value="<!DOCTYPE html>\n<htm" class=""  ... > 
  at <VirtualScroller ref="virtualScroller" items="<!DOCTYPE html>\n<html lang=\"en\">\n\n<head>\n  <meta charset=\"utf-8\" />\n  <meta name=\"viewport\" content=\"width=device-width, initial-scale=1\" />\n  <meta name=\"theme-color\" content=\"#000000\" />\n  <link rel=\"shortcut icon\" type=\"image/ico\" href=\"/assets/favicon-bc234827.ico\" />\n  <link href=\"https://fonts.googleapis.com/css?family=Roboto:300,400,500\" rel=\"stylesheet\" />\n  <title>Pentaract UI</title>\n\n  <style>\n    *,\n    html {\n      margin: 0;\n      padding: 0;\n    }\n  </style>\n  <script type=\"module\" crossorigin src=\"/assets/index-58b24b54.js\"></script>\n  <link rel=\"stylesheet\" href=\"/assets/index-a4f6c957.css\">\n</head>\n\n<body>\n  <noscript>Wanna write ur own UI without js?! Go ahead, don't disturb others</noscript>\n  <div id=\"root\"></div>\n\n  \n</body>\n\n</html>\n" columns= [Object, Object, Object, Object, Object, Object]  ... > 
  at <DataTable value="<!DOCTYPE html>\n<html lang=\"en\">\n\n<head>\n  <meta charset=\"utf-8\" />\n  <meta name=\"viewport\" content=\"width=device-width, initial-scale=1\" />\n  <meta name=\"theme-color\" content=\"#000000\" />\n  <link rel=\"shortcut icon\" type=\"image/ico\" href=\"/assets/favicon-bc234827.ico\" />\n  <link href=\"https://fonts.googleapis.com/css?family=Roboto:300,400,500\" rel=\"stylesheet\" />\n  <title>Pentaract UI</title>\n\n  <style>\n    *,\n    html {\n      margin: 0;\n      padding: 0;\n    }\n  </style>\n  <script type=\"module\" crossorigin src=\"/assets/index-58b24b54.js\"></script>\n  <link rel=\"stylesheet\" href=\"/assets/index-a4f6c957.css\">\n</head>\n\n<body>\n  <noscript>Wanna write ur own UI without js?! Go ahead, don't disturb others</noscript>\n  <div id=\"root\"></div>\n\n  \n</body>\n\n</html>\n" loading=false stripedRows=""  ... > 
  at <OrdersView onVnodeUnmounted=fn<onVnodeUnmounted> ref=Ref< Proxy(Object) > > 
  at <RouterView> 
  at <AppLayout onVnodeUnmounted=fn<onVnodeUnmounted> ref=Ref< Proxy(Object) > > 
  at <RouterView> 
  at <App> @ http://localhost:5277/node_modules/@vue/runtime-core/dist/runtime-core.esm-bundler.js:49
[    4095ms] [WARNING] [Vue warn]: Invalid prop: type check failed for prop "rowData". Expected Object, got String with value "l". 
  at <BodyCell key=5 rowData="l" column= {__v_isVNode: true, __v_skip: true, type: Object, props: Object, key: null}  ... > 
  at <BodyRow key=undefined rowData="l" index=13  ... > 
  at <TableBody ref="bodyRef" value="<!DOCTYPE html>\n<htm" class=""  ... > 
  at <VirtualScroller ref="virtualScroller" items="<!DOCTYPE html>\n<html lang=\"en\">\n\n<head>\n  <meta charset=\"utf-8\" />\n  <meta name=\"viewport\" content=\"width=device-width, initial-scale=1\" />\n  <meta name=\"theme-color\" content=\"#000000\" />\n  <link rel=\"shortcut icon\" type=\"image/ico\" href=\"/assets/favicon-bc234827.ico\" />\n  <link href=\"https://fonts.googleapis.com/css?family=Roboto:300,400,500\" rel=\"stylesheet\" />\n  <title>Pentaract UI</title>\n\n  <style>\n    *,\n    html {\n      margin: 0;\n      padding: 0;\n    }\n  </style>\n  <script type=\"module\" crossorigin src=\"/assets/index-58b24b54.js\"></script>\n  <link rel=\"stylesheet\" href=\"/assets/index-a4f6c957.css\">\n</head>\n\n<body>\n  <noscript>Wanna write ur own UI without js?! Go ahead, don't disturb others</noscript>\n  <div id=\"root\"></div>\n\n  \n</body>\n\n</html>\n" columns= [Object, Object, Object, Object, Object, Object]  ... > 
  at <DataTable value="<!DOCTYPE html>\n<html lang=\"en\">\n\n<head>\n  <meta charset=\"utf-8\" />\n  <meta name=\"viewport\" content=\"width=device-width, initial-scale=1\" />\n  <meta name=\"theme-color\" content=\"#000000\" />\n  <link rel=\"shortcut icon\" type=\"image/ico\" href=\"/assets/favicon-bc234827.ico\" />\n  <link href=\"https://fonts.googleapis.com/css?family=Roboto:300,400,500\" rel=\"stylesheet\" />\n  <title>Pentaract UI</title>\n\n  <style>\n    *,\n    html {\n      margin: 0;\n      padding: 0;\n    }\n  </style>\n  <script type=\"module\" crossorigin src=\"/assets/index-58b24b54.js\"></script>\n  <link rel=\"stylesheet\" href=\"/assets/index-a4f6c957.css\">\n</head>\n\n<body>\n  <noscript>Wanna write ur own UI without js?! Go ahead, don't disturb others</noscript>\n  <div id=\"root\"></div>\n\n  \n</body>\n\n</html>\n" loading=false stripedRows=""  ... > 
  at <OrdersView onVnodeUnmounted=fn<onVnodeUnmounted> ref=Ref< Proxy(Object) > > 
  at <RouterView> 
  at <AppLayout onVnodeUnmounted=fn<onVnodeUnmounted> ref=Ref< Proxy(Object) > > 
  at <RouterView> 
  at <App> @ http://localhost:5277/node_modules/@vue/runtime-core/dist/runtime-core.esm-bundler.js:49
[    4103ms] [WARNING] [Vue warn]: Invalid prop: type check failed for prop "rowData". Expected Object, got String with value ">". 
  at <BodyRow key=undefined rowData=">" index=14  ... > 
  at <TableBody ref="bodyRef" value="<!DOCTYPE html>\n<htm" class=""  ... > 
  at <VirtualScroller ref="virtualScroller" items="<!DOCTYPE html>\n<html lang=\"en\">\n\n<head>\n  <meta charset=\"utf-8\" />\n  <meta name=\"viewport\" content=\"width=device-width, initial-scale=1\" />\n  <meta name=\"theme-color\" content=\"#000000\" />\n  <link rel=\"shortcut icon\" type=\"image/ico\" href=\"/assets/favicon-bc234827.ico\" />\n  <link href=\"https://fonts.googleapis.com/css?family=Roboto:300,400,500\" rel=\"stylesheet\" />\n  <title>Pentaract UI</title>\n\n  <style>\n    *,\n    html {\n      margin: 0;\n      padding: 0;\n    }\n  </style>\n  <script type=\"module\" crossorigin src=\"/assets/index-58b24b54.js\"></script>\n  <link rel=\"stylesheet\" href=\"/assets/index-a4f6c957.css\">\n</head>\n\n<body>\n  <noscript>Wanna write ur own UI without js?! Go ahead, don't disturb others</noscript>\n  <div id=\"root\"></div>\n\n  \n</body>\n\n</html>\n" columns= [Object, Object, Object, Object, Object, Object]  ... > 
  at <DataTable value="<!DOCTYPE html>\n<html lang=\"en\">\n\n<head>\n  <meta charset=\"utf-8\" />\n  <meta name=\"viewport\" content=\"width=device-width, initial-scale=1\" />\n  <meta name=\"theme-color\" content=\"#000000\" />\n  <link rel=\"shortcut icon\" type=\"image/ico\" href=\"/assets/favicon-bc234827.ico\" />\n  <link href=\"https://fonts.googleapis.com/css?family=Roboto:300,400,500\" rel=\"stylesheet\" />\n  <title>Pentaract UI</title>\n\n  <style>\n    *,\n    html {\n      margin: 0;\n      padding: 0;\n    }\n  </style>\n  <script type=\"module\" crossorigin src=\"/assets/index-58b24b54.js\"></script>\n  <link rel=\"stylesheet\" href=\"/assets/index-a4f6c957.css\">\n</head>\n\n<body>\n  <noscript>Wanna write ur own UI without js?! Go ahead, don't disturb others</noscript>\n  <div id=\"root\"></div>\n\n  \n</body>\n\n</html>\n" loading=false stripedRows=""  ... > 
  at <OrdersView onVnodeUnmounted=fn<onVnodeUnmounted> ref=Ref< Proxy(Object) > > 
  at <RouterView> 
  at <AppLayout onVnodeUnmounted=fn<onVnodeUnmounted> ref=Ref< Proxy(Object) > > 
  at <RouterView> 
  at <App> @ http://localhost:5277/node_modules/@vue/runtime-core/dist/runtime-core.esm-bundler.js:49
[    4105ms] [WARNING] [Vue warn]: Invalid prop: type check failed for prop "value". Expected Array, got String with value "<!DOCTYPE html>
<htm". 
  at <BodyRow key=undefined rowData=">" index=14  ... > 
  at <TableBody ref="bodyRef" value="<!DOCTYPE html>\n<htm" class=""  ... > 
  at <VirtualScroller ref="virtualScroller" items="<!DOCTYPE html>\n<html lang=\"en\">\n\n<head>\n  <meta charset=\"utf-8\" />\n  <meta name=\"viewport\" content=\"width=device-width, initial-scale=1\" />\n  <meta name=\"theme-color\" content=\"#000000\" />\n  <link rel=\"shortcut icon\" type=\"image/ico\" href=\"/assets/favicon-bc234827.ico\" />\n  <link href=\"https://fonts.googleapis.com/css?family=Roboto:300,400,500\" rel=\"stylesheet\" />\n  <title>Pentaract UI</title>\n\n  <style>\n    *,\n    html {\n      margin: 0;\n      padding: 0;\n    }\n  </style>\n  <script type=\"module\" crossorigin src=\"/assets/index-58b24b54.js\"></script>\n  <link rel=\"stylesheet\" href=\"/assets/index-a4f6c957.css\">\n</head>\n\n<body>\n  <noscript>Wanna write ur own UI without js?! Go ahead, don't disturb others</noscript>\n  <div id=\"root\"></div>\n\n  \n</body>\n\n</html>\n" columns= [Object, Object, Object, Object, Object, Object]  ... > 
  at <DataTable value="<!DOCTYPE html>\n<html lang=\"en\">\n\n<head>\n  <meta charset=\"utf-8\" />\n  <meta name=\"viewport\" content=\"width=device-width, initial-scale=1\" />\n  <meta name=\"theme-color\" content=\"#000000\" />\n  <link rel=\"shortcut icon\" type=\"image/ico\" href=\"/assets/favicon-bc234827.ico\" />\n  <link href=\"https://fonts.googleapis.com/css?family=Roboto:300,400,500\" rel=\"stylesheet\" />\n  <title>Pentaract UI</title>\n\n  <style>\n    *,\n    html {\n      margin: 0;\n      padding: 0;\n    }\n  </style>\n  <script type=\"module\" crossorigin src=\"/assets/index-58b24b54.js\"></script>\n  <link rel=\"stylesheet\" href=\"/assets/index-a4f6c957.css\">\n</head>\n\n<body>\n  <noscript>Wanna write ur own UI without js?! Go ahead, don't disturb others</noscript>\n  <div id=\"root\"></div>\n\n  \n</body>\n\n</html>\n" loading=false stripedRows=""  ... > 
  at <OrdersView onVnodeUnmounted=fn<onVnodeUnmounted> ref=Ref< Proxy(Object) > > 
  at <RouterView> 
  at <AppLayout onVnodeUnmounted=fn<onVnodeUnmounted> ref=Ref< Proxy(Object) > > 
  at <RouterView> 
  at <App> @ http://localhost:5277/node_modules/@vue/runtime-core/dist/runtime-core.esm-bundler.js:49
[    4112ms] [WARNING] [Vue warn]: Invalid prop: type check failed for prop "rowData". Expected Object, got String with value ">". 
  at <BodyCell key="id" rowData=">" column= {__v_isVNode: true, __v_skip: true, type: Object, props: Object, key: null}  ... > 
  at <BodyRow key=undefined rowData=">" index=14  ... > 
  at <TableBody ref="bodyRef" value="<!DOCTYPE html>\n<htm" class=""  ... > 
  at <VirtualScroller ref="virtualScroller" items="<!DOCTYPE html>\n<html lang=\"en\">\n\n<head>\n  <meta charset=\"utf-8\" />\n  <meta name=\"viewport\" content=\"width=device-width, initial-scale=1\" />\n  <meta name=\"theme-color\" content=\"#000000\" />\n  <link rel=\"shortcut icon\" type=\"image/ico\" href=\"/assets/favicon-bc234827.ico\" />\n  <link href=\"https://fonts.googleapis.com/css?family=Roboto:300,400,500\" rel=\"stylesheet\" />\n  <title>Pentaract UI</title>\n\n  <style>\n    *,\n    html {\n      margin: 0;\n      padding: 0;\n    }\n  </style>\n  <script type=\"module\" crossorigin src=\"/assets/index-58b24b54.js\"></script>\n  <link rel=\"stylesheet\" href=\"/assets/index-a4f6c957.css\">\n</head>\n\n<body>\n  <noscript>Wanna write ur own UI without js?! Go ahead, don't disturb others</noscript>\n  <div id=\"root\"></div>\n\n  \n</body>\n\n</html>\n" columns= [Object, Object, Object, Object, Object, Object]  ... > 
  at <DataTable value="<!DOCTYPE html>\n<html lang=\"en\">\n\n<head>\n  <meta charset=\"utf-8\" />\n  <meta name=\"viewport\" content=\"width=device-width, initial-scale=1\" />\n  <meta name=\"theme-color\" content=\"#000000\" />\n  <link rel=\"shortcut icon\" type=\"image/ico\" href=\"/assets/favicon-bc234827.ico\" />\n  <link href=\"https://fonts.googleapis.com/css?family=Roboto:300,400,500\" rel=\"stylesheet\" />\n  <title>Pentaract UI</title>\n\n  <style>\n    *,\n    html {\n      margin: 0;\n      padding: 0;\n    }\n  </style>\n  <script type=\"module\" crossorigin src=\"/assets/index-58b24b54.js\"></script>\n  <link rel=\"stylesheet\" href=\"/assets/index-a4f6c957.css\">\n</head>\n\n<body>\n  <noscript>Wanna write ur own UI without js?! Go ahead, don't disturb others</noscript>\n  <div id=\"root\"></div>\n\n  \n</body>\n\n</html>\n" loading=false stripedRows=""  ... > 
  at <OrdersView onVnodeUnmounted=fn<onVnodeUnmounted> ref=Ref< Proxy(Object) > > 
  at <RouterView> 
  at <AppLayout onVnodeUnmounted=fn<onVnodeUnmounted> ref=Ref< Proxy(Object) > > 
  at <RouterView> 
  at <App> @ http://localhost:5277/node_modules/@vue/runtime-core/dist/runtime-core.esm-bundler.js:49
[    4117ms] [WARNING] [Vue warn]: Invalid prop: type check failed for prop "rowData". Expected Object, got String with value ">". 
  at <BodyCell key="client_id" rowData=">" column= {__v_isVNode: true, __v_skip: true, type: Object, props: Object, key: null}  ... > 
  at <BodyRow key=undefined rowData=">" index=14  ... > 
  at <TableBody ref="bodyRef" value="<!DOCTYPE html>\n<htm" class=""  ... > 
  at <VirtualScroller ref="virtualScroller" items="<!DOCTYPE html>\n<html lang=\"en\">\n\n<head>\n  <meta charset=\"utf-8\" />\n  <meta name=\"viewport\" content=\"width=device-width, initial-scale=1\" />\n  <meta name=\"theme-color\" content=\"#000000\" />\n  <link rel=\"shortcut icon\" type=\"image/ico\" href=\"/assets/favicon-bc234827.ico\" />\n  <link href=\"https://fonts.googleapis.com/css?family=Roboto:300,400,500\" rel=\"stylesheet\" />\n  <title>Pentaract UI</title>\n\n  <style>\n    *,\n    html {\n      margin: 0;\n      padding: 0;\n    }\n  </style>\n  <script type=\"module\" crossorigin src=\"/assets/index-58b24b54.js\"></script>\n  <link rel=\"stylesheet\" href=\"/assets/index-a4f6c957.css\">\n</head>\n\n<body>\n  <noscript>Wanna write ur own UI without js?! Go ahead, don't disturb others</noscript>\n  <div id=\"root\"></div>\n\n  \n</body>\n\n</html>\n" columns= [Object, Object, Object, Object, Object, Object]  ... > 
  at <DataTable value="<!DOCTYPE html>\n<html lang=\"en\">\n\n<head>\n  <meta charset=\"utf-8\" />\n  <meta name=\"viewport\" content=\"width=device-width, initial-scale=1\" />\n  <meta name=\"theme-color\" content=\"#000000\" />\n  <link rel=\"shortcut icon\" type=\"image/ico\" href=\"/assets/favicon-bc234827.ico\" />\n  <link href=\"https://fonts.googleapis.com/css?family=Roboto:300,400,500\" rel=\"stylesheet\" />\n  <title>Pentaract UI</title>\n\n  <style>\n    *,\n    html {\n      margin: 0;\n      padding: 0;\n    }\n  </style>\n  <script type=\"module\" crossorigin src=\"/assets/index-58b24b54.js\"></script>\n  <link rel=\"stylesheet\" href=\"/assets/index-a4f6c957.css\">\n</head>\n\n<body>\n  <noscript>Wanna write ur own UI without js?! Go ahead, don't disturb others</noscript>\n  <div id=\"root\"></div>\n\n  \n</body>\n\n</html>\n" loading=false stripedRows=""  ... > 
  at <OrdersView onVnodeUnmounted=fn<onVnodeUnmounted> ref=Ref< Proxy(Object) > > 
  at <RouterView> 
  at <AppLayout onVnodeUnmounted=fn<onVnodeUnmounted> ref=Ref< Proxy(Object) > > 
  at <RouterView> 
  at <App> @ http://localhost:5277/node_modules/@vue/runtime-core/dist/runtime-core.esm-bundler.js:49
[    4121ms] [WARNING] [Vue warn]: Invalid prop: type check failed for prop "rowData". Expected Object, got String with value ">". 
  at <BodyCell key="source" rowData=">" column= {__v_isVNode: true, __v_skip: true, type: Object, props: Object, key: null}  ... > 
  at <BodyRow key=undefined rowData=">" index=14  ... > 
  at <TableBody ref="bodyRef" value="<!DOCTYPE html>\n<htm" class=""  ... > 
  at <VirtualScroller ref="virtualScroller" items="<!DOCTYPE html>\n<html lang=\"en\">\n\n<head>\n  <meta charset=\"utf-8\" />\n  <meta name=\"viewport\" content=\"width=device-width, initial-scale=1\" />\n  <meta name=\"theme-color\" content=\"#000000\" />\n  <link rel=\"shortcut icon\" type=\"image/ico\" href=\"/assets/favicon-bc234827.ico\" />\n  <link href=\"https://fonts.googleapis.com/css?family=Roboto:300,400,500\" rel=\"stylesheet\" />\n  <title>Pentaract UI</title>\n\n  <style>\n    *,\n    html {\n      margin: 0;\n      padding: 0;\n    }\n  </style>\n  <script type=\"module\" crossorigin src=\"/assets/index-58b24b54.js\"></script>\n  <link rel=\"stylesheet\" href=\"/assets/index-a4f6c957.css\">\n</head>\n\n<body>\n  <noscript>Wanna write ur own UI without js?! Go ahead, don't disturb others</noscript>\n  <div id=\"root\"></div>\n\n  \n</body>\n\n</html>\n" columns= [Object, Object, Object, Object, Object, Object]  ... > 
  at <DataTable value="<!DOCTYPE html>\n<html lang=\"en\">\n\n<head>\n  <meta charset=\"utf-8\" />\n  <meta name=\"viewport\" content=\"width=device-width, initial-scale=1\" />\n  <meta name=\"theme-color\" content=\"#000000\" />\n  <link rel=\"shortcut icon\" type=\"image/ico\" href=\"/assets/favicon-bc234827.ico\" />\n  <link href=\"https://fonts.googleapis.com/css?family=Roboto:300,400,500\" rel=\"stylesheet\" />\n  <title>Pentaract UI</title>\n\n  <style>\n    *,\n    html {\n      margin: 0;\n      padding: 0;\n    }\n  </style>\n  <script type=\"module\" crossorigin src=\"/assets/index-58b24b54.js\"></script>\n  <link rel=\"stylesheet\" href=\"/assets/index-a4f6c957.css\">\n</head>\n\n<body>\n  <noscript>Wanna write ur own UI without js?! Go ahead, don't disturb others</noscript>\n  <div id=\"root\"></div>\n\n  \n</body>\n\n</html>\n" loading=false stripedRows=""  ... > 
  at <OrdersView onVnodeUnmounted=fn<onVnodeUnmounted> ref=Ref< Proxy(Object) > > 
  at <RouterView> 
  at <AppLayout onVnodeUnmounted=fn<onVnodeUnmounted> ref=Ref< Proxy(Object) > > 
  at <RouterView> 
  at <App> @ http://localhost:5277/node_modules/@vue/runtime-core/dist/runtime-core.esm-bundler.js:49
[    4125ms] [WARNING] [Vue warn]: Invalid prop: type check failed for prop "rowData". Expected Object, got String with value ">". 
  at <BodyCell key="status" rowData=">" column= {__v_isVNode: true, __v_skip: true, type: Object, props: Object, key: null}  ... > 
  at <BodyRow key=undefined rowData=">" index=14  ... > 
  at <TableBody ref="bodyRef" value="<!DOCTYPE html>\n<htm" class=""  ... > 
  at <VirtualScroller ref="virtualScroller" items="<!DOCTYPE html>\n<html lang=\"en\">\n\n<head>\n  <meta charset=\"utf-8\" />\n  <meta name=\"viewport\" content=\"width=device-width, initial-scale=1\" />\n  <meta name=\"theme-color\" content=\"#000000\" />\n  <link rel=\"shortcut icon\" type=\"image/ico\" href=\"/assets/favicon-bc234827.ico\" />\n  <link href=\"https://fonts.googleapis.com/css?family=Roboto:300,400,500\" rel=\"stylesheet\" />\n  <title>Pentaract UI</title>\n\n  <style>\n    *,\n    html {\n      margin: 0;\n      padding: 0;\n    }\n  </style>\n  <script type=\"module\" crossorigin src=\"/assets/index-58b24b54.js\"></script>\n  <link rel=\"stylesheet\" href=\"/assets/index-a4f6c957.css\">\n</head>\n\n<body>\n  <noscript>Wanna write ur own UI without js?! Go ahead, don't disturb others</noscript>\n  <div id=\"root\"></div>\n\n  \n</body>\n\n</html>\n" columns= [Object, Object, Object, Object, Object, Object]  ... > 
  at <DataTable value="<!DOCTYPE html>\n<html lang=\"en\">\n\n<head>\n  <meta charset=\"utf-8\" />\n  <meta name=\"viewport\" content=\"width=device-width, initial-scale=1\" />\n  <meta name=\"theme-color\" content=\"#000000\" />\n  <link rel=\"shortcut icon\" type=\"image/ico\" href=\"/assets/favicon-bc234827.ico\" />\n  <link href=\"https://fonts.googleapis.com/css?family=Roboto:300,400,500\" rel=\"stylesheet\" />\n  <title>Pentaract UI</title>\n\n  <style>\n    *,\n    html {\n      margin: 0;\n      padding: 0;\n    }\n  </style>\n  <script type=\"module\" crossorigin src=\"/assets/index-58b24b54.js\"></script>\n  <link rel=\"stylesheet\" href=\"/assets/index-a4f6c957.css\">\n</head>\n\n<body>\n  <noscript>Wanna write ur own UI without js?! Go ahead, don't disturb others</noscript>\n  <div id=\"root\"></div>\n\n  \n</body>\n\n</html>\n" loading=false stripedRows=""  ... > 
  at <OrdersView onVnodeUnmounted=fn<onVnodeUnmounted> ref=Ref< Proxy(Object) > > 
  at <RouterView> 
  at <AppLayout onVnodeUnmounted=fn<onVnodeUnmounted> ref=Ref< Proxy(Object) > > 
  at <RouterView> 
  at <App> @ http://localhost:5277/node_modules/@vue/runtime-core/dist/runtime-core.esm-bundler.js:49
[    4152ms] [WARNING] [Vue warn]: Invalid prop: type check failed for prop "rowData". Expected Object, got String with value ">". 
  at <BodyCell key="created_at" rowData=">" column= {__v_isVNode: true, __v_skip: true, type: Object, props: Object, key: null}  ... > 
  at <BodyRow key=undefined rowData=">" index=14  ... > 
  at <TableBody ref="bodyRef" value="<!DOCTYPE html>\n<htm" class=""  ... > 
  at <VirtualScroller ref="virtualScroller" items="<!DOCTYPE html>\n<html lang=\"en\">\n\n<head>\n  <meta charset=\"utf-8\" />\n  <meta name=\"viewport\" content=\"width=device-width, initial-scale=1\" />\n  <meta name=\"theme-color\" content=\"#000000\" />\n  <link rel=\"shortcut icon\" type=\"image/ico\" href=\"/assets/favicon-bc234827.ico\" />\n  <link href=\"https://fonts.googleapis.com/css?family=Roboto:300,400,500\" rel=\"stylesheet\" />\n  <title>Pentaract UI</title>\n\n  <style>\n    *,\n    html {\n      margin: 0;\n      padding: 0;\n    }\n  </style>\n  <script type=\"module\" crossorigin src=\"/assets/index-58b24b54.js\"></script>\n  <link rel=\"stylesheet\" href=\"/assets/index-a4f6c957.css\">\n</head>\n\n<body>\n  <noscript>Wanna write ur own UI without js?! Go ahead, don't disturb others</noscript>\n  <div id=\"root\"></div>\n\n  \n</body>\n\n</html>\n" columns= [Object, Object, Object, Object, Object, Object]  ... > 
  at <DataTable value="<!DOCTYPE html>\n<html lang=\"en\">\n\n<head>\n  <meta charset=\"utf-8\" />\n  <meta name=\"viewport\" content=\"width=device-width, initial-scale=1\" />\n  <meta name=\"theme-color\" content=\"#000000\" />\n  <link rel=\"shortcut icon\" type=\"image/ico\" href=\"/assets/favicon-bc234827.ico\" />\n  <link href=\"https://fonts.googleapis.com/css?family=Roboto:300,400,500\" rel=\"stylesheet\" />\n  <title>Pentaract UI</title>\n\n  <style>\n    *,\n    html {\n      margin: 0;\n      padding: 0;\n    }\n  </style>\n  <script type=\"module\" crossorigin src=\"/assets/index-58b24b54.js\"></script>\n  <link rel=\"stylesheet\" href=\"/assets/index-a4f6c957.css\">\n</head>\n\n<body>\n  <noscript>Wanna write ur own UI without js?! Go ahead, don't disturb others</noscript>\n  <div id=\"root\"></div>\n\n  \n</body>\n\n</html>\n" loading=false stripedRows=""  ... > 
  at <OrdersView onVnodeUnmounted=fn<onVnodeUnmounted> ref=Ref< Proxy(Object) > > 
  at <RouterView> 
  at <AppLayout onVnodeUnmounted=fn<onVnodeUnmounted> ref=Ref< Proxy(Object) > > 
  at <RouterView> 
  at <App> @ http://localhost:5277/node_modules/@vue/runtime-core/dist/runtime-core.esm-bundler.js:49
[    4155ms] [WARNING] [Vue warn]: Invalid prop: type check failed for prop "rowData". Expected Object, got String with value ">". 
  at <BodyCell key=5 rowData=">" column= {__v_isVNode: true, __v_skip: true, type: Object, props: Object, key: null}  ... > 
  at <BodyRow key=undefined rowData=">" index=14  ... > 
  at <TableBody ref="bodyRef" value="<!DOCTYPE html>\n<htm" class=""  ... > 
  at <VirtualScroller ref="virtualScroller" items="<!DOCTYPE html>\n<html lang=\"en\">\n\n<head>\n  <meta charset=\"utf-8\" />\n  <meta name=\"viewport\" content=\"width=device-width, initial-scale=1\" />\n  <meta name=\"theme-color\" content=\"#000000\" />\n  <link rel=\"shortcut icon\" type=\"image/ico\" href=\"/assets/favicon-bc234827.ico\" />\n  <link href=\"https://fonts.googleapis.com/css?family=Roboto:300,400,500\" rel=\"stylesheet\" />\n  <title>Pentaract UI</title>\n\n  <style>\n    *,\n    html {\n      margin: 0;\n      padding: 0;\n    }\n  </style>\n  <script type=\"module\" crossorigin src=\"/assets/index-58b24b54.js\"></script>\n  <link rel=\"stylesheet\" href=\"/assets/index-a4f6c957.css\">\n</head>\n\n<body>\n  <noscript>Wanna write ur own UI without js?! Go ahead, don't disturb others</noscript>\n  <div id=\"root\"></div>\n\n  \n</body>\n\n</html>\n" columns= [Object, Object, Object, Object, Object, Object]  ... > 
  at <DataTable value="<!DOCTYPE html>\n<html lang=\"en\">\n\n<head>\n  <meta charset=\"utf-8\" />\n  <meta name=\"viewport\" content=\"width=device-width, initial-scale=1\" />\n  <meta name=\"theme-color\" content=\"#000000\" />\n  <link rel=\"shortcut icon\" type=\"image/ico\" href=\"/assets/favicon-bc234827.ico\" />\n  <link href=\"https://fonts.googleapis.com/css?family=Roboto:300,400,500\" rel=\"stylesheet\" />\n  <title>Pentaract UI</title>\n\n  <style>\n    *,\n    html {\n      margin: 0;\n      padding: 0;\n    }\n  </style>\n  <script type=\"module\" crossorigin src=\"/assets/index-58b24b54.js\"></script>\n  <link rel=\"stylesheet\" href=\"/assets/index-a4f6c957.css\">\n</head>\n\n<body>\n  <noscript>Wanna write ur own UI without js?! Go ahead, don't disturb others</noscript>\n  <div id=\"root\"></div>\n\n  \n</body>\n\n</html>\n" loading=false stripedRows=""  ... > 
  at <OrdersView onVnodeUnmounted=fn<onVnodeUnmounted> ref=Ref< Proxy(Object) > > 
  at <RouterView> 
  at <AppLayout onVnodeUnmounted=fn<onVnodeUnmounted> ref=Ref< Proxy(Object) > > 
  at <RouterView> 
  at <App> @ http://localhost:5277/node_modules/@vue/runtime-core/dist/runtime-core.esm-bundler.js:49
[    4158ms] [WARNING] [Vue warn]: Invalid prop: type check failed for prop "rowData". Expected Object, got String with value "
". 
  at <BodyRow key=undefined rowData="\n" index=15  ... > 
  at <TableBody ref="bodyRef" value="<!DOCTYPE html>\n<htm" class=""  ... > 
  at <VirtualScroller ref="virtualScroller" items="<!DOCTYPE html>\n<html lang=\"en\">\n\n<head>\n  <meta charset=\"utf-8\" />\n  <meta name=\"viewport\" content=\"width=device-width, initial-scale=1\" />\n  <meta name=\"theme-color\" content=\"#000000\" />\n  <link rel=\"shortcut icon\" type=\"image/ico\" href=\"/assets/favicon-bc234827.ico\" />\n  <link href=\"https://fonts.googleapis.com/css?family=Roboto:300,400,500\" rel=\"stylesheet\" />\n  <title>Pentaract UI</title>\n\n  <style>\n    *,\n    html {\n      margin: 0;\n      padding: 0;\n    }\n  </style>\n  <script type=\"module\" crossorigin src=\"/assets/index-58b24b54.js\"></script>\n  <link rel=\"stylesheet\" href=\"/assets/index-a4f6c957.css\">\n</head>\n\n<body>\n  <noscript>Wanna write ur own UI without js?! Go ahead, don't disturb others</noscript>\n  <div id=\"root\"></div>\n\n  \n</body>\n\n</html>\n" columns= [Object, Object, Object, Object, Object, Object]  ... > 
  at <DataTable value="<!DOCTYPE html>\n<html lang=\"en\">\n\n<head>\n  <meta charset=\"utf-8\" />\n  <meta name=\"viewport\" content=\"width=device-width, initial-scale=1\" />\n  <meta name=\"theme-color\" content=\"#000000\" />\n  <link rel=\"shortcut icon\" type=\"image/ico\" href=\"/assets/favicon-bc234827.ico\" />\n  <link href=\"https://fonts.googleapis.com/css?family=Roboto:300,400,500\" rel=\"stylesheet\" />\n  <title>Pentaract UI</title>\n\n  <style>\n    *,\n    html {\n      margin: 0;\n      padding: 0;\n    }\n  </style>\n  <script type=\"module\" crossorigin src=\"/assets/index-58b24b54.js\"></script>\n  <link rel=\"stylesheet\" href=\"/assets/index-a4f6c957.css\">\n</head>\n\n<body>\n  <noscript>Wanna write ur own UI without js?! Go ahead, don't disturb others</noscript>\n  <div id=\"root\"></div>\n\n  \n</body>\n\n</html>\n" loading=false stripedRows=""  ... > 
  at <OrdersView onVnodeUnmounted=fn<onVnodeUnmounted> ref=Ref< Proxy(Object) > > 
  at <RouterView> 
  at <AppLayout onVnodeUnmounted=fn<onVnodeUnmounted> ref=Ref< Proxy(Object) > > 
  at <RouterView> 
  at <App> @ http://localhost:5277/node_modules/@vue/runtime-core/dist/runtime-core.esm-bundler.js:49
[    4159ms] [WARNING] [Vue warn]: Invalid prop: type check failed for prop "value". Expected Array, got String with value "<!DOCTYPE html>
<htm". 
  at <BodyRow key=undefined rowData="\n" index=15  ... > 
  at <TableBody ref="bodyRef" value="<!DOCTYPE html>\n<htm" class=""  ... > 
  at <VirtualScroller ref="virtualScroller" items="<!DOCTYPE html>\n<html lang=\"en\">\n\n<head>\n  <meta charset=\"utf-8\" />\n  <meta name=\"viewport\" content=\"width=device-width, initial-scale=1\" />\n  <meta name=\"theme-color\" content=\"#000000\" />\n  <link rel=\"shortcut icon\" type=\"image/ico\" href=\"/assets/favicon-bc234827.ico\" />\n  <link href=\"https://fonts.googleapis.com/css?family=Roboto:300,400,500\" rel=\"stylesheet\" />\n  <title>Pentaract UI</title>\n\n  <style>\n    *,\n    html {\n      margin: 0;\n      padding: 0;\n    }\n  </style>\n  <script type=\"module\" crossorigin src=\"/assets/index-58b24b54.js\"></script>\n  <link rel=\"stylesheet\" href=\"/assets/index-a4f6c957.css\">\n</head>\n\n<body>\n  <noscript>Wanna write ur own UI without js?! Go ahead, don't disturb others</noscript>\n  <div id=\"root\"></div>\n\n  \n</body>\n\n</html>\n" columns= [Object, Object, Object, Object, Object, Object]  ... > 
  at <DataTable value="<!DOCTYPE html>\n<html lang=\"en\">\n\n<head>\n  <meta charset=\"utf-8\" />\n  <meta name=\"viewport\" content=\"width=device-width, initial-scale=1\" />\n  <meta name=\"theme-color\" content=\"#000000\" />\n  <link rel=\"shortcut icon\" type=\"image/ico\" href=\"/assets/favicon-bc234827.ico\" />\n  <link href=\"https://fonts.googleapis.com/css?family=Roboto:300,400,500\" rel=\"stylesheet\" />\n  <title>Pentaract UI</title>\n\n  <style>\n    *,\n    html {\n      margin: 0;\n      padding: 0;\n    }\n  </style>\n  <script type=\"module\" crossorigin src=\"/assets/index-58b24b54.js\"></script>\n  <link rel=\"stylesheet\" href=\"/assets/index-a4f6c957.css\">\n</head>\n\n<body>\n  <noscript>Wanna write ur own UI without js?! Go ahead, don't disturb others</noscript>\n  <div id=\"root\"></div>\n\n  \n</body>\n\n</html>\n" loading=false stripedRows=""  ... > 
  at <OrdersView onVnodeUnmounted=fn<onVnodeUnmounted> ref=Ref< Proxy(Object) > > 
  at <RouterView> 
  at <AppLayout onVnodeUnmounted=fn<onVnodeUnmounted> ref=Ref< Proxy(Object) > > 
  at <RouterView> 
  at <App> @ http://localhost:5277/node_modules/@vue/runtime-core/dist/runtime-core.esm-bundler.js:49
[    4163ms] [WARNING] [Vue warn]: Invalid prop: type check failed for prop "rowData". Expected Object, got String with value "
". 
  at <BodyCell key="id" rowData="\n" column= {__v_isVNode: true, __v_skip: true, type: Object, props: Object, key: null}  ... > 
  at <BodyRow key=undefined rowData="\n" index=15  ... > 
  at <TableBody ref="bodyRef" value="<!DOCTYPE html>\n<htm" class=""  ... > 
  at <VirtualScroller ref="virtualScroller" items="<!DOCTYPE html>\n<html lang=\"en\">\n\n<head>\n  <meta charset=\"utf-8\" />\n  <meta name=\"viewport\" content=\"width=device-width, initial-scale=1\" />\n  <meta name=\"theme-color\" content=\"#000000\" />\n  <link rel=\"shortcut icon\" type=\"image/ico\" href=\"/assets/favicon-bc234827.ico\" />\n  <link href=\"https://fonts.googleapis.com/css?family=Roboto:300,400,500\" rel=\"stylesheet\" />\n  <title>Pentaract UI</title>\n\n  <style>\n    *,\n    html {\n      margin: 0;\n      padding: 0;\n    }\n  </style>\n  <script type=\"module\" crossorigin src=\"/assets/index-58b24b54.js\"></script>\n  <link rel=\"stylesheet\" href=\"/assets/index-a4f6c957.css\">\n</head>\n\n<body>\n  <noscript>Wanna write ur own UI without js?! Go ahead, don't disturb others</noscript>\n  <div id=\"root\"></div>\n\n  \n</body>\n\n</html>\n" columns= [Object, Object, Object, Object, Object, Object]  ... > 
  at <DataTable value="<!DOCTYPE html>\n<html lang=\"en\">\n\n<head>\n  <meta charset=\"utf-8\" />\n  <meta name=\"viewport\" content=\"width=device-width, initial-scale=1\" />\n  <meta name=\"theme-color\" content=\"#000000\" />\n  <link rel=\"shortcut icon\" type=\"image/ico\" href=\"/assets/favicon-bc234827.ico\" />\n  <link href=\"https://fonts.googleapis.com/css?family=Roboto:300,400,500\" rel=\"stylesheet\" />\n  <title>Pentaract UI</title>\n\n  <style>\n    *,\n    html {\n      margin: 0;\n      padding: 0;\n    }\n  </style>\n  <script type=\"module\" crossorigin src=\"/assets/index-58b24b54.js\"></script>\n  <link rel=\"stylesheet\" href=\"/assets/index-a4f6c957.css\">\n</head>\n\n<body>\n  <noscript>Wanna write ur own UI without js?! Go ahead, don't disturb others</noscript>\n  <div id=\"root\"></div>\n\n  \n</body>\n\n</html>\n" loading=false stripedRows=""  ... > 
  at <OrdersView onVnodeUnmounted=fn<onVnodeUnmounted> ref=Ref< Proxy(Object) > > 
  at <RouterView> 
  at <AppLayout onVnodeUnmounted=fn<onVnodeUnmounted> ref=Ref< Proxy(Object) > > 
  at <RouterView> 
  at <App> @ http://localhost:5277/node_modules/@vue/runtime-core/dist/runtime-core.esm-bundler.js:49
[    4166ms] [WARNING] [Vue warn]: Invalid prop: type check failed for prop "rowData". Expected Object, got String with value "
". 
  at <BodyCell key="client_id" rowData="\n" column= {__v_isVNode: true, __v_skip: true, type: Object, props: Object, key: null}  ... > 
  at <BodyRow key=undefined rowData="\n" index=15  ... > 
  at <TableBody ref="bodyRef" value="<!DOCTYPE html>\n<htm" class=""  ... > 
  at <VirtualScroller ref="virtualScroller" items="<!DOCTYPE html>\n<html lang=\"en\">\n\n<head>\n  <meta charset=\"utf-8\" />\n  <meta name=\"viewport\" content=\"width=device-width, initial-scale=1\" />\n  <meta name=\"theme-color\" content=\"#000000\" />\n  <link rel=\"shortcut icon\" type=\"image/ico\" href=\"/assets/favicon-bc234827.ico\" />\n  <link href=\"https://fonts.googleapis.com/css?family=Roboto:300,400,500\" rel=\"stylesheet\" />\n  <title>Pentaract UI</title>\n\n  <style>\n    *,\n    html {\n      margin: 0;\n      padding: 0;\n    }\n  </style>\n  <script type=\"module\" crossorigin src=\"/assets/index-58b24b54.js\"></script>\n  <link rel=\"stylesheet\" href=\"/assets/index-a4f6c957.css\">\n</head>\n\n<body>\n  <noscript>Wanna write ur own UI without js?! Go ahead, don't disturb others</noscript>\n  <div id=\"root\"></div>\n\n  \n</body>\n\n</html>\n" columns= [Object, Object, Object, Object, Object, Object]  ... > 
  at <DataTable value="<!DOCTYPE html>\n<html lang=\"en\">\n\n<head>\n  <meta charset=\"utf-8\" />\n  <meta name=\"viewport\" content=\"width=device-width, initial-scale=1\" />\n  <meta name=\"theme-color\" content=\"#000000\" />\n  <link rel=\"shortcut icon\" type=\"image/ico\" href=\"/assets/favicon-bc234827.ico\" />\n  <link href=\"https://fonts.googleapis.com/css?family=Roboto:300,400,500\" rel=\"stylesheet\" />\n  <title>Pentaract UI</title>\n\n  <style>\n    *,\n    html {\n      margin: 0;\n      padding: 0;\n    }\n  </style>\n  <script type=\"module\" crossorigin src=\"/assets/index-58b24b54.js\"></script>\n  <link rel=\"stylesheet\" href=\"/assets/index-a4f6c957.css\">\n</head>\n\n<body>\n  <noscript>Wanna write ur own UI without js?! Go ahead, don't disturb others</noscript>\n  <div id=\"root\"></div>\n\n  \n</body>\n\n</html>\n" loading=false stripedRows=""  ... > 
  at <OrdersView onVnodeUnmounted=fn<onVnodeUnmounted> ref=Ref< Proxy(Object) > > 
  at <RouterView> 
  at <AppLayout onVnodeUnmounted=fn<onVnodeUnmounted> ref=Ref< Proxy(Object) > > 
  at <RouterView> 
  at <App> @ http://localhost:5277/node_modules/@vue/runtime-core/dist/runtime-core.esm-bundler.js:49
[    4169ms] [WARNING] [Vue warn]: Invalid prop: type check failed for prop "rowData". Expected Object, got String with value "
". 
  at <BodyCell key="source" rowData="\n" column= {__v_isVNode: true, __v_skip: true, type: Object, props: Object, key: null}  ... > 
  at <BodyRow key=undefined rowData="\n" index=15  ... > 
  at <TableBody ref="bodyRef" value="<!DOCTYPE html>\n<htm" class=""  ... > 
  at <VirtualScroller ref="virtualScroller" items="<!DOCTYPE html>\n<html lang=\"en\">\n\n<head>\n  <meta charset=\"utf-8\" />\n  <meta name=\"viewport\" content=\"width=device-width, initial-scale=1\" />\n  <meta name=\"theme-color\" content=\"#000000\" />\n  <link rel=\"shortcut icon\" type=\"image/ico\" href=\"/assets/favicon-bc234827.ico\" />\n  <link href=\"https://fonts.googleapis.com/css?family=Roboto:300,400,500\" rel=\"stylesheet\" />\n  <title>Pentaract UI</title>\n\n  <style>\n    *,\n    html {\n      margin: 0;\n      padding: 0;\n    }\n  </style>\n  <script type=\"module\" crossorigin src=\"/assets/index-58b24b54.js\"></script>\n  <link rel=\"stylesheet\" href=\"/assets/index-a4f6c957.css\">\n</head>\n\n<body>\n  <noscript>Wanna write ur own UI without js?! Go ahead, don't disturb others</noscript>\n  <div id=\"root\"></div>\n\n  \n</body>\n\n</html>\n" columns= [Object, Object, Object, Object, Object, Object]  ... > 
  at <DataTable value="<!DOCTYPE html>\n<html lang=\"en\">\n\n<head>\n  <meta charset=\"utf-8\" />\n  <meta name=\"viewport\" content=\"width=device-width, initial-scale=1\" />\n  <meta name=\"theme-color\" content=\"#000000\" />\n  <link rel=\"shortcut icon\" type=\"image/ico\" href=\"/assets/favicon-bc234827.ico\" />\n  <link href=\"https://fonts.googleapis.com/css?family=Roboto:300,400,500\" rel=\"stylesheet\" />\n  <title>Pentaract UI</title>\n\n  <style>\n    *,\n    html {\n      margin: 0;\n      padding: 0;\n    }\n  </style>\n  <script type=\"module\" crossorigin src=\"/assets/index-58b24b54.js\"></script>\n  <link rel=\"stylesheet\" href=\"/assets/index-a4f6c957.css\">\n</head>\n\n<body>\n  <noscript>Wanna write ur own UI without js?! Go ahead, don't disturb others</noscript>\n  <div id=\"root\"></div>\n\n  \n</body>\n\n</html>\n" loading=false stripedRows=""  ... > 
  at <OrdersView onVnodeUnmounted=fn<onVnodeUnmounted> ref=Ref< Proxy(Object) > > 
  at <RouterView> 
  at <AppLayout onVnodeUnmounted=fn<onVnodeUnmounted> ref=Ref< Proxy(Object) > > 
  at <RouterView> 
  at <App> @ http://localhost:5277/node_modules/@vue/runtime-core/dist/runtime-core.esm-bundler.js:49
[    4172ms] [WARNING] [Vue warn]: Invalid prop: type check failed for prop "rowData". Expected Object, got String with value "
". 
  at <BodyCell key="status" rowData="\n" column= {__v_isVNode: true, __v_skip: true, type: Object, props: Object, key: null}  ... > 
  at <BodyRow key=undefined rowData="\n" index=15  ... > 
  at <TableBody ref="bodyRef" value="<!DOCTYPE html>\n<htm" class=""  ... > 
  at <VirtualScroller ref="virtualScroller" items="<!DOCTYPE html>\n<html lang=\"en\">\n\n<head>\n  <meta charset=\"utf-8\" />\n  <meta name=\"viewport\" content=\"width=device-width, initial-scale=1\" />\n  <meta name=\"theme-color\" content=\"#000000\" />\n  <link rel=\"shortcut icon\" type=\"image/ico\" href=\"/assets/favicon-bc234827.ico\" />\n  <link href=\"https://fonts.googleapis.com/css?family=Roboto:300,400,500\" rel=\"stylesheet\" />\n  <title>Pentaract UI</title>\n\n  <style>\n    *,\n    html {\n      margin: 0;\n      padding: 0;\n    }\n  </style>\n  <script type=\"module\" crossorigin src=\"/assets/index-58b24b54.js\"></script>\n  <link rel=\"stylesheet\" href=\"/assets/index-a4f6c957.css\">\n</head>\n\n<body>\n  <noscript>Wanna write ur own UI without js?! Go ahead, don't disturb others</noscript>\n  <div id=\"root\"></div>\n\n  \n</body>\n\n</html>\n" columns= [Object, Object, Object, Object, Object, Object]  ... > 
  at <DataTable value="<!DOCTYPE html>\n<html lang=\"en\">\n\n<head>\n  <meta charset=\"utf-8\" />\n  <meta name=\"viewport\" content=\"width=device-width, initial-scale=1\" />\n  <meta name=\"theme-color\" content=\"#000000\" />\n  <link rel=\"shortcut icon\" type=\"image/ico\" href=\"/assets/favicon-bc234827.ico\" />\n  <link href=\"https://fonts.googleapis.com/css?family=Roboto:300,400,500\" rel=\"stylesheet\" />\n  <title>Pentaract UI</title>\n\n  <style>\n    *,\n    html {\n      margin: 0;\n      padding: 0;\n    }\n  </style>\n  <script type=\"module\" crossorigin src=\"/assets/index-58b24b54.js\"></script>\n  <link rel=\"stylesheet\" href=\"/assets/index-a4f6c957.css\">\n</head>\n\n<body>\n  <noscript>Wanna write ur own UI without js?! Go ahead, don't disturb others</noscript>\n  <div id=\"root\"></div>\n\n  \n</body>\n\n</html>\n" loading=false stripedRows=""  ... > 
  at <OrdersView onVnodeUnmounted=fn<onVnodeUnmounted> ref=Ref< Proxy(Object) > > 
  at <RouterView> 
  at <AppLayout onVnodeUnmounted=fn<onVnodeUnmounted> ref=Ref< Proxy(Object) > > 
  at <RouterView> 
  at <App> @ http://localhost:5277/node_modules/@vue/runtime-core/dist/runtime-core.esm-bundler.js:49
[    4176ms] [WARNING] [Vue warn]: Invalid prop: type check failed for prop "rowData". Expected Object, got String with value "
". 
  at <BodyCell key="created_at" rowData="\n" column= {__v_isVNode: true, __v_skip: true, type: Object, props: Object, key: null}  ... > 
  at <BodyRow key=undefined rowData="\n" index=15  ... > 
  at <TableBody ref="bodyRef" value="<!DOCTYPE html>\n<htm" class=""  ... > 
  at <VirtualScroller ref="virtualScroller" items="<!DOCTYPE html>\n<html lang=\"en\">\n\n<head>\n  <meta charset=\"utf-8\" />\n  <meta name=\"viewport\" content=\"width=device-width, initial-scale=1\" />\n  <meta name=\"theme-color\" content=\"#000000\" />\n  <link rel=\"shortcut icon\" type=\"image/ico\" href=\"/assets/favicon-bc234827.ico\" />\n  <link href=\"https://fonts.googleapis.com/css?family=Roboto:300,400,500\" rel=\"stylesheet\" />\n  <title>Pentaract UI</title>\n\n  <style>\n    *,\n    html {\n      margin: 0;\n      padding: 0;\n    }\n  </style>\n  <script type=\"module\" crossorigin src=\"/assets/index-58b24b54.js\"></script>\n  <link rel=\"stylesheet\" href=\"/assets/index-a4f6c957.css\">\n</head>\n\n<body>\n  <noscript>Wanna write ur own UI without js?! Go ahead, don't disturb others</noscript>\n  <div id=\"root\"></div>\n\n  \n</body>\n\n</html>\n" columns= [Object, Object, Object, Object, Object, Object]  ... > 
  at <DataTable value="<!DOCTYPE html>\n<html lang=\"en\">\n\n<head>\n  <meta charset=\"utf-8\" />\n  <meta name=\"viewport\" content=\"width=device-width, initial-scale=1\" />\n  <meta name=\"theme-color\" content=\"#000000\" />\n  <link rel=\"shortcut icon\" type=\"image/ico\" href=\"/assets/favicon-bc234827.ico\" />\n  <link href=\"https://fonts.googleapis.com/css?family=Roboto:300,400,500\" rel=\"stylesheet\" />\n  <title>Pentaract UI</title>\n\n  <style>\n    *,\n    html {\n      margin: 0;\n      padding: 0;\n    }\n  </style>\n  <script type=\"module\" crossorigin src=\"/assets/index-58b24b54.js\"></script>\n  <link rel=\"stylesheet\" href=\"/assets/index-a4f6c957.css\">\n</head>\n\n<body>\n  <noscript>Wanna write ur own UI without js?! Go ahead, don't disturb others</noscript>\n  <div id=\"root\"></div>\n\n  \n</body>\n\n</html>\n" loading=false stripedRows=""  ... > 
  at <OrdersView onVnodeUnmounted=fn<onVnodeUnmounted> ref=Ref< Proxy(Object) > > 
  at <RouterView> 
  at <AppLayout onVnodeUnmounted=fn<onVnodeUnmounted> ref=Ref< Proxy(Object) > > 
  at <RouterView> 
  at <App> @ http://localhost:5277/node_modules/@vue/runtime-core/dist/runtime-core.esm-bundler.js:49
[    4179ms] [WARNING] [Vue warn]: Invalid prop: type check failed for prop "rowData". Expected Object, got String with value "
". 
  at <BodyCell key=5 rowData="\n" column= {__v_isVNode: true, __v_skip: true, type: Object, props: Object, key: null}  ... > 
  at <BodyRow key=undefined rowData="\n" index=15  ... > 
  at <TableBody ref="bodyRef" value="<!DOCTYPE html>\n<htm" class=""  ... > 
  at <VirtualScroller ref="virtualScroller" items="<!DOCTYPE html>\n<html lang=\"en\">\n\n<head>\n  <meta charset=\"utf-8\" />\n  <meta name=\"viewport\" content=\"width=device-width, initial-scale=1\" />\n  <meta name=\"theme-color\" content=\"#000000\" />\n  <link rel=\"shortcut icon\" type=\"image/ico\" href=\"/assets/favicon-bc234827.ico\" />\n  <link href=\"https://fonts.googleapis.com/css?family=Roboto:300,400,500\" rel=\"stylesheet\" />\n  <title>Pentaract UI</title>\n\n  <style>\n    *,\n    html {\n      margin: 0;\n      padding: 0;\n    }\n  </style>\n  <script type=\"module\" crossorigin src=\"/assets/index-58b24b54.js\"></script>\n  <link rel=\"stylesheet\" href=\"/assets/index-a4f6c957.css\">\n</head>\n\n<body>\n  <noscript>Wanna write ur own UI without js?! Go ahead, don't disturb others</noscript>\n  <div id=\"root\"></div>\n\n  \n</body>\n\n</html>\n" columns= [Object, Object, Object, Object, Object, Object]  ... > 
  at <DataTable value="<!DOCTYPE html>\n<html lang=\"en\">\n\n<head>\n  <meta charset=\"utf-8\" />\n  <meta name=\"viewport\" content=\"width=device-width, initial-scale=1\" />\n  <meta name=\"theme-color\" content=\"#000000\" />\n  <link rel=\"shortcut icon\" type=\"image/ico\" href=\"/assets/favicon-bc234827.ico\" />\n  <link href=\"https://fonts.googleapis.com/css?family=Roboto:300,400,500\" rel=\"stylesheet\" />\n  <title>Pentaract UI</title>\n\n  <style>\n    *,\n    html {\n      margin: 0;\n      padding: 0;\n    }\n  </style>\n  <script type=\"module\" crossorigin src=\"/assets/index-58b24b54.js\"></script>\n  <link rel=\"stylesheet\" href=\"/assets/index-a4f6c957.css\">\n</head>\n\n<body>\n  <noscript>Wanna write ur own UI without js?! Go ahead, don't disturb others</noscript>\n  <div id=\"root\"></div>\n\n  \n</body>\n\n</html>\n" loading=false stripedRows=""  ... > 
  at <OrdersView onVnodeUnmounted=fn<onVnodeUnmounted> ref=Ref< Proxy(Object) > > 
  at <RouterView> 
  at <AppLayout onVnodeUnmounted=fn<onVnodeUnmounted> ref=Ref< Proxy(Object) > > 
  at <RouterView> 
  at <App> @ http://localhost:5277/node_modules/@vue/runtime-core/dist/runtime-core.esm-bundler.js:49
[    4184ms] [WARNING] [Vue warn]: Invalid prop: type check failed for prop "rowData". Expected Object, got String with value "<". 
  at <BodyRow key=undefined rowData="<" index=16  ... > 
  at <TableBody ref="bodyRef" value="<!DOCTYPE html>\n<htm" class=""  ... > 
  at <VirtualScroller ref="virtualScroller" items="<!DOCTYPE html>\n<html lang=\"en\">\n\n<head>\n  <meta charset=\"utf-8\" />\n  <meta name=\"viewport\" content=\"width=device-width, initial-scale=1\" />\n  <meta name=\"theme-color\" content=\"#000000\" />\n  <link rel=\"shortcut icon\" type=\"image/ico\" href=\"/assets/favicon-bc234827.ico\" />\n  <link href=\"https://fonts.googleapis.com/css?family=Roboto:300,400,500\" rel=\"stylesheet\" />\n  <title>Pentaract UI</title>\n\n  <style>\n    *,\n    html {\n      margin: 0;\n      padding: 0;\n    }\n  </style>\n  <script type=\"module\" crossorigin src=\"/assets/index-58b24b54.js\"></script>\n  <link rel=\"stylesheet\" href=\"/assets/index-a4f6c957.css\">\n</head>\n\n<body>\n  <noscript>Wanna write ur own UI without js?! Go ahead, don't disturb others</noscript>\n  <div id=\"root\"></div>\n\n  \n</body>\n\n</html>\n" columns= [Object, Object, Object, Object, Object, Object]  ... > 
  at <DataTable value="<!DOCTYPE html>\n<html lang=\"en\">\n\n<head>\n  <meta charset=\"utf-8\" />\n  <meta name=\"viewport\" content=\"width=device-width, initial-scale=1\" />\n  <meta name=\"theme-color\" content=\"#000000\" />\n  <link rel=\"shortcut icon\" type=\"image/ico\" href=\"/assets/favicon-bc234827.ico\" />\n  <link href=\"https://fonts.googleapis.com/css?family=Roboto:300,400,500\" rel=\"stylesheet\" />\n  <title>Pentaract UI</title>\n\n  <style>\n    *,\n    html {\n      margin: 0;\n      padding: 0;\n    }\n  </style>\n  <script type=\"module\" crossorigin src=\"/assets/index-58b24b54.js\"></script>\n  <link rel=\"stylesheet\" href=\"/assets/index-a4f6c957.css\">\n</head>\n\n<body>\n  <noscript>Wanna write ur own UI without js?! Go ahead, don't disturb others</noscript>\n  <div id=\"root\"></div>\n\n  \n</body>\n\n</html>\n" loading=false stripedRows=""  ... > 
  at <OrdersView onVnodeUnmounted=fn<onVnodeUnmounted> ref=Ref< Proxy(Object) > > 
  at <RouterView> 
  at <AppLayout onVnodeUnmounted=fn<onVnodeUnmounted> ref=Ref< Proxy(Object) > > 
  at <RouterView> 
  at <App> @ http://localhost:5277/node_modules/@vue/runtime-core/dist/runtime-core.esm-bundler.js:49
[    4185ms] [WARNING] [Vue warn]: Invalid prop: type check failed for prop "value". Expected Array, got String with value "<!DOCTYPE html>
<htm". 
  at <BodyRow key=undefined rowData="<" index=16  ... > 
  at <TableBody ref="bodyRef" value="<!DOCTYPE html>\n<htm" class=""  ... > 
  at <VirtualScroller ref="virtualScroller" items="<!DOCTYPE html>\n<html lang=\"en\">\n\n<head>\n  <meta charset=\"utf-8\" />\n  <meta name=\"viewport\" content=\"width=device-width, initial-scale=1\" />\n  <meta name=\"theme-color\" content=\"#000000\" />\n  <link rel=\"shortcut icon\" type=\"image/ico\" href=\"/assets/favicon-bc234827.ico\" />\n  <link href=\"https://fonts.googleapis.com/css?family=Roboto:300,400,500\" rel=\"stylesheet\" />\n  <title>Pentaract UI</title>\n\n  <style>\n    *,\n    html {\n      margin: 0;\n      padding: 0;\n    }\n  </style>\n  <script type=\"module\" crossorigin src=\"/assets/index-58b24b54.js\"></script>\n  <link rel=\"stylesheet\" href=\"/assets/index-a4f6c957.css\">\n</head>\n\n<body>\n  <noscript>Wanna write ur own UI without js?! Go ahead, don't disturb others</noscript>\n  <div id=\"root\"></div>\n\n  \n</body>\n\n</html>\n" columns= [Object, Object, Object, Object, Object, Object]  ... > 
  at <DataTable value="<!DOCTYPE html>\n<html lang=\"en\">\n\n<head>\n  <meta charset=\"utf-8\" />\n  <meta name=\"viewport\" content=\"width=device-width, initial-scale=1\" />\n  <meta name=\"theme-color\" content=\"#000000\" />\n  <link rel=\"shortcut icon\" type=\"image/ico\" href=\"/assets/favicon-bc234827.ico\" />\n  <link href=\"https://fonts.googleapis.com/css?family=Roboto:300,400,500\" rel=\"stylesheet\" />\n  <title>Pentaract UI</title>\n\n  <style>\n    *,\n    html {\n      margin: 0;\n      padding: 0;\n    }\n  </style>\n  <script type=\"module\" crossorigin src=\"/assets/index-58b24b54.js\"></script>\n  <link rel=\"stylesheet\" href=\"/assets/index-a4f6c957.css\">\n</head>\n\n<body>\n  <noscript>Wanna write ur own UI without js?! Go ahead, don't disturb others</noscript>\n  <div id=\"root\"></div>\n\n  \n</body>\n\n</html>\n" loading=false stripedRows=""  ... > 
  at <OrdersView onVnodeUnmounted=fn<onVnodeUnmounted> ref=Ref< Proxy(Object) > > 
  at <RouterView> 
  at <AppLayout onVnodeUnmounted=fn<onVnodeUnmounted> ref=Ref< Proxy(Object) > > 
  at <RouterView> 
  at <App> @ http://localhost:5277/node_modules/@vue/runtime-core/dist/runtime-core.esm-bundler.js:49
[    4187ms] [WARNING] [Vue warn]: Invalid prop: type check failed for prop "rowData". Expected Object, got String with value "<". 
  at <BodyCell key="id" rowData="<" column= {__v_isVNode: true, __v_skip: true, type: Object, props: Object, key: null}  ... > 
  at <BodyRow key=undefined rowData="<" index=16  ... > 
  at <TableBody ref="bodyRef" value="<!DOCTYPE html>\n<htm" class=""  ... > 
  at <VirtualScroller ref="virtualScroller" items="<!DOCTYPE html>\n<html lang=\"en\">\n\n<head>\n  <meta charset=\"utf-8\" />\n  <meta name=\"viewport\" content=\"width=device-width, initial-scale=1\" />\n  <meta name=\"theme-color\" content=\"#000000\" />\n  <link rel=\"shortcut icon\" type=\"image/ico\" href=\"/assets/favicon-bc234827.ico\" />\n  <link href=\"https://fonts.googleapis.com/css?family=Roboto:300,400,500\" rel=\"stylesheet\" />\n  <title>Pentaract UI</title>\n\n  <style>\n    *,\n    html {\n      margin: 0;\n      padding: 0;\n    }\n  </style>\n  <script type=\"module\" crossorigin src=\"/assets/index-58b24b54.js\"></script>\n  <link rel=\"stylesheet\" href=\"/assets/index-a4f6c957.css\">\n</head>\n\n<body>\n  <noscript>Wanna write ur own UI without js?! Go ahead, don't disturb others</noscript>\n  <div id=\"root\"></div>\n\n  \n</body>\n\n</html>\n" columns= [Object, Object, Object, Object, Object, Object]  ... > 
  at <DataTable value="<!DOCTYPE html>\n<html lang=\"en\">\n\n<head>\n  <meta charset=\"utf-8\" />\n  <meta name=\"viewport\" content=\"width=device-width, initial-scale=1\" />\n  <meta name=\"theme-color\" content=\"#000000\" />\n  <link rel=\"shortcut icon\" type=\"image/ico\" href=\"/assets/favicon-bc234827.ico\" />\n  <link href=\"https://fonts.googleapis.com/css?family=Roboto:300,400,500\" rel=\"stylesheet\" />\n  <title>Pentaract UI</title>\n\n  <style>\n    *,\n    html {\n      margin: 0;\n      padding: 0;\n    }\n  </style>\n  <script type=\"module\" crossorigin src=\"/assets/index-58b24b54.js\"></script>\n  <link rel=\"stylesheet\" href=\"/assets/index-a4f6c957.css\">\n</head>\n\n<body>\n  <noscript>Wanna write ur own UI without js?! Go ahead, don't disturb others</noscript>\n  <div id=\"root\"></div>\n\n  \n</body>\n\n</html>\n" loading=false stripedRows=""  ... > 
  at <OrdersView onVnodeUnmounted=fn<onVnodeUnmounted> ref=Ref< Proxy(Object) > > 
  at <RouterView> 
  at <AppLayout onVnodeUnmounted=fn<onVnodeUnmounted> ref=Ref< Proxy(Object) > > 
  at <RouterView> 
  at <App> @ http://localhost:5277/node_modules/@vue/runtime-core/dist/runtime-core.esm-bundler.js:49
[    4190ms] [WARNING] [Vue warn]: Invalid prop: type check failed for prop "rowData". Expected Object, got String with value "<". 
  at <BodyCell key="client_id" rowData="<" column= {__v_isVNode: true, __v_skip: true, type: Object, props: Object, key: null}  ... > 
  at <BodyRow key=undefined rowData="<" index=16  ... > 
  at <TableBody ref="bodyRef" value="<!DOCTYPE html>\n<htm" class=""  ... > 
  at <VirtualScroller ref="virtualScroller" items="<!DOCTYPE html>\n<html lang=\"en\">\n\n<head>\n  <meta charset=\"utf-8\" />\n  <meta name=\"viewport\" content=\"width=device-width, initial-scale=1\" />\n  <meta name=\"theme-color\" content=\"#000000\" />\n  <link rel=\"shortcut icon\" type=\"image/ico\" href=\"/assets/favicon-bc234827.ico\" />\n  <link href=\"https://fonts.googleapis.com/css?family=Roboto:300,400,500\" rel=\"stylesheet\" />\n  <title>Pentaract UI</title>\n\n  <style>\n    *,\n    html {\n      margin: 0;\n      padding: 0;\n    }\n  </style>\n  <script type=\"module\" crossorigin src=\"/assets/index-58b24b54.js\"></script>\n  <link rel=\"stylesheet\" href=\"/assets/index-a4f6c957.css\">\n</head>\n\n<body>\n  <noscript>Wanna write ur own UI without js?! Go ahead, don't disturb others</noscript>\n  <div id=\"root\"></div>\n\n  \n</body>\n\n</html>\n" columns= [Object, Object, Object, Object, Object, Object]  ... > 
  at <DataTable value="<!DOCTYPE html>\n<html lang=\"en\">\n\n<head>\n  <meta charset=\"utf-8\" />\n  <meta name=\"viewport\" content=\"width=device-width, initial-scale=1\" />\n  <meta name=\"theme-color\" content=\"#000000\" />\n  <link rel=\"shortcut icon\" type=\"image/ico\" href=\"/assets/favicon-bc234827.ico\" />\n  <link href=\"https://fonts.googleapis.com/css?family=Roboto:300,400,500\" rel=\"stylesheet\" />\n  <title>Pentaract UI</title>\n\n  <style>\n    *,\n    html {\n      margin: 0;\n      padding: 0;\n    }\n  </style>\n  <script type=\"module\" crossorigin src=\"/assets/index-58b24b54.js\"></script>\n  <link rel=\"stylesheet\" href=\"/assets/index-a4f6c957.css\">\n</head>\n\n<body>\n  <noscript>Wanna write ur own UI without js?! Go ahead, don't disturb others</noscript>\n  <div id=\"root\"></div>\n\n  \n</body>\n\n</html>\n" loading=false stripedRows=""  ... > 
  at <OrdersView onVnodeUnmounted=fn<onVnodeUnmounted> ref=Ref< Proxy(Object) > > 
  at <RouterView> 
  at <AppLayout onVnodeUnmounted=fn<onVnodeUnmounted> ref=Ref< Proxy(Object) > > 
  at <RouterView> 
  at <App> @ http://localhost:5277/node_modules/@vue/runtime-core/dist/runtime-core.esm-bundler.js:49
[    4192ms] [WARNING] [Vue warn]: Invalid prop: type check failed for prop "rowData". Expected Object, got String with value "<". 
  at <BodyCell key="source" rowData="<" column= {__v_isVNode: true, __v_skip: true, type: Object, props: Object, key: null}  ... > 
  at <BodyRow key=undefined rowData="<" index=16  ... > 
  at <TableBody ref="bodyRef" value="<!DOCTYPE html>\n<htm" class=""  ... > 
  at <VirtualScroller ref="virtualScroller" items="<!DOCTYPE html>\n<html lang=\"en\">\n\n<head>\n  <meta charset=\"utf-8\" />\n  <meta name=\"viewport\" content=\"width=device-width, initial-scale=1\" />\n  <meta name=\"theme-color\" content=\"#000000\" />\n  <link rel=\"shortcut icon\" type=\"image/ico\" href=\"/assets/favicon-bc234827.ico\" />\n  <link href=\"https://fonts.googleapis.com/css?family=Roboto:300,400,500\" rel=\"stylesheet\" />\n  <title>Pentaract UI</title>\n\n  <style>\n    *,\n    html {\n      margin: 0;\n      padding: 0;\n    }\n  </style>\n  <script type=\"module\" crossorigin src=\"/assets/index-58b24b54.js\"></script>\n  <link rel=\"stylesheet\" href=\"/assets/index-a4f6c957.css\">\n</head>\n\n<body>\n  <noscript>Wanna write ur own UI without js?! Go ahead, don't disturb others</noscript>\n  <div id=\"root\"></div>\n\n  \n</body>\n\n</html>\n" columns= [Object, Object, Object, Object, Object, Object]  ... > 
  at <DataTable value="<!DOCTYPE html>\n<html lang=\"en\">\n\n<head>\n  <meta charset=\"utf-8\" />\n  <meta name=\"viewport\" content=\"width=device-width, initial-scale=1\" />\n  <meta name=\"theme-color\" content=\"#000000\" />\n  <link rel=\"shortcut icon\" type=\"image/ico\" href=\"/assets/favicon-bc234827.ico\" />\n  <link href=\"https://fonts.googleapis.com/css?family=Roboto:300,400,500\" rel=\"stylesheet\" />\n  <title>Pentaract UI</title>\n\n  <style>\n    *,\n    html {\n      margin: 0;\n      padding: 0;\n    }\n  </style>\n  <script type=\"module\" crossorigin src=\"/assets/index-58b24b54.js\"></script>\n  <link rel=\"stylesheet\" href=\"/assets/index-a4f6c957.css\">\n</head>\n\n<body>\n  <noscript>Wanna write ur own UI without js?! Go ahead, don't disturb others</noscript>\n  <div id=\"root\"></div>\n\n  \n</body>\n\n</html>\n" loading=false stripedRows=""  ... > 
  at <OrdersView onVnodeUnmounted=fn<onVnodeUnmounted> ref=Ref< Proxy(Object) > > 
  at <RouterView> 
  at <AppLayout onVnodeUnmounted=fn<onVnodeUnmounted> ref=Ref< Proxy(Object) > > 
  at <RouterView> 
  at <App> @ http://localhost:5277/node_modules/@vue/runtime-core/dist/runtime-core.esm-bundler.js:49
[    4194ms] [WARNING] [Vue warn]: Invalid prop: type check failed for prop "rowData". Expected Object, got String with value "<". 
  at <BodyCell key="status" rowData="<" column= {__v_isVNode: true, __v_skip: true, type: Object, props: Object, key: null}  ... > 
  at <BodyRow key=undefined rowData="<" index=16  ... > 
  at <TableBody ref="bodyRef" value="<!DOCTYPE html>\n<htm" class=""  ... > 
  at <VirtualScroller ref="virtualScroller" items="<!DOCTYPE html>\n<html lang=\"en\">\n\n<head>\n  <meta charset=\"utf-8\" />\n  <meta name=\"viewport\" content=\"width=device-width, initial-scale=1\" />\n  <meta name=\"theme-color\" content=\"#000000\" />\n  <link rel=\"shortcut icon\" type=\"image/ico\" href=\"/assets/favicon-bc234827.ico\" />\n  <link href=\"https://fonts.googleapis.com/css?family=Roboto:300,400,500\" rel=\"stylesheet\" />\n  <title>Pentaract UI</title>\n\n  <style>\n    *,\n    html {\n      margin: 0;\n      padding: 0;\n    }\n  </style>\n  <script type=\"module\" crossorigin src=\"/assets/index-58b24b54.js\"></script>\n  <link rel=\"stylesheet\" href=\"/assets/index-a4f6c957.css\">\n</head>\n\n<body>\n  <noscript>Wanna write ur own UI without js?! Go ahead, don't disturb others</noscript>\n  <div id=\"root\"></div>\n\n  \n</body>\n\n</html>\n" columns= [Object, Object, Object, Object, Object, Object]  ... > 
  at <DataTable value="<!DOCTYPE html>\n<html lang=\"en\">\n\n<head>\n  <meta charset=\"utf-8\" />\n  <meta name=\"viewport\" content=\"width=device-width, initial-scale=1\" />\n  <meta name=\"theme-color\" content=\"#000000\" />\n  <link rel=\"shortcut icon\" type=\"image/ico\" href=\"/assets/favicon-bc234827.ico\" />\n  <link href=\"https://fonts.googleapis.com/css?family=Roboto:300,400,500\" rel=\"stylesheet\" />\n  <title>Pentaract UI</title>\n\n  <style>\n    *,\n    html {\n      margin: 0;\n      padding: 0;\n    }\n  </style>\n  <script type=\"module\" crossorigin src=\"/assets/index-58b24b54.js\"></script>\n  <link rel=\"stylesheet\" href=\"/assets/index-a4f6c957.css\">\n</head>\n\n<body>\n  <noscript>Wanna write ur own UI without js?! Go ahead, don't disturb others</noscript>\n  <div id=\"root\"></div>\n\n  \n</body>\n\n</html>\n" loading=false stripedRows=""  ... > 
  at <OrdersView onVnodeUnmounted=fn<onVnodeUnmounted> ref=Ref< Proxy(Object) > > 
  at <RouterView> 
  at <AppLayout onVnodeUnmounted=fn<onVnodeUnmounted> ref=Ref< Proxy(Object) > > 
  at <RouterView> 
  at <App> @ http://localhost:5277/node_modules/@vue/runtime-core/dist/runtime-core.esm-bundler.js:49
[    4198ms] [WARNING] [Vue warn]: Invalid prop: type check failed for prop "rowData". Expected Object, got String with value "<". 
  at <BodyCell key="created_at" rowData="<" column= {__v_isVNode: true, __v_skip: true, type: Object, props: Object, key: null}  ... > 
  at <BodyRow key=undefined rowData="<" index=16  ... > 
  at <TableBody ref="bodyRef" value="<!DOCTYPE html>\n<htm" class=""  ... > 
  at <VirtualScroller ref="virtualScroller" items="<!DOCTYPE html>\n<html lang=\"en\">\n\n<head>\n  <meta charset=\"utf-8\" />\n  <meta name=\"viewport\" content=\"width=device-width, initial-scale=1\" />\n  <meta name=\"theme-color\" content=\"#000000\" />\n  <link rel=\"shortcut icon\" type=\"image/ico\" href=\"/assets/favicon-bc234827.ico\" />\n  <link href=\"https://fonts.googleapis.com/css?family=Roboto:300,400,500\" rel=\"stylesheet\" />\n  <title>Pentaract UI</title>\n\n  <style>\n    *,\n    html {\n      margin: 0;\n      padding: 0;\n    }\n  </style>\n  <script type=\"module\" crossorigin src=\"/assets/index-58b24b54.js\"></script>\n  <link rel=\"stylesheet\" href=\"/assets/index-a4f6c957.css\">\n</head>\n\n<body>\n  <noscript>Wanna write ur own UI without js?! Go ahead, don't disturb others</noscript>\n  <div id=\"root\"></div>\n\n  \n</body>\n\n</html>\n" columns= [Object, Object, Object, Object, Object, Object]  ... > 
  at <DataTable value="<!DOCTYPE html>\n<html lang=\"en\">\n\n<head>\n  <meta charset=\"utf-8\" />\n  <meta name=\"viewport\" content=\"width=device-width, initial-scale=1\" />\n  <meta name=\"theme-color\" content=\"#000000\" />\n  <link rel=\"shortcut icon\" type=\"image/ico\" href=\"/assets/favicon-bc234827.ico\" />\n  <link href=\"https://fonts.googleapis.com/css?family=Roboto:300,400,500\" rel=\"stylesheet\" />\n  <title>Pentaract UI</title>\n\n  <style>\n    *,\n    html {\n      margin: 0;\n      padding: 0;\n    }\n  </style>\n  <script type=\"module\" crossorigin src=\"/assets/index-58b24b54.js\"></script>\n  <link rel=\"stylesheet\" href=\"/assets/index-a4f6c957.css\">\n</head>\n\n<body>\n  <noscript>Wanna write ur own UI without js?! Go ahead, don't disturb others</noscript>\n  <div id=\"root\"></div>\n\n  \n</body>\n\n</html>\n" loading=false stripedRows=""  ... > 
  at <OrdersView onVnodeUnmounted=fn<onVnodeUnmounted> ref=Ref< Proxy(Object) > > 
  at <RouterView> 
  at <AppLayout onVnodeUnmounted=fn<onVnodeUnmounted> ref=Ref< Proxy(Object) > > 
  at <RouterView> 
  at <App> @ http://localhost:5277/node_modules/@vue/runtime-core/dist/runtime-core.esm-bundler.js:49
[    4201ms] [WARNING] [Vue warn]: Invalid prop: type check failed for prop "rowData". Expected Object, got String with value "<". 
  at <BodyCell key=5 rowData="<" column= {__v_isVNode: true, __v_skip: true, type: Object, props: Object, key: null}  ... > 
  at <BodyRow key=undefined rowData="<" index=16  ... > 
  at <TableBody ref="bodyRef" value="<!DOCTYPE html>\n<htm" class=""  ... > 
  at <VirtualScroller ref="virtualScroller" items="<!DOCTYPE html>\n<html lang=\"en\">\n\n<head>\n  <meta charset=\"utf-8\" />\n  <meta name=\"viewport\" content=\"width=device-width, initial-scale=1\" />\n  <meta name=\"theme-color\" content=\"#000000\" />\n  <link rel=\"shortcut icon\" type=\"image/ico\" href=\"/assets/favicon-bc234827.ico\" />\n  <link href=\"https://fonts.googleapis.com/css?family=Roboto:300,400,500\" rel=\"stylesheet\" />\n  <title>Pentaract UI</title>\n\n  <style>\n    *,\n    html {\n      margin: 0;\n      padding: 0;\n    }\n  </style>\n  <script type=\"module\" crossorigin src=\"/assets/index-58b24b54.js\"></script>\n  <link rel=\"stylesheet\" href=\"/assets/index-a4f6c957.css\">\n</head>\n\n<body>\n  <noscript>Wanna write ur own UI without js?! Go ahead, don't disturb others</noscript>\n  <div id=\"root\"></div>\n\n  \n</body>\n\n</html>\n" columns= [Object, Object, Object, Object, Object, Object]  ... > 
  at <DataTable value="<!DOCTYPE html>\n<html lang=\"en\">\n\n<head>\n  <meta charset=\"utf-8\" />\n  <meta name=\"viewport\" content=\"width=device-width, initial-scale=1\" />\n  <meta name=\"theme-color\" content=\"#000000\" />\n  <link rel=\"shortcut icon\" type=\"image/ico\" href=\"/assets/favicon-bc234827.ico\" />\n  <link href=\"https://fonts.googleapis.com/css?family=Roboto:300,400,500\" rel=\"stylesheet\" />\n  <title>Pentaract UI</title>\n\n  <style>\n    *,\n    html {\n      margin: 0;\n      padding: 0;\n    }\n  </style>\n  <script type=\"module\" crossorigin src=\"/assets/index-58b24b54.js\"></script>\n  <link rel=\"stylesheet\" href=\"/assets/index-a4f6c957.css\">\n</head>\n\n<body>\n  <noscript>Wanna write ur own UI without js?! Go ahead, don't disturb others</noscript>\n  <div id=\"root\"></div>\n\n  \n</body>\n\n</html>\n" loading=false stripedRows=""  ... > 
  at <OrdersView onVnodeUnmounted=fn<onVnodeUnmounted> ref=Ref< Proxy(Object) > > 
  at <RouterView> 
  at <AppLayout onVnodeUnmounted=fn<onVnodeUnmounted> ref=Ref< Proxy(Object) > > 
  at <RouterView> 
  at <App> @ http://localhost:5277/node_modules/@vue/runtime-core/dist/runtime-core.esm-bundler.js:49
[    4207ms] [WARNING] [Vue warn]: Invalid prop: type check failed for prop "rowData". Expected Object, got String with value "h". 
  at <BodyRow key=undefined rowData="h" index=17  ... > 
  at <TableBody ref="bodyRef" value="<!DOCTYPE html>\n<htm" class=""  ... > 
  at <VirtualScroller ref="virtualScroller" items="<!DOCTYPE html>\n<html lang=\"en\">\n\n<head>\n  <meta charset=\"utf-8\" />\n  <meta name=\"viewport\" content=\"width=device-width, initial-scale=1\" />\n  <meta name=\"theme-color\" content=\"#000000\" />\n  <link rel=\"shortcut icon\" type=\"image/ico\" href=\"/assets/favicon-bc234827.ico\" />\n  <link href=\"https://fonts.googleapis.com/css?family=Roboto:300,400,500\" rel=\"stylesheet\" />\n  <title>Pentaract UI</title>\n\n  <style>\n    *,\n    html {\n      margin: 0;\n      padding: 0;\n    }\n  </style>\n  <script type=\"module\" crossorigin src=\"/assets/index-58b24b54.js\"></script>\n  <link rel=\"stylesheet\" href=\"/assets/index-a4f6c957.css\">\n</head>\n\n<body>\n  <noscript>Wanna write ur own UI without js?! Go ahead, don't disturb others</noscript>\n  <div id=\"root\"></div>\n\n  \n</body>\n\n</html>\n" columns= [Object, Object, Object, Object, Object, Object]  ... > 
  at <DataTable value="<!DOCTYPE html>\n<html lang=\"en\">\n\n<head>\n  <meta charset=\"utf-8\" />\n  <meta name=\"viewport\" content=\"width=device-width, initial-scale=1\" />\n  <meta name=\"theme-color\" content=\"#000000\" />\n  <link rel=\"shortcut icon\" type=\"image/ico\" href=\"/assets/favicon-bc234827.ico\" />\n  <link href=\"https://fonts.googleapis.com/css?family=Roboto:300,400,500\" rel=\"stylesheet\" />\n  <title>Pentaract UI</title>\n\n  <style>\n    *,\n    html {\n      margin: 0;\n      padding: 0;\n    }\n  </style>\n  <script type=\"module\" crossorigin src=\"/assets/index-58b24b54.js\"></script>\n  <link rel=\"stylesheet\" href=\"/assets/index-a4f6c957.css\">\n</head>\n\n<body>\n  <noscript>Wanna write ur own UI without js?! Go ahead, don't disturb others</noscript>\n  <div id=\"root\"></div>\n\n  \n</body>\n\n</html>\n" loading=false stripedRows=""  ... > 
  at <OrdersView onVnodeUnmounted=fn<onVnodeUnmounted> ref=Ref< Proxy(Object) > > 
  at <RouterView> 
  at <AppLayout onVnodeUnmounted=fn<onVnodeUnmounted> ref=Ref< Proxy(Object) > > 
  at <RouterView> 
  at <App> @ http://localhost:5277/node_modules/@vue/runtime-core/dist/runtime-core.esm-bundler.js:49
[    4208ms] [WARNING] [Vue warn]: Invalid prop: type check failed for prop "value". Expected Array, got String with value "<!DOCTYPE html>
<htm". 
  at <BodyRow key=undefined rowData="h" index=17  ... > 
  at <TableBody ref="bodyRef" value="<!DOCTYPE html>\n<htm" class=""  ... > 
  at <VirtualScroller ref="virtualScroller" items="<!DOCTYPE html>\n<html lang=\"en\">\n\n<head>\n  <meta charset=\"utf-8\" />\n  <meta name=\"viewport\" content=\"width=device-width, initial-scale=1\" />\n  <meta name=\"theme-color\" content=\"#000000\" />\n  <link rel=\"shortcut icon\" type=\"image/ico\" href=\"/assets/favicon-bc234827.ico\" />\n  <link href=\"https://fonts.googleapis.com/css?family=Roboto:300,400,500\" rel=\"stylesheet\" />\n  <title>Pentaract UI</title>\n\n  <style>\n    *,\n    html {\n      margin: 0;\n      padding: 0;\n    }\n  </style>\n  <script type=\"module\" crossorigin src=\"/assets/index-58b24b54.js\"></script>\n  <link rel=\"stylesheet\" href=\"/assets/index-a4f6c957.css\">\n</head>\n\n<body>\n  <noscript>Wanna write ur own UI without js?! Go ahead, don't disturb others</noscript>\n  <div id=\"root\"></div>\n\n  \n</body>\n\n</html>\n" columns= [Object, Object, Object, Object, Object, Object]  ... > 
  at <DataTable value="<!DOCTYPE html>\n<html lang=\"en\">\n\n<head>\n  <meta charset=\"utf-8\" />\n  <meta name=\"viewport\" content=\"width=device-width, initial-scale=1\" />\n  <meta name=\"theme-color\" content=\"#000000\" />\n  <link rel=\"shortcut icon\" type=\"image/ico\" href=\"/assets/favicon-bc234827.ico\" />\n  <link href=\"https://fonts.googleapis.com/css?family=Roboto:300,400,500\" rel=\"stylesheet\" />\n  <title>Pentaract UI</title>\n\n  <style>\n    *,\n    html {\n      margin: 0;\n      padding: 0;\n    }\n  </style>\n  <script type=\"module\" crossorigin src=\"/assets/index-58b24b54.js\"></script>\n  <link rel=\"stylesheet\" href=\"/assets/index-a4f6c957.css\">\n</head>\n\n<body>\n  <noscript>Wanna write ur own UI without js?! Go ahead, don't disturb others</noscript>\n  <div id=\"root\"></div>\n\n  \n</body>\n\n</html>\n" loading=false stripedRows=""  ... > 
  at <OrdersView onVnodeUnmounted=fn<onVnodeUnmounted> ref=Ref< Proxy(Object) > > 
  at <RouterView> 
  at <AppLayout onVnodeUnmounted=fn<onVnodeUnmounted> ref=Ref< Proxy(Object) > > 
  at <RouterView> 
  at <App> @ http://localhost:5277/node_modules/@vue/runtime-core/dist/runtime-core.esm-bundler.js:49
[    4211ms] [WARNING] [Vue warn]: Invalid prop: type check failed for prop "rowData". Expected Object, got String with value "h". 
  at <BodyCell key="id" rowData="h" column= {__v_isVNode: true, __v_skip: true, type: Object, props: Object, key: null}  ... > 
  at <BodyRow key=undefined rowData="h" index=17  ... > 
  at <TableBody ref="bodyRef" value="<!DOCTYPE html>\n<htm" class=""  ... > 
  at <VirtualScroller ref="virtualScroller" items="<!DOCTYPE html>\n<html lang=\"en\">\n\n<head>\n  <meta charset=\"utf-8\" />\n  <meta name=\"viewport\" content=\"width=device-width, initial-scale=1\" />\n  <meta name=\"theme-color\" content=\"#000000\" />\n  <link rel=\"shortcut icon\" type=\"image/ico\" href=\"/assets/favicon-bc234827.ico\" />\n  <link href=\"https://fonts.googleapis.com/css?family=Roboto:300,400,500\" rel=\"stylesheet\" />\n  <title>Pentaract UI</title>\n\n  <style>\n    *,\n    html {\n      margin: 0;\n      padding: 0;\n    }\n  </style>\n  <script type=\"module\" crossorigin src=\"/assets/index-58b24b54.js\"></script>\n  <link rel=\"stylesheet\" href=\"/assets/index-a4f6c957.css\">\n</head>\n\n<body>\n  <noscript>Wanna write ur own UI without js?! Go ahead, don't disturb others</noscript>\n  <div id=\"root\"></div>\n\n  \n</body>\n\n</html>\n" columns= [Object, Object, Object, Object, Object, Object]  ... > 
  at <DataTable value="<!DOCTYPE html>\n<html lang=\"en\">\n\n<head>\n  <meta charset=\"utf-8\" />\n  <meta name=\"viewport\" content=\"width=device-width, initial-scale=1\" />\n  <meta name=\"theme-color\" content=\"#000000\" />\n  <link rel=\"shortcut icon\" type=\"image/ico\" href=\"/assets/favicon-bc234827.ico\" />\n  <link href=\"https://fonts.googleapis.com/css?family=Roboto:300,400,500\" rel=\"stylesheet\" />\n  <title>Pentaract UI</title>\n\n  <style>\n    *,\n    html {\n      margin: 0;\n      padding: 0;\n    }\n  </style>\n  <script type=\"module\" crossorigin src=\"/assets/index-58b24b54.js\"></script>\n  <link rel=\"stylesheet\" href=\"/assets/index-a4f6c957.css\">\n</head>\n\n<body>\n  <noscript>Wanna write ur own UI without js?! Go ahead, don't disturb others</noscript>\n  <div id=\"root\"></div>\n\n  \n</body>\n\n</html>\n" loading=false stripedRows=""  ... > 
  at <OrdersView onVnodeUnmounted=fn<onVnodeUnmounted> ref=Ref< Proxy(Object) > > 
  at <RouterView> 
  at <AppLayout onVnodeUnmounted=fn<onVnodeUnmounted> ref=Ref< Proxy(Object) > > 
  at <RouterView> 
  at <App> @ http://localhost:5277/node_modules/@vue/runtime-core/dist/runtime-core.esm-bundler.js:49
[    4214ms] [WARNING] [Vue warn]: Invalid prop: type check failed for prop "rowData". Expected Object, got String with value "h". 
  at <BodyCell key="client_id" rowData="h" column= {__v_isVNode: true, __v_skip: true, type: Object, props: Object, key: null}  ... > 
  at <BodyRow key=undefined rowData="h" index=17  ... > 
  at <TableBody ref="bodyRef" value="<!DOCTYPE html>\n<htm" class=""  ... > 
  at <VirtualScroller ref="virtualScroller" items="<!DOCTYPE html>\n<html lang=\"en\">\n\n<head>\n  <meta charset=\"utf-8\" />\n  <meta name=\"viewport\" content=\"width=device-width, initial-scale=1\" />\n  <meta name=\"theme-color\" content=\"#000000\" />\n  <link rel=\"shortcut icon\" type=\"image/ico\" href=\"/assets/favicon-bc234827.ico\" />\n  <link href=\"https://fonts.googleapis.com/css?family=Roboto:300,400,500\" rel=\"stylesheet\" />\n  <title>Pentaract UI</title>\n\n  <style>\n    *,\n    html {\n      margin: 0;\n      padding: 0;\n    }\n  </style>\n  <script type=\"module\" crossorigin src=\"/assets/index-58b24b54.js\"></script>\n  <link rel=\"stylesheet\" href=\"/assets/index-a4f6c957.css\">\n</head>\n\n<body>\n  <noscript>Wanna write ur own UI without js?! Go ahead, don't disturb others</noscript>\n  <div id=\"root\"></div>\n\n  \n</body>\n\n</html>\n" columns= [Object, Object, Object, Object, Object, Object]  ... > 
  at <DataTable value="<!DOCTYPE html>\n<html lang=\"en\">\n\n<head>\n  <meta charset=\"utf-8\" />\n  <meta name=\"viewport\" content=\"width=device-width, initial-scale=1\" />\n  <meta name=\"theme-color\" content=\"#000000\" />\n  <link rel=\"shortcut icon\" type=\"image/ico\" href=\"/assets/favicon-bc234827.ico\" />\n  <link href=\"https://fonts.googleapis.com/css?family=Roboto:300,400,500\" rel=\"stylesheet\" />\n  <title>Pentaract UI</title>\n\n  <style>\n    *,\n    html {\n      margin: 0;\n      padding: 0;\n    }\n  </style>\n  <script type=\"module\" crossorigin src=\"/assets/index-58b24b54.js\"></script>\n  <link rel=\"stylesheet\" href=\"/assets/index-a4f6c957.css\">\n</head>\n\n<body>\n  <noscript>Wanna write ur own UI without js?! Go ahead, don't disturb others</noscript>\n  <div id=\"root\"></div>\n\n  \n</body>\n\n</html>\n" loading=false stripedRows=""  ... > 
  at <OrdersView onVnodeUnmounted=fn<onVnodeUnmounted> ref=Ref< Proxy(Object) > > 
  at <RouterView> 
  at <AppLayout onVnodeUnmounted=fn<onVnodeUnmounted> ref=Ref< Proxy(Object) > > 
  at <RouterView> 
  at <App> @ http://localhost:5277/node_modules/@vue/runtime-core/dist/runtime-core.esm-bundler.js:49
[    4217ms] [WARNING] [Vue warn]: Invalid prop: type check failed for prop "rowData". Expected Object, got String with value "h". 
  at <BodyCell key="source" rowData="h" column= {__v_isVNode: true, __v_skip: true, type: Object, props: Object, key: null}  ... > 
  at <BodyRow key=undefined rowData="h" index=17  ... > 
  at <TableBody ref="bodyRef" value="<!DOCTYPE html>\n<htm" class=""  ... > 
  at <VirtualScroller ref="virtualScroller" items="<!DOCTYPE html>\n<html lang=\"en\">\n\n<head>\n  <meta charset=\"utf-8\" />\n  <meta name=\"viewport\" content=\"width=device-width, initial-scale=1\" />\n  <meta name=\"theme-color\" content=\"#000000\" />\n  <link rel=\"shortcut icon\" type=\"image/ico\" href=\"/assets/favicon-bc234827.ico\" />\n  <link href=\"https://fonts.googleapis.com/css?family=Roboto:300,400,500\" rel=\"stylesheet\" />\n  <title>Pentaract UI</title>\n\n  <style>\n    *,\n    html {\n      margin: 0;\n      padding: 0;\n    }\n  </style>\n  <script type=\"module\" crossorigin src=\"/assets/index-58b24b54.js\"></script>\n  <link rel=\"stylesheet\" href=\"/assets/index-a4f6c957.css\">\n</head>\n\n<body>\n  <noscript>Wanna write ur own UI without js?! Go ahead, don't disturb others</noscript>\n  <div id=\"root\"></div>\n\n  \n</body>\n\n</html>\n" columns= [Object, Object, Object, Object, Object, Object]  ... > 
  at <DataTable value="<!DOCTYPE html>\n<html lang=\"en\">\n\n<head>\n  <meta charset=\"utf-8\" />\n  <meta name=\"viewport\" content=\"width=device-width, initial-scale=1\" />\n  <meta name=\"theme-color\" content=\"#000000\" />\n  <link rel=\"shortcut icon\" type=\"image/ico\" href=\"/assets/favicon-bc234827.ico\" />\n  <link href=\"https://fonts.googleapis.com/css?family=Roboto:300,400,500\" rel=\"stylesheet\" />\n  <title>Pentaract UI</title>\n\n  <style>\n    *,\n    html {\n      margin: 0;\n      padding: 0;\n    }\n  </style>\n  <script type=\"module\" crossorigin src=\"/assets/index-58b24b54.js\"></script>\n  <link rel=\"stylesheet\" href=\"/assets/index-a4f6c957.css\">\n</head>\n\n<body>\n  <noscript>Wanna write ur own UI without js?! Go ahead, don't disturb others</noscript>\n  <div id=\"root\"></div>\n\n  \n</body>\n\n</html>\n" loading=false stripedRows=""  ... > 
  at <OrdersView onVnodeUnmounted=fn<onVnodeUnmounted> ref=Ref< Proxy(Object) > > 
  at <RouterView> 
  at <AppLayout onVnodeUnmounted=fn<onVnodeUnmounted> ref=Ref< Proxy(Object) > > 
  at <RouterView> 
  at <App> @ http://localhost:5277/node_modules/@vue/runtime-core/dist/runtime-core.esm-bundler.js:49
[    4219ms] [WARNING] [Vue warn]: Invalid prop: type check failed for prop "rowData". Expected Object, got String with value "h". 
  at <BodyCell key="status" rowData="h" column= {__v_isVNode: true, __v_skip: true, type: Object, props: Object, key: null}  ... > 
  at <BodyRow key=undefined rowData="h" index=17  ... > 
  at <TableBody ref="bodyRef" value="<!DOCTYPE html>\n<htm" class=""  ... > 
  at <VirtualScroller ref="virtualScroller" items="<!DOCTYPE html>\n<html lang=\"en\">\n\n<head>\n  <meta charset=\"utf-8\" />\n  <meta name=\"viewport\" content=\"width=device-width, initial-scale=1\" />\n  <meta name=\"theme-color\" content=\"#000000\" />\n  <link rel=\"shortcut icon\" type=\"image/ico\" href=\"/assets/favicon-bc234827.ico\" />\n  <link href=\"https://fonts.googleapis.com/css?family=Roboto:300,400,500\" rel=\"stylesheet\" />\n  <title>Pentaract UI</title>\n\n  <style>\n    *,\n    html {\n      margin: 0;\n      padding: 0;\n    }\n  </style>\n  <script type=\"module\" crossorigin src=\"/assets/index-58b24b54.js\"></script>\n  <link rel=\"stylesheet\" href=\"/assets/index-a4f6c957.css\">\n</head>\n\n<body>\n  <noscript>Wanna write ur own UI without js?! Go ahead, don't disturb others</noscript>\n  <div id=\"root\"></div>\n\n  \n</body>\n\n</html>\n" columns= [Object, Object, Object, Object, Object, Object]  ... > 
  at <DataTable value="<!DOCTYPE html>\n<html lang=\"en\">\n\n<head>\n  <meta charset=\"utf-8\" />\n  <meta name=\"viewport\" content=\"width=device-width, initial-scale=1\" />\n  <meta name=\"theme-color\" content=\"#000000\" />\n  <link rel=\"shortcut icon\" type=\"image/ico\" href=\"/assets/favicon-bc234827.ico\" />\n  <link href=\"https://fonts.googleapis.com/css?family=Roboto:300,400,500\" rel=\"stylesheet\" />\n  <title>Pentaract UI</title>\n\n  <style>\n    *,\n    html {\n      margin: 0;\n      padding: 0;\n    }\n  </style>\n  <script type=\"module\" crossorigin src=\"/assets/index-58b24b54.js\"></script>\n  <link rel=\"stylesheet\" href=\"/assets/index-a4f6c957.css\">\n</head>\n\n<body>\n  <noscript>Wanna write ur own UI without js?! Go ahead, don't disturb others</noscript>\n  <div id=\"root\"></div>\n\n  \n</body>\n\n</html>\n" loading=false stripedRows=""  ... > 
  at <OrdersView onVnodeUnmounted=fn<onVnodeUnmounted> ref=Ref< Proxy(Object) > > 
  at <RouterView> 
  at <AppLayout onVnodeUnmounted=fn<onVnodeUnmounted> ref=Ref< Proxy(Object) > > 
  at <RouterView> 
  at <App> @ http://localhost:5277/node_modules/@vue/runtime-core/dist/runtime-core.esm-bundler.js:49
[    4223ms] [WARNING] [Vue warn]: Invalid prop: type check failed for prop "rowData". Expected Object, got String with value "h". 
  at <BodyCell key="created_at" rowData="h" column= {__v_isVNode: true, __v_skip: true, type: Object, props: Object, key: null}  ... > 
  at <BodyRow key=undefined rowData="h" index=17  ... > 
  at <TableBody ref="bodyRef" value="<!DOCTYPE html>\n<htm" class=""  ... > 
  at <VirtualScroller ref="virtualScroller" items="<!DOCTYPE html>\n<html lang=\"en\">\n\n<head>\n  <meta charset=\"utf-8\" />\n  <meta name=\"viewport\" content=\"width=device-width, initial-scale=1\" />\n  <meta name=\"theme-color\" content=\"#000000\" />\n  <link rel=\"shortcut icon\" type=\"image/ico\" href=\"/assets/favicon-bc234827.ico\" />\n  <link href=\"https://fonts.googleapis.com/css?family=Roboto:300,400,500\" rel=\"stylesheet\" />\n  <title>Pentaract UI</title>\n\n  <style>\n    *,\n    html {\n      margin: 0;\n      padding: 0;\n    }\n  </style>\n  <script type=\"module\" crossorigin src=\"/assets/index-58b24b54.js\"></script>\n  <link rel=\"stylesheet\" href=\"/assets/index-a4f6c957.css\">\n</head>\n\n<body>\n  <noscript>Wanna write ur own UI without js?! Go ahead, don't disturb others</noscript>\n  <div id=\"root\"></div>\n\n  \n</body>\n\n</html>\n" columns= [Object, Object, Object, Object, Object, Object]  ... > 
  at <DataTable value="<!DOCTYPE html>\n<html lang=\"en\">\n\n<head>\n  <meta charset=\"utf-8\" />\n  <meta name=\"viewport\" content=\"width=device-width, initial-scale=1\" />\n  <meta name=\"theme-color\" content=\"#000000\" />\n  <link rel=\"shortcut icon\" type=\"image/ico\" href=\"/assets/favicon-bc234827.ico\" />\n  <link href=\"https://fonts.googleapis.com/css?family=Roboto:300,400,500\" rel=\"stylesheet\" />\n  <title>Pentaract UI</title>\n\n  <style>\n    *,\n    html {\n      margin: 0;\n      padding: 0;\n    }\n  </style>\n  <script type=\"module\" crossorigin src=\"/assets/index-58b24b54.js\"></script>\n  <link rel=\"stylesheet\" href=\"/assets/index-a4f6c957.css\">\n</head>\n\n<body>\n  <noscript>Wanna write ur own UI without js?! Go ahead, don't disturb others</noscript>\n  <div id=\"root\"></div>\n\n  \n</body>\n\n</html>\n" loading=false stripedRows=""  ... > 
  at <OrdersView onVnodeUnmounted=fn<onVnodeUnmounted> ref=Ref< Proxy(Object) > > 
  at <RouterView> 
  at <AppLayout onVnodeUnmounted=fn<onVnodeUnmounted> ref=Ref< Proxy(Object) > > 
  at <RouterView> 
  at <App> @ http://localhost:5277/node_modules/@vue/runtime-core/dist/runtime-core.esm-bundler.js:49
[    4226ms] [WARNING] [Vue warn]: Invalid prop: type check failed for prop "rowData". Expected Object, got String with value "h". 
  at <BodyCell key=5 rowData="h" column= {__v_isVNode: true, __v_skip: true, type: Object, props: Object, key: null}  ... > 
  at <BodyRow key=undefined rowData="h" index=17  ... > 
  at <TableBody ref="bodyRef" value="<!DOCTYPE html>\n<htm" class=""  ... > 
  at <VirtualScroller ref="virtualScroller" items="<!DOCTYPE html>\n<html lang=\"en\">\n\n<head>\n  <meta charset=\"utf-8\" />\n  <meta name=\"viewport\" content=\"width=device-width, initial-scale=1\" />\n  <meta name=\"theme-color\" content=\"#000000\" />\n  <link rel=\"shortcut icon\" type=\"image/ico\" href=\"/assets/favicon-bc234827.ico\" />\n  <link href=\"https://fonts.googleapis.com/css?family=Roboto:300,400,500\" rel=\"stylesheet\" />\n  <title>Pentaract UI</title>\n\n  <style>\n    *,\n    html {\n      margin: 0;\n      padding: 0;\n    }\n  </style>\n  <script type=\"module\" crossorigin src=\"/assets/index-58b24b54.js\"></script>\n  <link rel=\"stylesheet\" href=\"/assets/index-a4f6c957.css\">\n</head>\n\n<body>\n  <noscript>Wanna write ur own UI without js?! Go ahead, don't disturb others</noscript>\n  <div id=\"root\"></div>\n\n  \n</body>\n\n</html>\n" columns= [Object, Object, Object, Object, Object, Object]  ... > 
  at <DataTable value="<!DOCTYPE html>\n<html lang=\"en\">\n\n<head>\n  <meta charset=\"utf-8\" />\n  <meta name=\"viewport\" content=\"width=device-width, initial-scale=1\" />\n  <meta name=\"theme-color\" content=\"#000000\" />\n  <link rel=\"shortcut icon\" type=\"image/ico\" href=\"/assets/favicon-bc234827.ico\" />\n  <link href=\"https://fonts.googleapis.com/css?family=Roboto:300,400,500\" rel=\"stylesheet\" />\n  <title>Pentaract UI</title>\n\n  <style>\n    *,\n    html {\n      margin: 0;\n      padding: 0;\n    }\n  </style>\n  <script type=\"module\" crossorigin src=\"/assets/index-58b24b54.js\"></script>\n  <link rel=\"stylesheet\" href=\"/assets/index-a4f6c957.css\">\n</head>\n\n<body>\n  <noscript>Wanna write ur own UI without js?! Go ahead, don't disturb others</noscript>\n  <div id=\"root\"></div>\n\n  \n</body>\n\n</html>\n" loading=false stripedRows=""  ... > 
  at <OrdersView onVnodeUnmounted=fn<onVnodeUnmounted> ref=Ref< Proxy(Object) > > 
  at <RouterView> 
  at <AppLayout onVnodeUnmounted=fn<onVnodeUnmounted> ref=Ref< Proxy(Object) > > 
  at <RouterView> 
  at <App> @ http://localhost:5277/node_modules/@vue/runtime-core/dist/runtime-core.esm-bundler.js:49
[    4231ms] [WARNING] [Vue warn]: Invalid prop: type check failed for prop "rowData". Expected Object, got String with value "t". 
  at <BodyRow key=undefined rowData="t" index=18  ... > 
  at <TableBody ref="bodyRef" value="<!DOCTYPE html>\n<htm" class=""  ... > 
  at <VirtualScroller ref="virtualScroller" items="<!DOCTYPE html>\n<html lang=\"en\">\n\n<head>\n  <meta charset=\"utf-8\" />\n  <meta name=\"viewport\" content=\"width=device-width, initial-scale=1\" />\n  <meta name=\"theme-color\" content=\"#000000\" />\n  <link rel=\"shortcut icon\" type=\"image/ico\" href=\"/assets/favicon-bc234827.ico\" />\n  <link href=\"https://fonts.googleapis.com/css?family=Roboto:300,400,500\" rel=\"stylesheet\" />\n  <title>Pentaract UI</title>\n\n  <style>\n    *,\n    html {\n      margin: 0;\n      padding: 0;\n    }\n  </style>\n  <script type=\"module\" crossorigin src=\"/assets/index-58b24b54.js\"></script>\n  <link rel=\"stylesheet\" href=\"/assets/index-a4f6c957.css\">\n</head>\n\n<body>\n  <noscript>Wanna write ur own UI without js?! Go ahead, don't disturb others</noscript>\n  <div id=\"root\"></div>\n\n  \n</body>\n\n</html>\n" columns= [Object, Object, Object, Object, Object, Object]  ... > 
  at <DataTable value="<!DOCTYPE html>\n<html lang=\"en\">\n\n<head>\n  <meta charset=\"utf-8\" />\n  <meta name=\"viewport\" content=\"width=device-width, initial-scale=1\" />\n  <meta name=\"theme-color\" content=\"#000000\" />\n  <link rel=\"shortcut icon\" type=\"image/ico\" href=\"/assets/favicon-bc234827.ico\" />\n  <link href=\"https://fonts.googleapis.com/css?family=Roboto:300,400,500\" rel=\"stylesheet\" />\n  <title>Pentaract UI</title>\n\n  <style>\n    *,\n    html {\n      margin: 0;\n      padding: 0;\n    }\n  </style>\n  <script type=\"module\" crossorigin src=\"/assets/index-58b24b54.js\"></script>\n  <link rel=\"stylesheet\" href=\"/assets/index-a4f6c957.css\">\n</head>\n\n<body>\n  <noscript>Wanna write ur own UI without js?! Go ahead, don't disturb others</noscript>\n  <div id=\"root\"></div>\n\n  \n</body>\n\n</html>\n" loading=false stripedRows=""  ... > 
  at <OrdersView onVnodeUnmounted=fn<onVnodeUnmounted> ref=Ref< Proxy(Object) > > 
  at <RouterView> 
  at <AppLayout onVnodeUnmounted=fn<onVnodeUnmounted> ref=Ref< Proxy(Object) > > 
  at <RouterView> 
  at <App> @ http://localhost:5277/node_modules/@vue/runtime-core/dist/runtime-core.esm-bundler.js:49
[    4233ms] [WARNING] [Vue warn]: Invalid prop: type check failed for prop "value". Expected Array, got String with value "<!DOCTYPE html>
<htm". 
  at <BodyRow key=undefined rowData="t" index=18  ... > 
  at <TableBody ref="bodyRef" value="<!DOCTYPE html>\n<htm" class=""  ... > 
  at <VirtualScroller ref="virtualScroller" items="<!DOCTYPE html>\n<html lang=\"en\">\n\n<head>\n  <meta charset=\"utf-8\" />\n  <meta name=\"viewport\" content=\"width=device-width, initial-scale=1\" />\n  <meta name=\"theme-color\" content=\"#000000\" />\n  <link rel=\"shortcut icon\" type=\"image/ico\" href=\"/assets/favicon-bc234827.ico\" />\n  <link href=\"https://fonts.googleapis.com/css?family=Roboto:300,400,500\" rel=\"stylesheet\" />\n  <title>Pentaract UI</title>\n\n  <style>\n    *,\n    html {\n      margin: 0;\n      padding: 0;\n    }\n  </style>\n  <script type=\"module\" crossorigin src=\"/assets/index-58b24b54.js\"></script>\n  <link rel=\"stylesheet\" href=\"/assets/index-a4f6c957.css\">\n</head>\n\n<body>\n  <noscript>Wanna write ur own UI without js?! Go ahead, don't disturb others</noscript>\n  <div id=\"root\"></div>\n\n  \n</body>\n\n</html>\n" columns= [Object, Object, Object, Object, Object, Object]  ... > 
  at <DataTable value="<!DOCTYPE html>\n<html lang=\"en\">\n\n<head>\n  <meta charset=\"utf-8\" />\n  <meta name=\"viewport\" content=\"width=device-width, initial-scale=1\" />\n  <meta name=\"theme-color\" content=\"#000000\" />\n  <link rel=\"shortcut icon\" type=\"image/ico\" href=\"/assets/favicon-bc234827.ico\" />\n  <link href=\"https://fonts.googleapis.com/css?family=Roboto:300,400,500\" rel=\"stylesheet\" />\n  <title>Pentaract UI</title>\n\n  <style>\n    *,\n    html {\n      margin: 0;\n      padding: 0;\n    }\n  </style>\n  <script type=\"module\" crossorigin src=\"/assets/index-58b24b54.js\"></script>\n  <link rel=\"stylesheet\" href=\"/assets/index-a4f6c957.css\">\n</head>\n\n<body>\n  <noscript>Wanna write ur own UI without js?! Go ahead, don't disturb others</noscript>\n  <div id=\"root\"></div>\n\n  \n</body>\n\n</html>\n" loading=false stripedRows=""  ... > 
  at <OrdersView onVnodeUnmounted=fn<onVnodeUnmounted> ref=Ref< Proxy(Object) > > 
  at <RouterView> 
  at <AppLayout onVnodeUnmounted=fn<onVnodeUnmounted> ref=Ref< Proxy(Object) > > 
  at <RouterView> 
  at <App> @ http://localhost:5277/node_modules/@vue/runtime-core/dist/runtime-core.esm-bundler.js:49
[    4236ms] [WARNING] [Vue warn]: Invalid prop: type check failed for prop "rowData". Expected Object, got String with value "t". 
  at <BodyCell key="id" rowData="t" column= {__v_isVNode: true, __v_skip: true, type: Object, props: Object, key: null}  ... > 
  at <BodyRow key=undefined rowData="t" index=18  ... > 
  at <TableBody ref="bodyRef" value="<!DOCTYPE html>\n<htm" class=""  ... > 
  at <VirtualScroller ref="virtualScroller" items="<!DOCTYPE html>\n<html lang=\"en\">\n\n<head>\n  <meta charset=\"utf-8\" />\n  <meta name=\"viewport\" content=\"width=device-width, initial-scale=1\" />\n  <meta name=\"theme-color\" content=\"#000000\" />\n  <link rel=\"shortcut icon\" type=\"image/ico\" href=\"/assets/favicon-bc234827.ico\" />\n  <link href=\"https://fonts.googleapis.com/css?family=Roboto:300,400,500\" rel=\"stylesheet\" />\n  <title>Pentaract UI</title>\n\n  <style>\n    *,\n    html {\n      margin: 0;\n      padding: 0;\n    }\n  </style>\n  <script type=\"module\" crossorigin src=\"/assets/index-58b24b54.js\"></script>\n  <link rel=\"stylesheet\" href=\"/assets/index-a4f6c957.css\">\n</head>\n\n<body>\n  <noscript>Wanna write ur own UI without js?! Go ahead, don't disturb others</noscript>\n  <div id=\"root\"></div>\n\n  \n</body>\n\n</html>\n" columns= [Object, Object, Object, Object, Object, Object]  ... > 
  at <DataTable value="<!DOCTYPE html>\n<html lang=\"en\">\n\n<head>\n  <meta charset=\"utf-8\" />\n  <meta name=\"viewport\" content=\"width=device-width, initial-scale=1\" />\n  <meta name=\"theme-color\" content=\"#000000\" />\n  <link rel=\"shortcut icon\" type=\"image/ico\" href=\"/assets/favicon-bc234827.ico\" />\n  <link href=\"https://fonts.googleapis.com/css?family=Roboto:300,400,500\" rel=\"stylesheet\" />\n  <title>Pentaract UI</title>\n\n  <style>\n    *,\n    html {\n      margin: 0;\n      padding: 0;\n    }\n  </style>\n  <script type=\"module\" crossorigin src=\"/assets/index-58b24b54.js\"></script>\n  <link rel=\"stylesheet\" href=\"/assets/index-a4f6c957.css\">\n</head>\n\n<body>\n  <noscript>Wanna write ur own UI without js?! Go ahead, don't disturb others</noscript>\n  <div id=\"root\"></div>\n\n  \n</body>\n\n</html>\n" loading=false stripedRows=""  ... > 
  at <OrdersView onVnodeUnmounted=fn<onVnodeUnmounted> ref=Ref< Proxy(Object) > > 
  at <RouterView> 
  at <AppLayout onVnodeUnmounted=fn<onVnodeUnmounted> ref=Ref< Proxy(Object) > > 
  at <RouterView> 
  at <App> @ http://localhost:5277/node_modules/@vue/runtime-core/dist/runtime-core.esm-bundler.js:49
[    4239ms] [WARNING] [Vue warn]: Invalid prop: type check failed for prop "rowData". Expected Object, got String with value "t". 
  at <BodyCell key="client_id" rowData="t" column= {__v_isVNode: true, __v_skip: true, type: Object, props: Object, key: null}  ... > 
  at <BodyRow key=undefined rowData="t" index=18  ... > 
  at <TableBody ref="bodyRef" value="<!DOCTYPE html>\n<htm" class=""  ... > 
  at <VirtualScroller ref="virtualScroller" items="<!DOCTYPE html>\n<html lang=\"en\">\n\n<head>\n  <meta charset=\"utf-8\" />\n  <meta name=\"viewport\" content=\"width=device-width, initial-scale=1\" />\n  <meta name=\"theme-color\" content=\"#000000\" />\n  <link rel=\"shortcut icon\" type=\"image/ico\" href=\"/assets/favicon-bc234827.ico\" />\n  <link href=\"https://fonts.googleapis.com/css?family=Roboto:300,400,500\" rel=\"stylesheet\" />\n  <title>Pentaract UI</title>\n\n  <style>\n    *,\n    html {\n      margin: 0;\n      padding: 0;\n    }\n  </style>\n  <script type=\"module\" crossorigin src=\"/assets/index-58b24b54.js\"></script>\n  <link rel=\"stylesheet\" href=\"/assets/index-a4f6c957.css\">\n</head>\n\n<body>\n  <noscript>Wanna write ur own UI without js?! Go ahead, don't disturb others</noscript>\n  <div id=\"root\"></div>\n\n  \n</body>\n\n</html>\n" columns= [Object, Object, Object, Object, Object, Object]  ... > 
  at <DataTable value="<!DOCTYPE html>\n<html lang=\"en\">\n\n<head>\n  <meta charset=\"utf-8\" />\n  <meta name=\"viewport\" content=\"width=device-width, initial-scale=1\" />\n  <meta name=\"theme-color\" content=\"#000000\" />\n  <link rel=\"shortcut icon\" type=\"image/ico\" href=\"/assets/favicon-bc234827.ico\" />\n  <link href=\"https://fonts.googleapis.com/css?family=Roboto:300,400,500\" rel=\"stylesheet\" />\n  <title>Pentaract UI</title>\n\n  <style>\n    *,\n    html {\n      margin: 0;\n      padding: 0;\n    }\n  </style>\n  <script type=\"module\" crossorigin src=\"/assets/index-58b24b54.js\"></script>\n  <link rel=\"stylesheet\" href=\"/assets/index-a4f6c957.css\">\n</head>\n\n<body>\n  <noscript>Wanna write ur own UI without js?! Go ahead, don't disturb others</noscript>\n  <div id=\"root\"></div>\n\n  \n</body>\n\n</html>\n" loading=false stripedRows=""  ... > 
  at <OrdersView onVnodeUnmounted=fn<onVnodeUnmounted> ref=Ref< Proxy(Object) > > 
  at <RouterView> 
  at <AppLayout onVnodeUnmounted=fn<onVnodeUnmounted> ref=Ref< Proxy(Object) > > 
  at <RouterView> 
  at <App> @ http://localhost:5277/node_modules/@vue/runtime-core/dist/runtime-core.esm-bundler.js:49
[    4243ms] [WARNING] [Vue warn]: Invalid prop: type check failed for prop "rowData". Expected Object, got String with value "t". 
  at <BodyCell key="source" rowData="t" column= {__v_isVNode: true, __v_skip: true, type: Object, props: Object, key: null}  ... > 
  at <BodyRow key=undefined rowData="t" index=18  ... > 
  at <TableBody ref="bodyRef" value="<!DOCTYPE html>\n<htm" class=""  ... > 
  at <VirtualScroller ref="virtualScroller" items="<!DOCTYPE html>\n<html lang=\"en\">\n\n<head>\n  <meta charset=\"utf-8\" />\n  <meta name=\"viewport\" content=\"width=device-width, initial-scale=1\" />\n  <meta name=\"theme-color\" content=\"#000000\" />\n  <link rel=\"shortcut icon\" type=\"image/ico\" href=\"/assets/favicon-bc234827.ico\" />\n  <link href=\"https://fonts.googleapis.com/css?family=Roboto:300,400,500\" rel=\"stylesheet\" />\n  <title>Pentaract UI</title>\n\n  <style>\n    *,\n    html {\n      margin: 0;\n      padding: 0;\n    }\n  </style>\n  <script type=\"module\" crossorigin src=\"/assets/index-58b24b54.js\"></script>\n  <link rel=\"stylesheet\" href=\"/assets/index-a4f6c957.css\">\n</head>\n\n<body>\n  <noscript>Wanna write ur own UI without js?! Go ahead, don't disturb others</noscript>\n  <div id=\"root\"></div>\n\n  \n</body>\n\n</html>\n" columns= [Object, Object, Object, Object, Object, Object]  ... > 
  at <DataTable value="<!DOCTYPE html>\n<html lang=\"en\">\n\n<head>\n  <meta charset=\"utf-8\" />\n  <meta name=\"viewport\" content=\"width=device-width, initial-scale=1\" />\n  <meta name=\"theme-color\" content=\"#000000\" />\n  <link rel=\"shortcut icon\" type=\"image/ico\" href=\"/assets/favicon-bc234827.ico\" />\n  <link href=\"https://fonts.googleapis.com/css?family=Roboto:300,400,500\" rel=\"stylesheet\" />\n  <title>Pentaract UI</title>\n\n  <style>\n    *,\n    html {\n      margin: 0;\n      padding: 0;\n    }\n  </style>\n  <script type=\"module\" crossorigin src=\"/assets/index-58b24b54.js\"></script>\n  <link rel=\"stylesheet\" href=\"/assets/index-a4f6c957.css\">\n</head>\n\n<body>\n  <noscript>Wanna write ur own UI without js?! Go ahead, don't disturb others</noscript>\n  <div id=\"root\"></div>\n\n  \n</body>\n\n</html>\n" loading=false stripedRows=""  ... > 
  at <OrdersView onVnodeUnmounted=fn<onVnodeUnmounted> ref=Ref< Proxy(Object) > > 
  at <RouterView> 
  at <AppLayout onVnodeUnmounted=fn<onVnodeUnmounted> ref=Ref< Proxy(Object) > > 
  at <RouterView> 
  at <App> @ http://localhost:5277/node_modules/@vue/runtime-core/dist/runtime-core.esm-bundler.js:49
[    4246ms] [WARNING] [Vue warn]: Invalid prop: type check failed for prop "rowData". Expected Object, got String with value "t". 
  at <BodyCell key="status" rowData="t" column= {__v_isVNode: true, __v_skip: true, type: Object, props: Object, key: null}  ... > 
  at <BodyRow key=undefined rowData="t" index=18  ... > 
  at <TableBody ref="bodyRef" value="<!DOCTYPE html>\n<htm" class=""  ... > 
  at <VirtualScroller ref="virtualScroller" items="<!DOCTYPE html>\n<html lang=\"en\">\n\n<head>\n  <meta charset=\"utf-8\" />\n  <meta name=\"viewport\" content=\"width=device-width, initial-scale=1\" />\n  <meta name=\"theme-color\" content=\"#000000\" />\n  <link rel=\"shortcut icon\" type=\"image/ico\" href=\"/assets/favicon-bc234827.ico\" />\n  <link href=\"https://fonts.googleapis.com/css?family=Roboto:300,400,500\" rel=\"stylesheet\" />\n  <title>Pentaract UI</title>\n\n  <style>\n    *,\n    html {\n      margin: 0;\n      padding: 0;\n    }\n  </style>\n  <script type=\"module\" crossorigin src=\"/assets/index-58b24b54.js\"></script>\n  <link rel=\"stylesheet\" href=\"/assets/index-a4f6c957.css\">\n</head>\n\n<body>\n  <noscript>Wanna write ur own UI without js?! Go ahead, don't disturb others</noscript>\n  <div id=\"root\"></div>\n\n  \n</body>\n\n</html>\n" columns= [Object, Object, Object, Object, Object, Object]  ... > 
  at <DataTable value="<!DOCTYPE html>\n<html lang=\"en\">\n\n<head>\n  <meta charset=\"utf-8\" />\n  <meta name=\"viewport\" content=\"width=device-width, initial-scale=1\" />\n  <meta name=\"theme-color\" content=\"#000000\" />\n  <link rel=\"shortcut icon\" type=\"image/ico\" href=\"/assets/favicon-bc234827.ico\" />\n  <link href=\"https://fonts.googleapis.com/css?family=Roboto:300,400,500\" rel=\"stylesheet\" />\n  <title>Pentaract UI</title>\n\n  <style>\n    *,\n    html {\n      margin: 0;\n      padding: 0;\n    }\n  </style>\n  <script type=\"module\" crossorigin src=\"/assets/index-58b24b54.js\"></script>\n  <link rel=\"stylesheet\" href=\"/assets/index-a4f6c957.css\">\n</head>\n\n<body>\n  <noscript>Wanna write ur own UI without js?! Go ahead, don't disturb others</noscript>\n  <div id=\"root\"></div>\n\n  \n</body>\n\n</html>\n" loading=false stripedRows=""  ... > 
  at <OrdersView onVnodeUnmounted=fn<onVnodeUnmounted> ref=Ref< Proxy(Object) > > 
  at <RouterView> 
  at <AppLayout onVnodeUnmounted=fn<onVnodeUnmounted> ref=Ref< Proxy(Object) > > 
  at <RouterView> 
  at <App> @ http://localhost:5277/node_modules/@vue/runtime-core/dist/runtime-core.esm-bundler.js:49
[    4250ms] [WARNING] [Vue warn]: Invalid prop: type check failed for prop "rowData". Expected Object, got String with value "t". 
  at <BodyCell key="created_at" rowData="t" column= {__v_isVNode: true, __v_skip: true, type: Object, props: Object, key: null}  ... > 
  at <BodyRow key=undefined rowData="t" index=18  ... > 
  at <TableBody ref="bodyRef" value="<!DOCTYPE html>\n<htm" class=""  ... > 
  at <VirtualScroller ref="virtualScroller" items="<!DOCTYPE html>\n<html lang=\"en\">\n\n<head>\n  <meta charset=\"utf-8\" />\n  <meta name=\"viewport\" content=\"width=device-width, initial-scale=1\" />\n  <meta name=\"theme-color\" content=\"#000000\" />\n  <link rel=\"shortcut icon\" type=\"image/ico\" href=\"/assets/favicon-bc234827.ico\" />\n  <link href=\"https://fonts.googleapis.com/css?family=Roboto:300,400,500\" rel=\"stylesheet\" />\n  <title>Pentaract UI</title>\n\n  <style>\n    *,\n    html {\n      margin: 0;\n      padding: 0;\n    }\n  </style>\n  <script type=\"module\" crossorigin src=\"/assets/index-58b24b54.js\"></script>\n  <link rel=\"stylesheet\" href=\"/assets/index-a4f6c957.css\">\n</head>\n\n<body>\n  <noscript>Wanna write ur own UI without js?! Go ahead, don't disturb others</noscript>\n  <div id=\"root\"></div>\n\n  \n</body>\n\n</html>\n" columns= [Object, Object, Object, Object, Object, Object]  ... > 
  at <DataTable value="<!DOCTYPE html>\n<html lang=\"en\">\n\n<head>\n  <meta charset=\"utf-8\" />\n  <meta name=\"viewport\" content=\"width=device-width, initial-scale=1\" />\n  <meta name=\"theme-color\" content=\"#000000\" />\n  <link rel=\"shortcut icon\" type=\"image/ico\" href=\"/assets/favicon-bc234827.ico\" />\n  <link href=\"https://fonts.googleapis.com/css?family=Roboto:300,400,500\" rel=\"stylesheet\" />\n  <title>Pentaract UI</title>\n\n  <style>\n    *,\n    html {\n      margin: 0;\n      padding: 0;\n    }\n  </style>\n  <script type=\"module\" crossorigin src=\"/assets/index-58b24b54.js\"></script>\n  <link rel=\"stylesheet\" href=\"/assets/index-a4f6c957.css\">\n</head>\n\n<body>\n  <noscript>Wanna write ur own UI without js?! Go ahead, don't disturb others</noscript>\n  <div id=\"root\"></div>\n\n  \n</body>\n\n</html>\n" loading=false stripedRows=""  ... > 
  at <OrdersView onVnodeUnmounted=fn<onVnodeUnmounted> ref=Ref< Proxy(Object) > > 
  at <RouterView> 
  at <AppLayout onVnodeUnmounted=fn<onVnodeUnmounted> ref=Ref< Proxy(Object) > > 
  at <RouterView> 
  at <App> @ http://localhost:5277/node_modules/@vue/runtime-core/dist/runtime-core.esm-bundler.js:49
[    4254ms] [WARNING] [Vue warn]: Invalid prop: type check failed for prop "rowData". Expected Object, got String with value "t". 
  at <BodyCell key=5 rowData="t" column= {__v_isVNode: true, __v_skip: true, type: Object, props: Object, key: null}  ... > 
  at <BodyRow key=undefined rowData="t" index=18  ... > 
  at <TableBody ref="bodyRef" value="<!DOCTYPE html>\n<htm" class=""  ... > 
  at <VirtualScroller ref="virtualScroller" items="<!DOCTYPE html>\n<html lang=\"en\">\n\n<head>\n  <meta charset=\"utf-8\" />\n  <meta name=\"viewport\" content=\"width=device-width, initial-scale=1\" />\n  <meta name=\"theme-color\" content=\"#000000\" />\n  <link rel=\"shortcut icon\" type=\"image/ico\" href=\"/assets/favicon-bc234827.ico\" />\n  <link href=\"https://fonts.googleapis.com/css?family=Roboto:300,400,500\" rel=\"stylesheet\" />\n  <title>Pentaract UI</title>\n\n  <style>\n    *,\n    html {\n      margin: 0;\n      padding: 0;\n    }\n  </style>\n  <script type=\"module\" crossorigin src=\"/assets/index-58b24b54.js\"></script>\n  <link rel=\"stylesheet\" href=\"/assets/index-a4f6c957.css\">\n</head>\n\n<body>\n  <noscript>Wanna write ur own UI without js?! Go ahead, don't disturb others</noscript>\n  <div id=\"root\"></div>\n\n  \n</body>\n\n</html>\n" columns= [Object, Object, Object, Object, Object, Object]  ... > 
  at <DataTable value="<!DOCTYPE html>\n<html lang=\"en\">\n\n<head>\n  <meta charset=\"utf-8\" />\n  <meta name=\"viewport\" content=\"width=device-width, initial-scale=1\" />\n  <meta name=\"theme-color\" content=\"#000000\" />\n  <link rel=\"shortcut icon\" type=\"image/ico\" href=\"/assets/favicon-bc234827.ico\" />\n  <link href=\"https://fonts.googleapis.com/css?family=Roboto:300,400,500\" rel=\"stylesheet\" />\n  <title>Pentaract UI</title>\n\n  <style>\n    *,\n    html {\n      margin: 0;\n      padding: 0;\n    }\n  </style>\n  <script type=\"module\" crossorigin src=\"/assets/index-58b24b54.js\"></script>\n  <link rel=\"stylesheet\" href=\"/assets/index-a4f6c957.css\">\n</head>\n\n<body>\n  <noscript>Wanna write ur own UI without js?! Go ahead, don't disturb others</noscript>\n  <div id=\"root\"></div>\n\n  \n</body>\n\n</html>\n" loading=false stripedRows=""  ... > 
  at <OrdersView onVnodeUnmounted=fn<onVnodeUnmounted> ref=Ref< Proxy(Object) > > 
  at <RouterView> 
  at <AppLayout onVnodeUnmounted=fn<onVnodeUnmounted> ref=Ref< Proxy(Object) > > 
  at <RouterView> 
  at <App> @ http://localhost:5277/node_modules/@vue/runtime-core/dist/runtime-core.esm-bundler.js:49
[    4261ms] [WARNING] [Vue warn]: Invalid prop: type check failed for prop "rowData". Expected Object, got String with value "m". 
  at <BodyRow key=undefined rowData="m" index=19  ... > 
  at <TableBody ref="bodyRef" value="<!DOCTYPE html>\n<htm" class=""  ... > 
  at <VirtualScroller ref="virtualScroller" items="<!DOCTYPE html>\n<html lang=\"en\">\n\n<head>\n  <meta charset=\"utf-8\" />\n  <meta name=\"viewport\" content=\"width=device-width, initial-scale=1\" />\n  <meta name=\"theme-color\" content=\"#000000\" />\n  <link rel=\"shortcut icon\" type=\"image/ico\" href=\"/assets/favicon-bc234827.ico\" />\n  <link href=\"https://fonts.googleapis.com/css?family=Roboto:300,400,500\" rel=\"stylesheet\" />\n  <title>Pentaract UI</title>\n\n  <style>\n    *,\n    html {\n      margin: 0;\n      padding: 0;\n    }\n  </style>\n  <script type=\"module\" crossorigin src=\"/assets/index-58b24b54.js\"></script>\n  <link rel=\"stylesheet\" href=\"/assets/index-a4f6c957.css\">\n</head>\n\n<body>\n  <noscript>Wanna write ur own UI without js?! Go ahead, don't disturb others</noscript>\n  <div id=\"root\"></div>\n\n  \n</body>\n\n</html>\n" columns= [Object, Object, Object, Object, Object, Object]  ... > 
  at <DataTable value="<!DOCTYPE html>\n<html lang=\"en\">\n\n<head>\n  <meta charset=\"utf-8\" />\n  <meta name=\"viewport\" content=\"width=device-width, initial-scale=1\" />\n  <meta name=\"theme-color\" content=\"#000000\" />\n  <link rel=\"shortcut icon\" type=\"image/ico\" href=\"/assets/favicon-bc234827.ico\" />\n  <link href=\"https://fonts.googleapis.com/css?family=Roboto:300,400,500\" rel=\"stylesheet\" />\n  <title>Pentaract UI</title>\n\n  <style>\n    *,\n    html {\n      margin: 0;\n      padding: 0;\n    }\n  </style>\n  <script type=\"module\" crossorigin src=\"/assets/index-58b24b54.js\"></script>\n  <link rel=\"stylesheet\" href=\"/assets/index-a4f6c957.css\">\n</head>\n\n<body>\n  <noscript>Wanna write ur own UI without js?! Go ahead, don't disturb others</noscript>\n  <div id=\"root\"></div>\n\n  \n</body>\n\n</html>\n" loading=false stripedRows=""  ... > 
  at <OrdersView onVnodeUnmounted=fn<onVnodeUnmounted> ref=Ref< Proxy(Object) > > 
  at <RouterView> 
  at <AppLayout onVnodeUnmounted=fn<onVnodeUnmounted> ref=Ref< Proxy(Object) > > 
  at <RouterView> 
  at <App> @ http://localhost:5277/node_modules/@vue/runtime-core/dist/runtime-core.esm-bundler.js:49
[    4262ms] [WARNING] [Vue warn]: Invalid prop: type check failed for prop "value". Expected Array, got String with value "<!DOCTYPE html>
<htm". 
  at <BodyRow key=undefined rowData="m" index=19  ... > 
  at <TableBody ref="bodyRef" value="<!DOCTYPE html>\n<htm" class=""  ... > 
  at <VirtualScroller ref="virtualScroller" items="<!DOCTYPE html>\n<html lang=\"en\">\n\n<head>\n  <meta charset=\"utf-8\" />\n  <meta name=\"viewport\" content=\"width=device-width, initial-scale=1\" />\n  <meta name=\"theme-color\" content=\"#000000\" />\n  <link rel=\"shortcut icon\" type=\"image/ico\" href=\"/assets/favicon-bc234827.ico\" />\n  <link href=\"https://fonts.googleapis.com/css?family=Roboto:300,400,500\" rel=\"stylesheet\" />\n  <title>Pentaract UI</title>\n\n  <style>\n    *,\n    html {\n      margin: 0;\n      padding: 0;\n    }\n  </style>\n  <script type=\"module\" crossorigin src=\"/assets/index-58b24b54.js\"></script>\n  <link rel=\"stylesheet\" href=\"/assets/index-a4f6c957.css\">\n</head>\n\n<body>\n  <noscript>Wanna write ur own UI without js?! Go ahead, don't disturb others</noscript>\n  <div id=\"root\"></div>\n\n  \n</body>\n\n</html>\n" columns= [Object, Object, Object, Object, Object, Object]  ... > 
  at <DataTable value="<!DOCTYPE html>\n<html lang=\"en\">\n\n<head>\n  <meta charset=\"utf-8\" />\n  <meta name=\"viewport\" content=\"width=device-width, initial-scale=1\" />\n  <meta name=\"theme-color\" content=\"#000000\" />\n  <link rel=\"shortcut icon\" type=\"image/ico\" href=\"/assets/favicon-bc234827.ico\" />\n  <link href=\"https://fonts.googleapis.com/css?family=Roboto:300,400,500\" rel=\"stylesheet\" />\n  <title>Pentaract UI</title>\n\n  <style>\n    *,\n    html {\n      margin: 0;\n      padding: 0;\n    }\n  </style>\n  <script type=\"module\" crossorigin src=\"/assets/index-58b24b54.js\"></script>\n  <link rel=\"stylesheet\" href=\"/assets/index-a4f6c957.css\">\n</head>\n\n<body>\n  <noscript>Wanna write ur own UI without js?! Go ahead, don't disturb others</noscript>\n  <div id=\"root\"></div>\n\n  \n</body>\n\n</html>\n" loading=false stripedRows=""  ... > 
  at <OrdersView onVnodeUnmounted=fn<onVnodeUnmounted> ref=Ref< Proxy(Object) > > 
  at <RouterView> 
  at <AppLayout onVnodeUnmounted=fn<onVnodeUnmounted> ref=Ref< Proxy(Object) > > 
  at <RouterView> 
  at <App> @ http://localhost:5277/node_modules/@vue/runtime-core/dist/runtime-core.esm-bundler.js:49
[    4264ms] [WARNING] [Vue warn]: Invalid prop: type check failed for prop "rowData". Expected Object, got String with value "m". 
  at <BodyCell key="id" rowData="m" column= {__v_isVNode: true, __v_skip: true, type: Object, props: Object, key: null}  ... > 
  at <BodyRow key=undefined rowData="m" index=19  ... > 
  at <TableBody ref="bodyRef" value="<!DOCTYPE html>\n<htm" class=""  ... > 
  at <VirtualScroller ref="virtualScroller" items="<!DOCTYPE html>\n<html lang=\"en\">\n\n<head>\n  <meta charset=\"utf-8\" />\n  <meta name=\"viewport\" content=\"width=device-width, initial-scale=1\" />\n  <meta name=\"theme-color\" content=\"#000000\" />\n  <link rel=\"shortcut icon\" type=\"image/ico\" href=\"/assets/favicon-bc234827.ico\" />\n  <link href=\"https://fonts.googleapis.com/css?family=Roboto:300,400,500\" rel=\"stylesheet\" />\n  <title>Pentaract UI</title>\n\n  <style>\n    *,\n    html {\n      margin: 0;\n      padding: 0;\n    }\n  </style>\n  <script type=\"module\" crossorigin src=\"/assets/index-58b24b54.js\"></script>\n  <link rel=\"stylesheet\" href=\"/assets/index-a4f6c957.css\">\n</head>\n\n<body>\n  <noscript>Wanna write ur own UI without js?! Go ahead, don't disturb others</noscript>\n  <div id=\"root\"></div>\n\n  \n</body>\n\n</html>\n" columns= [Object, Object, Object, Object, Object, Object]  ... > 
  at <DataTable value="<!DOCTYPE html>\n<html lang=\"en\">\n\n<head>\n  <meta charset=\"utf-8\" />\n  <meta name=\"viewport\" content=\"width=device-width, initial-scale=1\" />\n  <meta name=\"theme-color\" content=\"#000000\" />\n  <link rel=\"shortcut icon\" type=\"image/ico\" href=\"/assets/favicon-bc234827.ico\" />\n  <link href=\"https://fonts.googleapis.com/css?family=Roboto:300,400,500\" rel=\"stylesheet\" />\n  <title>Pentaract UI</title>\n\n  <style>\n    *,\n    html {\n      margin: 0;\n      padding: 0;\n    }\n  </style>\n  <script type=\"module\" crossorigin src=\"/assets/index-58b24b54.js\"></script>\n  <link rel=\"stylesheet\" href=\"/assets/index-a4f6c957.css\">\n</head>\n\n<body>\n  <noscript>Wanna write ur own UI without js?! Go ahead, don't disturb others</noscript>\n  <div id=\"root\"></div>\n\n  \n</body>\n\n</html>\n" loading=false stripedRows=""  ... > 
  at <OrdersView onVnodeUnmounted=fn<onVnodeUnmounted> ref=Ref< Proxy(Object) > > 
  at <RouterView> 
  at <AppLayout onVnodeUnmounted=fn<onVnodeUnmounted> ref=Ref< Proxy(Object) > > 
  at <RouterView> 
  at <App> @ http://localhost:5277/node_modules/@vue/runtime-core/dist/runtime-core.esm-bundler.js:49
[    4267ms] [WARNING] [Vue warn]: Invalid prop: type check failed for prop "rowData". Expected Object, got String with value "m". 
  at <BodyCell key="client_id" rowData="m" column= {__v_isVNode: true, __v_skip: true, type: Object, props: Object, key: null}  ... > 
  at <BodyRow key=undefined rowData="m" index=19  ... > 
  at <TableBody ref="bodyRef" value="<!DOCTYPE html>\n<htm" class=""  ... > 
  at <VirtualScroller ref="virtualScroller" items="<!DOCTYPE html>\n<html lang=\"en\">\n\n<head>\n  <meta charset=\"utf-8\" />\n  <meta name=\"viewport\" content=\"width=device-width, initial-scale=1\" />\n  <meta name=\"theme-color\" content=\"#000000\" />\n  <link rel=\"shortcut icon\" type=\"image/ico\" href=\"/assets/favicon-bc234827.ico\" />\n  <link href=\"https://fonts.googleapis.com/css?family=Roboto:300,400,500\" rel=\"stylesheet\" />\n  <title>Pentaract UI</title>\n\n  <style>\n    *,\n    html {\n      margin: 0;\n      padding: 0;\n    }\n  </style>\n  <script type=\"module\" crossorigin src=\"/assets/index-58b24b54.js\"></script>\n  <link rel=\"stylesheet\" href=\"/assets/index-a4f6c957.css\">\n</head>\n\n<body>\n  <noscript>Wanna write ur own UI without js?! Go ahead, don't disturb others</noscript>\n  <div id=\"root\"></div>\n\n  \n</body>\n\n</html>\n" columns= [Object, Object, Object, Object, Object, Object]  ... > 
  at <DataTable value="<!DOCTYPE html>\n<html lang=\"en\">\n\n<head>\n  <meta charset=\"utf-8\" />\n  <meta name=\"viewport\" content=\"width=device-width, initial-scale=1\" />\n  <meta name=\"theme-color\" content=\"#000000\" />\n  <link rel=\"shortcut icon\" type=\"image/ico\" href=\"/assets/favicon-bc234827.ico\" />\n  <link href=\"https://fonts.googleapis.com/css?family=Roboto:300,400,500\" rel=\"stylesheet\" />\n  <title>Pentaract UI</title>\n\n  <style>\n    *,\n    html {\n      margin: 0;\n      padding: 0;\n    }\n  </style>\n  <script type=\"module\" crossorigin src=\"/assets/index-58b24b54.js\"></script>\n  <link rel=\"stylesheet\" href=\"/assets/index-a4f6c957.css\">\n</head>\n\n<body>\n  <noscript>Wanna write ur own UI without js?! Go ahead, don't disturb others</noscript>\n  <div id=\"root\"></div>\n\n  \n</body>\n\n</html>\n" loading=false stripedRows=""  ... > 
  at <OrdersView onVnodeUnmounted=fn<onVnodeUnmounted> ref=Ref< Proxy(Object) > > 
  at <RouterView> 
  at <AppLayout onVnodeUnmounted=fn<onVnodeUnmounted> ref=Ref< Proxy(Object) > > 
  at <RouterView> 
  at <App> @ http://localhost:5277/node_modules/@vue/runtime-core/dist/runtime-core.esm-bundler.js:49
[    4270ms] [WARNING] [Vue warn]: Invalid prop: type check failed for prop "rowData". Expected Object, got String with value "m". 
  at <BodyCell key="source" rowData="m" column= {__v_isVNode: true, __v_skip: true, type: Object, props: Object, key: null}  ... > 
  at <BodyRow key=undefined rowData="m" index=19  ... > 
  at <TableBody ref="bodyRef" value="<!DOCTYPE html>\n<htm" class=""  ... > 
  at <VirtualScroller ref="virtualScroller" items="<!DOCTYPE html>\n<html lang=\"en\">\n\n<head>\n  <meta charset=\"utf-8\" />\n  <meta name=\"viewport\" content=\"width=device-width, initial-scale=1\" />\n  <meta name=\"theme-color\" content=\"#000000\" />\n  <link rel=\"shortcut icon\" type=\"image/ico\" href=\"/assets/favicon-bc234827.ico\" />\n  <link href=\"https://fonts.googleapis.com/css?family=Roboto:300,400,500\" rel=\"stylesheet\" />\n  <title>Pentaract UI</title>\n\n  <style>\n    *,\n    html {\n      margin: 0;\n      padding: 0;\n    }\n  </style>\n  <script type=\"module\" crossorigin src=\"/assets/index-58b24b54.js\"></script>\n  <link rel=\"stylesheet\" href=\"/assets/index-a4f6c957.css\">\n</head>\n\n<body>\n  <noscript>Wanna write ur own UI without js?! Go ahead, don't disturb others</noscript>\n  <div id=\"root\"></div>\n\n  \n</body>\n\n</html>\n" columns= [Object, Object, Object, Object, Object, Object]  ... > 
  at <DataTable value="<!DOCTYPE html>\n<html lang=\"en\">\n\n<head>\n  <meta charset=\"utf-8\" />\n  <meta name=\"viewport\" content=\"width=device-width, initial-scale=1\" />\n  <meta name=\"theme-color\" content=\"#000000\" />\n  <link rel=\"shortcut icon\" type=\"image/ico\" href=\"/assets/favicon-bc234827.ico\" />\n  <link href=\"https://fonts.googleapis.com/css?family=Roboto:300,400,500\" rel=\"stylesheet\" />\n  <title>Pentaract UI</title>\n\n  <style>\n    *,\n    html {\n      margin: 0;\n      padding: 0;\n    }\n  </style>\n  <script type=\"module\" crossorigin src=\"/assets/index-58b24b54.js\"></script>\n  <link rel=\"stylesheet\" href=\"/assets/index-a4f6c957.css\">\n</head>\n\n<body>\n  <noscript>Wanna write ur own UI without js?! Go ahead, don't disturb others</noscript>\n  <div id=\"root\"></div>\n\n  \n</body>\n\n</html>\n" loading=false stripedRows=""  ... > 
  at <OrdersView onVnodeUnmounted=fn<onVnodeUnmounted> ref=Ref< Proxy(Object) > > 
  at <RouterView> 
  at <AppLayout onVnodeUnmounted=fn<onVnodeUnmounted> ref=Ref< Proxy(Object) > > 
  at <RouterView> 
  at <App> @ http://localhost:5277/node_modules/@vue/runtime-core/dist/runtime-core.esm-bundler.js:49
[    4271ms] [WARNING] [Vue warn]: Invalid prop: type check failed for prop "rowData". Expected Object, got String with value "m". 
  at <BodyCell key="status" rowData="m" column= {__v_isVNode: true, __v_skip: true, type: Object, props: Object, key: null}  ... > 
  at <BodyRow key=undefined rowData="m" index=19  ... > 
  at <TableBody ref="bodyRef" value="<!DOCTYPE html>\n<htm" class=""  ... > 
  at <VirtualScroller ref="virtualScroller" items="<!DOCTYPE html>\n<html lang=\"en\">\n\n<head>\n  <meta charset=\"utf-8\" />\n  <meta name=\"viewport\" content=\"width=device-width, initial-scale=1\" />\n  <meta name=\"theme-color\" content=\"#000000\" />\n  <link rel=\"shortcut icon\" type=\"image/ico\" href=\"/assets/favicon-bc234827.ico\" />\n  <link href=\"https://fonts.googleapis.com/css?family=Roboto:300,400,500\" rel=\"stylesheet\" />\n  <title>Pentaract UI</title>\n\n  <style>\n    *,\n    html {\n      margin: 0;\n      padding: 0;\n    }\n  </style>\n  <script type=\"module\" crossorigin src=\"/assets/index-58b24b54.js\"></script>\n  <link rel=\"stylesheet\" href=\"/assets/index-a4f6c957.css\">\n</head>\n\n<body>\n  <noscript>Wanna write ur own UI without js?! Go ahead, don't disturb others</noscript>\n  <div id=\"root\"></div>\n\n  \n</body>\n\n</html>\n" columns= [Object, Object, Object, Object, Object, Object]  ... > 
  at <DataTable value="<!DOCTYPE html>\n<html lang=\"en\">\n\n<head>\n  <meta charset=\"utf-8\" />\n  <meta name=\"viewport\" content=\"width=device-width, initial-scale=1\" />\n  <meta name=\"theme-color\" content=\"#000000\" />\n  <link rel=\"shortcut icon\" type=\"image/ico\" href=\"/assets/favicon-bc234827.ico\" />\n  <link href=\"https://fonts.googleapis.com/css?family=Roboto:300,400,500\" rel=\"stylesheet\" />\n  <title>Pentaract UI</title>\n\n  <style>\n    *,\n    html {\n      margin: 0;\n      padding: 0;\n    }\n  </style>\n  <script type=\"module\" crossorigin src=\"/assets/index-58b24b54.js\"></script>\n  <link rel=\"stylesheet\" href=\"/assets/index-a4f6c957.css\">\n</head>\n\n<body>\n  <noscript>Wanna write ur own UI without js?! Go ahead, don't disturb others</noscript>\n  <div id=\"root\"></div>\n\n  \n</body>\n\n</html>\n" loading=false stripedRows=""  ... > 
  at <OrdersView onVnodeUnmounted=fn<onVnodeUnmounted> ref=Ref< Proxy(Object) > > 
  at <RouterView> 
  at <AppLayout onVnodeUnmounted=fn<onVnodeUnmounted> ref=Ref< Proxy(Object) > > 
  at <RouterView> 
  at <App> @ http://localhost:5277/node_modules/@vue/runtime-core/dist/runtime-core.esm-bundler.js:49
[    4274ms] [WARNING] [Vue warn]: Invalid prop: type check failed for prop "rowData". Expected Object, got String with value "m". 
  at <BodyCell key="created_at" rowData="m" column= {__v_isVNode: true, __v_skip: true, type: Object, props: Object, key: null}  ... > 
  at <BodyRow key=undefined rowData="m" index=19  ... > 
  at <TableBody ref="bodyRef" value="<!DOCTYPE html>\n<htm" class=""  ... > 
  at <VirtualScroller ref="virtualScroller" items="<!DOCTYPE html>\n<html lang=\"en\">\n\n<head>\n  <meta charset=\"utf-8\" />\n  <meta name=\"viewport\" content=\"width=device-width, initial-scale=1\" />\n  <meta name=\"theme-color\" content=\"#000000\" />\n  <link rel=\"shortcut icon\" type=\"image/ico\" href=\"/assets/favicon-bc234827.ico\" />\n  <link href=\"https://fonts.googleapis.com/css?family=Roboto:300,400,500\" rel=\"stylesheet\" />\n  <title>Pentaract UI</title>\n\n  <style>\n    *,\n    html {\n      margin: 0;\n      padding: 0;\n    }\n  </style>\n  <script type=\"module\" crossorigin src=\"/assets/index-58b24b54.js\"></script>\n  <link rel=\"stylesheet\" href=\"/assets/index-a4f6c957.css\">\n</head>\n\n<body>\n  <noscript>Wanna write ur own UI without js?! Go ahead, don't disturb others</noscript>\n  <div id=\"root\"></div>\n\n  \n</body>\n\n</html>\n" columns= [Object, Object, Object, Object, Object, Object]  ... > 
  at <DataTable value="<!DOCTYPE html>\n<html lang=\"en\">\n\n<head>\n  <meta charset=\"utf-8\" />\n  <meta name=\"viewport\" content=\"width=device-width, initial-scale=1\" />\n  <meta name=\"theme-color\" content=\"#000000\" />\n  <link rel=\"shortcut icon\" type=\"image/ico\" href=\"/assets/favicon-bc234827.ico\" />\n  <link href=\"https://fonts.googleapis.com/css?family=Roboto:300,400,500\" rel=\"stylesheet\" />\n  <title>Pentaract UI</title>\n\n  <style>\n    *,\n    html {\n      margin: 0;\n      padding: 0;\n    }\n  </style>\n  <script type=\"module\" crossorigin src=\"/assets/index-58b24b54.js\"></script>\n  <link rel=\"stylesheet\" href=\"/assets/index-a4f6c957.css\">\n</head>\n\n<body>\n  <noscript>Wanna write ur own UI without js?! Go ahead, don't disturb others</noscript>\n  <div id=\"root\"></div>\n\n  \n</body>\n\n</html>\n" loading=false stripedRows=""  ... > 
  at <OrdersView onVnodeUnmounted=fn<onVnodeUnmounted> ref=Ref< Proxy(Object) > > 
  at <RouterView> 
  at <AppLayout onVnodeUnmounted=fn<onVnodeUnmounted> ref=Ref< Proxy(Object) > > 
  at <RouterView> 
  at <App> @ http://localhost:5277/node_modules/@vue/runtime-core/dist/runtime-core.esm-bundler.js:49
[    4276ms] [WARNING] [Vue warn]: Invalid prop: type check failed for prop "rowData". Expected Object, got String with value "m". 
  at <BodyCell key=5 rowData="m" column= {__v_isVNode: true, __v_skip: true, type: Object, props: Object, key: null}  ... > 
  at <BodyRow key=undefined rowData="m" index=19  ... > 
  at <TableBody ref="bodyRef" value="<!DOCTYPE html>\n<htm" class=""  ... > 
  at <VirtualScroller ref="virtualScroller" items="<!DOCTYPE html>\n<html lang=\"en\">\n\n<head>\n  <meta charset=\"utf-8\" />\n  <meta name=\"viewport\" content=\"width=device-width, initial-scale=1\" />\n  <meta name=\"theme-color\" content=\"#000000\" />\n  <link rel=\"shortcut icon\" type=\"image/ico\" href=\"/assets/favicon-bc234827.ico\" />\n  <link href=\"https://fonts.googleapis.com/css?family=Roboto:300,400,500\" rel=\"stylesheet\" />\n  <title>Pentaract UI</title>\n\n  <style>\n    *,\n    html {\n      margin: 0;\n      padding: 0;\n    }\n  </style>\n  <script type=\"module\" crossorigin src=\"/assets/index-58b24b54.js\"></script>\n  <link rel=\"stylesheet\" href=\"/assets/index-a4f6c957.css\">\n</head>\n\n<body>\n  <noscript>Wanna write ur own UI without js?! Go ahead, don't disturb others</noscript>\n  <div id=\"root\"></div>\n\n  \n</body>\n\n</html>\n" columns= [Object, Object, Object, Object, Object, Object]  ... > 
  at <DataTable value="<!DOCTYPE html>\n<html lang=\"en\">\n\n<head>\n  <meta charset=\"utf-8\" />\n  <meta name=\"viewport\" content=\"width=device-width, initial-scale=1\" />\n  <meta name=\"theme-color\" content=\"#000000\" />\n  <link rel=\"shortcut icon\" type=\"image/ico\" href=\"/assets/favicon-bc234827.ico\" />\n  <link href=\"https://fonts.googleapis.com/css?family=Roboto:300,400,500\" rel=\"stylesheet\" />\n  <title>Pentaract UI</title>\n\n  <style>\n    *,\n    html {\n      margin: 0;\n      padding: 0;\n    }\n  </style>\n  <script type=\"module\" crossorigin src=\"/assets/index-58b24b54.js\"></script>\n  <link rel=\"stylesheet\" href=\"/assets/index-a4f6c957.css\">\n</head>\n\n<body>\n  <noscript>Wanna write ur own UI without js?! Go ahead, don't disturb others</noscript>\n  <div id=\"root\"></div>\n\n  \n</body>\n\n</html>\n" loading=false stripedRows=""  ... > 
  at <OrdersView onVnodeUnmounted=fn<onVnodeUnmounted> ref=Ref< Proxy(Object) > > 
  at <RouterView> 
  at <AppLayout onVnodeUnmounted=fn<onVnodeUnmounted> ref=Ref< Proxy(Object) > > 
  at <RouterView> 
  at <App> @ http://localhost:5277/node_modules/@vue/runtime-core/dist/runtime-core.esm-bundler.js:49
[   47190ms] [LOG] [vite] server connection lost. Polling for restart... @ http://localhost:5277/@vite/client:559
[   47219ms] [ERROR] Failed to load resource: net::ERR_CONNECTION_REFUSED @ http://localhost:5277/:0
[   51471ms] [WARNING] [Vue warn]: Invalid prop: type check failed for prop "value". Expected Array, got String with value "<!DOCTYPE html>
<html lang="en">

<head>
  <meta charset="utf-8" />
  <meta name="viewport" content="width=device-width, initial-scale=1" />
  <meta name="theme-color" content="#000000" />
  <link rel="shortcut icon" type="image/ico" href="/assets/favicon-bc234827.ico" />
  <link href="https://fonts.googleapis.com/css?family=Roboto:300,400,500" rel="stylesheet" />
  <title>Pentaract UI</title>

  <style>
    *,
    html {
      margin: 0;
      padding: 0;
    }
  </style>
  <script type="module" crossorigin src="/assets/index-58b24b54.js"></script>
  <link rel="stylesheet" href="/assets/index-a4f6c957.css">
</head>

<body>
  <noscript>Wanna write ur own UI without js?! Go ahead, don't disturb others</noscript>
  <div id="root"></div>

  
</body>

</html>
". 
  at <DataTable value="<!DOCTYPE html>\n<html lang=\"en\">\n\n<head>\n  <meta charset=\"utf-8\" />\n  <meta name=\"viewport\" content=\"width=device-width, initial-scale=1\" />\n  <meta name=\"theme-color\" content=\"#000000\" />\n  <link rel=\"shortcut icon\" type=\"image/ico\" href=\"/assets/favicon-bc234827.ico\" />\n  <link href=\"https://fonts.googleapis.com/css?family=Roboto:300,400,500\" rel=\"stylesheet\" />\n  <title>Pentaract UI</title>\n\n  <style>\n    *,\n    html {\n      margin: 0;\n      padding: 0;\n    }\n  </style>\n  <script type=\"module\" crossorigin src=\"/assets/index-58b24b54.js\"></script>\n  <link rel=\"stylesheet\" href=\"/assets/index-a4f6c957.css\">\n</head>\n\n<body>\n  <noscript>Wanna write ur own UI without js?! Go ahead, don't disturb others</noscript>\n  <div id=\"root\"></div>\n\n  \n</body>\n\n</html>\n" loading=false stripedRows=""  ... > 
  at <OrdersView onVnodeUnmounted=fn<onVnodeUnmounted> ref=Ref< Proxy(Object) > > 
  at <RouterView> 
  at <AppLayout onVnodeUnmounted=fn<onVnodeUnmounted> ref=Ref< Proxy(Object) > > 
  at <RouterView> 
  at <App> @ http://localhost:5277/node_modules/@vue/runtime-core/dist/runtime-core.esm-bundler.js:49
[   51475ms] [WARNING] [Vue warn]: Invalid prop: type check failed for prop "items". Expected Array, got String with value "<!DOCTYPE html>
<html lang="en">

<head>
  <meta charset="utf-8" />
  <meta name="viewport" content="width=device-width, initial-scale=1" />
  <meta name="theme-color" content="#000000" />
  <link rel="shortcut icon" type="image/ico" href="/assets/favicon-bc234827.ico" />
  <link href="https://fonts.googleapis.com/css?family=Roboto:300,400,500" rel="stylesheet" />
  <title>Pentaract UI</title>

  <style>
    *,
    html {
      margin: 0;
      padding: 0;
    }
  </style>
  <script type="module" crossorigin src="/assets/index-58b24b54.js"></script>
  <link rel="stylesheet" href="/assets/index-a4f6c957.css">
</head>

<body>
  <noscript>Wanna write ur own UI without js?! Go ahead, don't disturb others</noscript>
  <div id="root"></div>

  
</body>

</html>
". 
  at <VirtualScroller ref="virtualScroller" items="<!DOCTYPE html>\n<html lang=\"en\">\n\n<head>\n  <meta charset=\"utf-8\" />\n  <meta name=\"viewport\" content=\"width=device-width, initial-scale=1\" />\n  <meta name=\"theme-color\" content=\"#000000\" />\n  <link rel=\"shortcut icon\" type=\"image/ico\" href=\"/assets/favicon-bc234827.ico\" />\n  <link href=\"https://fonts.googleapis.com/css?family=Roboto:300,400,500\" rel=\"stylesheet\" />\n  <title>Pentaract UI</title>\n\n  <style>\n    *,\n    html {\n      margin: 0;\n      padding: 0;\n    }\n  </style>\n  <script type=\"module\" crossorigin src=\"/assets/index-58b24b54.js\"></script>\n  <link rel=\"stylesheet\" href=\"/assets/index-a4f6c957.css\">\n</head>\n\n<body>\n  <noscript>Wanna write ur own UI without js?! Go ahead, don't disturb others</noscript>\n  <div id=\"root\"></div>\n\n  \n</body>\n\n</html>\n" columns= [Object, Object, Object, Object, Object, Object]  ... > 
  at <DataTable value="<!DOCTYPE html>\n<html lang=\"en\">\n\n<head>\n  <meta charset=\"utf-8\" />\n  <meta name=\"viewport\" content=\"width=device-width, initial-scale=1\" />\n  <meta name=\"theme-color\" content=\"#000000\" />\n  <link rel=\"shortcut icon\" type=\"image/ico\" href=\"/assets/favicon-bc234827.ico\" />\n  <link href=\"https://fonts.googleapis.com/css?family=Roboto:300,400,500\" rel=\"stylesheet\" />\n  <title>Pentaract UI</title>\n\n  <style>\n    *,\n    html {\n      margin: 0;\n      padding: 0;\n    }\n  </style>\n  <script type=\"module\" crossorigin src=\"/assets/index-58b24b54.js\"></script>\n  <link rel=\"stylesheet\" href=\"/assets/index-a4f6c957.css\">\n</head>\n\n<body>\n  <noscript>Wanna write ur own UI without js?! Go ahead, don't disturb others</noscript>\n  <div id=\"root\"></div>\n\n  \n</body>\n\n</html>\n" loading=false stripedRows=""  ... > 
  at <OrdersView onVnodeUnmounted=fn<onVnodeUnmounted> ref=Ref< Proxy(Object) > > 
  at <RouterView> 
  at <AppLayout onVnodeUnmounted=fn<onVnodeUnmounted> ref=Ref< Proxy(Object) > > 
  at <RouterView> 
  at <App> @ http://localhost:5277/node_modules/@vue/runtime-core/dist/runtime-core.esm-bundler.js:49
[   51488ms] [WARNING] [Vue warn]: Invalid prop: type check failed for prop "value". Expected Array, got String with value "<!DOCTYPE html>
<htm". 
  at <TableBody ref="bodyRef" value="<!DOCTYPE html>\n<htm" class=""  ... > 
  at <VirtualScroller ref="virtualScroller" items="<!DOCTYPE html>\n<html lang=\"en\">\n\n<head>\n  <meta charset=\"utf-8\" />\n  <meta name=\"viewport\" content=\"width=device-width, initial-scale=1\" />\n  <meta name=\"theme-color\" content=\"#000000\" />\n  <link rel=\"shortcut icon\" type=\"image/ico\" href=\"/assets/favicon-bc234827.ico\" />\n  <link href=\"https://fonts.googleapis.com/css?family=Roboto:300,400,500\" rel=\"stylesheet\" />\n  <title>Pentaract UI</title>\n\n  <style>\n    *,\n    html {\n      margin: 0;\n      padding: 0;\n    }\n  </style>\n  <script type=\"module\" crossorigin src=\"/assets/index-58b24b54.js\"></script>\n  <link rel=\"stylesheet\" href=\"/assets/index-a4f6c957.css\">\n</head>\n\n<body>\n  <noscript>Wanna write ur own UI without js?! Go ahead, don't disturb others</noscript>\n  <div id=\"root\"></div>\n\n  \n</body>\n\n</html>\n" columns= [Object, Object, Object, Object, Object, Object]  ... > 
  at <DataTable value="<!DOCTYPE html>\n<html lang=\"en\">\n\n<head>\n  <meta charset=\"utf-8\" />\n  <meta name=\"viewport\" content=\"width=device-width, initial-scale=1\" />\n  <meta name=\"theme-color\" content=\"#000000\" />\n  <link rel=\"shortcut icon\" type=\"image/ico\" href=\"/assets/favicon-bc234827.ico\" />\n  <link href=\"https://fonts.googleapis.com/css?family=Roboto:300,400,500\" rel=\"stylesheet\" />\n  <title>Pentaract UI</title>\n\n  <style>\n    *,\n    html {\n      margin: 0;\n      padding: 0;\n    }\n  </style>\n  <script type=\"module\" crossorigin src=\"/assets/index-58b24b54.js\"></script>\n  <link rel=\"stylesheet\" href=\"/assets/index-a4f6c957.css\">\n</head>\n\n<body>\n  <noscript>Wanna write ur own UI without js?! Go ahead, don't disturb others</noscript>\n  <div id=\"root\"></div>\n\n  \n</body>\n\n</html>\n" loading=false stripedRows=""  ... > 
  at <OrdersView onVnodeUnmounted=fn<onVnodeUnmounted> ref=Ref< Proxy(Object) > > 
  at <RouterView> 
  at <AppLayout onVnodeUnmounted=fn<onVnodeUnmounted> ref=Ref< Proxy(Object) > > 
  at <RouterView> 
  at <App> @ http://localhost:5277/node_modules/@vue/runtime-core/dist/runtime-core.esm-bundler.js:49
[   51491ms] [WARNING] [Vue warn]: Invalid prop: type check failed for prop "rowData". Expected Object, got String with value "<". 
  at <BodyRow key=undefined rowData="<" index=0  ... > 
  at <TableBody ref="bodyRef" value="<!DOCTYPE html>\n<htm" class=""  ... > 
  at <VirtualScroller ref="virtualScroller" items="<!DOCTYPE html>\n<html lang=\"en\">\n\n<head>\n  <meta charset=\"utf-8\" />\n  <meta name=\"viewport\" content=\"width=device-width, initial-scale=1\" />\n  <meta name=\"theme-color\" content=\"#000000\" />\n  <link rel=\"shortcut icon\" type=\"image/ico\" href=\"/assets/favicon-bc234827.ico\" />\n  <link href=\"https://fonts.googleapis.com/css?family=Roboto:300,400,500\" rel=\"stylesheet\" />\n  <title>Pentaract UI</title>\n\n  <style>\n    *,\n    html {\n      margin: 0;\n      padding: 0;\n    }\n  </style>\n  <script type=\"module\" crossorigin src=\"/assets/index-58b24b54.js\"></script>\n  <link rel=\"stylesheet\" href=\"/assets/index-a4f6c957.css\">\n</head>\n\n<body>\n  <noscript>Wanna write ur own UI without js?! Go ahead, don't disturb others</noscript>\n  <div id=\"root\"></div>\n\n  \n</body>\n\n</html>\n" columns= [Object, Object, Object, Object, Object, Object]  ... > 
  at <DataTable value="<!DOCTYPE html>\n<html lang=\"en\">\n\n<head>\n  <meta charset=\"utf-8\" />\n  <meta name=\"viewport\" content=\"width=device-width, initial-scale=1\" />\n  <meta name=\"theme-color\" content=\"#000000\" />\n  <link rel=\"shortcut icon\" type=\"image/ico\" href=\"/assets/favicon-bc234827.ico\" />\n  <link href=\"https://fonts.googleapis.com/css?family=Roboto:300,400,500\" rel=\"stylesheet\" />\n  <title>Pentaract UI</title>\n\n  <style>\n    *,\n    html {\n      margin: 0;\n      padding: 0;\n    }\n  </style>\n  <script type=\"module\" crossorigin src=\"/assets/index-58b24b54.js\"></script>\n  <link rel=\"stylesheet\" href=\"/assets/index-a4f6c957.css\">\n</head>\n\n<body>\n  <noscript>Wanna write ur own UI without js?! Go ahead, don't disturb others</noscript>\n  <div id=\"root\"></div>\n\n  \n</body>\n\n</html>\n" loading=false stripedRows=""  ... > 
  at <OrdersView onVnodeUnmounted=fn<onVnodeUnmounted> ref=Ref< Proxy(Object) > > 
  at <RouterView> 
  at <AppLayout onVnodeUnmounted=fn<onVnodeUnmounted> ref=Ref< Proxy(Object) > > 
  at <RouterView> 
  at <App> @ http://localhost:5277/node_modules/@vue/runtime-core/dist/runtime-core.esm-bundler.js:49
[   51493ms] [WARNING] [Vue warn]: Invalid prop: type check failed for prop "value". Expected Array, got String with value "<!DOCTYPE html>
<htm". 
  at <BodyRow key=undefined rowData="<" index=0  ... > 
  at <TableBody ref="bodyRef" value="<!DOCTYPE html>\n<htm" class=""  ... > 
  at <VirtualScroller ref="virtualScroller" items="<!DOCTYPE html>\n<html lang=\"en\">\n\n<head>\n  <meta charset=\"utf-8\" />\n  <meta name=\"viewport\" content=\"width=device-width, initial-scale=1\" />\n  <meta name=\"theme-color\" content=\"#000000\" />\n  <link rel=\"shortcut icon\" type=\"image/ico\" href=\"/assets/favicon-bc234827.ico\" />\n  <link href=\"https://fonts.googleapis.com/css?family=Roboto:300,400,500\" rel=\"stylesheet\" />\n  <title>Pentaract UI</title>\n\n  <style>\n    *,\n    html {\n      margin: 0;\n      padding: 0;\n    }\n  </style>\n  <script type=\"module\" crossorigin src=\"/assets/index-58b24b54.js\"></script>\n  <link rel=\"stylesheet\" href=\"/assets/index-a4f6c957.css\">\n</head>\n\n<body>\n  <noscript>Wanna write ur own UI without js?! Go ahead, don't disturb others</noscript>\n  <div id=\"root\"></div>\n\n  \n</body>\n\n</html>\n" columns= [Object, Object, Object, Object, Object, Object]  ... > 
  at <DataTable value="<!DOCTYPE html>\n<html lang=\"en\">\n\n<head>\n  <meta charset=\"utf-8\" />\n  <meta name=\"viewport\" content=\"width=device-width, initial-scale=1\" />\n  <meta name=\"theme-color\" content=\"#000000\" />\n  <link rel=\"shortcut icon\" type=\"image/ico\" href=\"/assets/favicon-bc234827.ico\" />\n  <link href=\"https://fonts.googleapis.com/css?family=Roboto:300,400,500\" rel=\"stylesheet\" />\n  <title>Pentaract UI</title>\n\n  <style>\n    *,\n    html {\n      margin: 0;\n      padding: 0;\n    }\n  </style>\n  <script type=\"module\" crossorigin src=\"/assets/index-58b24b54.js\"></script>\n  <link rel=\"stylesheet\" href=\"/assets/index-a4f6c957.css\">\n</head>\n\n<body>\n  <noscript>Wanna write ur own UI without js?! Go ahead, don't disturb others</noscript>\n  <div id=\"root\"></div>\n\n  \n</body>\n\n</html>\n" loading=false stripedRows=""  ... > 
  at <OrdersView onVnodeUnmounted=fn<onVnodeUnmounted> ref=Ref< Proxy(Object) > > 
  at <RouterView> 
  at <AppLayout onVnodeUnmounted=fn<onVnodeUnmounted> ref=Ref< Proxy(Object) > > 
  at <RouterView> 
  at <App> @ http://localhost:5277/node_modules/@vue/runtime-core/dist/runtime-core.esm-bundler.js:49
[   51496ms] [WARNING] [Vue warn]: Invalid prop: type check failed for prop "rowData". Expected Object, got String with value "<". 
  at <BodyCell key="id" rowData="<" column= {__v_isVNode: true, __v_skip: true, type: Object, props: Object, key: null}  ... > 
  at <BodyRow key=undefined rowData="<" index=0  ... > 
  at <TableBody ref="bodyRef" value="<!DOCTYPE html>\n<htm" class=""  ... > 
  at <VirtualScroller ref="virtualScroller" items="<!DOCTYPE html>\n<html lang=\"en\">\n\n<head>\n  <meta charset=\"utf-8\" />\n  <meta name=\"viewport\" content=\"width=device-width, initial-scale=1\" />\n  <meta name=\"theme-color\" content=\"#000000\" />\n  <link rel=\"shortcut icon\" type=\"image/ico\" href=\"/assets/favicon-bc234827.ico\" />\n  <link href=\"https://fonts.googleapis.com/css?family=Roboto:300,400,500\" rel=\"stylesheet\" />\n  <title>Pentaract UI</title>\n\n  <style>\n    *,\n    html {\n      margin: 0;\n      padding: 0;\n    }\n  </style>\n  <script type=\"module\" crossorigin src=\"/assets/index-58b24b54.js\"></script>\n  <link rel=\"stylesheet\" href=\"/assets/index-a4f6c957.css\">\n</head>\n\n<body>\n  <noscript>Wanna write ur own UI without js?! Go ahead, don't disturb others</noscript>\n  <div id=\"root\"></div>\n\n  \n</body>\n\n</html>\n" columns= [Object, Object, Object, Object, Object, Object]  ... > 
  at <DataTable value="<!DOCTYPE html>\n<html lang=\"en\">\n\n<head>\n  <meta charset=\"utf-8\" />\n  <meta name=\"viewport\" content=\"width=device-width, initial-scale=1\" />\n  <meta name=\"theme-color\" content=\"#000000\" />\n  <link rel=\"shortcut icon\" type=\"image/ico\" href=\"/assets/favicon-bc234827.ico\" />\n  <link href=\"https://fonts.googleapis.com/css?family=Roboto:300,400,500\" rel=\"stylesheet\" />\n  <title>Pentaract UI</title>\n\n  <style>\n    *,\n    html {\n      margin: 0;\n      padding: 0;\n    }\n  </style>\n  <script type=\"module\" crossorigin src=\"/assets/index-58b24b54.js\"></script>\n  <link rel=\"stylesheet\" href=\"/assets/index-a4f6c957.css\">\n</head>\n\n<body>\n  <noscript>Wanna write ur own UI without js?! Go ahead, don't disturb others</noscript>\n  <div id=\"root\"></div>\n\n  \n</body>\n\n</html>\n" loading=false stripedRows=""  ... > 
  at <OrdersView onVnodeUnmounted=fn<onVnodeUnmounted> ref=Ref< Proxy(Object) > > 
  at <RouterView> 
  at <AppLayout onVnodeUnmounted=fn<onVnodeUnmounted> ref=Ref< Proxy(Object) > > 
  at <RouterView> 
  at <App> @ http://localhost:5277/node_modules/@vue/runtime-core/dist/runtime-core.esm-bundler.js:49
[   51502ms] [WARNING] [Vue warn]: Invalid prop: type check failed for prop "rowData". Expected Object, got String with value "<". 
  at <BodyCell key="client_id" rowData="<" column= {__v_isVNode: true, __v_skip: true, type: Object, props: Object, key: null}  ... > 
  at <BodyRow key=undefined rowData="<" index=0  ... > 
  at <TableBody ref="bodyRef" value="<!DOCTYPE html>\n<htm" class=""  ... > 
  at <VirtualScroller ref="virtualScroller" items="<!DOCTYPE html>\n<html lang=\"en\">\n\n<head>\n  <meta charset=\"utf-8\" />\n  <meta name=\"viewport\" content=\"width=device-width, initial-scale=1\" />\n  <meta name=\"theme-color\" content=\"#000000\" />\n  <link rel=\"shortcut icon\" type=\"image/ico\" href=\"/assets/favicon-bc234827.ico\" />\n  <link href=\"https://fonts.googleapis.com/css?family=Roboto:300,400,500\" rel=\"stylesheet\" />\n  <title>Pentaract UI</title>\n\n  <style>\n    *,\n    html {\n      margin: 0;\n      padding: 0;\n    }\n  </style>\n  <script type=\"module\" crossorigin src=\"/assets/index-58b24b54.js\"></script>\n  <link rel=\"stylesheet\" href=\"/assets/index-a4f6c957.css\">\n</head>\n\n<body>\n  <noscript>Wanna write ur own UI without js?! Go ahead, don't disturb others</noscript>\n  <div id=\"root\"></div>\n\n  \n</body>\n\n</html>\n" columns= [Object, Object, Object, Object, Object, Object]  ... > 
  at <DataTable value="<!DOCTYPE html>\n<html lang=\"en\">\n\n<head>\n  <meta charset=\"utf-8\" />\n  <meta name=\"viewport\" content=\"width=device-width, initial-scale=1\" />\n  <meta name=\"theme-color\" content=\"#000000\" />\n  <link rel=\"shortcut icon\" type=\"image/ico\" href=\"/assets/favicon-bc234827.ico\" />\n  <link href=\"https://fonts.googleapis.com/css?family=Roboto:300,400,500\" rel=\"stylesheet\" />\n  <title>Pentaract UI</title>\n\n  <style>\n    *,\n    html {\n      margin: 0;\n      padding: 0;\n    }\n  </style>\n  <script type=\"module\" crossorigin src=\"/assets/index-58b24b54.js\"></script>\n  <link rel=\"stylesheet\" href=\"/assets/index-a4f6c957.css\">\n</head>\n\n<body>\n  <noscript>Wanna write ur own UI without js?! Go ahead, don't disturb others</noscript>\n  <div id=\"root\"></div>\n\n  \n</body>\n\n</html>\n" loading=false stripedRows=""  ... > 
  at <OrdersView onVnodeUnmounted=fn<onVnodeUnmounted> ref=Ref< Proxy(Object) > > 
  at <RouterView> 
  at <AppLayout onVnodeUnmounted=fn<onVnodeUnmounted> ref=Ref< Proxy(Object) > > 
  at <RouterView> 
  at <App> @ http://localhost:5277/node_modules/@vue/runtime-core/dist/runtime-core.esm-bundler.js:49
[   51508ms] [WARNING] [Vue warn]: Invalid prop: type check failed for prop "rowData". Expected Object, got String with value "<". 
  at <BodyCell key="source" rowData="<" column= {__v_isVNode: true, __v_skip: true, type: Object, props: Object, key: null}  ... > 
  at <BodyRow key=undefined rowData="<" index=0  ... > 
  at <TableBody ref="bodyRef" value="<!DOCTYPE html>\n<htm" class=""  ... > 
  at <VirtualScroller ref="virtualScroller" items="<!DOCTYPE html>\n<html lang=\"en\">\n\n<head>\n  <meta charset=\"utf-8\" />\n  <meta name=\"viewport\" content=\"width=device-width, initial-scale=1\" />\n  <meta name=\"theme-color\" content=\"#000000\" />\n  <link rel=\"shortcut icon\" type=\"image/ico\" href=\"/assets/favicon-bc234827.ico\" />\n  <link href=\"https://fonts.googleapis.com/css?family=Roboto:300,400,500\" rel=\"stylesheet\" />\n  <title>Pentaract UI</title>\n\n  <style>\n    *,\n    html {\n      margin: 0;\n      padding: 0;\n    }\n  </style>\n  <script type=\"module\" crossorigin src=\"/assets/index-58b24b54.js\"></script>\n  <link rel=\"stylesheet\" href=\"/assets/index-a4f6c957.css\">\n</head>\n\n<body>\n  <noscript>Wanna write ur own UI without js?! Go ahead, don't disturb others</noscript>\n  <div id=\"root\"></div>\n\n  \n</body>\n\n</html>\n" columns= [Object, Object, Object, Object, Object, Object]  ... > 
  at <DataTable value="<!DOCTYPE html>\n<html lang=\"en\">\n\n<head>\n  <meta charset=\"utf-8\" />\n  <meta name=\"viewport\" content=\"width=device-width, initial-scale=1\" />\n  <meta name=\"theme-color\" content=\"#000000\" />\n  <link rel=\"shortcut icon\" type=\"image/ico\" href=\"/assets/favicon-bc234827.ico\" />\n  <link href=\"https://fonts.googleapis.com/css?family=Roboto:300,400,500\" rel=\"stylesheet\" />\n  <title>Pentaract UI</title>\n\n  <style>\n    *,\n    html {\n      margin: 0;\n      padding: 0;\n    }\n  </style>\n  <script type=\"module\" crossorigin src=\"/assets/index-58b24b54.js\"></script>\n  <link rel=\"stylesheet\" href=\"/assets/index-a4f6c957.css\">\n</head>\n\n<body>\n  <noscript>Wanna write ur own UI without js?! Go ahead, don't disturb others</noscript>\n  <div id=\"root\"></div>\n\n  \n</body>\n\n</html>\n" loading=false stripedRows=""  ... > 
  at <OrdersView onVnodeUnmounted=fn<onVnodeUnmounted> ref=Ref< Proxy(Object) > > 
  at <RouterView> 
  at <AppLayout onVnodeUnmounted=fn<onVnodeUnmounted> ref=Ref< Proxy(Object) > > 
  at <RouterView> 
  at <App> @ http://localhost:5277/node_modules/@vue/runtime-core/dist/runtime-core.esm-bundler.js:49
[   51512ms] [WARNING] [Vue warn]: Invalid prop: type check failed for prop "rowData". Expected Object, got String with value "<". 
  at <BodyCell key="status" rowData="<" column= {__v_isVNode: true, __v_skip: true, type: Object, props: Object, key: null}  ... > 
  at <BodyRow key=undefined rowData="<" index=0  ... > 
  at <TableBody ref="bodyRef" value="<!DOCTYPE html>\n<htm" class=""  ... > 
  at <VirtualScroller ref="virtualScroller" items="<!DOCTYPE html>\n<html lang=\"en\">\n\n<head>\n  <meta charset=\"utf-8\" />\n  <meta name=\"viewport\" content=\"width=device-width, initial-scale=1\" />\n  <meta name=\"theme-color\" content=\"#000000\" />\n  <link rel=\"shortcut icon\" type=\"image/ico\" href=\"/assets/favicon-bc234827.ico\" />\n  <link href=\"https://fonts.googleapis.com/css?family=Roboto:300,400,500\" rel=\"stylesheet\" />\n  <title>Pentaract UI</title>\n\n  <style>\n    *,\n    html {\n      margin: 0;\n      padding: 0;\n    }\n  </style>\n  <script type=\"module\" crossorigin src=\"/assets/index-58b24b54.js\"></script>\n  <link rel=\"stylesheet\" href=\"/assets/index-a4f6c957.css\">\n</head>\n\n<body>\n  <noscript>Wanna write ur own UI without js?! Go ahead, don't disturb others</noscript>\n  <div id=\"root\"></div>\n\n  \n</body>\n\n</html>\n" columns= [Object, Object, Object, Object, Object, Object]  ... > 
  at <DataTable value="<!DOCTYPE html>\n<html lang=\"en\">\n\n<head>\n  <meta charset=\"utf-8\" />\n  <meta name=\"viewport\" content=\"width=device-width, initial-scale=1\" />\n  <meta name=\"theme-color\" content=\"#000000\" />\n  <link rel=\"shortcut icon\" type=\"image/ico\" href=\"/assets/favicon-bc234827.ico\" />\n  <link href=\"https://fonts.googleapis.com/css?family=Roboto:300,400,500\" rel=\"stylesheet\" />\n  <title>Pentaract UI</title>\n\n  <style>\n    *,\n    html {\n      margin: 0;\n      padding: 0;\n    }\n  </style>\n  <script type=\"module\" crossorigin src=\"/assets/index-58b24b54.js\"></script>\n  <link rel=\"stylesheet\" href=\"/assets/index-a4f6c957.css\">\n</head>\n\n<body>\n  <noscript>Wanna write ur own UI without js?! Go ahead, don't disturb others</noscript>\n  <div id=\"root\"></div>\n\n  \n</body>\n\n</html>\n" loading=false stripedRows=""  ... > 
  at <OrdersView onVnodeUnmounted=fn<onVnodeUnmounted> ref=Ref< Proxy(Object) > > 
  at <RouterView> 
  at <AppLayout onVnodeUnmounted=fn<onVnodeUnmounted> ref=Ref< Proxy(Object) > > 
  at <RouterView> 
  at <App> @ http://localhost:5277/node_modules/@vue/runtime-core/dist/runtime-core.esm-bundler.js:49
[   51517ms] [WARNING] [Vue warn]: Invalid prop: type check failed for prop "rowData". Expected Object, got String with value "<". 
  at <BodyCell key="created_at" rowData="<" column= {__v_isVNode: true, __v_skip: true, type: Object, props: Object, key: null}  ... > 
  at <BodyRow key=undefined rowData="<" index=0  ... > 
  at <TableBody ref="bodyRef" value="<!DOCTYPE html>\n<htm" class=""  ... > 
  at <VirtualScroller ref="virtualScroller" items="<!DOCTYPE html>\n<html lang=\"en\">\n\n<head>\n  <meta charset=\"utf-8\" />\n  <meta name=\"viewport\" content=\"width=device-width, initial-scale=1\" />\n  <meta name=\"theme-color\" content=\"#000000\" />\n  <link rel=\"shortcut icon\" type=\"image/ico\" href=\"/assets/favicon-bc234827.ico\" />\n  <link href=\"https://fonts.googleapis.com/css?family=Roboto:300,400,500\" rel=\"stylesheet\" />\n  <title>Pentaract UI</title>\n\n  <style>\n    *,\n    html {\n      margin: 0;\n      padding: 0;\n    }\n  </style>\n  <script type=\"module\" crossorigin src=\"/assets/index-58b24b54.js\"></script>\n  <link rel=\"stylesheet\" href=\"/assets/index-a4f6c957.css\">\n</head>\n\n<body>\n  <noscript>Wanna write ur own UI without js?! Go ahead, don't disturb others</noscript>\n  <div id=\"root\"></div>\n\n  \n</body>\n\n</html>\n" columns= [Object, Object, Object, Object, Object, Object]  ... > 
  at <DataTable value="<!DOCTYPE html>\n<html lang=\"en\">\n\n<head>\n  <meta charset=\"utf-8\" />\n  <meta name=\"viewport\" content=\"width=device-width, initial-scale=1\" />\n  <meta name=\"theme-color\" content=\"#000000\" />\n  <link rel=\"shortcut icon\" type=\"image/ico\" href=\"/assets/favicon-bc234827.ico\" />\n  <link href=\"https://fonts.googleapis.com/css?family=Roboto:300,400,500\" rel=\"stylesheet\" />\n  <title>Pentaract UI</title>\n\n  <style>\n    *,\n    html {\n      margin: 0;\n      padding: 0;\n    }\n  </style>\n  <script type=\"module\" crossorigin src=\"/assets/index-58b24b54.js\"></script>\n  <link rel=\"stylesheet\" href=\"/assets/index-a4f6c957.css\">\n</head>\n\n<body>\n  <noscript>Wanna write ur own UI without js?! Go ahead, don't disturb others</noscript>\n  <div id=\"root\"></div>\n\n  \n</body>\n\n</html>\n" loading=false stripedRows=""  ... > 
  at <OrdersView onVnodeUnmounted=fn<onVnodeUnmounted> ref=Ref< Proxy(Object) > > 
  at <RouterView> 
  at <AppLayout onVnodeUnmounted=fn<onVnodeUnmounted> ref=Ref< Proxy(Object) > > 
  at <RouterView> 
  at <App> @ http://localhost:5277/node_modules/@vue/runtime-core/dist/runtime-core.esm-bundler.js:49
[   51520ms] [WARNING] [Vue warn]: Invalid prop: type check failed for prop "rowData". Expected Object, got String with value "<". 
  at <BodyCell key=5 rowData="<" column= {__v_isVNode: true, __v_skip: true, type: Object, props: Object, key: null}  ... > 
  at <BodyRow key=undefined rowData="<" index=0  ... > 
  at <TableBody ref="bodyRef" value="<!DOCTYPE html>\n<htm" class=""  ... > 
  at <VirtualScroller ref="virtualScroller" items="<!DOCTYPE html>\n<html lang=\"en\">\n\n<head>\n  <meta charset=\"utf-8\" />\n  <meta name=\"viewport\" content=\"width=device-width, initial-scale=1\" />\n  <meta name=\"theme-color\" content=\"#000000\" />\n  <link rel=\"shortcut icon\" type=\"image/ico\" href=\"/assets/favicon-bc234827.ico\" />\n  <link href=\"https://fonts.googleapis.com/css?family=Roboto:300,400,500\" rel=\"stylesheet\" />\n  <title>Pentaract UI</title>\n\n  <style>\n    *,\n    html {\n      margin: 0;\n      padding: 0;\n    }\n  </style>\n  <script type=\"module\" crossorigin src=\"/assets/index-58b24b54.js\"></script>\n  <link rel=\"stylesheet\" href=\"/assets/index-a4f6c957.css\">\n</head>\n\n<body>\n  <noscript>Wanna write ur own UI without js?! Go ahead, don't disturb others</noscript>\n  <div id=\"root\"></div>\n\n  \n</body>\n\n</html>\n" columns= [Object, Object, Object, Object, Object, Object]  ... > 
  at <DataTable value="<!DOCTYPE html>\n<html lang=\"en\">\n\n<head>\n  <meta charset=\"utf-8\" />\n  <meta name=\"viewport\" content=\"width=device-width, initial-scale=1\" />\n  <meta name=\"theme-color\" content=\"#000000\" />\n  <link rel=\"shortcut icon\" type=\"image/ico\" href=\"/assets/favicon-bc234827.ico\" />\n  <link href=\"https://fonts.googleapis.com/css?family=Roboto:300,400,500\" rel=\"stylesheet\" />\n  <title>Pentaract UI</title>\n\n  <style>\n    *,\n    html {\n      margin: 0;\n      padding: 0;\n    }\n  </style>\n  <script type=\"module\" crossorigin src=\"/assets/index-58b24b54.js\"></script>\n  <link rel=\"stylesheet\" href=\"/assets/index-a4f6c957.css\">\n</head>\n\n<body>\n  <noscript>Wanna write ur own UI without js?! Go ahead, don't disturb others</noscript>\n  <div id=\"root\"></div>\n\n  \n</body>\n\n</html>\n" loading=false stripedRows=""  ... > 
  at <OrdersView onVnodeUnmounted=fn<onVnodeUnmounted> ref=Ref< Proxy(Object) > > 
  at <RouterView> 
  at <AppLayout onVnodeUnmounted=fn<onVnodeUnmounted> ref=Ref< Proxy(Object) > > 
  at <RouterView> 
  at <App> @ http://localhost:5277/node_modules/@vue/runtime-core/dist/runtime-core.esm-bundler.js:49
[   51525ms] [WARNING] [Vue warn]: Invalid prop: type check failed for prop "rowData". Expected Object, got String with value "!". 
  at <BodyRow key=undefined rowData="!" index=1  ... > 
  at <TableBody ref="bodyRef" value="<!DOCTYPE html>\n<htm" class=""  ... > 
  at <VirtualScroller ref="virtualScroller" items="<!DOCTYPE html>\n<html lang=\"en\">\n\n<head>\n  <meta charset=\"utf-8\" />\n  <meta name=\"viewport\" content=\"width=device-width, initial-scale=1\" />\n  <meta name=\"theme-color\" content=\"#000000\" />\n  <link rel=\"shortcut icon\" type=\"image/ico\" href=\"/assets/favicon-bc234827.ico\" />\n  <link href=\"https://fonts.googleapis.com/css?family=Roboto:300,400,500\" rel=\"stylesheet\" />\n  <title>Pentaract UI</title>\n\n  <style>\n    *,\n    html {\n      margin: 0;\n      padding: 0;\n    }\n  </style>\n  <script type=\"module\" crossorigin src=\"/assets/index-58b24b54.js\"></script>\n  <link rel=\"stylesheet\" href=\"/assets/index-a4f6c957.css\">\n</head>\n\n<body>\n  <noscript>Wanna write ur own UI without js?! Go ahead, don't disturb others</noscript>\n  <div id=\"root\"></div>\n\n  \n</body>\n\n</html>\n" columns= [Object, Object, Object, Object, Object, Object]  ... > 
  at <DataTable value="<!DOCTYPE html>\n<html lang=\"en\">\n\n<head>\n  <meta charset=\"utf-8\" />\n  <meta name=\"viewport\" content=\"width=device-width, initial-scale=1\" />\n  <meta name=\"theme-color\" content=\"#000000\" />\n  <link rel=\"shortcut icon\" type=\"image/ico\" href=\"/assets/favicon-bc234827.ico\" />\n  <link href=\"https://fonts.googleapis.com/css?family=Roboto:300,400,500\" rel=\"stylesheet\" />\n  <title>Pentaract UI</title>\n\n  <style>\n    *,\n    html {\n      margin: 0;\n      padding: 0;\n    }\n  </style>\n  <script type=\"module\" crossorigin src=\"/assets/index-58b24b54.js\"></script>\n  <link rel=\"stylesheet\" href=\"/assets/index-a4f6c957.css\">\n</head>\n\n<body>\n  <noscript>Wanna write ur own UI without js?! Go ahead, don't disturb others</noscript>\n  <div id=\"root\"></div>\n\n  \n</body>\n\n</html>\n" loading=false stripedRows=""  ... > 
  at <OrdersView onVnodeUnmounted=fn<onVnodeUnmounted> ref=Ref< Proxy(Object) > > 
  at <RouterView> 
  at <AppLayout onVnodeUnmounted=fn<onVnodeUnmounted> ref=Ref< Proxy(Object) > > 
  at <RouterView> 
  at <App> @ http://localhost:5277/node_modules/@vue/runtime-core/dist/runtime-core.esm-bundler.js:49
[   51527ms] [WARNING] [Vue warn]: Invalid prop: type check failed for prop "value". Expected Array, got String with value "<!DOCTYPE html>
<htm". 
  at <BodyRow key=undefined rowData="!" index=1  ... > 
  at <TableBody ref="bodyRef" value="<!DOCTYPE html>\n<htm" class=""  ... > 
  at <VirtualScroller ref="virtualScroller" items="<!DOCTYPE html>\n<html lang=\"en\">\n\n<head>\n  <meta charset=\"utf-8\" />\n  <meta name=\"viewport\" content=\"width=device-width, initial-scale=1\" />\n  <meta name=\"theme-color\" content=\"#000000\" />\n  <link rel=\"shortcut icon\" type=\"image/ico\" href=\"/assets/favicon-bc234827.ico\" />\n  <link href=\"https://fonts.googleapis.com/css?family=Roboto:300,400,500\" rel=\"stylesheet\" />\n  <title>Pentaract UI</title>\n\n  <style>\n    *,\n    html {\n      margin: 0;\n      padding: 0;\n    }\n  </style>\n  <script type=\"module\" crossorigin src=\"/assets/index-58b24b54.js\"></script>\n  <link rel=\"stylesheet\" href=\"/assets/index-a4f6c957.css\">\n</head>\n\n<body>\n  <noscript>Wanna write ur own UI without js?! Go ahead, don't disturb others</noscript>\n  <div id=\"root\"></div>\n\n  \n</body>\n\n</html>\n" columns= [Object, Object, Object, Object, Object, Object]  ... > 
  at <DataTable value="<!DOCTYPE html>\n<html lang=\"en\">\n\n<head>\n  <meta charset=\"utf-8\" />\n  <meta name=\"viewport\" content=\"width=device-width, initial-scale=1\" />\n  <meta name=\"theme-color\" content=\"#000000\" />\n  <link rel=\"shortcut icon\" type=\"image/ico\" href=\"/assets/favicon-bc234827.ico\" />\n  <link href=\"https://fonts.googleapis.com/css?family=Roboto:300,400,500\" rel=\"stylesheet\" />\n  <title>Pentaract UI</title>\n\n  <style>\n    *,\n    html {\n      margin: 0;\n      padding: 0;\n    }\n  </style>\n  <script type=\"module\" crossorigin src=\"/assets/index-58b24b54.js\"></script>\n  <link rel=\"stylesheet\" href=\"/assets/index-a4f6c957.css\">\n</head>\n\n<body>\n  <noscript>Wanna write ur own UI without js?! Go ahead, don't disturb others</noscript>\n  <div id=\"root\"></div>\n\n  \n</body>\n\n</html>\n" loading=false stripedRows=""  ... > 
  at <OrdersView onVnodeUnmounted=fn<onVnodeUnmounted> ref=Ref< Proxy(Object) > > 
  at <RouterView> 
  at <AppLayout onVnodeUnmounted=fn<onVnodeUnmounted> ref=Ref< Proxy(Object) > > 
  at <RouterView> 
  at <App> @ http://localhost:5277/node_modules/@vue/runtime-core/dist/runtime-core.esm-bundler.js:49
[   51533ms] [WARNING] [Vue warn]: Invalid prop: type check failed for prop "rowData". Expected Object, got String with value "!". 
  at <BodyCell key="id" rowData="!" column= {__v_isVNode: true, __v_skip: true, type: Object, props: Object, key: null}  ... > 
  at <BodyRow key=undefined rowData="!" index=1  ... > 
  at <TableBody ref="bodyRef" value="<!DOCTYPE html>\n<htm" class=""  ... > 
  at <VirtualScroller ref="virtualScroller" items="<!DOCTYPE html>\n<html lang=\"en\">\n\n<head>\n  <meta charset=\"utf-8\" />\n  <meta name=\"viewport\" content=\"width=device-width, initial-scale=1\" />\n  <meta name=\"theme-color\" content=\"#000000\" />\n  <link rel=\"shortcut icon\" type=\"image/ico\" href=\"/assets/favicon-bc234827.ico\" />\n  <link href=\"https://fonts.googleapis.com/css?family=Roboto:300,400,500\" rel=\"stylesheet\" />\n  <title>Pentaract UI</title>\n\n  <style>\n    *,\n    html {\n      margin: 0;\n      padding: 0;\n    }\n  </style>\n  <script type=\"module\" crossorigin src=\"/assets/index-58b24b54.js\"></script>\n  <link rel=\"stylesheet\" href=\"/assets/index-a4f6c957.css\">\n</head>\n\n<body>\n  <noscript>Wanna write ur own UI without js?! Go ahead, don't disturb others</noscript>\n  <div id=\"root\"></div>\n\n  \n</body>\n\n</html>\n" columns= [Object, Object, Object, Object, Object, Object]  ... > 
  at <DataTable value="<!DOCTYPE html>\n<html lang=\"en\">\n\n<head>\n  <meta charset=\"utf-8\" />\n  <meta name=\"viewport\" content=\"width=device-width, initial-scale=1\" />\n  <meta name=\"theme-color\" content=\"#000000\" />\n  <link rel=\"shortcut icon\" type=\"image/ico\" href=\"/assets/favicon-bc234827.ico\" />\n  <link href=\"https://fonts.googleapis.com/css?family=Roboto:300,400,500\" rel=\"stylesheet\" />\n  <title>Pentaract UI</title>\n\n  <style>\n    *,\n    html {\n      margin: 0;\n      padding: 0;\n    }\n  </style>\n  <script type=\"module\" crossorigin src=\"/assets/index-58b24b54.js\"></script>\n  <link rel=\"stylesheet\" href=\"/assets/index-a4f6c957.css\">\n</head>\n\n<body>\n  <noscript>Wanna write ur own UI without js?! Go ahead, don't disturb others</noscript>\n  <div id=\"root\"></div>\n\n  \n</body>\n\n</html>\n" loading=false stripedRows=""  ... > 
  at <OrdersView onVnodeUnmounted=fn<onVnodeUnmounted> ref=Ref< Proxy(Object) > > 
  at <RouterView> 
  at <AppLayout onVnodeUnmounted=fn<onVnodeUnmounted> ref=Ref< Proxy(Object) > > 
  at <RouterView> 
  at <App> @ http://localhost:5277/node_modules/@vue/runtime-core/dist/runtime-core.esm-bundler.js:49
[   51537ms] [WARNING] [Vue warn]: Invalid prop: type check failed for prop "rowData". Expected Object, got String with value "!". 
  at <BodyCell key="client_id" rowData="!" column= {__v_isVNode: true, __v_skip: true, type: Object, props: Object, key: null}  ... > 
  at <BodyRow key=undefined rowData="!" index=1  ... > 
  at <TableBody ref="bodyRef" value="<!DOCTYPE html>\n<htm" class=""  ... > 
  at <VirtualScroller ref="virtualScroller" items="<!DOCTYPE html>\n<html lang=\"en\">\n\n<head>\n  <meta charset=\"utf-8\" />\n  <meta name=\"viewport\" content=\"width=device-width, initial-scale=1\" />\n  <meta name=\"theme-color\" content=\"#000000\" />\n  <link rel=\"shortcut icon\" type=\"image/ico\" href=\"/assets/favicon-bc234827.ico\" />\n  <link href=\"https://fonts.googleapis.com/css?family=Roboto:300,400,500\" rel=\"stylesheet\" />\n  <title>Pentaract UI</title>\n\n  <style>\n    *,\n    html {\n      margin: 0;\n      padding: 0;\n    }\n  </style>\n  <script type=\"module\" crossorigin src=\"/assets/index-58b24b54.js\"></script>\n  <link rel=\"stylesheet\" href=\"/assets/index-a4f6c957.css\">\n</head>\n\n<body>\n  <noscript>Wanna write ur own UI without js?! Go ahead, don't disturb others</noscript>\n  <div id=\"root\"></div>\n\n  \n</body>\n\n</html>\n" columns= [Object, Object, Object, Object, Object, Object]  ... > 
  at <DataTable value="<!DOCTYPE html>\n<html lang=\"en\">\n\n<head>\n  <meta charset=\"utf-8\" />\n  <meta name=\"viewport\" content=\"width=device-width, initial-scale=1\" />\n  <meta name=\"theme-color\" content=\"#000000\" />\n  <link rel=\"shortcut icon\" type=\"image/ico\" href=\"/assets/favicon-bc234827.ico\" />\n  <link href=\"https://fonts.googleapis.com/css?family=Roboto:300,400,500\" rel=\"stylesheet\" />\n  <title>Pentaract UI</title>\n\n  <style>\n    *,\n    html {\n      margin: 0;\n      padding: 0;\n    }\n  </style>\n  <script type=\"module\" crossorigin src=\"/assets/index-58b24b54.js\"></script>\n  <link rel=\"stylesheet\" href=\"/assets/index-a4f6c957.css\">\n</head>\n\n<body>\n  <noscript>Wanna write ur own UI without js?! Go ahead, don't disturb others</noscript>\n  <div id=\"root\"></div>\n\n  \n</body>\n\n</html>\n" loading=false stripedRows=""  ... > 
  at <OrdersView onVnodeUnmounted=fn<onVnodeUnmounted> ref=Ref< Proxy(Object) > > 
  at <RouterView> 
  at <AppLayout onVnodeUnmounted=fn<onVnodeUnmounted> ref=Ref< Proxy(Object) > > 
  at <RouterView> 
  at <App> @ http://localhost:5277/node_modules/@vue/runtime-core/dist/runtime-core.esm-bundler.js:49
[   51542ms] [WARNING] [Vue warn]: Invalid prop: type check failed for prop "rowData". Expected Object, got String with value "!". 
  at <BodyCell key="source" rowData="!" column= {__v_isVNode: true, __v_skip: true, type: Object, props: Object, key: null}  ... > 
  at <BodyRow key=undefined rowData="!" index=1  ... > 
  at <TableBody ref="bodyRef" value="<!DOCTYPE html>\n<htm" class=""  ... > 
  at <VirtualScroller ref="virtualScroller" items="<!DOCTYPE html>\n<html lang=\"en\">\n\n<head>\n  <meta charset=\"utf-8\" />\n  <meta name=\"viewport\" content=\"width=device-width, initial-scale=1\" />\n  <meta name=\"theme-color\" content=\"#000000\" />\n  <link rel=\"shortcut icon\" type=\"image/ico\" href=\"/assets/favicon-bc234827.ico\" />\n  <link href=\"https://fonts.googleapis.com/css?family=Roboto:300,400,500\" rel=\"stylesheet\" />\n  <title>Pentaract UI</title>\n\n  <style>\n    *,\n    html {\n      margin: 0;\n      padding: 0;\n    }\n  </style>\n  <script type=\"module\" crossorigin src=\"/assets/index-58b24b54.js\"></script>\n  <link rel=\"stylesheet\" href=\"/assets/index-a4f6c957.css\">\n</head>\n\n<body>\n  <noscript>Wanna write ur own UI without js?! Go ahead, don't disturb others</noscript>\n  <div id=\"root\"></div>\n\n  \n</body>\n\n</html>\n" columns= [Object, Object, Object, Object, Object, Object]  ... > 
  at <DataTable value="<!DOCTYPE html>\n<html lang=\"en\">\n\n<head>\n  <meta charset=\"utf-8\" />\n  <meta name=\"viewport\" content=\"width=device-width, initial-scale=1\" />\n  <meta name=\"theme-color\" content=\"#000000\" />\n  <link rel=\"shortcut icon\" type=\"image/ico\" href=\"/assets/favicon-bc234827.ico\" />\n  <link href=\"https://fonts.googleapis.com/css?family=Roboto:300,400,500\" rel=\"stylesheet\" />\n  <title>Pentaract UI</title>\n\n  <style>\n    *,\n    html {\n      margin: 0;\n      padding: 0;\n    }\n  </style>\n  <script type=\"module\" crossorigin src=\"/assets/index-58b24b54.js\"></script>\n  <link rel=\"stylesheet\" href=\"/assets/index-a4f6c957.css\">\n</head>\n\n<body>\n  <noscript>Wanna write ur own UI without js?! Go ahead, don't disturb others</noscript>\n  <div id=\"root\"></div>\n\n  \n</body>\n\n</html>\n" loading=false stripedRows=""  ... > 
  at <OrdersView onVnodeUnmounted=fn<onVnodeUnmounted> ref=Ref< Proxy(Object) > > 
  at <RouterView> 
  at <AppLayout onVnodeUnmounted=fn<onVnodeUnmounted> ref=Ref< Proxy(Object) > > 
  at <RouterView> 
  at <App> @ http://localhost:5277/node_modules/@vue/runtime-core/dist/runtime-core.esm-bundler.js:49
[   51545ms] [WARNING] [Vue warn]: Invalid prop: type check failed for prop "rowData". Expected Object, got String with value "!". 
  at <BodyCell key="status" rowData="!" column= {__v_isVNode: true, __v_skip: true, type: Object, props: Object, key: null}  ... > 
  at <BodyRow key=undefined rowData="!" index=1  ... > 
  at <TableBody ref="bodyRef" value="<!DOCTYPE html>\n<htm" class=""  ... > 
  at <VirtualScroller ref="virtualScroller" items="<!DOCTYPE html>\n<html lang=\"en\">\n\n<head>\n  <meta charset=\"utf-8\" />\n  <meta name=\"viewport\" content=\"width=device-width, initial-scale=1\" />\n  <meta name=\"theme-color\" content=\"#000000\" />\n  <link rel=\"shortcut icon\" type=\"image/ico\" href=\"/assets/favicon-bc234827.ico\" />\n  <link href=\"https://fonts.googleapis.com/css?family=Roboto:300,400,500\" rel=\"stylesheet\" />\n  <title>Pentaract UI</title>\n\n  <style>\n    *,\n    html {\n      margin: 0;\n      padding: 0;\n    }\n  </style>\n  <script type=\"module\" crossorigin src=\"/assets/index-58b24b54.js\"></script>\n  <link rel=\"stylesheet\" href=\"/assets/index-a4f6c957.css\">\n</head>\n\n<body>\n  <noscript>Wanna write ur own UI without js?! Go ahead, don't disturb others</noscript>\n  <div id=\"root\"></div>\n\n  \n</body>\n\n</html>\n" columns= [Object, Object, Object, Object, Object, Object]  ... > 
  at <DataTable value="<!DOCTYPE html>\n<html lang=\"en\">\n\n<head>\n  <meta charset=\"utf-8\" />\n  <meta name=\"viewport\" content=\"width=device-width, initial-scale=1\" />\n  <meta name=\"theme-color\" content=\"#000000\" />\n  <link rel=\"shortcut icon\" type=\"image/ico\" href=\"/assets/favicon-bc234827.ico\" />\n  <link href=\"https://fonts.googleapis.com/css?family=Roboto:300,400,500\" rel=\"stylesheet\" />\n  <title>Pentaract UI</title>\n\n  <style>\n    *,\n    html {\n      margin: 0;\n      padding: 0;\n    }\n  </style>\n  <script type=\"module\" crossorigin src=\"/assets/index-58b24b54.js\"></script>\n  <link rel=\"stylesheet\" href=\"/assets/index-a4f6c957.css\">\n</head>\n\n<body>\n  <noscript>Wanna write ur own UI without js?! Go ahead, don't disturb others</noscript>\n  <div id=\"root\"></div>\n\n  \n</body>\n\n</html>\n" loading=false stripedRows=""  ... > 
  at <OrdersView onVnodeUnmounted=fn<onVnodeUnmounted> ref=Ref< Proxy(Object) > > 
  at <RouterView> 
  at <AppLayout onVnodeUnmounted=fn<onVnodeUnmounted> ref=Ref< Proxy(Object) > > 
  at <RouterView> 
  at <App> @ http://localhost:5277/node_modules/@vue/runtime-core/dist/runtime-core.esm-bundler.js:49
[   51549ms] [WARNING] [Vue warn]: Invalid prop: type check failed for prop "rowData". Expected Object, got String with value "!". 
  at <BodyCell key="created_at" rowData="!" column= {__v_isVNode: true, __v_skip: true, type: Object, props: Object, key: null}  ... > 
  at <BodyRow key=undefined rowData="!" index=1  ... > 
  at <TableBody ref="bodyRef" value="<!DOCTYPE html>\n<htm" class=""  ... > 
  at <VirtualScroller ref="virtualScroller" items="<!DOCTYPE html>\n<html lang=\"en\">\n\n<head>\n  <meta charset=\"utf-8\" />\n  <meta name=\"viewport\" content=\"width=device-width, initial-scale=1\" />\n  <meta name=\"theme-color\" content=\"#000000\" />\n  <link rel=\"shortcut icon\" type=\"image/ico\" href=\"/assets/favicon-bc234827.ico\" />\n  <link href=\"https://fonts.googleapis.com/css?family=Roboto:300,400,500\" rel=\"stylesheet\" />\n  <title>Pentaract UI</title>\n\n  <style>\n    *,\n    html {\n      margin: 0;\n      padding: 0;\n    }\n  </style>\n  <script type=\"module\" crossorigin src=\"/assets/index-58b24b54.js\"></script>\n  <link rel=\"stylesheet\" href=\"/assets/index-a4f6c957.css\">\n</head>\n\n<body>\n  <noscript>Wanna write ur own UI without js?! Go ahead, don't disturb others</noscript>\n  <div id=\"root\"></div>\n\n  \n</body>\n\n</html>\n" columns= [Object, Object, Object, Object, Object, Object]  ... > 
  at <DataTable value="<!DOCTYPE html>\n<html lang=\"en\">\n\n<head>\n  <meta charset=\"utf-8\" />\n  <meta name=\"viewport\" content=\"width=device-width, initial-scale=1\" />\n  <meta name=\"theme-color\" content=\"#000000\" />\n  <link rel=\"shortcut icon\" type=\"image/ico\" href=\"/assets/favicon-bc234827.ico\" />\n  <link href=\"https://fonts.googleapis.com/css?family=Roboto:300,400,500\" rel=\"stylesheet\" />\n  <title>Pentaract UI</title>\n\n  <style>\n    *,\n    html {\n      margin: 0;\n      padding: 0;\n    }\n  </style>\n  <script type=\"module\" crossorigin src=\"/assets/index-58b24b54.js\"></script>\n  <link rel=\"stylesheet\" href=\"/assets/index-a4f6c957.css\">\n</head>\n\n<body>\n  <noscript>Wanna write ur own UI without js?! Go ahead, don't disturb others</noscript>\n  <div id=\"root\"></div>\n\n  \n</body>\n\n</html>\n" loading=false stripedRows=""  ... > 
  at <OrdersView onVnodeUnmounted=fn<onVnodeUnmounted> ref=Ref< Proxy(Object) > > 
  at <RouterView> 
  at <AppLayout onVnodeUnmounted=fn<onVnodeUnmounted> ref=Ref< Proxy(Object) > > 
  at <RouterView> 
  at <App> @ http://localhost:5277/node_modules/@vue/runtime-core/dist/runtime-core.esm-bundler.js:49
[   51551ms] [WARNING] [Vue warn]: Invalid prop: type check failed for prop "rowData". Expected Object, got String with value "!". 
  at <BodyCell key=5 rowData="!" column= {__v_isVNode: true, __v_skip: true, type: Object, props: Object, key: null}  ... > 
  at <BodyRow key=undefined rowData="!" index=1  ... > 
  at <TableBody ref="bodyRef" value="<!DOCTYPE html>\n<htm" class=""  ... > 
  at <VirtualScroller ref="virtualScroller" items="<!DOCTYPE html>\n<html lang=\"en\">\n\n<head>\n  <meta charset=\"utf-8\" />\n  <meta name=\"viewport\" content=\"width=device-width, initial-scale=1\" />\n  <meta name=\"theme-color\" content=\"#000000\" />\n  <link rel=\"shortcut icon\" type=\"image/ico\" href=\"/assets/favicon-bc234827.ico\" />\n  <link href=\"https://fonts.googleapis.com/css?family=Roboto:300,400,500\" rel=\"stylesheet\" />\n  <title>Pentaract UI</title>\n\n  <style>\n    *,\n    html {\n      margin: 0;\n      padding: 0;\n    }\n  </style>\n  <script type=\"module\" crossorigin src=\"/assets/index-58b24b54.js\"></script>\n  <link rel=\"stylesheet\" href=\"/assets/index-a4f6c957.css\">\n</head>\n\n<body>\n  <noscript>Wanna write ur own UI without js?! Go ahead, don't disturb others</noscript>\n  <div id=\"root\"></div>\n\n  \n</body>\n\n</html>\n" columns= [Object, Object, Object, Object, Object, Object]  ... > 
  at <DataTable value="<!DOCTYPE html>\n<html lang=\"en\">\n\n<head>\n  <meta charset=\"utf-8\" />\n  <meta name=\"viewport\" content=\"width=device-width, initial-scale=1\" />\n  <meta name=\"theme-color\" content=\"#000000\" />\n  <link rel=\"shortcut icon\" type=\"image/ico\" href=\"/assets/favicon-bc234827.ico\" />\n  <link href=\"https://fonts.googleapis.com/css?family=Roboto:300,400,500\" rel=\"stylesheet\" />\n  <title>Pentaract UI</title>\n\n  <style>\n    *,\n    html {\n      margin: 0;\n      padding: 0;\n    }\n  </style>\n  <script type=\"module\" crossorigin src=\"/assets/index-58b24b54.js\"></script>\n  <link rel=\"stylesheet\" href=\"/assets/index-a4f6c957.css\">\n</head>\n\n<body>\n  <noscript>Wanna write ur own UI without js?! Go ahead, don't disturb others</noscript>\n  <div id=\"root\"></div>\n\n  \n</body>\n\n</html>\n" loading=false stripedRows=""  ... > 
  at <OrdersView onVnodeUnmounted=fn<onVnodeUnmounted> ref=Ref< Proxy(Object) > > 
  at <RouterView> 
  at <AppLayout onVnodeUnmounted=fn<onVnodeUnmounted> ref=Ref< Proxy(Object) > > 
  at <RouterView> 
  at <App> @ http://localhost:5277/node_modules/@vue/runtime-core/dist/runtime-core.esm-bundler.js:49
[   51556ms] [WARNING] [Vue warn]: Invalid prop: type check failed for prop "rowData". Expected Object, got String with value "D". 
  at <BodyRow key=undefined rowData="D" index=2  ... > 
  at <TableBody ref="bodyRef" value="<!DOCTYPE html>\n<htm" class=""  ... > 
  at <VirtualScroller ref="virtualScroller" items="<!DOCTYPE html>\n<html lang=\"en\">\n\n<head>\n  <meta charset=\"utf-8\" />\n  <meta name=\"viewport\" content=\"width=device-width, initial-scale=1\" />\n  <meta name=\"theme-color\" content=\"#000000\" />\n  <link rel=\"shortcut icon\" type=\"image/ico\" href=\"/assets/favicon-bc234827.ico\" />\n  <link href=\"https://fonts.googleapis.com/css?family=Roboto:300,400,500\" rel=\"stylesheet\" />\n  <title>Pentaract UI</title>\n\n  <style>\n    *,\n    html {\n      margin: 0;\n      padding: 0;\n    }\n  </style>\n  <script type=\"module\" crossorigin src=\"/assets/index-58b24b54.js\"></script>\n  <link rel=\"stylesheet\" href=\"/assets/index-a4f6c957.css\">\n</head>\n\n<body>\n  <noscript>Wanna write ur own UI without js?! Go ahead, don't disturb others</noscript>\n  <div id=\"root\"></div>\n\n  \n</body>\n\n</html>\n" columns= [Object, Object, Object, Object, Object, Object]  ... > 
  at <DataTable value="<!DOCTYPE html>\n<html lang=\"en\">\n\n<head>\n  <meta charset=\"utf-8\" />\n  <meta name=\"viewport\" content=\"width=device-width, initial-scale=1\" />\n  <meta name=\"theme-color\" content=\"#000000\" />\n  <link rel=\"shortcut icon\" type=\"image/ico\" href=\"/assets/favicon-bc234827.ico\" />\n  <link href=\"https://fonts.googleapis.com/css?family=Roboto:300,400,500\" rel=\"stylesheet\" />\n  <title>Pentaract UI</title>\n\n  <style>\n    *,\n    html {\n      margin: 0;\n      padding: 0;\n    }\n  </style>\n  <script type=\"module\" crossorigin src=\"/assets/index-58b24b54.js\"></script>\n  <link rel=\"stylesheet\" href=\"/assets/index-a4f6c957.css\">\n</head>\n\n<body>\n  <noscript>Wanna write ur own UI without js?! Go ahead, don't disturb others</noscript>\n  <div id=\"root\"></div>\n\n  \n</body>\n\n</html>\n" loading=false stripedRows=""  ... > 
  at <OrdersView onVnodeUnmounted=fn<onVnodeUnmounted> ref=Ref< Proxy(Object) > > 
  at <RouterView> 
  at <AppLayout onVnodeUnmounted=fn<onVnodeUnmounted> ref=Ref< Proxy(Object) > > 
  at <RouterView> 
  at <App> @ http://localhost:5277/node_modules/@vue/runtime-core/dist/runtime-core.esm-bundler.js:49
[   51557ms] [WARNING] [Vue warn]: Invalid prop: type check failed for prop "value". Expected Array, got String with value "<!DOCTYPE html>
<htm". 
  at <BodyRow key=undefined rowData="D" index=2  ... > 
  at <TableBody ref="bodyRef" value="<!DOCTYPE html>\n<htm" class=""  ... > 
  at <VirtualScroller ref="virtualScroller" items="<!DOCTYPE html>\n<html lang=\"en\">\n\n<head>\n  <meta charset=\"utf-8\" />\n  <meta name=\"viewport\" content=\"width=device-width, initial-scale=1\" />\n  <meta name=\"theme-color\" content=\"#000000\" />\n  <link rel=\"shortcut icon\" type=\"image/ico\" href=\"/assets/favicon-bc234827.ico\" />\n  <link href=\"https://fonts.googleapis.com/css?family=Roboto:300,400,500\" rel=\"stylesheet\" />\n  <title>Pentaract UI</title>\n\n  <style>\n    *,\n    html {\n      margin: 0;\n      padding: 0;\n    }\n  </style>\n  <script type=\"module\" crossorigin src=\"/assets/index-58b24b54.js\"></script>\n  <link rel=\"stylesheet\" href=\"/assets/index-a4f6c957.css\">\n</head>\n\n<body>\n  <noscript>Wanna write ur own UI without js?! Go ahead, don't disturb others</noscript>\n  <div id=\"root\"></div>\n\n  \n</body>\n\n</html>\n" columns= [Object, Object, Object, Object, Object, Object]  ... > 
  at <DataTable value="<!DOCTYPE html>\n<html lang=\"en\">\n\n<head>\n  <meta charset=\"utf-8\" />\n  <meta name=\"viewport\" content=\"width=device-width, initial-scale=1\" />\n  <meta name=\"theme-color\" content=\"#000000\" />\n  <link rel=\"shortcut icon\" type=\"image/ico\" href=\"/assets/favicon-bc234827.ico\" />\n  <link href=\"https://fonts.googleapis.com/css?family=Roboto:300,400,500\" rel=\"stylesheet\" />\n  <title>Pentaract UI</title>\n\n  <style>\n    *,\n    html {\n      margin: 0;\n      padding: 0;\n    }\n  </style>\n  <script type=\"module\" crossorigin src=\"/assets/index-58b24b54.js\"></script>\n  <link rel=\"stylesheet\" href=\"/assets/index-a4f6c957.css\">\n</head>\n\n<body>\n  <noscript>Wanna write ur own UI without js?! Go ahead, don't disturb others</noscript>\n  <div id=\"root\"></div>\n\n  \n</body>\n\n</html>\n" loading=false stripedRows=""  ... > 
  at <OrdersView onVnodeUnmounted=fn<onVnodeUnmounted> ref=Ref< Proxy(Object) > > 
  at <RouterView> 
  at <AppLayout onVnodeUnmounted=fn<onVnodeUnmounted> ref=Ref< Proxy(Object) > > 
  at <RouterView> 
  at <App> @ http://localhost:5277/node_modules/@vue/runtime-core/dist/runtime-core.esm-bundler.js:49
[   51560ms] [WARNING] [Vue warn]: Invalid prop: type check failed for prop "rowData". Expected Object, got String with value "D". 
  at <BodyCell key="id" rowData="D" column= {__v_isVNode: true, __v_skip: true, type: Object, props: Object, key: null}  ... > 
  at <BodyRow key=undefined rowData="D" index=2  ... > 
  at <TableBody ref="bodyRef" value="<!DOCTYPE html>\n<htm" class=""  ... > 
  at <VirtualScroller ref="virtualScroller" items="<!DOCTYPE html>\n<html lang=\"en\">\n\n<head>\n  <meta charset=\"utf-8\" />\n  <meta name=\"viewport\" content=\"width=device-width, initial-scale=1\" />\n  <meta name=\"theme-color\" content=\"#000000\" />\n  <link rel=\"shortcut icon\" type=\"image/ico\" href=\"/assets/favicon-bc234827.ico\" />\n  <link href=\"https://fonts.googleapis.com/css?family=Roboto:300,400,500\" rel=\"stylesheet\" />\n  <title>Pentaract UI</title>\n\n  <style>\n    *,\n    html {\n      margin: 0;\n      padding: 0;\n    }\n  </style>\n  <script type=\"module\" crossorigin src=\"/assets/index-58b24b54.js\"></script>\n  <link rel=\"stylesheet\" href=\"/assets/index-a4f6c957.css\">\n</head>\n\n<body>\n  <noscript>Wanna write ur own UI without js?! Go ahead, don't disturb others</noscript>\n  <div id=\"root\"></div>\n\n  \n</body>\n\n</html>\n" columns= [Object, Object, Object, Object, Object, Object]  ... > 
  at <DataTable value="<!DOCTYPE html>\n<html lang=\"en\">\n\n<head>\n  <meta charset=\"utf-8\" />\n  <meta name=\"viewport\" content=\"width=device-width, initial-scale=1\" />\n  <meta name=\"theme-color\" content=\"#000000\" />\n  <link rel=\"shortcut icon\" type=\"image/ico\" href=\"/assets/favicon-bc234827.ico\" />\n  <link href=\"https://fonts.googleapis.com/css?family=Roboto:300,400,500\" rel=\"stylesheet\" />\n  <title>Pentaract UI</title>\n\n  <style>\n    *,\n    html {\n      margin: 0;\n      padding: 0;\n    }\n  </style>\n  <script type=\"module\" crossorigin src=\"/assets/index-58b24b54.js\"></script>\n  <link rel=\"stylesheet\" href=\"/assets/index-a4f6c957.css\">\n</head>\n\n<body>\n  <noscript>Wanna write ur own UI without js?! Go ahead, don't disturb others</noscript>\n  <div id=\"root\"></div>\n\n  \n</body>\n\n</html>\n" loading=false stripedRows=""  ... > 
  at <OrdersView onVnodeUnmounted=fn<onVnodeUnmounted> ref=Ref< Proxy(Object) > > 
  at <RouterView> 
  at <AppLayout onVnodeUnmounted=fn<onVnodeUnmounted> ref=Ref< Proxy(Object) > > 
  at <RouterView> 
  at <App> @ http://localhost:5277/node_modules/@vue/runtime-core/dist/runtime-core.esm-bundler.js:49
[   51563ms] [WARNING] [Vue warn]: Invalid prop: type check failed for prop "rowData". Expected Object, got String with value "D". 
  at <BodyCell key="client_id" rowData="D" column= {__v_isVNode: true, __v_skip: true, type: Object, props: Object, key: null}  ... > 
  at <BodyRow key=undefined rowData="D" index=2  ... > 
  at <TableBody ref="bodyRef" value="<!DOCTYPE html>\n<htm" class=""  ... > 
  at <VirtualScroller ref="virtualScroller" items="<!DOCTYPE html>\n<html lang=\"en\">\n\n<head>\n  <meta charset=\"utf-8\" />\n  <meta name=\"viewport\" content=\"width=device-width, initial-scale=1\" />\n  <meta name=\"theme-color\" content=\"#000000\" />\n  <link rel=\"shortcut icon\" type=\"image/ico\" href=\"/assets/favicon-bc234827.ico\" />\n  <link href=\"https://fonts.googleapis.com/css?family=Roboto:300,400,500\" rel=\"stylesheet\" />\n  <title>Pentaract UI</title>\n\n  <style>\n    *,\n    html {\n      margin: 0;\n      padding: 0;\n    }\n  </style>\n  <script type=\"module\" crossorigin src=\"/assets/index-58b24b54.js\"></script>\n  <link rel=\"stylesheet\" href=\"/assets/index-a4f6c957.css\">\n</head>\n\n<body>\n  <noscript>Wanna write ur own UI without js?! Go ahead, don't disturb others</noscript>\n  <div id=\"root\"></div>\n\n  \n</body>\n\n</html>\n" columns= [Object, Object, Object, Object, Object, Object]  ... > 
  at <DataTable value="<!DOCTYPE html>\n<html lang=\"en\">\n\n<head>\n  <meta charset=\"utf-8\" />\n  <meta name=\"viewport\" content=\"width=device-width, initial-scale=1\" />\n  <meta name=\"theme-color\" content=\"#000000\" />\n  <link rel=\"shortcut icon\" type=\"image/ico\" href=\"/assets/favicon-bc234827.ico\" />\n  <link href=\"https://fonts.googleapis.com/css?family=Roboto:300,400,500\" rel=\"stylesheet\" />\n  <title>Pentaract UI</title>\n\n  <style>\n    *,\n    html {\n      margin: 0;\n      padding: 0;\n    }\n  </style>\n  <script type=\"module\" crossorigin src=\"/assets/index-58b24b54.js\"></script>\n  <link rel=\"stylesheet\" href=\"/assets/index-a4f6c957.css\">\n</head>\n\n<body>\n  <noscript>Wanna write ur own UI without js?! Go ahead, don't disturb others</noscript>\n  <div id=\"root\"></div>\n\n  \n</body>\n\n</html>\n" loading=false stripedRows=""  ... > 
  at <OrdersView onVnodeUnmounted=fn<onVnodeUnmounted> ref=Ref< Proxy(Object) > > 
  at <RouterView> 
  at <AppLayout onVnodeUnmounted=fn<onVnodeUnmounted> ref=Ref< Proxy(Object) > > 
  at <RouterView> 
  at <App> @ http://localhost:5277/node_modules/@vue/runtime-core/dist/runtime-core.esm-bundler.js:49
[   51566ms] [WARNING] [Vue warn]: Invalid prop: type check failed for prop "rowData". Expected Object, got String with value "D". 
  at <BodyCell key="source" rowData="D" column= {__v_isVNode: true, __v_skip: true, type: Object, props: Object, key: null}  ... > 
  at <BodyRow key=undefined rowData="D" index=2  ... > 
  at <TableBody ref="bodyRef" value="<!DOCTYPE html>\n<htm" class=""  ... > 
  at <VirtualScroller ref="virtualScroller" items="<!DOCTYPE html>\n<html lang=\"en\">\n\n<head>\n  <meta charset=\"utf-8\" />\n  <meta name=\"viewport\" content=\"width=device-width, initial-scale=1\" />\n  <meta name=\"theme-color\" content=\"#000000\" />\n  <link rel=\"shortcut icon\" type=\"image/ico\" href=\"/assets/favicon-bc234827.ico\" />\n  <link href=\"https://fonts.googleapis.com/css?family=Roboto:300,400,500\" rel=\"stylesheet\" />\n  <title>Pentaract UI</title>\n\n  <style>\n    *,\n    html {\n      margin: 0;\n      padding: 0;\n    }\n  </style>\n  <script type=\"module\" crossorigin src=\"/assets/index-58b24b54.js\"></script>\n  <link rel=\"stylesheet\" href=\"/assets/index-a4f6c957.css\">\n</head>\n\n<body>\n  <noscript>Wanna write ur own UI without js?! Go ahead, don't disturb others</noscript>\n  <div id=\"root\"></div>\n\n  \n</body>\n\n</html>\n" columns= [Object, Object, Object, Object, Object, Object]  ... > 
  at <DataTable value="<!DOCTYPE html>\n<html lang=\"en\">\n\n<head>\n  <meta charset=\"utf-8\" />\n  <meta name=\"viewport\" content=\"width=device-width, initial-scale=1\" />\n  <meta name=\"theme-color\" content=\"#000000\" />\n  <link rel=\"shortcut icon\" type=\"image/ico\" href=\"/assets/favicon-bc234827.ico\" />\n  <link href=\"https://fonts.googleapis.com/css?family=Roboto:300,400,500\" rel=\"stylesheet\" />\n  <title>Pentaract UI</title>\n\n  <style>\n    *,\n    html {\n      margin: 0;\n      padding: 0;\n    }\n  </style>\n  <script type=\"module\" crossorigin src=\"/assets/index-58b24b54.js\"></script>\n  <link rel=\"stylesheet\" href=\"/assets/index-a4f6c957.css\">\n</head>\n\n<body>\n  <noscript>Wanna write ur own UI without js?! Go ahead, don't disturb others</noscript>\n  <div id=\"root\"></div>\n\n  \n</body>\n\n</html>\n" loading=false stripedRows=""  ... > 
  at <OrdersView onVnodeUnmounted=fn<onVnodeUnmounted> ref=Ref< Proxy(Object) > > 
  at <RouterView> 
  at <AppLayout onVnodeUnmounted=fn<onVnodeUnmounted> ref=Ref< Proxy(Object) > > 
  at <RouterView> 
  at <App> @ http://localhost:5277/node_modules/@vue/runtime-core/dist/runtime-core.esm-bundler.js:49
[   51570ms] [WARNING] [Vue warn]: Invalid prop: type check failed for prop "rowData". Expected Object, got String with value "D". 
  at <BodyCell key="status" rowData="D" column= {__v_isVNode: true, __v_skip: true, type: Object, props: Object, key: null}  ... > 
  at <BodyRow key=undefined rowData="D" index=2  ... > 
  at <TableBody ref="bodyRef" value="<!DOCTYPE html>\n<htm" class=""  ... > 
  at <VirtualScroller ref="virtualScroller" items="<!DOCTYPE html>\n<html lang=\"en\">\n\n<head>\n  <meta charset=\"utf-8\" />\n  <meta name=\"viewport\" content=\"width=device-width, initial-scale=1\" />\n  <meta name=\"theme-color\" content=\"#000000\" />\n  <link rel=\"shortcut icon\" type=\"image/ico\" href=\"/assets/favicon-bc234827.ico\" />\n  <link href=\"https://fonts.googleapis.com/css?family=Roboto:300,400,500\" rel=\"stylesheet\" />\n  <title>Pentaract UI</title>\n\n  <style>\n    *,\n    html {\n      margin: 0;\n      padding: 0;\n    }\n  </style>\n  <script type=\"module\" crossorigin src=\"/assets/index-58b24b54.js\"></script>\n  <link rel=\"stylesheet\" href=\"/assets/index-a4f6c957.css\">\n</head>\n\n<body>\n  <noscript>Wanna write ur own UI without js?! Go ahead, don't disturb others</noscript>\n  <div id=\"root\"></div>\n\n  \n</body>\n\n</html>\n" columns= [Object, Object, Object, Object, Object, Object]  ... > 
  at <DataTable value="<!DOCTYPE html>\n<html lang=\"en\">\n\n<head>\n  <meta charset=\"utf-8\" />\n  <meta name=\"viewport\" content=\"width=device-width, initial-scale=1\" />\n  <meta name=\"theme-color\" content=\"#000000\" />\n  <link rel=\"shortcut icon\" type=\"image/ico\" href=\"/assets/favicon-bc234827.ico\" />\n  <link href=\"https://fonts.googleapis.com/css?family=Roboto:300,400,500\" rel=\"stylesheet\" />\n  <title>Pentaract UI</title>\n\n  <style>\n    *,\n    html {\n      margin: 0;\n      padding: 0;\n    }\n  </style>\n  <script type=\"module\" crossorigin src=\"/assets/index-58b24b54.js\"></script>\n  <link rel=\"stylesheet\" href=\"/assets/index-a4f6c957.css\">\n</head>\n\n<body>\n  <noscript>Wanna write ur own UI without js?! Go ahead, don't disturb others</noscript>\n  <div id=\"root\"></div>\n\n  \n</body>\n\n</html>\n" loading=false stripedRows=""  ... > 
  at <OrdersView onVnodeUnmounted=fn<onVnodeUnmounted> ref=Ref< Proxy(Object) > > 
  at <RouterView> 
  at <AppLayout onVnodeUnmounted=fn<onVnodeUnmounted> ref=Ref< Proxy(Object) > > 
  at <RouterView> 
  at <App> @ http://localhost:5277/node_modules/@vue/runtime-core/dist/runtime-core.esm-bundler.js:49
[   51574ms] [WARNING] [Vue warn]: Invalid prop: type check failed for prop "rowData". Expected Object, got String with value "D". 
  at <BodyCell key="created_at" rowData="D" column= {__v_isVNode: true, __v_skip: true, type: Object, props: Object, key: null}  ... > 
  at <BodyRow key=undefined rowData="D" index=2  ... > 
  at <TableBody ref="bodyRef" value="<!DOCTYPE html>\n<htm" class=""  ... > 
  at <VirtualScroller ref="virtualScroller" items="<!DOCTYPE html>\n<html lang=\"en\">\n\n<head>\n  <meta charset=\"utf-8\" />\n  <meta name=\"viewport\" content=\"width=device-width, initial-scale=1\" />\n  <meta name=\"theme-color\" content=\"#000000\" />\n  <link rel=\"shortcut icon\" type=\"image/ico\" href=\"/assets/favicon-bc234827.ico\" />\n  <link href=\"https://fonts.googleapis.com/css?family=Roboto:300,400,500\" rel=\"stylesheet\" />\n  <title>Pentaract UI</title>\n\n  <style>\n    *,\n    html {\n      margin: 0;\n      padding: 0;\n    }\n  </style>\n  <script type=\"module\" crossorigin src=\"/assets/index-58b24b54.js\"></script>\n  <link rel=\"stylesheet\" href=\"/assets/index-a4f6c957.css\">\n</head>\n\n<body>\n  <noscript>Wanna write ur own UI without js?! Go ahead, don't disturb others</noscript>\n  <div id=\"root\"></div>\n\n  \n</body>\n\n</html>\n" columns= [Object, Object, Object, Object, Object, Object]  ... > 
  at <DataTable value="<!DOCTYPE html>\n<html lang=\"en\">\n\n<head>\n  <meta charset=\"utf-8\" />\n  <meta name=\"viewport\" content=\"width=device-width, initial-scale=1\" />\n  <meta name=\"theme-color\" content=\"#000000\" />\n  <link rel=\"shortcut icon\" type=\"image/ico\" href=\"/assets/favicon-bc234827.ico\" />\n  <link href=\"https://fonts.googleapis.com/css?family=Roboto:300,400,500\" rel=\"stylesheet\" />\n  <title>Pentaract UI</title>\n\n  <style>\n    *,\n    html {\n      margin: 0;\n      padding: 0;\n    }\n  </style>\n  <script type=\"module\" crossorigin src=\"/assets/index-58b24b54.js\"></script>\n  <link rel=\"stylesheet\" href=\"/assets/index-a4f6c957.css\">\n</head>\n\n<body>\n  <noscript>Wanna write ur own UI without js?! Go ahead, don't disturb others</noscript>\n  <div id=\"root\"></div>\n\n  \n</body>\n\n</html>\n" loading=false stripedRows=""  ... > 
  at <OrdersView onVnodeUnmounted=fn<onVnodeUnmounted> ref=Ref< Proxy(Object) > > 
  at <RouterView> 
  at <AppLayout onVnodeUnmounted=fn<onVnodeUnmounted> ref=Ref< Proxy(Object) > > 
  at <RouterView> 
  at <App> @ http://localhost:5277/node_modules/@vue/runtime-core/dist/runtime-core.esm-bundler.js:49
[   51577ms] [WARNING] [Vue warn]: Invalid prop: type check failed for prop "rowData". Expected Object, got String with value "D". 
  at <BodyCell key=5 rowData="D" column= {__v_isVNode: true, __v_skip: true, type: Object, props: Object, key: null}  ... > 
  at <BodyRow key=undefined rowData="D" index=2  ... > 
  at <TableBody ref="bodyRef" value="<!DOCTYPE html>\n<htm" class=""  ... > 
  at <VirtualScroller ref="virtualScroller" items="<!DOCTYPE html>\n<html lang=\"en\">\n\n<head>\n  <meta charset=\"utf-8\" />\n  <meta name=\"viewport\" content=\"width=device-width, initial-scale=1\" />\n  <meta name=\"theme-color\" content=\"#000000\" />\n  <link rel=\"shortcut icon\" type=\"image/ico\" href=\"/assets/favicon-bc234827.ico\" />\n  <link href=\"https://fonts.googleapis.com/css?family=Roboto:300,400,500\" rel=\"stylesheet\" />\n  <title>Pentaract UI</title>\n\n  <style>\n    *,\n    html {\n      margin: 0;\n      padding: 0;\n    }\n  </style>\n  <script type=\"module\" crossorigin src=\"/assets/index-58b24b54.js\"></script>\n  <link rel=\"stylesheet\" href=\"/assets/index-a4f6c957.css\">\n</head>\n\n<body>\n  <noscript>Wanna write ur own UI without js?! Go ahead, don't disturb others</noscript>\n  <div id=\"root\"></div>\n\n  \n</body>\n\n</html>\n" columns= [Object, Object, Object, Object, Object, Object]  ... > 
  at <DataTable value="<!DOCTYPE html>\n<html lang=\"en\">\n\n<head>\n  <meta charset=\"utf-8\" />\n  <meta name=\"viewport\" content=\"width=device-width, initial-scale=1\" />\n  <meta name=\"theme-color\" content=\"#000000\" />\n  <link rel=\"shortcut icon\" type=\"image/ico\" href=\"/assets/favicon-bc234827.ico\" />\n  <link href=\"https://fonts.googleapis.com/css?family=Roboto:300,400,500\" rel=\"stylesheet\" />\n  <title>Pentaract UI</title>\n\n  <style>\n    *,\n    html {\n      margin: 0;\n      padding: 0;\n    }\n  </style>\n  <script type=\"module\" crossorigin src=\"/assets/index-58b24b54.js\"></script>\n  <link rel=\"stylesheet\" href=\"/assets/index-a4f6c957.css\">\n</head>\n\n<body>\n  <noscript>Wanna write ur own UI without js?! Go ahead, don't disturb others</noscript>\n  <div id=\"root\"></div>\n\n  \n</body>\n\n</html>\n" loading=false stripedRows=""  ... > 
  at <OrdersView onVnodeUnmounted=fn<onVnodeUnmounted> ref=Ref< Proxy(Object) > > 
  at <RouterView> 
  at <AppLayout onVnodeUnmounted=fn<onVnodeUnmounted> ref=Ref< Proxy(Object) > > 
  at <RouterView> 
  at <App> @ http://localhost:5277/node_modules/@vue/runtime-core/dist/runtime-core.esm-bundler.js:49
[   51581ms] [WARNING] [Vue warn]: Invalid prop: type check failed for prop "rowData". Expected Object, got String with value "O". 
  at <BodyRow key=undefined rowData="O" index=3  ... > 
  at <TableBody ref="bodyRef" value="<!DOCTYPE html>\n<htm" class=""  ... > 
  at <VirtualScroller ref="virtualScroller" items="<!DOCTYPE html>\n<html lang=\"en\">\n\n<head>\n  <meta charset=\"utf-8\" />\n  <meta name=\"viewport\" content=\"width=device-width, initial-scale=1\" />\n  <meta name=\"theme-color\" content=\"#000000\" />\n  <link rel=\"shortcut icon\" type=\"image/ico\" href=\"/assets/favicon-bc234827.ico\" />\n  <link href=\"https://fonts.googleapis.com/css?family=Roboto:300,400,500\" rel=\"stylesheet\" />\n  <title>Pentaract UI</title>\n\n  <style>\n    *,\n    html {\n      margin: 0;\n      padding: 0;\n    }\n  </style>\n  <script type=\"module\" crossorigin src=\"/assets/index-58b24b54.js\"></script>\n  <link rel=\"stylesheet\" href=\"/assets/index-a4f6c957.css\">\n</head>\n\n<body>\n  <noscript>Wanna write ur own UI without js?! Go ahead, don't disturb others</noscript>\n  <div id=\"root\"></div>\n\n  \n</body>\n\n</html>\n" columns= [Object, Object, Object, Object, Object, Object]  ... > 
  at <DataTable value="<!DOCTYPE html>\n<html lang=\"en\">\n\n<head>\n  <meta charset=\"utf-8\" />\n  <meta name=\"viewport\" content=\"width=device-width, initial-scale=1\" />\n  <meta name=\"theme-color\" content=\"#000000\" />\n  <link rel=\"shortcut icon\" type=\"image/ico\" href=\"/assets/favicon-bc234827.ico\" />\n  <link href=\"https://fonts.googleapis.com/css?family=Roboto:300,400,500\" rel=\"stylesheet\" />\n  <title>Pentaract UI</title>\n\n  <style>\n    *,\n    html {\n      margin: 0;\n      padding: 0;\n    }\n  </style>\n  <script type=\"module\" crossorigin src=\"/assets/index-58b24b54.js\"></script>\n  <link rel=\"stylesheet\" href=\"/assets/index-a4f6c957.css\">\n</head>\n\n<body>\n  <noscript>Wanna write ur own UI without js?! Go ahead, don't disturb others</noscript>\n  <div id=\"root\"></div>\n\n  \n</body>\n\n</html>\n" loading=false stripedRows=""  ... > 
  at <OrdersView onVnodeUnmounted=fn<onVnodeUnmounted> ref=Ref< Proxy(Object) > > 
  at <RouterView> 
  at <AppLayout onVnodeUnmounted=fn<onVnodeUnmounted> ref=Ref< Proxy(Object) > > 
  at <RouterView> 
  at <App> @ http://localhost:5277/node_modules/@vue/runtime-core/dist/runtime-core.esm-bundler.js:49
[   51583ms] [WARNING] [Vue warn]: Invalid prop: type check failed for prop "value". Expected Array, got String with value "<!DOCTYPE html>
<htm". 
  at <BodyRow key=undefined rowData="O" index=3  ... > 
  at <TableBody ref="bodyRef" value="<!DOCTYPE html>\n<htm" class=""  ... > 
  at <VirtualScroller ref="virtualScroller" items="<!DOCTYPE html>\n<html lang=\"en\">\n\n<head>\n  <meta charset=\"utf-8\" />\n  <meta name=\"viewport\" content=\"width=device-width, initial-scale=1\" />\n  <meta name=\"theme-color\" content=\"#000000\" />\n  <link rel=\"shortcut icon\" type=\"image/ico\" href=\"/assets/favicon-bc234827.ico\" />\n  <link href=\"https://fonts.googleapis.com/css?family=Roboto:300,400,500\" rel=\"stylesheet\" />\n  <title>Pentaract UI</title>\n\n  <style>\n    *,\n    html {\n      margin: 0;\n      padding: 0;\n    }\n  </style>\n  <script type=\"module\" crossorigin src=\"/assets/index-58b24b54.js\"></script>\n  <link rel=\"stylesheet\" href=\"/assets/index-a4f6c957.css\">\n</head>\n\n<body>\n  <noscript>Wanna write ur own UI without js?! Go ahead, don't disturb others</noscript>\n  <div id=\"root\"></div>\n\n  \n</body>\n\n</html>\n" columns= [Object, Object, Object, Object, Object, Object]  ... > 
  at <DataTable value="<!DOCTYPE html>\n<html lang=\"en\">\n\n<head>\n  <meta charset=\"utf-8\" />\n  <meta name=\"viewport\" content=\"width=device-width, initial-scale=1\" />\n  <meta name=\"theme-color\" content=\"#000000\" />\n  <link rel=\"shortcut icon\" type=\"image/ico\" href=\"/assets/favicon-bc234827.ico\" />\n  <link href=\"https://fonts.googleapis.com/css?family=Roboto:300,400,500\" rel=\"stylesheet\" />\n  <title>Pentaract UI</title>\n\n  <style>\n    *,\n    html {\n      margin: 0;\n      padding: 0;\n    }\n  </style>\n  <script type=\"module\" crossorigin src=\"/assets/index-58b24b54.js\"></script>\n  <link rel=\"stylesheet\" href=\"/assets/index-a4f6c957.css\">\n</head>\n\n<body>\n  <noscript>Wanna write ur own UI without js?! Go ahead, don't disturb others</noscript>\n  <div id=\"root\"></div>\n\n  \n</body>\n\n</html>\n" loading=false stripedRows=""  ... > 
  at <OrdersView onVnodeUnmounted=fn<onVnodeUnmounted> ref=Ref< Proxy(Object) > > 
  at <RouterView> 
  at <AppLayout onVnodeUnmounted=fn<onVnodeUnmounted> ref=Ref< Proxy(Object) > > 
  at <RouterView> 
  at <App> @ http://localhost:5277/node_modules/@vue/runtime-core/dist/runtime-core.esm-bundler.js:49
[   51585ms] [WARNING] [Vue warn]: Invalid prop: type check failed for prop "rowData". Expected Object, got String with value "O". 
  at <BodyCell key="id" rowData="O" column= {__v_isVNode: true, __v_skip: true, type: Object, props: Object, key: null}  ... > 
  at <BodyRow key=undefined rowData="O" index=3  ... > 
  at <TableBody ref="bodyRef" value="<!DOCTYPE html>\n<htm" class=""  ... > 
  at <VirtualScroller ref="virtualScroller" items="<!DOCTYPE html>\n<html lang=\"en\">\n\n<head>\n  <meta charset=\"utf-8\" />\n  <meta name=\"viewport\" content=\"width=device-width, initial-scale=1\" />\n  <meta name=\"theme-color\" content=\"#000000\" />\n  <link rel=\"shortcut icon\" type=\"image/ico\" href=\"/assets/favicon-bc234827.ico\" />\n  <link href=\"https://fonts.googleapis.com/css?family=Roboto:300,400,500\" rel=\"stylesheet\" />\n  <title>Pentaract UI</title>\n\n  <style>\n    *,\n    html {\n      margin: 0;\n      padding: 0;\n    }\n  </style>\n  <script type=\"module\" crossorigin src=\"/assets/index-58b24b54.js\"></script>\n  <link rel=\"stylesheet\" href=\"/assets/index-a4f6c957.css\">\n</head>\n\n<body>\n  <noscript>Wanna write ur own UI without js?! Go ahead, don't disturb others</noscript>\n  <div id=\"root\"></div>\n\n  \n</body>\n\n</html>\n" columns= [Object, Object, Object, Object, Object, Object]  ... > 
  at <DataTable value="<!DOCTYPE html>\n<html lang=\"en\">\n\n<head>\n  <meta charset=\"utf-8\" />\n  <meta name=\"viewport\" content=\"width=device-width, initial-scale=1\" />\n  <meta name=\"theme-color\" content=\"#000000\" />\n  <link rel=\"shortcut icon\" type=\"image/ico\" href=\"/assets/favicon-bc234827.ico\" />\n  <link href=\"https://fonts.googleapis.com/css?family=Roboto:300,400,500\" rel=\"stylesheet\" />\n  <title>Pentaract UI</title>\n\n  <style>\n    *,\n    html {\n      margin: 0;\n      padding: 0;\n    }\n  </style>\n  <script type=\"module\" crossorigin src=\"/assets/index-58b24b54.js\"></script>\n  <link rel=\"stylesheet\" href=\"/assets/index-a4f6c957.css\">\n</head>\n\n<body>\n  <noscript>Wanna write ur own UI without js?! Go ahead, don't disturb others</noscript>\n  <div id=\"root\"></div>\n\n  \n</body>\n\n</html>\n" loading=false stripedRows=""  ... > 
  at <OrdersView onVnodeUnmounted=fn<onVnodeUnmounted> ref=Ref< Proxy(Object) > > 
  at <RouterView> 
  at <AppLayout onVnodeUnmounted=fn<onVnodeUnmounted> ref=Ref< Proxy(Object) > > 
  at <RouterView> 
  at <App> @ http://localhost:5277/node_modules/@vue/runtime-core/dist/runtime-core.esm-bundler.js:49
[   51589ms] [WARNING] [Vue warn]: Invalid prop: type check failed for prop "rowData". Expected Object, got String with value "O". 
  at <BodyCell key="client_id" rowData="O" column= {__v_isVNode: true, __v_skip: true, type: Object, props: Object, key: null}  ... > 
  at <BodyRow key=undefined rowData="O" index=3  ... > 
  at <TableBody ref="bodyRef" value="<!DOCTYPE html>\n<htm" class=""  ... > 
  at <VirtualScroller ref="virtualScroller" items="<!DOCTYPE html>\n<html lang=\"en\">\n\n<head>\n  <meta charset=\"utf-8\" />\n  <meta name=\"viewport\" content=\"width=device-width, initial-scale=1\" />\n  <meta name=\"theme-color\" content=\"#000000\" />\n  <link rel=\"shortcut icon\" type=\"image/ico\" href=\"/assets/favicon-bc234827.ico\" />\n  <link href=\"https://fonts.googleapis.com/css?family=Roboto:300,400,500\" rel=\"stylesheet\" />\n  <title>Pentaract UI</title>\n\n  <style>\n    *,\n    html {\n      margin: 0;\n      padding: 0;\n    }\n  </style>\n  <script type=\"module\" crossorigin src=\"/assets/index-58b24b54.js\"></script>\n  <link rel=\"stylesheet\" href=\"/assets/index-a4f6c957.css\">\n</head>\n\n<body>\n  <noscript>Wanna write ur own UI without js?! Go ahead, don't disturb others</noscript>\n  <div id=\"root\"></div>\n\n  \n</body>\n\n</html>\n" columns= [Object, Object, Object, Object, Object, Object]  ... > 
  at <DataTable value="<!DOCTYPE html>\n<html lang=\"en\">\n\n<head>\n  <meta charset=\"utf-8\" />\n  <meta name=\"viewport\" content=\"width=device-width, initial-scale=1\" />\n  <meta name=\"theme-color\" content=\"#000000\" />\n  <link rel=\"shortcut icon\" type=\"image/ico\" href=\"/assets/favicon-bc234827.ico\" />\n  <link href=\"https://fonts.googleapis.com/css?family=Roboto:300,400,500\" rel=\"stylesheet\" />\n  <title>Pentaract UI</title>\n\n  <style>\n    *,\n    html {\n      margin: 0;\n      padding: 0;\n    }\n  </style>\n  <script type=\"module\" crossorigin src=\"/assets/index-58b24b54.js\"></script>\n  <link rel=\"stylesheet\" href=\"/assets/index-a4f6c957.css\">\n</head>\n\n<body>\n  <noscript>Wanna write ur own UI without js?! Go ahead, don't disturb others</noscript>\n  <div id=\"root\"></div>\n\n  \n</body>\n\n</html>\n" loading=false stripedRows=""  ... > 
  at <OrdersView onVnodeUnmounted=fn<onVnodeUnmounted> ref=Ref< Proxy(Object) > > 
  at <RouterView> 
  at <AppLayout onVnodeUnmounted=fn<onVnodeUnmounted> ref=Ref< Proxy(Object) > > 
  at <RouterView> 
  at <App> @ http://localhost:5277/node_modules/@vue/runtime-core/dist/runtime-core.esm-bundler.js:49
[   51598ms] [WARNING] [Vue warn]: Invalid prop: type check failed for prop "rowData". Expected Object, got String with value "O". 
  at <BodyCell key="source" rowData="O" column= {__v_isVNode: true, __v_skip: true, type: Object, props: Object, key: null}  ... > 
  at <BodyRow key=undefined rowData="O" index=3  ... > 
  at <TableBody ref="bodyRef" value="<!DOCTYPE html>\n<htm" class=""  ... > 
  at <VirtualScroller ref="virtualScroller" items="<!DOCTYPE html>\n<html lang=\"en\">\n\n<head>\n  <meta charset=\"utf-8\" />\n  <meta name=\"viewport\" content=\"width=device-width, initial-scale=1\" />\n  <meta name=\"theme-color\" content=\"#000000\" />\n  <link rel=\"shortcut icon\" type=\"image/ico\" href=\"/assets/favicon-bc234827.ico\" />\n  <link href=\"https://fonts.googleapis.com/css?family=Roboto:300,400,500\" rel=\"stylesheet\" />\n  <title>Pentaract UI</title>\n\n  <style>\n    *,\n    html {\n      margin: 0;\n      padding: 0;\n    }\n  </style>\n  <script type=\"module\" crossorigin src=\"/assets/index-58b24b54.js\"></script>\n  <link rel=\"stylesheet\" href=\"/assets/index-a4f6c957.css\">\n</head>\n\n<body>\n  <noscript>Wanna write ur own UI without js?! Go ahead, don't disturb others</noscript>\n  <div id=\"root\"></div>\n\n  \n</body>\n\n</html>\n" columns= [Object, Object, Object, Object, Object, Object]  ... > 
  at <DataTable value="<!DOCTYPE html>\n<html lang=\"en\">\n\n<head>\n  <meta charset=\"utf-8\" />\n  <meta name=\"viewport\" content=\"width=device-width, initial-scale=1\" />\n  <meta name=\"theme-color\" content=\"#000000\" />\n  <link rel=\"shortcut icon\" type=\"image/ico\" href=\"/assets/favicon-bc234827.ico\" />\n  <link href=\"https://fonts.googleapis.com/css?family=Roboto:300,400,500\" rel=\"stylesheet\" />\n  <title>Pentaract UI</title>\n\n  <style>\n    *,\n    html {\n      margin: 0;\n      padding: 0;\n    }\n  </style>\n  <script type=\"module\" crossorigin src=\"/assets/index-58b24b54.js\"></script>\n  <link rel=\"stylesheet\" href=\"/assets/index-a4f6c957.css\">\n</head>\n\n<body>\n  <noscript>Wanna write ur own UI without js?! Go ahead, don't disturb others</noscript>\n  <div id=\"root\"></div>\n\n  \n</body>\n\n</html>\n" loading=false stripedRows=""  ... > 
  at <OrdersView onVnodeUnmounted=fn<onVnodeUnmounted> ref=Ref< Proxy(Object) > > 
  at <RouterView> 
  at <AppLayout onVnodeUnmounted=fn<onVnodeUnmounted> ref=Ref< Proxy(Object) > > 
  at <RouterView> 
  at <App> @ http://localhost:5277/node_modules/@vue/runtime-core/dist/runtime-core.esm-bundler.js:49
[   51601ms] [WARNING] [Vue warn]: Invalid prop: type check failed for prop "rowData". Expected Object, got String with value "O". 
  at <BodyCell key="status" rowData="O" column= {__v_isVNode: true, __v_skip: true, type: Object, props: Object, key: null}  ... > 
  at <BodyRow key=undefined rowData="O" index=3  ... > 
  at <TableBody ref="bodyRef" value="<!DOCTYPE html>\n<htm" class=""  ... > 
  at <VirtualScroller ref="virtualScroller" items="<!DOCTYPE html>\n<html lang=\"en\">\n\n<head>\n  <meta charset=\"utf-8\" />\n  <meta name=\"viewport\" content=\"width=device-width, initial-scale=1\" />\n  <meta name=\"theme-color\" content=\"#000000\" />\n  <link rel=\"shortcut icon\" type=\"image/ico\" href=\"/assets/favicon-bc234827.ico\" />\n  <link href=\"https://fonts.googleapis.com/css?family=Roboto:300,400,500\" rel=\"stylesheet\" />\n  <title>Pentaract UI</title>\n\n  <style>\n    *,\n    html {\n      margin: 0;\n      padding: 0;\n    }\n  </style>\n  <script type=\"module\" crossorigin src=\"/assets/index-58b24b54.js\"></script>\n  <link rel=\"stylesheet\" href=\"/assets/index-a4f6c957.css\">\n</head>\n\n<body>\n  <noscript>Wanna write ur own UI without js?! Go ahead, don't disturb others</noscript>\n  <div id=\"root\"></div>\n\n  \n</body>\n\n</html>\n" columns= [Object, Object, Object, Object, Object, Object]  ... > 
  at <DataTable value="<!DOCTYPE html>\n<html lang=\"en\">\n\n<head>\n  <meta charset=\"utf-8\" />\n  <meta name=\"viewport\" content=\"width=device-width, initial-scale=1\" />\n  <meta name=\"theme-color\" content=\"#000000\" />\n  <link rel=\"shortcut icon\" type=\"image/ico\" href=\"/assets/favicon-bc234827.ico\" />\n  <link href=\"https://fonts.googleapis.com/css?family=Roboto:300,400,500\" rel=\"stylesheet\" />\n  <title>Pentaract UI</title>\n\n  <style>\n    *,\n    html {\n      margin: 0;\n      padding: 0;\n    }\n  </style>\n  <script type=\"module\" crossorigin src=\"/assets/index-58b24b54.js\"></script>\n  <link rel=\"stylesheet\" href=\"/assets/index-a4f6c957.css\">\n</head>\n\n<body>\n  <noscript>Wanna write ur own UI without js?! Go ahead, don't disturb others</noscript>\n  <div id=\"root\"></div>\n\n  \n</body>\n\n</html>\n" loading=false stripedRows=""  ... > 
  at <OrdersView onVnodeUnmounted=fn<onVnodeUnmounted> ref=Ref< Proxy(Object) > > 
  at <RouterView> 
  at <AppLayout onVnodeUnmounted=fn<onVnodeUnmounted> ref=Ref< Proxy(Object) > > 
  at <RouterView> 
  at <App> @ http://localhost:5277/node_modules/@vue/runtime-core/dist/runtime-core.esm-bundler.js:49
[   51605ms] [WARNING] [Vue warn]: Invalid prop: type check failed for prop "rowData". Expected Object, got String with value "O". 
  at <BodyCell key="created_at" rowData="O" column= {__v_isVNode: true, __v_skip: true, type: Object, props: Object, key: null}  ... > 
  at <BodyRow key=undefined rowData="O" index=3  ... > 
  at <TableBody ref="bodyRef" value="<!DOCTYPE html>\n<htm" class=""  ... > 
  at <VirtualScroller ref="virtualScroller" items="<!DOCTYPE html>\n<html lang=\"en\">\n\n<head>\n  <meta charset=\"utf-8\" />\n  <meta name=\"viewport\" content=\"width=device-width, initial-scale=1\" />\n  <meta name=\"theme-color\" content=\"#000000\" />\n  <link rel=\"shortcut icon\" type=\"image/ico\" href=\"/assets/favicon-bc234827.ico\" />\n  <link href=\"https://fonts.googleapis.com/css?family=Roboto:300,400,500\" rel=\"stylesheet\" />\n  <title>Pentaract UI</title>\n\n  <style>\n    *,\n    html {\n      margin: 0;\n      padding: 0;\n    }\n  </style>\n  <script type=\"module\" crossorigin src=\"/assets/index-58b24b54.js\"></script>\n  <link rel=\"stylesheet\" href=\"/assets/index-a4f6c957.css\">\n</head>\n\n<body>\n  <noscript>Wanna write ur own UI without js?! Go ahead, don't disturb others</noscript>\n  <div id=\"root\"></div>\n\n  \n</body>\n\n</html>\n" columns= [Object, Object, Object, Object, Object, Object]  ... > 
  at <DataTable value="<!DOCTYPE html>\n<html lang=\"en\">\n\n<head>\n  <meta charset=\"utf-8\" />\n  <meta name=\"viewport\" content=\"width=device-width, initial-scale=1\" />\n  <meta name=\"theme-color\" content=\"#000000\" />\n  <link rel=\"shortcut icon\" type=\"image/ico\" href=\"/assets/favicon-bc234827.ico\" />\n  <link href=\"https://fonts.googleapis.com/css?family=Roboto:300,400,500\" rel=\"stylesheet\" />\n  <title>Pentaract UI</title>\n\n  <style>\n    *,\n    html {\n      margin: 0;\n      padding: 0;\n    }\n  </style>\n  <script type=\"module\" crossorigin src=\"/assets/index-58b24b54.js\"></script>\n  <link rel=\"stylesheet\" href=\"/assets/index-a4f6c957.css\">\n</head>\n\n<body>\n  <noscript>Wanna write ur own UI without js?! Go ahead, don't disturb others</noscript>\n  <div id=\"root\"></div>\n\n  \n</body>\n\n</html>\n" loading=false stripedRows=""  ... > 
  at <OrdersView onVnodeUnmounted=fn<onVnodeUnmounted> ref=Ref< Proxy(Object) > > 
  at <RouterView> 
  at <AppLayout onVnodeUnmounted=fn<onVnodeUnmounted> ref=Ref< Proxy(Object) > > 
  at <RouterView> 
  at <App> @ http://localhost:5277/node_modules/@vue/runtime-core/dist/runtime-core.esm-bundler.js:49
[   51611ms] [WARNING] [Vue warn]: Invalid prop: type check failed for prop "rowData". Expected Object, got String with value "O". 
  at <BodyCell key=5 rowData="O" column= {__v_isVNode: true, __v_skip: true, type: Object, props: Object, key: null}  ... > 
  at <BodyRow key=undefined rowData="O" index=3  ... > 
  at <TableBody ref="bodyRef" value="<!DOCTYPE html>\n<htm" class=""  ... > 
  at <VirtualScroller ref="virtualScroller" items="<!DOCTYPE html>\n<html lang=\"en\">\n\n<head>\n  <meta charset=\"utf-8\" />\n  <meta name=\"viewport\" content=\"width=device-width, initial-scale=1\" />\n  <meta name=\"theme-color\" content=\"#000000\" />\n  <link rel=\"shortcut icon\" type=\"image/ico\" href=\"/assets/favicon-bc234827.ico\" />\n  <link href=\"https://fonts.googleapis.com/css?family=Roboto:300,400,500\" rel=\"stylesheet\" />\n  <title>Pentaract UI</title>\n\n  <style>\n    *,\n    html {\n      margin: 0;\n      padding: 0;\n    }\n  </style>\n  <script type=\"module\" crossorigin src=\"/assets/index-58b24b54.js\"></script>\n  <link rel=\"stylesheet\" href=\"/assets/index-a4f6c957.css\">\n</head>\n\n<body>\n  <noscript>Wanna write ur own UI without js?! Go ahead, don't disturb others</noscript>\n  <div id=\"root\"></div>\n\n  \n</body>\n\n</html>\n" columns= [Object, Object, Object, Object, Object, Object]  ... > 
  at <DataTable value="<!DOCTYPE html>\n<html lang=\"en\">\n\n<head>\n  <meta charset=\"utf-8\" />\n  <meta name=\"viewport\" content=\"width=device-width, initial-scale=1\" />\n  <meta name=\"theme-color\" content=\"#000000\" />\n  <link rel=\"shortcut icon\" type=\"image/ico\" href=\"/assets/favicon-bc234827.ico\" />\n  <link href=\"https://fonts.googleapis.com/css?family=Roboto:300,400,500\" rel=\"stylesheet\" />\n  <title>Pentaract UI</title>\n\n  <style>\n    *,\n    html {\n      margin: 0;\n      padding: 0;\n    }\n  </style>\n  <script type=\"module\" crossorigin src=\"/assets/index-58b24b54.js\"></script>\n  <link rel=\"stylesheet\" href=\"/assets/index-a4f6c957.css\">\n</head>\n\n<body>\n  <noscript>Wanna write ur own UI without js?! Go ahead, don't disturb others</noscript>\n  <div id=\"root\"></div>\n\n  \n</body>\n\n</html>\n" loading=false stripedRows=""  ... > 
  at <OrdersView onVnodeUnmounted=fn<onVnodeUnmounted> ref=Ref< Proxy(Object) > > 
  at <RouterView> 
  at <AppLayout onVnodeUnmounted=fn<onVnodeUnmounted> ref=Ref< Proxy(Object) > > 
  at <RouterView> 
  at <App> @ http://localhost:5277/node_modules/@vue/runtime-core/dist/runtime-core.esm-bundler.js:49
[   51618ms] [WARNING] [Vue warn]: Invalid prop: type check failed for prop "rowData". Expected Object, got String with value "C". 
  at <BodyRow key=undefined rowData="C" index=4  ... > 
  at <TableBody ref="bodyRef" value="<!DOCTYPE html>\n<htm" class=""  ... > 
  at <VirtualScroller ref="virtualScroller" items="<!DOCTYPE html>\n<html lang=\"en\">\n\n<head>\n  <meta charset=\"utf-8\" />\n  <meta name=\"viewport\" content=\"width=device-width, initial-scale=1\" />\n  <meta name=\"theme-color\" content=\"#000000\" />\n  <link rel=\"shortcut icon\" type=\"image/ico\" href=\"/assets/favicon-bc234827.ico\" />\n  <link href=\"https://fonts.googleapis.com/css?family=Roboto:300,400,500\" rel=\"stylesheet\" />\n  <title>Pentaract UI</title>\n\n  <style>\n    *,\n    html {\n      margin: 0;\n      padding: 0;\n    }\n  </style>\n  <script type=\"module\" crossorigin src=\"/assets/index-58b24b54.js\"></script>\n  <link rel=\"stylesheet\" href=\"/assets/index-a4f6c957.css\">\n</head>\n\n<body>\n  <noscript>Wanna write ur own UI without js?! Go ahead, don't disturb others</noscript>\n  <div id=\"root\"></div>\n\n  \n</body>\n\n</html>\n" columns= [Object, Object, Object, Object, Object, Object]  ... > 
  at <DataTable value="<!DOCTYPE html>\n<html lang=\"en\">\n\n<head>\n  <meta charset=\"utf-8\" />\n  <meta name=\"viewport\" content=\"width=device-width, initial-scale=1\" />\n  <meta name=\"theme-color\" content=\"#000000\" />\n  <link rel=\"shortcut icon\" type=\"image/ico\" href=\"/assets/favicon-bc234827.ico\" />\n  <link href=\"https://fonts.googleapis.com/css?family=Roboto:300,400,500\" rel=\"stylesheet\" />\n  <title>Pentaract UI</title>\n\n  <style>\n    *,\n    html {\n      margin: 0;\n      padding: 0;\n    }\n  </style>\n  <script type=\"module\" crossorigin src=\"/assets/index-58b24b54.js\"></script>\n  <link rel=\"stylesheet\" href=\"/assets/index-a4f6c957.css\">\n</head>\n\n<body>\n  <noscript>Wanna write ur own UI without js?! Go ahead, don't disturb others</noscript>\n  <div id=\"root\"></div>\n\n  \n</body>\n\n</html>\n" loading=false stripedRows=""  ... > 
  at <OrdersView onVnodeUnmounted=fn<onVnodeUnmounted> ref=Ref< Proxy(Object) > > 
  at <RouterView> 
  at <AppLayout onVnodeUnmounted=fn<onVnodeUnmounted> ref=Ref< Proxy(Object) > > 
  at <RouterView> 
  at <App> @ http://localhost:5277/node_modules/@vue/runtime-core/dist/runtime-core.esm-bundler.js:49
[   51619ms] [WARNING] [Vue warn]: Invalid prop: type check failed for prop "value". Expected Array, got String with value "<!DOCTYPE html>
<htm". 
  at <BodyRow key=undefined rowData="C" index=4  ... > 
  at <TableBody ref="bodyRef" value="<!DOCTYPE html>\n<htm" class=""  ... > 
  at <VirtualScroller ref="virtualScroller" items="<!DOCTYPE html>\n<html lang=\"en\">\n\n<head>\n  <meta charset=\"utf-8\" />\n  <meta name=\"viewport\" content=\"width=device-width, initial-scale=1\" />\n  <meta name=\"theme-color\" content=\"#000000\" />\n  <link rel=\"shortcut icon\" type=\"image/ico\" href=\"/assets/favicon-bc234827.ico\" />\n  <link href=\"https://fonts.googleapis.com/css?family=Roboto:300,400,500\" rel=\"stylesheet\" />\n  <title>Pentaract UI</title>\n\n  <style>\n    *,\n    html {\n      margin: 0;\n      padding: 0;\n    }\n  </style>\n  <script type=\"module\" crossorigin src=\"/assets/index-58b24b54.js\"></script>\n  <link rel=\"stylesheet\" href=\"/assets/index-a4f6c957.css\">\n</head>\n\n<body>\n  <noscript>Wanna write ur own UI without js?! Go ahead, don't disturb others</noscript>\n  <div id=\"root\"></div>\n\n  \n</body>\n\n</html>\n" columns= [Object, Object, Object, Object, Object, Object]  ... > 
  at <DataTable value="<!DOCTYPE html>\n<html lang=\"en\">\n\n<head>\n  <meta charset=\"utf-8\" />\n  <meta name=\"viewport\" content=\"width=device-width, initial-scale=1\" />\n  <meta name=\"theme-color\" content=\"#000000\" />\n  <link rel=\"shortcut icon\" type=\"image/ico\" href=\"/assets/favicon-bc234827.ico\" />\n  <link href=\"https://fonts.googleapis.com/css?family=Roboto:300,400,500\" rel=\"stylesheet\" />\n  <title>Pentaract UI</title>\n\n  <style>\n    *,\n    html {\n      margin: 0;\n      padding: 0;\n    }\n  </style>\n  <script type=\"module\" crossorigin src=\"/assets/index-58b24b54.js\"></script>\n  <link rel=\"stylesheet\" href=\"/assets/index-a4f6c957.css\">\n</head>\n\n<body>\n  <noscript>Wanna write ur own UI without js?! Go ahead, don't disturb others</noscript>\n  <div id=\"root\"></div>\n\n  \n</body>\n\n</html>\n" loading=false stripedRows=""  ... > 
  at <OrdersView onVnodeUnmounted=fn<onVnodeUnmounted> ref=Ref< Proxy(Object) > > 
  at <RouterView> 
  at <AppLayout onVnodeUnmounted=fn<onVnodeUnmounted> ref=Ref< Proxy(Object) > > 
  at <RouterView> 
  at <App> @ http://localhost:5277/node_modules/@vue/runtime-core/dist/runtime-core.esm-bundler.js:49
[   51621ms] [WARNING] [Vue warn]: Invalid prop: type check failed for prop "rowData". Expected Object, got String with value "C". 
  at <BodyCell key="id" rowData="C" column= {__v_isVNode: true, __v_skip: true, type: Object, props: Object, key: null}  ... > 
  at <BodyRow key=undefined rowData="C" index=4  ... > 
  at <TableBody ref="bodyRef" value="<!DOCTYPE html>\n<htm" class=""  ... > 
  at <VirtualScroller ref="virtualScroller" items="<!DOCTYPE html>\n<html lang=\"en\">\n\n<head>\n  <meta charset=\"utf-8\" />\n  <meta name=\"viewport\" content=\"width=device-width, initial-scale=1\" />\n  <meta name=\"theme-color\" content=\"#000000\" />\n  <link rel=\"shortcut icon\" type=\"image/ico\" href=\"/assets/favicon-bc234827.ico\" />\n  <link href=\"https://fonts.googleapis.com/css?family=Roboto:300,400,500\" rel=\"stylesheet\" />\n  <title>Pentaract UI</title>\n\n  <style>\n    *,\n    html {\n      margin: 0;\n      padding: 0;\n    }\n  </style>\n  <script type=\"module\" crossorigin src=\"/assets/index-58b24b54.js\"></script>\n  <link rel=\"stylesheet\" href=\"/assets/index-a4f6c957.css\">\n</head>\n\n<body>\n  <noscript>Wanna write ur own UI without js?! Go ahead, don't disturb others</noscript>\n  <div id=\"root\"></div>\n\n  \n</body>\n\n</html>\n" columns= [Object, Object, Object, Object, Object, Object]  ... > 
  at <DataTable value="<!DOCTYPE html>\n<html lang=\"en\">\n\n<head>\n  <meta charset=\"utf-8\" />\n  <meta name=\"viewport\" content=\"width=device-width, initial-scale=1\" />\n  <meta name=\"theme-color\" content=\"#000000\" />\n  <link rel=\"shortcut icon\" type=\"image/ico\" href=\"/assets/favicon-bc234827.ico\" />\n  <link href=\"https://fonts.googleapis.com/css?family=Roboto:300,400,500\" rel=\"stylesheet\" />\n  <title>Pentaract UI</title>\n\n  <style>\n    *,\n    html {\n      margin: 0;\n      padding: 0;\n    }\n  </style>\n  <script type=\"module\" crossorigin src=\"/assets/index-58b24b54.js\"></script>\n  <link rel=\"stylesheet\" href=\"/assets/index-a4f6c957.css\">\n</head>\n\n<body>\n  <noscript>Wanna write ur own UI without js?! Go ahead, don't disturb others</noscript>\n  <div id=\"root\"></div>\n\n  \n</body>\n\n</html>\n" loading=false stripedRows=""  ... > 
  at <OrdersView onVnodeUnmounted=fn<onVnodeUnmounted> ref=Ref< Proxy(Object) > > 
  at <RouterView> 
  at <AppLayout onVnodeUnmounted=fn<onVnodeUnmounted> ref=Ref< Proxy(Object) > > 
  at <RouterView> 
  at <App> @ http://localhost:5277/node_modules/@vue/runtime-core/dist/runtime-core.esm-bundler.js:49
[   51624ms] [WARNING] [Vue warn]: Invalid prop: type check failed for prop "rowData". Expected Object, got String with value "C". 
  at <BodyCell key="client_id" rowData="C" column= {__v_isVNode: true, __v_skip: true, type: Object, props: Object, key: null}  ... > 
  at <BodyRow key=undefined rowData="C" index=4  ... > 
  at <TableBody ref="bodyRef" value="<!DOCTYPE html>\n<htm" class=""  ... > 
  at <VirtualScroller ref="virtualScroller" items="<!DOCTYPE html>\n<html lang=\"en\">\n\n<head>\n  <meta charset=\"utf-8\" />\n  <meta name=\"viewport\" content=\"width=device-width, initial-scale=1\" />\n  <meta name=\"theme-color\" content=\"#000000\" />\n  <link rel=\"shortcut icon\" type=\"image/ico\" href=\"/assets/favicon-bc234827.ico\" />\n  <link href=\"https://fonts.googleapis.com/css?family=Roboto:300,400,500\" rel=\"stylesheet\" />\n  <title>Pentaract UI</title>\n\n  <style>\n    *,\n    html {\n      margin: 0;\n      padding: 0;\n    }\n  </style>\n  <script type=\"module\" crossorigin src=\"/assets/index-58b24b54.js\"></script>\n  <link rel=\"stylesheet\" href=\"/assets/index-a4f6c957.css\">\n</head>\n\n<body>\n  <noscript>Wanna write ur own UI without js?! Go ahead, don't disturb others</noscript>\n  <div id=\"root\"></div>\n\n  \n</body>\n\n</html>\n" columns= [Object, Object, Object, Object, Object, Object]  ... > 
  at <DataTable value="<!DOCTYPE html>\n<html lang=\"en\">\n\n<head>\n  <meta charset=\"utf-8\" />\n  <meta name=\"viewport\" content=\"width=device-width, initial-scale=1\" />\n  <meta name=\"theme-color\" content=\"#000000\" />\n  <link rel=\"shortcut icon\" type=\"image/ico\" href=\"/assets/favicon-bc234827.ico\" />\n  <link href=\"https://fonts.googleapis.com/css?family=Roboto:300,400,500\" rel=\"stylesheet\" />\n  <title>Pentaract UI</title>\n\n  <style>\n    *,\n    html {\n      margin: 0;\n      padding: 0;\n    }\n  </style>\n  <script type=\"module\" crossorigin src=\"/assets/index-58b24b54.js\"></script>\n  <link rel=\"stylesheet\" href=\"/assets/index-a4f6c957.css\">\n</head>\n\n<body>\n  <noscript>Wanna write ur own UI without js?! Go ahead, don't disturb others</noscript>\n  <div id=\"root\"></div>\n\n  \n</body>\n\n</html>\n" loading=false stripedRows=""  ... > 
  at <OrdersView onVnodeUnmounted=fn<onVnodeUnmounted> ref=Ref< Proxy(Object) > > 
  at <RouterView> 
  at <AppLayout onVnodeUnmounted=fn<onVnodeUnmounted> ref=Ref< Proxy(Object) > > 
  at <RouterView> 
  at <App> @ http://localhost:5277/node_modules/@vue/runtime-core/dist/runtime-core.esm-bundler.js:49
[   51626ms] [WARNING] [Vue warn]: Invalid prop: type check failed for prop "rowData". Expected Object, got String with value "C". 
  at <BodyCell key="source" rowData="C" column= {__v_isVNode: true, __v_skip: true, type: Object, props: Object, key: null}  ... > 
  at <BodyRow key=undefined rowData="C" index=4  ... > 
  at <TableBody ref="bodyRef" value="<!DOCTYPE html>\n<htm" class=""  ... > 
  at <VirtualScroller ref="virtualScroller" items="<!DOCTYPE html>\n<html lang=\"en\">\n\n<head>\n  <meta charset=\"utf-8\" />\n  <meta name=\"viewport\" content=\"width=device-width, initial-scale=1\" />\n  <meta name=\"theme-color\" content=\"#000000\" />\n  <link rel=\"shortcut icon\" type=\"image/ico\" href=\"/assets/favicon-bc234827.ico\" />\n  <link href=\"https://fonts.googleapis.com/css?family=Roboto:300,400,500\" rel=\"stylesheet\" />\n  <title>Pentaract UI</title>\n\n  <style>\n    *,\n    html {\n      margin: 0;\n      padding: 0;\n    }\n  </style>\n  <script type=\"module\" crossorigin src=\"/assets/index-58b24b54.js\"></script>\n  <link rel=\"stylesheet\" href=\"/assets/index-a4f6c957.css\">\n</head>\n\n<body>\n  <noscript>Wanna write ur own UI without js?! Go ahead, don't disturb others</noscript>\n  <div id=\"root\"></div>\n\n  \n</body>\n\n</html>\n" columns= [Object, Object, Object, Object, Object, Object]  ... > 
  at <DataTable value="<!DOCTYPE html>\n<html lang=\"en\">\n\n<head>\n  <meta charset=\"utf-8\" />\n  <meta name=\"viewport\" content=\"width=device-width, initial-scale=1\" />\n  <meta name=\"theme-color\" content=\"#000000\" />\n  <link rel=\"shortcut icon\" type=\"image/ico\" href=\"/assets/favicon-bc234827.ico\" />\n  <link href=\"https://fonts.googleapis.com/css?family=Roboto:300,400,500\" rel=\"stylesheet\" />\n  <title>Pentaract UI</title>\n\n  <style>\n    *,\n    html {\n      margin: 0;\n      padding: 0;\n    }\n  </style>\n  <script type=\"module\" crossorigin src=\"/assets/index-58b24b54.js\"></script>\n  <link rel=\"stylesheet\" href=\"/assets/index-a4f6c957.css\">\n</head>\n\n<body>\n  <noscript>Wanna write ur own UI without js?! Go ahead, don't disturb others</noscript>\n  <div id=\"root\"></div>\n\n  \n</body>\n\n</html>\n" loading=false stripedRows=""  ... > 
  at <OrdersView onVnodeUnmounted=fn<onVnodeUnmounted> ref=Ref< Proxy(Object) > > 
  at <RouterView> 
  at <AppLayout onVnodeUnmounted=fn<onVnodeUnmounted> ref=Ref< Proxy(Object) > > 
  at <RouterView> 
  at <App> @ http://localhost:5277/node_modules/@vue/runtime-core/dist/runtime-core.esm-bundler.js:49
[   51628ms] [WARNING] [Vue warn]: Invalid prop: type check failed for prop "rowData". Expected Object, got String with value "C". 
  at <BodyCell key="status" rowData="C" column= {__v_isVNode: true, __v_skip: true, type: Object, props: Object, key: null}  ... > 
  at <BodyRow key=undefined rowData="C" index=4  ... > 
  at <TableBody ref="bodyRef" value="<!DOCTYPE html>\n<htm" class=""  ... > 
  at <VirtualScroller ref="virtualScroller" items="<!DOCTYPE html>\n<html lang=\"en\">\n\n<head>\n  <meta charset=\"utf-8\" />\n  <meta name=\"viewport\" content=\"width=device-width, initial-scale=1\" />\n  <meta name=\"theme-color\" content=\"#000000\" />\n  <link rel=\"shortcut icon\" type=\"image/ico\" href=\"/assets/favicon-bc234827.ico\" />\n  <link href=\"https://fonts.googleapis.com/css?family=Roboto:300,400,500\" rel=\"stylesheet\" />\n  <title>Pentaract UI</title>\n\n  <style>\n    *,\n    html {\n      margin: 0;\n      padding: 0;\n    }\n  </style>\n  <script type=\"module\" crossorigin src=\"/assets/index-58b24b54.js\"></script>\n  <link rel=\"stylesheet\" href=\"/assets/index-a4f6c957.css\">\n</head>\n\n<body>\n  <noscript>Wanna write ur own UI without js?! Go ahead, don't disturb others</noscript>\n  <div id=\"root\"></div>\n\n  \n</body>\n\n</html>\n" columns= [Object, Object, Object, Object, Object, Object]  ... > 
  at <DataTable value="<!DOCTYPE html>\n<html lang=\"en\">\n\n<head>\n  <meta charset=\"utf-8\" />\n  <meta name=\"viewport\" content=\"width=device-width, initial-scale=1\" />\n  <meta name=\"theme-color\" content=\"#000000\" />\n  <link rel=\"shortcut icon\" type=\"image/ico\" href=\"/assets/favicon-bc234827.ico\" />\n  <link href=\"https://fonts.googleapis.com/css?family=Roboto:300,400,500\" rel=\"stylesheet\" />\n  <title>Pentaract UI</title>\n\n  <style>\n    *,\n    html {\n      margin: 0;\n      padding: 0;\n    }\n  </style>\n  <script type=\"module\" crossorigin src=\"/assets/index-58b24b54.js\"></script>\n  <link rel=\"stylesheet\" href=\"/assets/index-a4f6c957.css\">\n</head>\n\n<body>\n  <noscript>Wanna write ur own UI without js?! Go ahead, don't disturb others</noscript>\n  <div id=\"root\"></div>\n\n  \n</body>\n\n</html>\n" loading=false stripedRows=""  ... > 
  at <OrdersView onVnodeUnmounted=fn<onVnodeUnmounted> ref=Ref< Proxy(Object) > > 
  at <RouterView> 
  at <AppLayout onVnodeUnmounted=fn<onVnodeUnmounted> ref=Ref< Proxy(Object) > > 
  at <RouterView> 
  at <App> @ http://localhost:5277/node_modules/@vue/runtime-core/dist/runtime-core.esm-bundler.js:49
[   51631ms] [WARNING] [Vue warn]: Invalid prop: type check failed for prop "rowData". Expected Object, got String with value "C". 
  at <BodyCell key="created_at" rowData="C" column= {__v_isVNode: true, __v_skip: true, type: Object, props: Object, key: null}  ... > 
  at <BodyRow key=undefined rowData="C" index=4  ... > 
  at <TableBody ref="bodyRef" value="<!DOCTYPE html>\n<htm" class=""  ... > 
  at <VirtualScroller ref="virtualScroller" items="<!DOCTYPE html>\n<html lang=\"en\">\n\n<head>\n  <meta charset=\"utf-8\" />\n  <meta name=\"viewport\" content=\"width=device-width, initial-scale=1\" />\n  <meta name=\"theme-color\" content=\"#000000\" />\n  <link rel=\"shortcut icon\" type=\"image/ico\" href=\"/assets/favicon-bc234827.ico\" />\n  <link href=\"https://fonts.googleapis.com/css?family=Roboto:300,400,500\" rel=\"stylesheet\" />\n  <title>Pentaract UI</title>\n\n  <style>\n    *,\n    html {\n      margin: 0;\n      padding: 0;\n    }\n  </style>\n  <script type=\"module\" crossorigin src=\"/assets/index-58b24b54.js\"></script>\n  <link rel=\"stylesheet\" href=\"/assets/index-a4f6c957.css\">\n</head>\n\n<body>\n  <noscript>Wanna write ur own UI without js?! Go ahead, don't disturb others</noscript>\n  <div id=\"root\"></div>\n\n  \n</body>\n\n</html>\n" columns= [Object, Object, Object, Object, Object, Object]  ... > 
  at <DataTable value="<!DOCTYPE html>\n<html lang=\"en\">\n\n<head>\n  <meta charset=\"utf-8\" />\n  <meta name=\"viewport\" content=\"width=device-width, initial-scale=1\" />\n  <meta name=\"theme-color\" content=\"#000000\" />\n  <link rel=\"shortcut icon\" type=\"image/ico\" href=\"/assets/favicon-bc234827.ico\" />\n  <link href=\"https://fonts.googleapis.com/css?family=Roboto:300,400,500\" rel=\"stylesheet\" />\n  <title>Pentaract UI</title>\n\n  <style>\n    *,\n    html {\n      margin: 0;\n      padding: 0;\n    }\n  </style>\n  <script type=\"module\" crossorigin src=\"/assets/index-58b24b54.js\"></script>\n  <link rel=\"stylesheet\" href=\"/assets/index-a4f6c957.css\">\n</head>\n\n<body>\n  <noscript>Wanna write ur own UI without js?! Go ahead, don't disturb others</noscript>\n  <div id=\"root\"></div>\n\n  \n</body>\n\n</html>\n" loading=false stripedRows=""  ... > 
  at <OrdersView onVnodeUnmounted=fn<onVnodeUnmounted> ref=Ref< Proxy(Object) > > 
  at <RouterView> 
  at <AppLayout onVnodeUnmounted=fn<onVnodeUnmounted> ref=Ref< Proxy(Object) > > 
  at <RouterView> 
  at <App> @ http://localhost:5277/node_modules/@vue/runtime-core/dist/runtime-core.esm-bundler.js:49
[   51634ms] [WARNING] [Vue warn]: Invalid prop: type check failed for prop "rowData". Expected Object, got String with value "C". 
  at <BodyCell key=5 rowData="C" column= {__v_isVNode: true, __v_skip: true, type: Object, props: Object, key: null}  ... > 
  at <BodyRow key=undefined rowData="C" index=4  ... > 
  at <TableBody ref="bodyRef" value="<!DOCTYPE html>\n<htm" class=""  ... > 
  at <VirtualScroller ref="virtualScroller" items="<!DOCTYPE html>\n<html lang=\"en\">\n\n<head>\n  <meta charset=\"utf-8\" />\n  <meta name=\"viewport\" content=\"width=device-width, initial-scale=1\" />\n  <meta name=\"theme-color\" content=\"#000000\" />\n  <link rel=\"shortcut icon\" type=\"image/ico\" href=\"/assets/favicon-bc234827.ico\" />\n  <link href=\"https://fonts.googleapis.com/css?family=Roboto:300,400,500\" rel=\"stylesheet\" />\n  <title>Pentaract UI</title>\n\n  <style>\n    *,\n    html {\n      margin: 0;\n      padding: 0;\n    }\n  </style>\n  <script type=\"module\" crossorigin src=\"/assets/index-58b24b54.js\"></script>\n  <link rel=\"stylesheet\" href=\"/assets/index-a4f6c957.css\">\n</head>\n\n<body>\n  <noscript>Wanna write ur own UI without js?! Go ahead, don't disturb others</noscript>\n  <div id=\"root\"></div>\n\n  \n</body>\n\n</html>\n" columns= [Object, Object, Object, Object, Object, Object]  ... > 
  at <DataTable value="<!DOCTYPE html>\n<html lang=\"en\">\n\n<head>\n  <meta charset=\"utf-8\" />\n  <meta name=\"viewport\" content=\"width=device-width, initial-scale=1\" />\n  <meta name=\"theme-color\" content=\"#000000\" />\n  <link rel=\"shortcut icon\" type=\"image/ico\" href=\"/assets/favicon-bc234827.ico\" />\n  <link href=\"https://fonts.googleapis.com/css?family=Roboto:300,400,500\" rel=\"stylesheet\" />\n  <title>Pentaract UI</title>\n\n  <style>\n    *,\n    html {\n      margin: 0;\n      padding: 0;\n    }\n  </style>\n  <script type=\"module\" crossorigin src=\"/assets/index-58b24b54.js\"></script>\n  <link rel=\"stylesheet\" href=\"/assets/index-a4f6c957.css\">\n</head>\n\n<body>\n  <noscript>Wanna write ur own UI without js?! Go ahead, don't disturb others</noscript>\n  <div id=\"root\"></div>\n\n  \n</body>\n\n</html>\n" loading=false stripedRows=""  ... > 
  at <OrdersView onVnodeUnmounted=fn<onVnodeUnmounted> ref=Ref< Proxy(Object) > > 
  at <RouterView> 
  at <AppLayout onVnodeUnmounted=fn<onVnodeUnmounted> ref=Ref< Proxy(Object) > > 
  at <RouterView> 
  at <App> @ http://localhost:5277/node_modules/@vue/runtime-core/dist/runtime-core.esm-bundler.js:49
[   51639ms] [WARNING] [Vue warn]: Invalid prop: type check failed for prop "rowData". Expected Object, got String with value "T". 
  at <BodyRow key=undefined rowData="T" index=5  ... > 
  at <TableBody ref="bodyRef" value="<!DOCTYPE html>\n<htm" class=""  ... > 
  at <VirtualScroller ref="virtualScroller" items="<!DOCTYPE html>\n<html lang=\"en\">\n\n<head>\n  <meta charset=\"utf-8\" />\n  <meta name=\"viewport\" content=\"width=device-width, initial-scale=1\" />\n  <meta name=\"theme-color\" content=\"#000000\" />\n  <link rel=\"shortcut icon\" type=\"image/ico\" href=\"/assets/favicon-bc234827.ico\" />\n  <link href=\"https://fonts.googleapis.com/css?family=Roboto:300,400,500\" rel=\"stylesheet\" />\n  <title>Pentaract UI</title>\n\n  <style>\n    *,\n    html {\n      margin: 0;\n      padding: 0;\n    }\n  </style>\n  <script type=\"module\" crossorigin src=\"/assets/index-58b24b54.js\"></script>\n  <link rel=\"stylesheet\" href=\"/assets/index-a4f6c957.css\">\n</head>\n\n<body>\n  <noscript>Wanna write ur own UI without js?! Go ahead, don't disturb others</noscript>\n  <div id=\"root\"></div>\n\n  \n</body>\n\n</html>\n" columns= [Object, Object, Object, Object, Object, Object]  ... > 
  at <DataTable value="<!DOCTYPE html>\n<html lang=\"en\">\n\n<head>\n  <meta charset=\"utf-8\" />\n  <meta name=\"viewport\" content=\"width=device-width, initial-scale=1\" />\n  <meta name=\"theme-color\" content=\"#000000\" />\n  <link rel=\"shortcut icon\" type=\"image/ico\" href=\"/assets/favicon-bc234827.ico\" />\n  <link href=\"https://fonts.googleapis.com/css?family=Roboto:300,400,500\" rel=\"stylesheet\" />\n  <title>Pentaract UI</title>\n\n  <style>\n    *,\n    html {\n      margin: 0;\n      padding: 0;\n    }\n  </style>\n  <script type=\"module\" crossorigin src=\"/assets/index-58b24b54.js\"></script>\n  <link rel=\"stylesheet\" href=\"/assets/index-a4f6c957.css\">\n</head>\n\n<body>\n  <noscript>Wanna write ur own UI without js?! Go ahead, don't disturb others</noscript>\n  <div id=\"root\"></div>\n\n  \n</body>\n\n</html>\n" loading=false stripedRows=""  ... > 
  at <OrdersView onVnodeUnmounted=fn<onVnodeUnmounted> ref=Ref< Proxy(Object) > > 
  at <RouterView> 
  at <AppLayout onVnodeUnmounted=fn<onVnodeUnmounted> ref=Ref< Proxy(Object) > > 
  at <RouterView> 
  at <App> @ http://localhost:5277/node_modules/@vue/runtime-core/dist/runtime-core.esm-bundler.js:49
[   51640ms] [WARNING] [Vue warn]: Invalid prop: type check failed for prop "value". Expected Array, got String with value "<!DOCTYPE html>
<htm". 
  at <BodyRow key=undefined rowData="T" index=5  ... > 
  at <TableBody ref="bodyRef" value="<!DOCTYPE html>\n<htm" class=""  ... > 
  at <VirtualScroller ref="virtualScroller" items="<!DOCTYPE html>\n<html lang=\"en\">\n\n<head>\n  <meta charset=\"utf-8\" />\n  <meta name=\"viewport\" content=\"width=device-width, initial-scale=1\" />\n  <meta name=\"theme-color\" content=\"#000000\" />\n  <link rel=\"shortcut icon\" type=\"image/ico\" href=\"/assets/favicon-bc234827.ico\" />\n  <link href=\"https://fonts.googleapis.com/css?family=Roboto:300,400,500\" rel=\"stylesheet\" />\n  <title>Pentaract UI</title>\n\n  <style>\n    *,\n    html {\n      margin: 0;\n      padding: 0;\n    }\n  </style>\n  <script type=\"module\" crossorigin src=\"/assets/index-58b24b54.js\"></script>\n  <link rel=\"stylesheet\" href=\"/assets/index-a4f6c957.css\">\n</head>\n\n<body>\n  <noscript>Wanna write ur own UI without js?! Go ahead, don't disturb others</noscript>\n  <div id=\"root\"></div>\n\n  \n</body>\n\n</html>\n" columns= [Object, Object, Object, Object, Object, Object]  ... > 
  at <DataTable value="<!DOCTYPE html>\n<html lang=\"en\">\n\n<head>\n  <meta charset=\"utf-8\" />\n  <meta name=\"viewport\" content=\"width=device-width, initial-scale=1\" />\n  <meta name=\"theme-color\" content=\"#000000\" />\n  <link rel=\"shortcut icon\" type=\"image/ico\" href=\"/assets/favicon-bc234827.ico\" />\n  <link href=\"https://fonts.googleapis.com/css?family=Roboto:300,400,500\" rel=\"stylesheet\" />\n  <title>Pentaract UI</title>\n\n  <style>\n    *,\n    html {\n      margin: 0;\n      padding: 0;\n    }\n  </style>\n  <script type=\"module\" crossorigin src=\"/assets/index-58b24b54.js\"></script>\n  <link rel=\"stylesheet\" href=\"/assets/index-a4f6c957.css\">\n</head>\n\n<body>\n  <noscript>Wanna write ur own UI without js?! Go ahead, don't disturb others</noscript>\n  <div id=\"root\"></div>\n\n  \n</body>\n\n</html>\n" loading=false stripedRows=""  ... > 
  at <OrdersView onVnodeUnmounted=fn<onVnodeUnmounted> ref=Ref< Proxy(Object) > > 
  at <RouterView> 
  at <AppLayout onVnodeUnmounted=fn<onVnodeUnmounted> ref=Ref< Proxy(Object) > > 
  at <RouterView> 
  at <App> @ http://localhost:5277/node_modules/@vue/runtime-core/dist/runtime-core.esm-bundler.js:49
[   51642ms] [WARNING] [Vue warn]: Invalid prop: type check failed for prop "rowData". Expected Object, got String with value "T". 
  at <BodyCell key="id" rowData="T" column= {__v_isVNode: true, __v_skip: true, type: Object, props: Object, key: null}  ... > 
  at <BodyRow key=undefined rowData="T" index=5  ... > 
  at <TableBody ref="bodyRef" value="<!DOCTYPE html>\n<htm" class=""  ... > 
  at <VirtualScroller ref="virtualScroller" items="<!DOCTYPE html>\n<html lang=\"en\">\n\n<head>\n  <meta charset=\"utf-8\" />\n  <meta name=\"viewport\" content=\"width=device-width, initial-scale=1\" />\n  <meta name=\"theme-color\" content=\"#000000\" />\n  <link rel=\"shortcut icon\" type=\"image/ico\" href=\"/assets/favicon-bc234827.ico\" />\n  <link href=\"https://fonts.googleapis.com/css?family=Roboto:300,400,500\" rel=\"stylesheet\" />\n  <title>Pentaract UI</title>\n\n  <style>\n    *,\n    html {\n      margin: 0;\n      padding: 0;\n    }\n  </style>\n  <script type=\"module\" crossorigin src=\"/assets/index-58b24b54.js\"></script>\n  <link rel=\"stylesheet\" href=\"/assets/index-a4f6c957.css\">\n</head>\n\n<body>\n  <noscript>Wanna write ur own UI without js?! Go ahead, don't disturb others</noscript>\n  <div id=\"root\"></div>\n\n  \n</body>\n\n</html>\n" columns= [Object, Object, Object, Object, Object, Object]  ... > 
  at <DataTable value="<!DOCTYPE html>\n<html lang=\"en\">\n\n<head>\n  <meta charset=\"utf-8\" />\n  <meta name=\"viewport\" content=\"width=device-width, initial-scale=1\" />\n  <meta name=\"theme-color\" content=\"#000000\" />\n  <link rel=\"shortcut icon\" type=\"image/ico\" href=\"/assets/favicon-bc234827.ico\" />\n  <link href=\"https://fonts.googleapis.com/css?family=Roboto:300,400,500\" rel=\"stylesheet\" />\n  <title>Pentaract UI</title>\n\n  <style>\n    *,\n    html {\n      margin: 0;\n      padding: 0;\n    }\n  </style>\n  <script type=\"module\" crossorigin src=\"/assets/index-58b24b54.js\"></script>\n  <link rel=\"stylesheet\" href=\"/assets/index-a4f6c957.css\">\n</head>\n\n<body>\n  <noscript>Wanna write ur own UI without js?! Go ahead, don't disturb others</noscript>\n  <div id=\"root\"></div>\n\n  \n</body>\n\n</html>\n" loading=false stripedRows=""  ... > 
  at <OrdersView onVnodeUnmounted=fn<onVnodeUnmounted> ref=Ref< Proxy(Object) > > 
  at <RouterView> 
  at <AppLayout onVnodeUnmounted=fn<onVnodeUnmounted> ref=Ref< Proxy(Object) > > 
  at <RouterView> 
  at <App> @ http://localhost:5277/node_modules/@vue/runtime-core/dist/runtime-core.esm-bundler.js:49
[   51645ms] [WARNING] [Vue warn]: Invalid prop: type check failed for prop "rowData". Expected Object, got String with value "T". 
  at <BodyCell key="client_id" rowData="T" column= {__v_isVNode: true, __v_skip: true, type: Object, props: Object, key: null}  ... > 
  at <BodyRow key=undefined rowData="T" index=5  ... > 
  at <TableBody ref="bodyRef" value="<!DOCTYPE html>\n<htm" class=""  ... > 
  at <VirtualScroller ref="virtualScroller" items="<!DOCTYPE html>\n<html lang=\"en\">\n\n<head>\n  <meta charset=\"utf-8\" />\n  <meta name=\"viewport\" content=\"width=device-width, initial-scale=1\" />\n  <meta name=\"theme-color\" content=\"#000000\" />\n  <link rel=\"shortcut icon\" type=\"image/ico\" href=\"/assets/favicon-bc234827.ico\" />\n  <link href=\"https://fonts.googleapis.com/css?family=Roboto:300,400,500\" rel=\"stylesheet\" />\n  <title>Pentaract UI</title>\n\n  <style>\n    *,\n    html {\n      margin: 0;\n      padding: 0;\n    }\n  </style>\n  <script type=\"module\" crossorigin src=\"/assets/index-58b24b54.js\"></script>\n  <link rel=\"stylesheet\" href=\"/assets/index-a4f6c957.css\">\n</head>\n\n<body>\n  <noscript>Wanna write ur own UI without js?! Go ahead, don't disturb others</noscript>\n  <div id=\"root\"></div>\n\n  \n</body>\n\n</html>\n" columns= [Object, Object, Object, Object, Object, Object]  ... > 
  at <DataTable value="<!DOCTYPE html>\n<html lang=\"en\">\n\n<head>\n  <meta charset=\"utf-8\" />\n  <meta name=\"viewport\" content=\"width=device-width, initial-scale=1\" />\n  <meta name=\"theme-color\" content=\"#000000\" />\n  <link rel=\"shortcut icon\" type=\"image/ico\" href=\"/assets/favicon-bc234827.ico\" />\n  <link href=\"https://fonts.googleapis.com/css?family=Roboto:300,400,500\" rel=\"stylesheet\" />\n  <title>Pentaract UI</title>\n\n  <style>\n    *,\n    html {\n      margin: 0;\n      padding: 0;\n    }\n  </style>\n  <script type=\"module\" crossorigin src=\"/assets/index-58b24b54.js\"></script>\n  <link rel=\"stylesheet\" href=\"/assets/index-a4f6c957.css\">\n</head>\n\n<body>\n  <noscript>Wanna write ur own UI without js?! Go ahead, don't disturb others</noscript>\n  <div id=\"root\"></div>\n\n  \n</body>\n\n</html>\n" loading=false stripedRows=""  ... > 
  at <OrdersView onVnodeUnmounted=fn<onVnodeUnmounted> ref=Ref< Proxy(Object) > > 
  at <RouterView> 
  at <AppLayout onVnodeUnmounted=fn<onVnodeUnmounted> ref=Ref< Proxy(Object) > > 
  at <RouterView> 
  at <App> @ http://localhost:5277/node_modules/@vue/runtime-core/dist/runtime-core.esm-bundler.js:49
[   51648ms] [WARNING] [Vue warn]: Invalid prop: type check failed for prop "rowData". Expected Object, got String with value "T". 
  at <BodyCell key="source" rowData="T" column= {__v_isVNode: true, __v_skip: true, type: Object, props: Object, key: null}  ... > 
  at <BodyRow key=undefined rowData="T" index=5  ... > 
  at <TableBody ref="bodyRef" value="<!DOCTYPE html>\n<htm" class=""  ... > 
  at <VirtualScroller ref="virtualScroller" items="<!DOCTYPE html>\n<html lang=\"en\">\n\n<head>\n  <meta charset=\"utf-8\" />\n  <meta name=\"viewport\" content=\"width=device-width, initial-scale=1\" />\n  <meta name=\"theme-color\" content=\"#000000\" />\n  <link rel=\"shortcut icon\" type=\"image/ico\" href=\"/assets/favicon-bc234827.ico\" />\n  <link href=\"https://fonts.googleapis.com/css?family=Roboto:300,400,500\" rel=\"stylesheet\" />\n  <title>Pentaract UI</title>\n\n  <style>\n    *,\n    html {\n      margin: 0;\n      padding: 0;\n    }\n  </style>\n  <script type=\"module\" crossorigin src=\"/assets/index-58b24b54.js\"></script>\n  <link rel=\"stylesheet\" href=\"/assets/index-a4f6c957.css\">\n</head>\n\n<body>\n  <noscript>Wanna write ur own UI without js?! Go ahead, don't disturb others</noscript>\n  <div id=\"root\"></div>\n\n  \n</body>\n\n</html>\n" columns= [Object, Object, Object, Object, Object, Object]  ... > 
  at <DataTable value="<!DOCTYPE html>\n<html lang=\"en\">\n\n<head>\n  <meta charset=\"utf-8\" />\n  <meta name=\"viewport\" content=\"width=device-width, initial-scale=1\" />\n  <meta name=\"theme-color\" content=\"#000000\" />\n  <link rel=\"shortcut icon\" type=\"image/ico\" href=\"/assets/favicon-bc234827.ico\" />\n  <link href=\"https://fonts.googleapis.com/css?family=Roboto:300,400,500\" rel=\"stylesheet\" />\n  <title>Pentaract UI</title>\n\n  <style>\n    *,\n    html {\n      margin: 0;\n      padding: 0;\n    }\n  </style>\n  <script type=\"module\" crossorigin src=\"/assets/index-58b24b54.js\"></script>\n  <link rel=\"stylesheet\" href=\"/assets/index-a4f6c957.css\">\n</head>\n\n<body>\n  <noscript>Wanna write ur own UI without js?! Go ahead, don't disturb others</noscript>\n  <div id=\"root\"></div>\n\n  \n</body>\n\n</html>\n" loading=false stripedRows=""  ... > 
  at <OrdersView onVnodeUnmounted=fn<onVnodeUnmounted> ref=Ref< Proxy(Object) > > 
  at <RouterView> 
  at <AppLayout onVnodeUnmounted=fn<onVnodeUnmounted> ref=Ref< Proxy(Object) > > 
  at <RouterView> 
  at <App> @ http://localhost:5277/node_modules/@vue/runtime-core/dist/runtime-core.esm-bundler.js:49
[   51651ms] [WARNING] [Vue warn]: Invalid prop: type check failed for prop "rowData". Expected Object, got String with value "T". 
  at <BodyCell key="status" rowData="T" column= {__v_isVNode: true, __v_skip: true, type: Object, props: Object, key: null}  ... > 
  at <BodyRow key=undefined rowData="T" index=5  ... > 
  at <TableBody ref="bodyRef" value="<!DOCTYPE html>\n<htm" class=""  ... > 
  at <VirtualScroller ref="virtualScroller" items="<!DOCTYPE html>\n<html lang=\"en\">\n\n<head>\n  <meta charset=\"utf-8\" />\n  <meta name=\"viewport\" content=\"width=device-width, initial-scale=1\" />\n  <meta name=\"theme-color\" content=\"#000000\" />\n  <link rel=\"shortcut icon\" type=\"image/ico\" href=\"/assets/favicon-bc234827.ico\" />\n  <link href=\"https://fonts.googleapis.com/css?family=Roboto:300,400,500\" rel=\"stylesheet\" />\n  <title>Pentaract UI</title>\n\n  <style>\n    *,\n    html {\n      margin: 0;\n      padding: 0;\n    }\n  </style>\n  <script type=\"module\" crossorigin src=\"/assets/index-58b24b54.js\"></script>\n  <link rel=\"stylesheet\" href=\"/assets/index-a4f6c957.css\">\n</head>\n\n<body>\n  <noscript>Wanna write ur own UI without js?! Go ahead, don't disturb others</noscript>\n  <div id=\"root\"></div>\n\n  \n</body>\n\n</html>\n" columns= [Object, Object, Object, Object, Object, Object]  ... > 
  at <DataTable value="<!DOCTYPE html>\n<html lang=\"en\">\n\n<head>\n  <meta charset=\"utf-8\" />\n  <meta name=\"viewport\" content=\"width=device-width, initial-scale=1\" />\n  <meta name=\"theme-color\" content=\"#000000\" />\n  <link rel=\"shortcut icon\" type=\"image/ico\" href=\"/assets/favicon-bc234827.ico\" />\n  <link href=\"https://fonts.googleapis.com/css?family=Roboto:300,400,500\" rel=\"stylesheet\" />\n  <title>Pentaract UI</title>\n\n  <style>\n    *,\n    html {\n      margin: 0;\n      padding: 0;\n    }\n  </style>\n  <script type=\"module\" crossorigin src=\"/assets/index-58b24b54.js\"></script>\n  <link rel=\"stylesheet\" href=\"/assets/index-a4f6c957.css\">\n</head>\n\n<body>\n  <noscript>Wanna write ur own UI without js?! Go ahead, don't disturb others</noscript>\n  <div id=\"root\"></div>\n\n  \n</body>\n\n</html>\n" loading=false stripedRows=""  ... > 
  at <OrdersView onVnodeUnmounted=fn<onVnodeUnmounted> ref=Ref< Proxy(Object) > > 
  at <RouterView> 
  at <AppLayout onVnodeUnmounted=fn<onVnodeUnmounted> ref=Ref< Proxy(Object) > > 
  at <RouterView> 
  at <App> @ http://localhost:5277/node_modules/@vue/runtime-core/dist/runtime-core.esm-bundler.js:49
[   51659ms] [WARNING] [Vue warn]: Invalid prop: type check failed for prop "rowData". Expected Object, got String with value "T". 
  at <BodyCell key="created_at" rowData="T" column= {__v_isVNode: true, __v_skip: true, type: Object, props: Object, key: null}  ... > 
  at <BodyRow key=undefined rowData="T" index=5  ... > 
  at <TableBody ref="bodyRef" value="<!DOCTYPE html>\n<htm" class=""  ... > 
  at <VirtualScroller ref="virtualScroller" items="<!DOCTYPE html>\n<html lang=\"en\">\n\n<head>\n  <meta charset=\"utf-8\" />\n  <meta name=\"viewport\" content=\"width=device-width, initial-scale=1\" />\n  <meta name=\"theme-color\" content=\"#000000\" />\n  <link rel=\"shortcut icon\" type=\"image/ico\" href=\"/assets/favicon-bc234827.ico\" />\n  <link href=\"https://fonts.googleapis.com/css?family=Roboto:300,400,500\" rel=\"stylesheet\" />\n  <title>Pentaract UI</title>\n\n  <style>\n    *,\n    html {\n      margin: 0;\n      padding: 0;\n    }\n  </style>\n  <script type=\"module\" crossorigin src=\"/assets/index-58b24b54.js\"></script>\n  <link rel=\"stylesheet\" href=\"/assets/index-a4f6c957.css\">\n</head>\n\n<body>\n  <noscript>Wanna write ur own UI without js?! Go ahead, don't disturb others</noscript>\n  <div id=\"root\"></div>\n\n  \n</body>\n\n</html>\n" columns= [Object, Object, Object, Object, Object, Object]  ... > 
  at <DataTable value="<!DOCTYPE html>\n<html lang=\"en\">\n\n<head>\n  <meta charset=\"utf-8\" />\n  <meta name=\"viewport\" content=\"width=device-width, initial-scale=1\" />\n  <meta name=\"theme-color\" content=\"#000000\" />\n  <link rel=\"shortcut icon\" type=\"image/ico\" href=\"/assets/favicon-bc234827.ico\" />\n  <link href=\"https://fonts.googleapis.com/css?family=Roboto:300,400,500\" rel=\"stylesheet\" />\n  <title>Pentaract UI</title>\n\n  <style>\n    *,\n    html {\n      margin: 0;\n      padding: 0;\n    }\n  </style>\n  <script type=\"module\" crossorigin src=\"/assets/index-58b24b54.js\"></script>\n  <link rel=\"stylesheet\" href=\"/assets/index-a4f6c957.css\">\n</head>\n\n<body>\n  <noscript>Wanna write ur own UI without js?! Go ahead, don't disturb others</noscript>\n  <div id=\"root\"></div>\n\n  \n</body>\n\n</html>\n" loading=false stripedRows=""  ... > 
  at <OrdersView onVnodeUnmounted=fn<onVnodeUnmounted> ref=Ref< Proxy(Object) > > 
  at <RouterView> 
  at <AppLayout onVnodeUnmounted=fn<onVnodeUnmounted> ref=Ref< Proxy(Object) > > 
  at <RouterView> 
  at <App> @ http://localhost:5277/node_modules/@vue/runtime-core/dist/runtime-core.esm-bundler.js:49
[   51667ms] [WARNING] [Vue warn]: Invalid prop: type check failed for prop "rowData". Expected Object, got String with value "T". 
  at <BodyCell key=5 rowData="T" column= {__v_isVNode: true, __v_skip: true, type: Object, props: Object, key: null}  ... > 
  at <BodyRow key=undefined rowData="T" index=5  ... > 
  at <TableBody ref="bodyRef" value="<!DOCTYPE html>\n<htm" class=""  ... > 
  at <VirtualScroller ref="virtualScroller" items="<!DOCTYPE html>\n<html lang=\"en\">\n\n<head>\n  <meta charset=\"utf-8\" />\n  <meta name=\"viewport\" content=\"width=device-width, initial-scale=1\" />\n  <meta name=\"theme-color\" content=\"#000000\" />\n  <link rel=\"shortcut icon\" type=\"image/ico\" href=\"/assets/favicon-bc234827.ico\" />\n  <link href=\"https://fonts.googleapis.com/css?family=Roboto:300,400,500\" rel=\"stylesheet\" />\n  <title>Pentaract UI</title>\n\n  <style>\n    *,\n    html {\n      margin: 0;\n      padding: 0;\n    }\n  </style>\n  <script type=\"module\" crossorigin src=\"/assets/index-58b24b54.js\"></script>\n  <link rel=\"stylesheet\" href=\"/assets/index-a4f6c957.css\">\n</head>\n\n<body>\n  <noscript>Wanna write ur own UI without js?! Go ahead, don't disturb others</noscript>\n  <div id=\"root\"></div>\n\n  \n</body>\n\n</html>\n" columns= [Object, Object, Object, Object, Object, Object]  ... > 
  at <DataTable value="<!DOCTYPE html>\n<html lang=\"en\">\n\n<head>\n  <meta charset=\"utf-8\" />\n  <meta name=\"viewport\" content=\"width=device-width, initial-scale=1\" />\n  <meta name=\"theme-color\" content=\"#000000\" />\n  <link rel=\"shortcut icon\" type=\"image/ico\" href=\"/assets/favicon-bc234827.ico\" />\n  <link href=\"https://fonts.googleapis.com/css?family=Roboto:300,400,500\" rel=\"stylesheet\" />\n  <title>Pentaract UI</title>\n\n  <style>\n    *,\n    html {\n      margin: 0;\n      padding: 0;\n    }\n  </style>\n  <script type=\"module\" crossorigin src=\"/assets/index-58b24b54.js\"></script>\n  <link rel=\"stylesheet\" href=\"/assets/index-a4f6c957.css\">\n</head>\n\n<body>\n  <noscript>Wanna write ur own UI without js?! Go ahead, don't disturb others</noscript>\n  <div id=\"root\"></div>\n\n  \n</body>\n\n</html>\n" loading=false stripedRows=""  ... > 
  at <OrdersView onVnodeUnmounted=fn<onVnodeUnmounted> ref=Ref< Proxy(Object) > > 
  at <RouterView> 
  at <AppLayout onVnodeUnmounted=fn<onVnodeUnmounted> ref=Ref< Proxy(Object) > > 
  at <RouterView> 
  at <App> @ http://localhost:5277/node_modules/@vue/runtime-core/dist/runtime-core.esm-bundler.js:49
[   51671ms] [WARNING] [Vue warn]: Invalid prop: type check failed for prop "rowData". Expected Object, got String with value "Y". 
  at <BodyRow key=undefined rowData="Y" index=6  ... > 
  at <TableBody ref="bodyRef" value="<!DOCTYPE html>\n<htm" class=""  ... > 
  at <VirtualScroller ref="virtualScroller" items="<!DOCTYPE html>\n<html lang=\"en\">\n\n<head>\n  <meta charset=\"utf-8\" />\n  <meta name=\"viewport\" content=\"width=device-width, initial-scale=1\" />\n  <meta name=\"theme-color\" content=\"#000000\" />\n  <link rel=\"shortcut icon\" type=\"image/ico\" href=\"/assets/favicon-bc234827.ico\" />\n  <link href=\"https://fonts.googleapis.com/css?family=Roboto:300,400,500\" rel=\"stylesheet\" />\n  <title>Pentaract UI</title>\n\n  <style>\n    *,\n    html {\n      margin: 0;\n      padding: 0;\n    }\n  </style>\n  <script type=\"module\" crossorigin src=\"/assets/index-58b24b54.js\"></script>\n  <link rel=\"stylesheet\" href=\"/assets/index-a4f6c957.css\">\n</head>\n\n<body>\n  <noscript>Wanna write ur own UI without js?! Go ahead, don't disturb others</noscript>\n  <div id=\"root\"></div>\n\n  \n</body>\n\n</html>\n" columns= [Object, Object, Object, Object, Object, Object]  ... > 
  at <DataTable value="<!DOCTYPE html>\n<html lang=\"en\">\n\n<head>\n  <meta charset=\"utf-8\" />\n  <meta name=\"viewport\" content=\"width=device-width, initial-scale=1\" />\n  <meta name=\"theme-color\" content=\"#000000\" />\n  <link rel=\"shortcut icon\" type=\"image/ico\" href=\"/assets/favicon-bc234827.ico\" />\n  <link href=\"https://fonts.googleapis.com/css?family=Roboto:300,400,500\" rel=\"stylesheet\" />\n  <title>Pentaract UI</title>\n\n  <style>\n    *,\n    html {\n      margin: 0;\n      padding: 0;\n    }\n  </style>\n  <script type=\"module\" crossorigin src=\"/assets/index-58b24b54.js\"></script>\n  <link rel=\"stylesheet\" href=\"/assets/index-a4f6c957.css\">\n</head>\n\n<body>\n  <noscript>Wanna write ur own UI without js?! Go ahead, don't disturb others</noscript>\n  <div id=\"root\"></div>\n\n  \n</body>\n\n</html>\n" loading=false stripedRows=""  ... > 
  at <OrdersView onVnodeUnmounted=fn<onVnodeUnmounted> ref=Ref< Proxy(Object) > > 
  at <RouterView> 
  at <AppLayout onVnodeUnmounted=fn<onVnodeUnmounted> ref=Ref< Proxy(Object) > > 
  at <RouterView> 
  at <App> @ http://localhost:5277/node_modules/@vue/runtime-core/dist/runtime-core.esm-bundler.js:49
[   51672ms] [WARNING] [Vue warn]: Invalid prop: type check failed for prop "value". Expected Array, got String with value "<!DOCTYPE html>
<htm". 
  at <BodyRow key=undefined rowData="Y" index=6  ... > 
  at <TableBody ref="bodyRef" value="<!DOCTYPE html>\n<htm" class=""  ... > 
  at <VirtualScroller ref="virtualScroller" items="<!DOCTYPE html>\n<html lang=\"en\">\n\n<head>\n  <meta charset=\"utf-8\" />\n  <meta name=\"viewport\" content=\"width=device-width, initial-scale=1\" />\n  <meta name=\"theme-color\" content=\"#000000\" />\n  <link rel=\"shortcut icon\" type=\"image/ico\" href=\"/assets/favicon-bc234827.ico\" />\n  <link href=\"https://fonts.googleapis.com/css?family=Roboto:300,400,500\" rel=\"stylesheet\" />\n  <title>Pentaract UI</title>\n\n  <style>\n    *,\n    html {\n      margin: 0;\n      padding: 0;\n    }\n  </style>\n  <script type=\"module\" crossorigin src=\"/assets/index-58b24b54.js\"></script>\n  <link rel=\"stylesheet\" href=\"/assets/index-a4f6c957.css\">\n</head>\n\n<body>\n  <noscript>Wanna write ur own UI without js?! Go ahead, don't disturb others</noscript>\n  <div id=\"root\"></div>\n\n  \n</body>\n\n</html>\n" columns= [Object, Object, Object, Object, Object, Object]  ... > 
  at <DataTable value="<!DOCTYPE html>\n<html lang=\"en\">\n\n<head>\n  <meta charset=\"utf-8\" />\n  <meta name=\"viewport\" content=\"width=device-width, initial-scale=1\" />\n  <meta name=\"theme-color\" content=\"#000000\" />\n  <link rel=\"shortcut icon\" type=\"image/ico\" href=\"/assets/favicon-bc234827.ico\" />\n  <link href=\"https://fonts.googleapis.com/css?family=Roboto:300,400,500\" rel=\"stylesheet\" />\n  <title>Pentaract UI</title>\n\n  <style>\n    *,\n    html {\n      margin: 0;\n      padding: 0;\n    }\n  </style>\n  <script type=\"module\" crossorigin src=\"/assets/index-58b24b54.js\"></script>\n  <link rel=\"stylesheet\" href=\"/assets/index-a4f6c957.css\">\n</head>\n\n<body>\n  <noscript>Wanna write ur own UI without js?! Go ahead, don't disturb others</noscript>\n  <div id=\"root\"></div>\n\n  \n</body>\n\n</html>\n" loading=false stripedRows=""  ... > 
  at <OrdersView onVnodeUnmounted=fn<onVnodeUnmounted> ref=Ref< Proxy(Object) > > 
  at <RouterView> 
  at <AppLayout onVnodeUnmounted=fn<onVnodeUnmounted> ref=Ref< Proxy(Object) > > 
  at <RouterView> 
  at <App> @ http://localhost:5277/node_modules/@vue/runtime-core/dist/runtime-core.esm-bundler.js:49
[   51674ms] [WARNING] [Vue warn]: Invalid prop: type check failed for prop "rowData". Expected Object, got String with value "Y". 
  at <BodyCell key="id" rowData="Y" column= {__v_isVNode: true, __v_skip: true, type: Object, props: Object, key: null}  ... > 
  at <BodyRow key=undefined rowData="Y" index=6  ... > 
  at <TableBody ref="bodyRef" value="<!DOCTYPE html>\n<htm" class=""  ... > 
  at <VirtualScroller ref="virtualScroller" items="<!DOCTYPE html>\n<html lang=\"en\">\n\n<head>\n  <meta charset=\"utf-8\" />\n  <meta name=\"viewport\" content=\"width=device-width, initial-scale=1\" />\n  <meta name=\"theme-color\" content=\"#000000\" />\n  <link rel=\"shortcut icon\" type=\"image/ico\" href=\"/assets/favicon-bc234827.ico\" />\n  <link href=\"https://fonts.googleapis.com/css?family=Roboto:300,400,500\" rel=\"stylesheet\" />\n  <title>Pentaract UI</title>\n\n  <style>\n    *,\n    html {\n      margin: 0;\n      padding: 0;\n    }\n  </style>\n  <script type=\"module\" crossorigin src=\"/assets/index-58b24b54.js\"></script>\n  <link rel=\"stylesheet\" href=\"/assets/index-a4f6c957.css\">\n</head>\n\n<body>\n  <noscript>Wanna write ur own UI without js?! Go ahead, don't disturb others</noscript>\n  <div id=\"root\"></div>\n\n  \n</body>\n\n</html>\n" columns= [Object, Object, Object, Object, Object, Object]  ... > 
  at <DataTable value="<!DOCTYPE html>\n<html lang=\"en\">\n\n<head>\n  <meta charset=\"utf-8\" />\n  <meta name=\"viewport\" content=\"width=device-width, initial-scale=1\" />\n  <meta name=\"theme-color\" content=\"#000000\" />\n  <link rel=\"shortcut icon\" type=\"image/ico\" href=\"/assets/favicon-bc234827.ico\" />\n  <link href=\"https://fonts.googleapis.com/css?family=Roboto:300,400,500\" rel=\"stylesheet\" />\n  <title>Pentaract UI</title>\n\n  <style>\n    *,\n    html {\n      margin: 0;\n      padding: 0;\n    }\n  </style>\n  <script type=\"module\" crossorigin src=\"/assets/index-58b24b54.js\"></script>\n  <link rel=\"stylesheet\" href=\"/assets/index-a4f6c957.css\">\n</head>\n\n<body>\n  <noscript>Wanna write ur own UI without js?! Go ahead, don't disturb others</noscript>\n  <div id=\"root\"></div>\n\n  \n</body>\n\n</html>\n" loading=false stripedRows=""  ... > 
  at <OrdersView onVnodeUnmounted=fn<onVnodeUnmounted> ref=Ref< Proxy(Object) > > 
  at <RouterView> 
  at <AppLayout onVnodeUnmounted=fn<onVnodeUnmounted> ref=Ref< Proxy(Object) > > 
  at <RouterView> 
  at <App> @ http://localhost:5277/node_modules/@vue/runtime-core/dist/runtime-core.esm-bundler.js:49
[   51677ms] [WARNING] [Vue warn]: Invalid prop: type check failed for prop "rowData". Expected Object, got String with value "Y". 
  at <BodyCell key="client_id" rowData="Y" column= {__v_isVNode: true, __v_skip: true, type: Object, props: Object, key: null}  ... > 
  at <BodyRow key=undefined rowData="Y" index=6  ... > 
  at <TableBody ref="bodyRef" value="<!DOCTYPE html>\n<htm" class=""  ... > 
  at <VirtualScroller ref="virtualScroller" items="<!DOCTYPE html>\n<html lang=\"en\">\n\n<head>\n  <meta charset=\"utf-8\" />\n  <meta name=\"viewport\" content=\"width=device-width, initial-scale=1\" />\n  <meta name=\"theme-color\" content=\"#000000\" />\n  <link rel=\"shortcut icon\" type=\"image/ico\" href=\"/assets/favicon-bc234827.ico\" />\n  <link href=\"https://fonts.googleapis.com/css?family=Roboto:300,400,500\" rel=\"stylesheet\" />\n  <title>Pentaract UI</title>\n\n  <style>\n    *,\n    html {\n      margin: 0;\n      padding: 0;\n    }\n  </style>\n  <script type=\"module\" crossorigin src=\"/assets/index-58b24b54.js\"></script>\n  <link rel=\"stylesheet\" href=\"/assets/index-a4f6c957.css\">\n</head>\n\n<body>\n  <noscript>Wanna write ur own UI without js?! Go ahead, don't disturb others</noscript>\n  <div id=\"root\"></div>\n\n  \n</body>\n\n</html>\n" columns= [Object, Object, Object, Object, Object, Object]  ... > 
  at <DataTable value="<!DOCTYPE html>\n<html lang=\"en\">\n\n<head>\n  <meta charset=\"utf-8\" />\n  <meta name=\"viewport\" content=\"width=device-width, initial-scale=1\" />\n  <meta name=\"theme-color\" content=\"#000000\" />\n  <link rel=\"shortcut icon\" type=\"image/ico\" href=\"/assets/favicon-bc234827.ico\" />\n  <link href=\"https://fonts.googleapis.com/css?family=Roboto:300,400,500\" rel=\"stylesheet\" />\n  <title>Pentaract UI</title>\n\n  <style>\n    *,\n    html {\n      margin: 0;\n      padding: 0;\n    }\n  </style>\n  <script type=\"module\" crossorigin src=\"/assets/index-58b24b54.js\"></script>\n  <link rel=\"stylesheet\" href=\"/assets/index-a4f6c957.css\">\n</head>\n\n<body>\n  <noscript>Wanna write ur own UI without js?! Go ahead, don't disturb others</noscript>\n  <div id=\"root\"></div>\n\n  \n</body>\n\n</html>\n" loading=false stripedRows=""  ... > 
  at <OrdersView onVnodeUnmounted=fn<onVnodeUnmounted> ref=Ref< Proxy(Object) > > 
  at <RouterView> 
  at <AppLayout onVnodeUnmounted=fn<onVnodeUnmounted> ref=Ref< Proxy(Object) > > 
  at <RouterView> 
  at <App> @ http://localhost:5277/node_modules/@vue/runtime-core/dist/runtime-core.esm-bundler.js:49
[   51679ms] [WARNING] [Vue warn]: Invalid prop: type check failed for prop "rowData". Expected Object, got String with value "Y". 
  at <BodyCell key="source" rowData="Y" column= {__v_isVNode: true, __v_skip: true, type: Object, props: Object, key: null}  ... > 
  at <BodyRow key=undefined rowData="Y" index=6  ... > 
  at <TableBody ref="bodyRef" value="<!DOCTYPE html>\n<htm" class=""  ... > 
  at <VirtualScroller ref="virtualScroller" items="<!DOCTYPE html>\n<html lang=\"en\">\n\n<head>\n  <meta charset=\"utf-8\" />\n  <meta name=\"viewport\" content=\"width=device-width, initial-scale=1\" />\n  <meta name=\"theme-color\" content=\"#000000\" />\n  <link rel=\"shortcut icon\" type=\"image/ico\" href=\"/assets/favicon-bc234827.ico\" />\n  <link href=\"https://fonts.googleapis.com/css?family=Roboto:300,400,500\" rel=\"stylesheet\" />\n  <title>Pentaract UI</title>\n\n  <style>\n    *,\n    html {\n      margin: 0;\n      padding: 0;\n    }\n  </style>\n  <script type=\"module\" crossorigin src=\"/assets/index-58b24b54.js\"></script>\n  <link rel=\"stylesheet\" href=\"/assets/index-a4f6c957.css\">\n</head>\n\n<body>\n  <noscript>Wanna write ur own UI without js?! Go ahead, don't disturb others</noscript>\n  <div id=\"root\"></div>\n\n  \n</body>\n\n</html>\n" columns= [Object, Object, Object, Object, Object, Object]  ... > 
  at <DataTable value="<!DOCTYPE html>\n<html lang=\"en\">\n\n<head>\n  <meta charset=\"utf-8\" />\n  <meta name=\"viewport\" content=\"width=device-width, initial-scale=1\" />\n  <meta name=\"theme-color\" content=\"#000000\" />\n  <link rel=\"shortcut icon\" type=\"image/ico\" href=\"/assets/favicon-bc234827.ico\" />\n  <link href=\"https://fonts.googleapis.com/css?family=Roboto:300,400,500\" rel=\"stylesheet\" />\n  <title>Pentaract UI</title>\n\n  <style>\n    *,\n    html {\n      margin: 0;\n      padding: 0;\n    }\n  </style>\n  <script type=\"module\" crossorigin src=\"/assets/index-58b24b54.js\"></script>\n  <link rel=\"stylesheet\" href=\"/assets/index-a4f6c957.css\">\n</head>\n\n<body>\n  <noscript>Wanna write ur own UI without js?! Go ahead, don't disturb others</noscript>\n  <div id=\"root\"></div>\n\n  \n</body>\n\n</html>\n" loading=false stripedRows=""  ... > 
  at <OrdersView onVnodeUnmounted=fn<onVnodeUnmounted> ref=Ref< Proxy(Object) > > 
  at <RouterView> 
  at <AppLayout onVnodeUnmounted=fn<onVnodeUnmounted> ref=Ref< Proxy(Object) > > 
  at <RouterView> 
  at <App> @ http://localhost:5277/node_modules/@vue/runtime-core/dist/runtime-core.esm-bundler.js:49
[   51682ms] [WARNING] [Vue warn]: Invalid prop: type check failed for prop "rowData". Expected Object, got String with value "Y". 
  at <BodyCell key="status" rowData="Y" column= {__v_isVNode: true, __v_skip: true, type: Object, props: Object, key: null}  ... > 
  at <BodyRow key=undefined rowData="Y" index=6  ... > 
  at <TableBody ref="bodyRef" value="<!DOCTYPE html>\n<htm" class=""  ... > 
  at <VirtualScroller ref="virtualScroller" items="<!DOCTYPE html>\n<html lang=\"en\">\n\n<head>\n  <meta charset=\"utf-8\" />\n  <meta name=\"viewport\" content=\"width=device-width, initial-scale=1\" />\n  <meta name=\"theme-color\" content=\"#000000\" />\n  <link rel=\"shortcut icon\" type=\"image/ico\" href=\"/assets/favicon-bc234827.ico\" />\n  <link href=\"https://fonts.googleapis.com/css?family=Roboto:300,400,500\" rel=\"stylesheet\" />\n  <title>Pentaract UI</title>\n\n  <style>\n    *,\n    html {\n      margin: 0;\n      padding: 0;\n    }\n  </style>\n  <script type=\"module\" crossorigin src=\"/assets/index-58b24b54.js\"></script>\n  <link rel=\"stylesheet\" href=\"/assets/index-a4f6c957.css\">\n</head>\n\n<body>\n  <noscript>Wanna write ur own UI without js?! Go ahead, don't disturb others</noscript>\n  <div id=\"root\"></div>\n\n  \n</body>\n\n</html>\n" columns= [Object, Object, Object, Object, Object, Object]  ... > 
  at <DataTable value="<!DOCTYPE html>\n<html lang=\"en\">\n\n<head>\n  <meta charset=\"utf-8\" />\n  <meta name=\"viewport\" content=\"width=device-width, initial-scale=1\" />\n  <meta name=\"theme-color\" content=\"#000000\" />\n  <link rel=\"shortcut icon\" type=\"image/ico\" href=\"/assets/favicon-bc234827.ico\" />\n  <link href=\"https://fonts.googleapis.com/css?family=Roboto:300,400,500\" rel=\"stylesheet\" />\n  <title>Pentaract UI</title>\n\n  <style>\n    *,\n    html {\n      margin: 0;\n      padding: 0;\n    }\n  </style>\n  <script type=\"module\" crossorigin src=\"/assets/index-58b24b54.js\"></script>\n  <link rel=\"stylesheet\" href=\"/assets/index-a4f6c957.css\">\n</head>\n\n<body>\n  <noscript>Wanna write ur own UI without js?! Go ahead, don't disturb others</noscript>\n  <div id=\"root\"></div>\n\n  \n</body>\n\n</html>\n" loading=false stripedRows=""  ... > 
  at <OrdersView onVnodeUnmounted=fn<onVnodeUnmounted> ref=Ref< Proxy(Object) > > 
  at <RouterView> 
  at <AppLayout onVnodeUnmounted=fn<onVnodeUnmounted> ref=Ref< Proxy(Object) > > 
  at <RouterView> 
  at <App> @ http://localhost:5277/node_modules/@vue/runtime-core/dist/runtime-core.esm-bundler.js:49
[   51686ms] [WARNING] [Vue warn]: Invalid prop: type check failed for prop "rowData". Expected Object, got String with value "Y". 
  at <BodyCell key="created_at" rowData="Y" column= {__v_isVNode: true, __v_skip: true, type: Object, props: Object, key: null}  ... > 
  at <BodyRow key=undefined rowData="Y" index=6  ... > 
  at <TableBody ref="bodyRef" value="<!DOCTYPE html>\n<htm" class=""  ... > 
  at <VirtualScroller ref="virtualScroller" items="<!DOCTYPE html>\n<html lang=\"en\">\n\n<head>\n  <meta charset=\"utf-8\" />\n  <meta name=\"viewport\" content=\"width=device-width, initial-scale=1\" />\n  <meta name=\"theme-color\" content=\"#000000\" />\n  <link rel=\"shortcut icon\" type=\"image/ico\" href=\"/assets/favicon-bc234827.ico\" />\n  <link href=\"https://fonts.googleapis.com/css?family=Roboto:300,400,500\" rel=\"stylesheet\" />\n  <title>Pentaract UI</title>\n\n  <style>\n    *,\n    html {\n      margin: 0;\n      padding: 0;\n    }\n  </style>\n  <script type=\"module\" crossorigin src=\"/assets/index-58b24b54.js\"></script>\n  <link rel=\"stylesheet\" href=\"/assets/index-a4f6c957.css\">\n</head>\n\n<body>\n  <noscript>Wanna write ur own UI without js?! Go ahead, don't disturb others</noscript>\n  <div id=\"root\"></div>\n\n  \n</body>\n\n</html>\n" columns= [Object, Object, Object, Object, Object, Object]  ... > 
  at <DataTable value="<!DOCTYPE html>\n<html lang=\"en\">\n\n<head>\n  <meta charset=\"utf-8\" />\n  <meta name=\"viewport\" content=\"width=device-width, initial-scale=1\" />\n  <meta name=\"theme-color\" content=\"#000000\" />\n  <link rel=\"shortcut icon\" type=\"image/ico\" href=\"/assets/favicon-bc234827.ico\" />\n  <link href=\"https://fonts.googleapis.com/css?family=Roboto:300,400,500\" rel=\"stylesheet\" />\n  <title>Pentaract UI</title>\n\n  <style>\n    *,\n    html {\n      margin: 0;\n      padding: 0;\n    }\n  </style>\n  <script type=\"module\" crossorigin src=\"/assets/index-58b24b54.js\"></script>\n  <link rel=\"stylesheet\" href=\"/assets/index-a4f6c957.css\">\n</head>\n\n<body>\n  <noscript>Wanna write ur own UI without js?! Go ahead, don't disturb others</noscript>\n  <div id=\"root\"></div>\n\n  \n</body>\n\n</html>\n" loading=false stripedRows=""  ... > 
  at <OrdersView onVnodeUnmounted=fn<onVnodeUnmounted> ref=Ref< Proxy(Object) > > 
  at <RouterView> 
  at <AppLayout onVnodeUnmounted=fn<onVnodeUnmounted> ref=Ref< Proxy(Object) > > 
  at <RouterView> 
  at <App> @ http://localhost:5277/node_modules/@vue/runtime-core/dist/runtime-core.esm-bundler.js:49
[   51689ms] [WARNING] [Vue warn]: Invalid prop: type check failed for prop "rowData". Expected Object, got String with value "Y". 
  at <BodyCell key=5 rowData="Y" column= {__v_isVNode: true, __v_skip: true, type: Object, props: Object, key: null}  ... > 
  at <BodyRow key=undefined rowData="Y" index=6  ... > 
  at <TableBody ref="bodyRef" value="<!DOCTYPE html>\n<htm" class=""  ... > 
  at <VirtualScroller ref="virtualScroller" items="<!DOCTYPE html>\n<html lang=\"en\">\n\n<head>\n  <meta charset=\"utf-8\" />\n  <meta name=\"viewport\" content=\"width=device-width, initial-scale=1\" />\n  <meta name=\"theme-color\" content=\"#000000\" />\n  <link rel=\"shortcut icon\" type=\"image/ico\" href=\"/assets/favicon-bc234827.ico\" />\n  <link href=\"https://fonts.googleapis.com/css?family=Roboto:300,400,500\" rel=\"stylesheet\" />\n  <title>Pentaract UI</title>\n\n  <style>\n    *,\n    html {\n      margin: 0;\n      padding: 0;\n    }\n  </style>\n  <script type=\"module\" crossorigin src=\"/assets/index-58b24b54.js\"></script>\n  <link rel=\"stylesheet\" href=\"/assets/index-a4f6c957.css\">\n</head>\n\n<body>\n  <noscript>Wanna write ur own UI without js?! Go ahead, don't disturb others</noscript>\n  <div id=\"root\"></div>\n\n  \n</body>\n\n</html>\n" columns= [Object, Object, Object, Object, Object, Object]  ... > 
  at <DataTable value="<!DOCTYPE html>\n<html lang=\"en\">\n\n<head>\n  <meta charset=\"utf-8\" />\n  <meta name=\"viewport\" content=\"width=device-width, initial-scale=1\" />\n  <meta name=\"theme-color\" content=\"#000000\" />\n  <link rel=\"shortcut icon\" type=\"image/ico\" href=\"/assets/favicon-bc234827.ico\" />\n  <link href=\"https://fonts.googleapis.com/css?family=Roboto:300,400,500\" rel=\"stylesheet\" />\n  <title>Pentaract UI</title>\n\n  <style>\n    *,\n    html {\n      margin: 0;\n      padding: 0;\n    }\n  </style>\n  <script type=\"module\" crossorigin src=\"/assets/index-58b24b54.js\"></script>\n  <link rel=\"stylesheet\" href=\"/assets/index-a4f6c957.css\">\n</head>\n\n<body>\n  <noscript>Wanna write ur own UI without js?! Go ahead, don't disturb others</noscript>\n  <div id=\"root\"></div>\n\n  \n</body>\n\n</html>\n" loading=false stripedRows=""  ... > 
  at <OrdersView onVnodeUnmounted=fn<onVnodeUnmounted> ref=Ref< Proxy(Object) > > 
  at <RouterView> 
  at <AppLayout onVnodeUnmounted=fn<onVnodeUnmounted> ref=Ref< Proxy(Object) > > 
  at <RouterView> 
  at <App> @ http://localhost:5277/node_modules/@vue/runtime-core/dist/runtime-core.esm-bundler.js:49
[   51693ms] [WARNING] [Vue warn]: Invalid prop: type check failed for prop "rowData". Expected Object, got String with value "P". 
  at <BodyRow key=undefined rowData="P" index=7  ... > 
  at <TableBody ref="bodyRef" value="<!DOCTYPE html>\n<htm" class=""  ... > 
  at <VirtualScroller ref="virtualScroller" items="<!DOCTYPE html>\n<html lang=\"en\">\n\n<head>\n  <meta charset=\"utf-8\" />\n  <meta name=\"viewport\" content=\"width=device-width, initial-scale=1\" />\n  <meta name=\"theme-color\" content=\"#000000\" />\n  <link rel=\"shortcut icon\" type=\"image/ico\" href=\"/assets/favicon-bc234827.ico\" />\n  <link href=\"https://fonts.googleapis.com/css?family=Roboto:300,400,500\" rel=\"stylesheet\" />\n  <title>Pentaract UI</title>\n\n  <style>\n    *,\n    html {\n      margin: 0;\n      padding: 0;\n    }\n  </style>\n  <script type=\"module\" crossorigin src=\"/assets/index-58b24b54.js\"></script>\n  <link rel=\"stylesheet\" href=\"/assets/index-a4f6c957.css\">\n</head>\n\n<body>\n  <noscript>Wanna write ur own UI without js?! Go ahead, don't disturb others</noscript>\n  <div id=\"root\"></div>\n\n  \n</body>\n\n</html>\n" columns= [Object, Object, Object, Object, Object, Object]  ... > 
  at <DataTable value="<!DOCTYPE html>\n<html lang=\"en\">\n\n<head>\n  <meta charset=\"utf-8\" />\n  <meta name=\"viewport\" content=\"width=device-width, initial-scale=1\" />\n  <meta name=\"theme-color\" content=\"#000000\" />\n  <link rel=\"shortcut icon\" type=\"image/ico\" href=\"/assets/favicon-bc234827.ico\" />\n  <link href=\"https://fonts.googleapis.com/css?family=Roboto:300,400,500\" rel=\"stylesheet\" />\n  <title>Pentaract UI</title>\n\n  <style>\n    *,\n    html {\n      margin: 0;\n      padding: 0;\n    }\n  </style>\n  <script type=\"module\" crossorigin src=\"/assets/index-58b24b54.js\"></script>\n  <link rel=\"stylesheet\" href=\"/assets/index-a4f6c957.css\">\n</head>\n\n<body>\n  <noscript>Wanna write ur own UI without js?! Go ahead, don't disturb others</noscript>\n  <div id=\"root\"></div>\n\n  \n</body>\n\n</html>\n" loading=false stripedRows=""  ... > 
  at <OrdersView onVnodeUnmounted=fn<onVnodeUnmounted> ref=Ref< Proxy(Object) > > 
  at <RouterView> 
  at <AppLayout onVnodeUnmounted=fn<onVnodeUnmounted> ref=Ref< Proxy(Object) > > 
  at <RouterView> 
  at <App> @ http://localhost:5277/node_modules/@vue/runtime-core/dist/runtime-core.esm-bundler.js:49
[   51694ms] [WARNING] [Vue warn]: Invalid prop: type check failed for prop "value". Expected Array, got String with value "<!DOCTYPE html>
<htm". 
  at <BodyRow key=undefined rowData="P" index=7  ... > 
  at <TableBody ref="bodyRef" value="<!DOCTYPE html>\n<htm" class=""  ... > 
  at <VirtualScroller ref="virtualScroller" items="<!DOCTYPE html>\n<html lang=\"en\">\n\n<head>\n  <meta charset=\"utf-8\" />\n  <meta name=\"viewport\" content=\"width=device-width, initial-scale=1\" />\n  <meta name=\"theme-color\" content=\"#000000\" />\n  <link rel=\"shortcut icon\" type=\"image/ico\" href=\"/assets/favicon-bc234827.ico\" />\n  <link href=\"https://fonts.googleapis.com/css?family=Roboto:300,400,500\" rel=\"stylesheet\" />\n  <title>Pentaract UI</title>\n\n  <style>\n    *,\n    html {\n      margin: 0;\n      padding: 0;\n    }\n  </style>\n  <script type=\"module\" crossorigin src=\"/assets/index-58b24b54.js\"></script>\n  <link rel=\"stylesheet\" href=\"/assets/index-a4f6c957.css\">\n</head>\n\n<body>\n  <noscript>Wanna write ur own UI without js?! Go ahead, don't disturb others</noscript>\n  <div id=\"root\"></div>\n\n  \n</body>\n\n</html>\n" columns= [Object, Object, Object, Object, Object, Object]  ... > 
  at <DataTable value="<!DOCTYPE html>\n<html lang=\"en\">\n\n<head>\n  <meta charset=\"utf-8\" />\n  <meta name=\"viewport\" content=\"width=device-width, initial-scale=1\" />\n  <meta name=\"theme-color\" content=\"#000000\" />\n  <link rel=\"shortcut icon\" type=\"image/ico\" href=\"/assets/favicon-bc234827.ico\" />\n  <link href=\"https://fonts.googleapis.com/css?family=Roboto:300,400,500\" rel=\"stylesheet\" />\n  <title>Pentaract UI</title>\n\n  <style>\n    *,\n    html {\n      margin: 0;\n      padding: 0;\n    }\n  </style>\n  <script type=\"module\" crossorigin src=\"/assets/index-58b24b54.js\"></script>\n  <link rel=\"stylesheet\" href=\"/assets/index-a4f6c957.css\">\n</head>\n\n<body>\n  <noscript>Wanna write ur own UI without js?! Go ahead, don't disturb others</noscript>\n  <div id=\"root\"></div>\n\n  \n</body>\n\n</html>\n" loading=false stripedRows=""  ... > 
  at <OrdersView onVnodeUnmounted=fn<onVnodeUnmounted> ref=Ref< Proxy(Object) > > 
  at <RouterView> 
  at <AppLayout onVnodeUnmounted=fn<onVnodeUnmounted> ref=Ref< Proxy(Object) > > 
  at <RouterView> 
  at <App> @ http://localhost:5277/node_modules/@vue/runtime-core/dist/runtime-core.esm-bundler.js:49
[   51697ms] [WARNING] [Vue warn]: Invalid prop: type check failed for prop "rowData". Expected Object, got String with value "P". 
  at <BodyCell key="id" rowData="P" column= {__v_isVNode: true, __v_skip: true, type: Object, props: Object, key: null}  ... > 
  at <BodyRow key=undefined rowData="P" index=7  ... > 
  at <TableBody ref="bodyRef" value="<!DOCTYPE html>\n<htm" class=""  ... > 
  at <VirtualScroller ref="virtualScroller" items="<!DOCTYPE html>\n<html lang=\"en\">\n\n<head>\n  <meta charset=\"utf-8\" />\n  <meta name=\"viewport\" content=\"width=device-width, initial-scale=1\" />\n  <meta name=\"theme-color\" content=\"#000000\" />\n  <link rel=\"shortcut icon\" type=\"image/ico\" href=\"/assets/favicon-bc234827.ico\" />\n  <link href=\"https://fonts.googleapis.com/css?family=Roboto:300,400,500\" rel=\"stylesheet\" />\n  <title>Pentaract UI</title>\n\n  <style>\n    *,\n    html {\n      margin: 0;\n      padding: 0;\n    }\n  </style>\n  <script type=\"module\" crossorigin src=\"/assets/index-58b24b54.js\"></script>\n  <link rel=\"stylesheet\" href=\"/assets/index-a4f6c957.css\">\n</head>\n\n<body>\n  <noscript>Wanna write ur own UI without js?! Go ahead, don't disturb others</noscript>\n  <div id=\"root\"></div>\n\n  \n</body>\n\n</html>\n" columns= [Object, Object, Object, Object, Object, Object]  ... > 
  at <DataTable value="<!DOCTYPE html>\n<html lang=\"en\">\n\n<head>\n  <meta charset=\"utf-8\" />\n  <meta name=\"viewport\" content=\"width=device-width, initial-scale=1\" />\n  <meta name=\"theme-color\" content=\"#000000\" />\n  <link rel=\"shortcut icon\" type=\"image/ico\" href=\"/assets/favicon-bc234827.ico\" />\n  <link href=\"https://fonts.googleapis.com/css?family=Roboto:300,400,500\" rel=\"stylesheet\" />\n  <title>Pentaract UI</title>\n\n  <style>\n    *,\n    html {\n      margin: 0;\n      padding: 0;\n    }\n  </style>\n  <script type=\"module\" crossorigin src=\"/assets/index-58b24b54.js\"></script>\n  <link rel=\"stylesheet\" href=\"/assets/index-a4f6c957.css\">\n</head>\n\n<body>\n  <noscript>Wanna write ur own UI without js?! Go ahead, don't disturb others</noscript>\n  <div id=\"root\"></div>\n\n  \n</body>\n\n</html>\n" loading=false stripedRows=""  ... > 
  at <OrdersView onVnodeUnmounted=fn<onVnodeUnmounted> ref=Ref< Proxy(Object) > > 
  at <RouterView> 
  at <AppLayout onVnodeUnmounted=fn<onVnodeUnmounted> ref=Ref< Proxy(Object) > > 
  at <RouterView> 
  at <App> @ http://localhost:5277/node_modules/@vue/runtime-core/dist/runtime-core.esm-bundler.js:49
[   51699ms] [WARNING] [Vue warn]: Invalid prop: type check failed for prop "rowData". Expected Object, got String with value "P". 
  at <BodyCell key="client_id" rowData="P" column= {__v_isVNode: true, __v_skip: true, type: Object, props: Object, key: null}  ... > 
  at <BodyRow key=undefined rowData="P" index=7  ... > 
  at <TableBody ref="bodyRef" value="<!DOCTYPE html>\n<htm" class=""  ... > 
  at <VirtualScroller ref="virtualScroller" items="<!DOCTYPE html>\n<html lang=\"en\">\n\n<head>\n  <meta charset=\"utf-8\" />\n  <meta name=\"viewport\" content=\"width=device-width, initial-scale=1\" />\n  <meta name=\"theme-color\" content=\"#000000\" />\n  <link rel=\"shortcut icon\" type=\"image/ico\" href=\"/assets/favicon-bc234827.ico\" />\n  <link href=\"https://fonts.googleapis.com/css?family=Roboto:300,400,500\" rel=\"stylesheet\" />\n  <title>Pentaract UI</title>\n\n  <style>\n    *,\n    html {\n      margin: 0;\n      padding: 0;\n    }\n  </style>\n  <script type=\"module\" crossorigin src=\"/assets/index-58b24b54.js\"></script>\n  <link rel=\"stylesheet\" href=\"/assets/index-a4f6c957.css\">\n</head>\n\n<body>\n  <noscript>Wanna write ur own UI without js?! Go ahead, don't disturb others</noscript>\n  <div id=\"root\"></div>\n\n  \n</body>\n\n</html>\n" columns= [Object, Object, Object, Object, Object, Object]  ... > 
  at <DataTable value="<!DOCTYPE html>\n<html lang=\"en\">\n\n<head>\n  <meta charset=\"utf-8\" />\n  <meta name=\"viewport\" content=\"width=device-width, initial-scale=1\" />\n  <meta name=\"theme-color\" content=\"#000000\" />\n  <link rel=\"shortcut icon\" type=\"image/ico\" href=\"/assets/favicon-bc234827.ico\" />\n  <link href=\"https://fonts.googleapis.com/css?family=Roboto:300,400,500\" rel=\"stylesheet\" />\n  <title>Pentaract UI</title>\n\n  <style>\n    *,\n    html {\n      margin: 0;\n      padding: 0;\n    }\n  </style>\n  <script type=\"module\" crossorigin src=\"/assets/index-58b24b54.js\"></script>\n  <link rel=\"stylesheet\" href=\"/assets/index-a4f6c957.css\">\n</head>\n\n<body>\n  <noscript>Wanna write ur own UI without js?! Go ahead, don't disturb others</noscript>\n  <div id=\"root\"></div>\n\n  \n</body>\n\n</html>\n" loading=false stripedRows=""  ... > 
  at <OrdersView onVnodeUnmounted=fn<onVnodeUnmounted> ref=Ref< Proxy(Object) > > 
  at <RouterView> 
  at <AppLayout onVnodeUnmounted=fn<onVnodeUnmounted> ref=Ref< Proxy(Object) > > 
  at <RouterView> 
  at <App> @ http://localhost:5277/node_modules/@vue/runtime-core/dist/runtime-core.esm-bundler.js:49
[   51702ms] [WARNING] [Vue warn]: Invalid prop: type check failed for prop "rowData". Expected Object, got String with value "P". 
  at <BodyCell key="source" rowData="P" column= {__v_isVNode: true, __v_skip: true, type: Object, props: Object, key: null}  ... > 
  at <BodyRow key=undefined rowData="P" index=7  ... > 
  at <TableBody ref="bodyRef" value="<!DOCTYPE html>\n<htm" class=""  ... > 
  at <VirtualScroller ref="virtualScroller" items="<!DOCTYPE html>\n<html lang=\"en\">\n\n<head>\n  <meta charset=\"utf-8\" />\n  <meta name=\"viewport\" content=\"width=device-width, initial-scale=1\" />\n  <meta name=\"theme-color\" content=\"#000000\" />\n  <link rel=\"shortcut icon\" type=\"image/ico\" href=\"/assets/favicon-bc234827.ico\" />\n  <link href=\"https://fonts.googleapis.com/css?family=Roboto:300,400,500\" rel=\"stylesheet\" />\n  <title>Pentaract UI</title>\n\n  <style>\n    *,\n    html {\n      margin: 0;\n      padding: 0;\n    }\n  </style>\n  <script type=\"module\" crossorigin src=\"/assets/index-58b24b54.js\"></script>\n  <link rel=\"stylesheet\" href=\"/assets/index-a4f6c957.css\">\n</head>\n\n<body>\n  <noscript>Wanna write ur own UI without js?! Go ahead, don't disturb others</noscript>\n  <div id=\"root\"></div>\n\n  \n</body>\n\n</html>\n" columns= [Object, Object, Object, Object, Object, Object]  ... > 
  at <DataTable value="<!DOCTYPE html>\n<html lang=\"en\">\n\n<head>\n  <meta charset=\"utf-8\" />\n  <meta name=\"viewport\" content=\"width=device-width, initial-scale=1\" />\n  <meta name=\"theme-color\" content=\"#000000\" />\n  <link rel=\"shortcut icon\" type=\"image/ico\" href=\"/assets/favicon-bc234827.ico\" />\n  <link href=\"https://fonts.googleapis.com/css?family=Roboto:300,400,500\" rel=\"stylesheet\" />\n  <title>Pentaract UI</title>\n\n  <style>\n    *,\n    html {\n      margin: 0;\n      padding: 0;\n    }\n  </style>\n  <script type=\"module\" crossorigin src=\"/assets/index-58b24b54.js\"></script>\n  <link rel=\"stylesheet\" href=\"/assets/index-a4f6c957.css\">\n</head>\n\n<body>\n  <noscript>Wanna write ur own UI without js?! Go ahead, don't disturb others</noscript>\n  <div id=\"root\"></div>\n\n  \n</body>\n\n</html>\n" loading=false stripedRows=""  ... > 
  at <OrdersView onVnodeUnmounted=fn<onVnodeUnmounted> ref=Ref< Proxy(Object) > > 
  at <RouterView> 
  at <AppLayout onVnodeUnmounted=fn<onVnodeUnmounted> ref=Ref< Proxy(Object) > > 
  at <RouterView> 
  at <App> @ http://localhost:5277/node_modules/@vue/runtime-core/dist/runtime-core.esm-bundler.js:49
[   51705ms] [WARNING] [Vue warn]: Invalid prop: type check failed for prop "rowData". Expected Object, got String with value "P". 
  at <BodyCell key="status" rowData="P" column= {__v_isVNode: true, __v_skip: true, type: Object, props: Object, key: null}  ... > 
  at <BodyRow key=undefined rowData="P" index=7  ... > 
  at <TableBody ref="bodyRef" value="<!DOCTYPE html>\n<htm" class=""  ... > 
  at <VirtualScroller ref="virtualScroller" items="<!DOCTYPE html>\n<html lang=\"en\">\n\n<head>\n  <meta charset=\"utf-8\" />\n  <meta name=\"viewport\" content=\"width=device-width, initial-scale=1\" />\n  <meta name=\"theme-color\" content=\"#000000\" />\n  <link rel=\"shortcut icon\" type=\"image/ico\" href=\"/assets/favicon-bc234827.ico\" />\n  <link href=\"https://fonts.googleapis.com/css?family=Roboto:300,400,500\" rel=\"stylesheet\" />\n  <title>Pentaract UI</title>\n\n  <style>\n    *,\n    html {\n      margin: 0;\n      padding: 0;\n    }\n  </style>\n  <script type=\"module\" crossorigin src=\"/assets/index-58b24b54.js\"></script>\n  <link rel=\"stylesheet\" href=\"/assets/index-a4f6c957.css\">\n</head>\n\n<body>\n  <noscript>Wanna write ur own UI without js?! Go ahead, don't disturb others</noscript>\n  <div id=\"root\"></div>\n\n  \n</body>\n\n</html>\n" columns= [Object, Object, Object, Object, Object, Object]  ... > 
  at <DataTable value="<!DOCTYPE html>\n<html lang=\"en\">\n\n<head>\n  <meta charset=\"utf-8\" />\n  <meta name=\"viewport\" content=\"width=device-width, initial-scale=1\" />\n  <meta name=\"theme-color\" content=\"#000000\" />\n  <link rel=\"shortcut icon\" type=\"image/ico\" href=\"/assets/favicon-bc234827.ico\" />\n  <link href=\"https://fonts.googleapis.com/css?family=Roboto:300,400,500\" rel=\"stylesheet\" />\n  <title>Pentaract UI</title>\n\n  <style>\n    *,\n    html {\n      margin: 0;\n      padding: 0;\n    }\n  </style>\n  <script type=\"module\" crossorigin src=\"/assets/index-58b24b54.js\"></script>\n  <link rel=\"stylesheet\" href=\"/assets/index-a4f6c957.css\">\n</head>\n\n<body>\n  <noscript>Wanna write ur own UI without js?! Go ahead, don't disturb others</noscript>\n  <div id=\"root\"></div>\n\n  \n</body>\n\n</html>\n" loading=false stripedRows=""  ... > 
  at <OrdersView onVnodeUnmounted=fn<onVnodeUnmounted> ref=Ref< Proxy(Object) > > 
  at <RouterView> 
  at <AppLayout onVnodeUnmounted=fn<onVnodeUnmounted> ref=Ref< Proxy(Object) > > 
  at <RouterView> 
  at <App> @ http://localhost:5277/node_modules/@vue/runtime-core/dist/runtime-core.esm-bundler.js:49
[   51708ms] [WARNING] [Vue warn]: Invalid prop: type check failed for prop "rowData". Expected Object, got String with value "P". 
  at <BodyCell key="created_at" rowData="P" column= {__v_isVNode: true, __v_skip: true, type: Object, props: Object, key: null}  ... > 
  at <BodyRow key=undefined rowData="P" index=7  ... > 
  at <TableBody ref="bodyRef" value="<!DOCTYPE html>\n<htm" class=""  ... > 
  at <VirtualScroller ref="virtualScroller" items="<!DOCTYPE html>\n<html lang=\"en\">\n\n<head>\n  <meta charset=\"utf-8\" />\n  <meta name=\"viewport\" content=\"width=device-width, initial-scale=1\" />\n  <meta name=\"theme-color\" content=\"#000000\" />\n  <link rel=\"shortcut icon\" type=\"image/ico\" href=\"/assets/favicon-bc234827.ico\" />\n  <link href=\"https://fonts.googleapis.com/css?family=Roboto:300,400,500\" rel=\"stylesheet\" />\n  <title>Pentaract UI</title>\n\n  <style>\n    *,\n    html {\n      margin: 0;\n      padding: 0;\n    }\n  </style>\n  <script type=\"module\" crossorigin src=\"/assets/index-58b24b54.js\"></script>\n  <link rel=\"stylesheet\" href=\"/assets/index-a4f6c957.css\">\n</head>\n\n<body>\n  <noscript>Wanna write ur own UI without js?! Go ahead, don't disturb others</noscript>\n  <div id=\"root\"></div>\n\n  \n</body>\n\n</html>\n" columns= [Object, Object, Object, Object, Object, Object]  ... > 
  at <DataTable value="<!DOCTYPE html>\n<html lang=\"en\">\n\n<head>\n  <meta charset=\"utf-8\" />\n  <meta name=\"viewport\" content=\"width=device-width, initial-scale=1\" />\n  <meta name=\"theme-color\" content=\"#000000\" />\n  <link rel=\"shortcut icon\" type=\"image/ico\" href=\"/assets/favicon-bc234827.ico\" />\n  <link href=\"https://fonts.googleapis.com/css?family=Roboto:300,400,500\" rel=\"stylesheet\" />\n  <title>Pentaract UI</title>\n\n  <style>\n    *,\n    html {\n      margin: 0;\n      padding: 0;\n    }\n  </style>\n  <script type=\"module\" crossorigin src=\"/assets/index-58b24b54.js\"></script>\n  <link rel=\"stylesheet\" href=\"/assets/index-a4f6c957.css\">\n</head>\n\n<body>\n  <noscript>Wanna write ur own UI without js?! Go ahead, don't disturb others</noscript>\n  <div id=\"root\"></div>\n\n  \n</body>\n\n</html>\n" loading=false stripedRows=""  ... > 
  at <OrdersView onVnodeUnmounted=fn<onVnodeUnmounted> ref=Ref< Proxy(Object) > > 
  at <RouterView> 
  at <AppLayout onVnodeUnmounted=fn<onVnodeUnmounted> ref=Ref< Proxy(Object) > > 
  at <RouterView> 
  at <App> @ http://localhost:5277/node_modules/@vue/runtime-core/dist/runtime-core.esm-bundler.js:49
[   51711ms] [WARNING] [Vue warn]: Invalid prop: type check failed for prop "rowData". Expected Object, got String with value "P". 
  at <BodyCell key=5 rowData="P" column= {__v_isVNode: true, __v_skip: true, type: Object, props: Object, key: null}  ... > 
  at <BodyRow key=undefined rowData="P" index=7  ... > 
  at <TableBody ref="bodyRef" value="<!DOCTYPE html>\n<htm" class=""  ... > 
  at <VirtualScroller ref="virtualScroller" items="<!DOCTYPE html>\n<html lang=\"en\">\n\n<head>\n  <meta charset=\"utf-8\" />\n  <meta name=\"viewport\" content=\"width=device-width, initial-scale=1\" />\n  <meta name=\"theme-color\" content=\"#000000\" />\n  <link rel=\"shortcut icon\" type=\"image/ico\" href=\"/assets/favicon-bc234827.ico\" />\n  <link href=\"https://fonts.googleapis.com/css?family=Roboto:300,400,500\" rel=\"stylesheet\" />\n  <title>Pentaract UI</title>\n\n  <style>\n    *,\n    html {\n      margin: 0;\n      padding: 0;\n    }\n  </style>\n  <script type=\"module\" crossorigin src=\"/assets/index-58b24b54.js\"></script>\n  <link rel=\"stylesheet\" href=\"/assets/index-a4f6c957.css\">\n</head>\n\n<body>\n  <noscript>Wanna write ur own UI without js?! Go ahead, don't disturb others</noscript>\n  <div id=\"root\"></div>\n\n  \n</body>\n\n</html>\n" columns= [Object, Object, Object, Object, Object, Object]  ... > 
  at <DataTable value="<!DOCTYPE html>\n<html lang=\"en\">\n\n<head>\n  <meta charset=\"utf-8\" />\n  <meta name=\"viewport\" content=\"width=device-width, initial-scale=1\" />\n  <meta name=\"theme-color\" content=\"#000000\" />\n  <link rel=\"shortcut icon\" type=\"image/ico\" href=\"/assets/favicon-bc234827.ico\" />\n  <link href=\"https://fonts.googleapis.com/css?family=Roboto:300,400,500\" rel=\"stylesheet\" />\n  <title>Pentaract UI</title>\n\n  <style>\n    *,\n    html {\n      margin: 0;\n      padding: 0;\n    }\n  </style>\n  <script type=\"module\" crossorigin src=\"/assets/index-58b24b54.js\"></script>\n  <link rel=\"stylesheet\" href=\"/assets/index-a4f6c957.css\">\n</head>\n\n<body>\n  <noscript>Wanna write ur own UI without js?! Go ahead, don't disturb others</noscript>\n  <div id=\"root\"></div>\n\n  \n</body>\n\n</html>\n" loading=false stripedRows=""  ... > 
  at <OrdersView onVnodeUnmounted=fn<onVnodeUnmounted> ref=Ref< Proxy(Object) > > 
  at <RouterView> 
  at <AppLayout onVnodeUnmounted=fn<onVnodeUnmounted> ref=Ref< Proxy(Object) > > 
  at <RouterView> 
  at <App> @ http://localhost:5277/node_modules/@vue/runtime-core/dist/runtime-core.esm-bundler.js:49
[   51716ms] [WARNING] [Vue warn]: Invalid prop: type check failed for prop "rowData". Expected Object, got String with value "E". 
  at <BodyRow key=undefined rowData="E" index=8  ... > 
  at <TableBody ref="bodyRef" value="<!DOCTYPE html>\n<htm" class=""  ... > 
  at <VirtualScroller ref="virtualScroller" items="<!DOCTYPE html>\n<html lang=\"en\">\n\n<head>\n  <meta charset=\"utf-8\" />\n  <meta name=\"viewport\" content=\"width=device-width, initial-scale=1\" />\n  <meta name=\"theme-color\" content=\"#000000\" />\n  <link rel=\"shortcut icon\" type=\"image/ico\" href=\"/assets/favicon-bc234827.ico\" />\n  <link href=\"https://fonts.googleapis.com/css?family=Roboto:300,400,500\" rel=\"stylesheet\" />\n  <title>Pentaract UI</title>\n\n  <style>\n    *,\n    html {\n      margin: 0;\n      padding: 0;\n    }\n  </style>\n  <script type=\"module\" crossorigin src=\"/assets/index-58b24b54.js\"></script>\n  <link rel=\"stylesheet\" href=\"/assets/index-a4f6c957.css\">\n</head>\n\n<body>\n  <noscript>Wanna write ur own UI without js?! Go ahead, don't disturb others</noscript>\n  <div id=\"root\"></div>\n\n  \n</body>\n\n</html>\n" columns= [Object, Object, Object, Object, Object, Object]  ... > 
  at <DataTable value="<!DOCTYPE html>\n<html lang=\"en\">\n\n<head>\n  <meta charset=\"utf-8\" />\n  <meta name=\"viewport\" content=\"width=device-width, initial-scale=1\" />\n  <meta name=\"theme-color\" content=\"#000000\" />\n  <link rel=\"shortcut icon\" type=\"image/ico\" href=\"/assets/favicon-bc234827.ico\" />\n  <link href=\"https://fonts.googleapis.com/css?family=Roboto:300,400,500\" rel=\"stylesheet\" />\n  <title>Pentaract UI</title>\n\n  <style>\n    *,\n    html {\n      margin: 0;\n      padding: 0;\n    }\n  </style>\n  <script type=\"module\" crossorigin src=\"/assets/index-58b24b54.js\"></script>\n  <link rel=\"stylesheet\" href=\"/assets/index-a4f6c957.css\">\n</head>\n\n<body>\n  <noscript>Wanna write ur own UI without js?! Go ahead, don't disturb others</noscript>\n  <div id=\"root\"></div>\n\n  \n</body>\n\n</html>\n" loading=false stripedRows=""  ... > 
  at <OrdersView onVnodeUnmounted=fn<onVnodeUnmounted> ref=Ref< Proxy(Object) > > 
  at <RouterView> 
  at <AppLayout onVnodeUnmounted=fn<onVnodeUnmounted> ref=Ref< Proxy(Object) > > 
  at <RouterView> 
  at <App> @ http://localhost:5277/node_modules/@vue/runtime-core/dist/runtime-core.esm-bundler.js:49
[   51717ms] [WARNING] [Vue warn]: Invalid prop: type check failed for prop "value". Expected Array, got String with value "<!DOCTYPE html>
<htm". 
  at <BodyRow key=undefined rowData="E" index=8  ... > 
  at <TableBody ref="bodyRef" value="<!DOCTYPE html>\n<htm" class=""  ... > 
  at <VirtualScroller ref="virtualScroller" items="<!DOCTYPE html>\n<html lang=\"en\">\n\n<head>\n  <meta charset=\"utf-8\" />\n  <meta name=\"viewport\" content=\"width=device-width, initial-scale=1\" />\n  <meta name=\"theme-color\" content=\"#000000\" />\n  <link rel=\"shortcut icon\" type=\"image/ico\" href=\"/assets/favicon-bc234827.ico\" />\n  <link href=\"https://fonts.googleapis.com/css?family=Roboto:300,400,500\" rel=\"stylesheet\" />\n  <title>Pentaract UI</title>\n\n  <style>\n    *,\n    html {\n      margin: 0;\n      padding: 0;\n    }\n  </style>\n  <script type=\"module\" crossorigin src=\"/assets/index-58b24b54.js\"></script>\n  <link rel=\"stylesheet\" href=\"/assets/index-a4f6c957.css\">\n</head>\n\n<body>\n  <noscript>Wanna write ur own UI without js?! Go ahead, don't disturb others</noscript>\n  <div id=\"root\"></div>\n\n  \n</body>\n\n</html>\n" columns= [Object, Object, Object, Object, Object, Object]  ... > 
  at <DataTable value="<!DOCTYPE html>\n<html lang=\"en\">\n\n<head>\n  <meta charset=\"utf-8\" />\n  <meta name=\"viewport\" content=\"width=device-width, initial-scale=1\" />\n  <meta name=\"theme-color\" content=\"#000000\" />\n  <link rel=\"shortcut icon\" type=\"image/ico\" href=\"/assets/favicon-bc234827.ico\" />\n  <link href=\"https://fonts.googleapis.com/css?family=Roboto:300,400,500\" rel=\"stylesheet\" />\n  <title>Pentaract UI</title>\n\n  <style>\n    *,\n    html {\n      margin: 0;\n      padding: 0;\n    }\n  </style>\n  <script type=\"module\" crossorigin src=\"/assets/index-58b24b54.js\"></script>\n  <link rel=\"stylesheet\" href=\"/assets/index-a4f6c957.css\">\n</head>\n\n<body>\n  <noscript>Wanna write ur own UI without js?! Go ahead, don't disturb others</noscript>\n  <div id=\"root\"></div>\n\n  \n</body>\n\n</html>\n" loading=false stripedRows=""  ... > 
  at <OrdersView onVnodeUnmounted=fn<onVnodeUnmounted> ref=Ref< Proxy(Object) > > 
  at <RouterView> 
  at <AppLayout onVnodeUnmounted=fn<onVnodeUnmounted> ref=Ref< Proxy(Object) > > 
  at <RouterView> 
  at <App> @ http://localhost:5277/node_modules/@vue/runtime-core/dist/runtime-core.esm-bundler.js:49
[   51719ms] [WARNING] [Vue warn]: Invalid prop: type check failed for prop "rowData". Expected Object, got String with value "E". 
  at <BodyCell key="id" rowData="E" column= {__v_isVNode: true, __v_skip: true, type: Object, props: Object, key: null}  ... > 
  at <BodyRow key=undefined rowData="E" index=8  ... > 
  at <TableBody ref="bodyRef" value="<!DOCTYPE html>\n<htm" class=""  ... > 
  at <VirtualScroller ref="virtualScroller" items="<!DOCTYPE html>\n<html lang=\"en\">\n\n<head>\n  <meta charset=\"utf-8\" />\n  <meta name=\"viewport\" content=\"width=device-width, initial-scale=1\" />\n  <meta name=\"theme-color\" content=\"#000000\" />\n  <link rel=\"shortcut icon\" type=\"image/ico\" href=\"/assets/favicon-bc234827.ico\" />\n  <link href=\"https://fonts.googleapis.com/css?family=Roboto:300,400,500\" rel=\"stylesheet\" />\n  <title>Pentaract UI</title>\n\n  <style>\n    *,\n    html {\n      margin: 0;\n      padding: 0;\n    }\n  </style>\n  <script type=\"module\" crossorigin src=\"/assets/index-58b24b54.js\"></script>\n  <link rel=\"stylesheet\" href=\"/assets/index-a4f6c957.css\">\n</head>\n\n<body>\n  <noscript>Wanna write ur own UI without js?! Go ahead, don't disturb others</noscript>\n  <div id=\"root\"></div>\n\n  \n</body>\n\n</html>\n" columns= [Object, Object, Object, Object, Object, Object]  ... > 
  at <DataTable value="<!DOCTYPE html>\n<html lang=\"en\">\n\n<head>\n  <meta charset=\"utf-8\" />\n  <meta name=\"viewport\" content=\"width=device-width, initial-scale=1\" />\n  <meta name=\"theme-color\" content=\"#000000\" />\n  <link rel=\"shortcut icon\" type=\"image/ico\" href=\"/assets/favicon-bc234827.ico\" />\n  <link href=\"https://fonts.googleapis.com/css?family=Roboto:300,400,500\" rel=\"stylesheet\" />\n  <title>Pentaract UI</title>\n\n  <style>\n    *,\n    html {\n      margin: 0;\n      padding: 0;\n    }\n  </style>\n  <script type=\"module\" crossorigin src=\"/assets/index-58b24b54.js\"></script>\n  <link rel=\"stylesheet\" href=\"/assets/index-a4f6c957.css\">\n</head>\n\n<body>\n  <noscript>Wanna write ur own UI without js?! Go ahead, don't disturb others</noscript>\n  <div id=\"root\"></div>\n\n  \n</body>\n\n</html>\n" loading=false stripedRows=""  ... > 
  at <OrdersView onVnodeUnmounted=fn<onVnodeUnmounted> ref=Ref< Proxy(Object) > > 
  at <RouterView> 
  at <AppLayout onVnodeUnmounted=fn<onVnodeUnmounted> ref=Ref< Proxy(Object) > > 
  at <RouterView> 
  at <App> @ http://localhost:5277/node_modules/@vue/runtime-core/dist/runtime-core.esm-bundler.js:49
[   51722ms] [WARNING] [Vue warn]: Invalid prop: type check failed for prop "rowData". Expected Object, got String with value "E". 
  at <BodyCell key="client_id" rowData="E" column= {__v_isVNode: true, __v_skip: true, type: Object, props: Object, key: null}  ... > 
  at <BodyRow key=undefined rowData="E" index=8  ... > 
  at <TableBody ref="bodyRef" value="<!DOCTYPE html>\n<htm" class=""  ... > 
  at <VirtualScroller ref="virtualScroller" items="<!DOCTYPE html>\n<html lang=\"en\">\n\n<head>\n  <meta charset=\"utf-8\" />\n  <meta name=\"viewport\" content=\"width=device-width, initial-scale=1\" />\n  <meta name=\"theme-color\" content=\"#000000\" />\n  <link rel=\"shortcut icon\" type=\"image/ico\" href=\"/assets/favicon-bc234827.ico\" />\n  <link href=\"https://fonts.googleapis.com/css?family=Roboto:300,400,500\" rel=\"stylesheet\" />\n  <title>Pentaract UI</title>\n\n  <style>\n    *,\n    html {\n      margin: 0;\n      padding: 0;\n    }\n  </style>\n  <script type=\"module\" crossorigin src=\"/assets/index-58b24b54.js\"></script>\n  <link rel=\"stylesheet\" href=\"/assets/index-a4f6c957.css\">\n</head>\n\n<body>\n  <noscript>Wanna write ur own UI without js?! Go ahead, don't disturb others</noscript>\n  <div id=\"root\"></div>\n\n  \n</body>\n\n</html>\n" columns= [Object, Object, Object, Object, Object, Object]  ... > 
  at <DataTable value="<!DOCTYPE html>\n<html lang=\"en\">\n\n<head>\n  <meta charset=\"utf-8\" />\n  <meta name=\"viewport\" content=\"width=device-width, initial-scale=1\" />\n  <meta name=\"theme-color\" content=\"#000000\" />\n  <link rel=\"shortcut icon\" type=\"image/ico\" href=\"/assets/favicon-bc234827.ico\" />\n  <link href=\"https://fonts.googleapis.com/css?family=Roboto:300,400,500\" rel=\"stylesheet\" />\n  <title>Pentaract UI</title>\n\n  <style>\n    *,\n    html {\n      margin: 0;\n      padding: 0;\n    }\n  </style>\n  <script type=\"module\" crossorigin src=\"/assets/index-58b24b54.js\"></script>\n  <link rel=\"stylesheet\" href=\"/assets/index-a4f6c957.css\">\n</head>\n\n<body>\n  <noscript>Wanna write ur own UI without js?! Go ahead, don't disturb others</noscript>\n  <div id=\"root\"></div>\n\n  \n</body>\n\n</html>\n" loading=false stripedRows=""  ... > 
  at <OrdersView onVnodeUnmounted=fn<onVnodeUnmounted> ref=Ref< Proxy(Object) > > 
  at <RouterView> 
  at <AppLayout onVnodeUnmounted=fn<onVnodeUnmounted> ref=Ref< Proxy(Object) > > 
  at <RouterView> 
  at <App> @ http://localhost:5277/node_modules/@vue/runtime-core/dist/runtime-core.esm-bundler.js:49
[   51724ms] [WARNING] [Vue warn]: Invalid prop: type check failed for prop "rowData". Expected Object, got String with value "E". 
  at <BodyCell key="source" rowData="E" column= {__v_isVNode: true, __v_skip: true, type: Object, props: Object, key: null}  ... > 
  at <BodyRow key=undefined rowData="E" index=8  ... > 
  at <TableBody ref="bodyRef" value="<!DOCTYPE html>\n<htm" class=""  ... > 
  at <VirtualScroller ref="virtualScroller" items="<!DOCTYPE html>\n<html lang=\"en\">\n\n<head>\n  <meta charset=\"utf-8\" />\n  <meta name=\"viewport\" content=\"width=device-width, initial-scale=1\" />\n  <meta name=\"theme-color\" content=\"#000000\" />\n  <link rel=\"shortcut icon\" type=\"image/ico\" href=\"/assets/favicon-bc234827.ico\" />\n  <link href=\"https://fonts.googleapis.com/css?family=Roboto:300,400,500\" rel=\"stylesheet\" />\n  <title>Pentaract UI</title>\n\n  <style>\n    *,\n    html {\n      margin: 0;\n      padding: 0;\n    }\n  </style>\n  <script type=\"module\" crossorigin src=\"/assets/index-58b24b54.js\"></script>\n  <link rel=\"stylesheet\" href=\"/assets/index-a4f6c957.css\">\n</head>\n\n<body>\n  <noscript>Wanna write ur own UI without js?! Go ahead, don't disturb others</noscript>\n  <div id=\"root\"></div>\n\n  \n</body>\n\n</html>\n" columns= [Object, Object, Object, Object, Object, Object]  ... > 
  at <DataTable value="<!DOCTYPE html>\n<html lang=\"en\">\n\n<head>\n  <meta charset=\"utf-8\" />\n  <meta name=\"viewport\" content=\"width=device-width, initial-scale=1\" />\n  <meta name=\"theme-color\" content=\"#000000\" />\n  <link rel=\"shortcut icon\" type=\"image/ico\" href=\"/assets/favicon-bc234827.ico\" />\n  <link href=\"https://fonts.googleapis.com/css?family=Roboto:300,400,500\" rel=\"stylesheet\" />\n  <title>Pentaract UI</title>\n\n  <style>\n    *,\n    html {\n      margin: 0;\n      padding: 0;\n    }\n  </style>\n  <script type=\"module\" crossorigin src=\"/assets/index-58b24b54.js\"></script>\n  <link rel=\"stylesheet\" href=\"/assets/index-a4f6c957.css\">\n</head>\n\n<body>\n  <noscript>Wanna write ur own UI without js?! Go ahead, don't disturb others</noscript>\n  <div id=\"root\"></div>\n\n  \n</body>\n\n</html>\n" loading=false stripedRows=""  ... > 
  at <OrdersView onVnodeUnmounted=fn<onVnodeUnmounted> ref=Ref< Proxy(Object) > > 
  at <RouterView> 
  at <AppLayout onVnodeUnmounted=fn<onVnodeUnmounted> ref=Ref< Proxy(Object) > > 
  at <RouterView> 
  at <App> @ http://localhost:5277/node_modules/@vue/runtime-core/dist/runtime-core.esm-bundler.js:49
[   51726ms] [WARNING] [Vue warn]: Invalid prop: type check failed for prop "rowData". Expected Object, got String with value "E". 
  at <BodyCell key="status" rowData="E" column= {__v_isVNode: true, __v_skip: true, type: Object, props: Object, key: null}  ... > 
  at <BodyRow key=undefined rowData="E" index=8  ... > 
  at <TableBody ref="bodyRef" value="<!DOCTYPE html>\n<htm" class=""  ... > 
  at <VirtualScroller ref="virtualScroller" items="<!DOCTYPE html>\n<html lang=\"en\">\n\n<head>\n  <meta charset=\"utf-8\" />\n  <meta name=\"viewport\" content=\"width=device-width, initial-scale=1\" />\n  <meta name=\"theme-color\" content=\"#000000\" />\n  <link rel=\"shortcut icon\" type=\"image/ico\" href=\"/assets/favicon-bc234827.ico\" />\n  <link href=\"https://fonts.googleapis.com/css?family=Roboto:300,400,500\" rel=\"stylesheet\" />\n  <title>Pentaract UI</title>\n\n  <style>\n    *,\n    html {\n      margin: 0;\n      padding: 0;\n    }\n  </style>\n  <script type=\"module\" crossorigin src=\"/assets/index-58b24b54.js\"></script>\n  <link rel=\"stylesheet\" href=\"/assets/index-a4f6c957.css\">\n</head>\n\n<body>\n  <noscript>Wanna write ur own UI without js?! Go ahead, don't disturb others</noscript>\n  <div id=\"root\"></div>\n\n  \n</body>\n\n</html>\n" columns= [Object, Object, Object, Object, Object, Object]  ... > 
  at <DataTable value="<!DOCTYPE html>\n<html lang=\"en\">\n\n<head>\n  <meta charset=\"utf-8\" />\n  <meta name=\"viewport\" content=\"width=device-width, initial-scale=1\" />\n  <meta name=\"theme-color\" content=\"#000000\" />\n  <link rel=\"shortcut icon\" type=\"image/ico\" href=\"/assets/favicon-bc234827.ico\" />\n  <link href=\"https://fonts.googleapis.com/css?family=Roboto:300,400,500\" rel=\"stylesheet\" />\n  <title>Pentaract UI</title>\n\n  <style>\n    *,\n    html {\n      margin: 0;\n      padding: 0;\n    }\n  </style>\n  <script type=\"module\" crossorigin src=\"/assets/index-58b24b54.js\"></script>\n  <link rel=\"stylesheet\" href=\"/assets/index-a4f6c957.css\">\n</head>\n\n<body>\n  <noscript>Wanna write ur own UI without js?! Go ahead, don't disturb others</noscript>\n  <div id=\"root\"></div>\n\n  \n</body>\n\n</html>\n" loading=false stripedRows=""  ... > 
  at <OrdersView onVnodeUnmounted=fn<onVnodeUnmounted> ref=Ref< Proxy(Object) > > 
  at <RouterView> 
  at <AppLayout onVnodeUnmounted=fn<onVnodeUnmounted> ref=Ref< Proxy(Object) > > 
  at <RouterView> 
  at <App> @ http://localhost:5277/node_modules/@vue/runtime-core/dist/runtime-core.esm-bundler.js:49
[   51730ms] [WARNING] [Vue warn]: Invalid prop: type check failed for prop "rowData". Expected Object, got String with value "E". 
  at <BodyCell key="created_at" rowData="E" column= {__v_isVNode: true, __v_skip: true, type: Object, props: Object, key: null}  ... > 
  at <BodyRow key=undefined rowData="E" index=8  ... > 
  at <TableBody ref="bodyRef" value="<!DOCTYPE html>\n<htm" class=""  ... > 
  at <VirtualScroller ref="virtualScroller" items="<!DOCTYPE html>\n<html lang=\"en\">\n\n<head>\n  <meta charset=\"utf-8\" />\n  <meta name=\"viewport\" content=\"width=device-width, initial-scale=1\" />\n  <meta name=\"theme-color\" content=\"#000000\" />\n  <link rel=\"shortcut icon\" type=\"image/ico\" href=\"/assets/favicon-bc234827.ico\" />\n  <link href=\"https://fonts.googleapis.com/css?family=Roboto:300,400,500\" rel=\"stylesheet\" />\n  <title>Pentaract UI</title>\n\n  <style>\n    *,\n    html {\n      margin: 0;\n      padding: 0;\n    }\n  </style>\n  <script type=\"module\" crossorigin src=\"/assets/index-58b24b54.js\"></script>\n  <link rel=\"stylesheet\" href=\"/assets/index-a4f6c957.css\">\n</head>\n\n<body>\n  <noscript>Wanna write ur own UI without js?! Go ahead, don't disturb others</noscript>\n  <div id=\"root\"></div>\n\n  \n</body>\n\n</html>\n" columns= [Object, Object, Object, Object, Object, Object]  ... > 
  at <DataTable value="<!DOCTYPE html>\n<html lang=\"en\">\n\n<head>\n  <meta charset=\"utf-8\" />\n  <meta name=\"viewport\" content=\"width=device-width, initial-scale=1\" />\n  <meta name=\"theme-color\" content=\"#000000\" />\n  <link rel=\"shortcut icon\" type=\"image/ico\" href=\"/assets/favicon-bc234827.ico\" />\n  <link href=\"https://fonts.googleapis.com/css?family=Roboto:300,400,500\" rel=\"stylesheet\" />\n  <title>Pentaract UI</title>\n\n  <style>\n    *,\n    html {\n      margin: 0;\n      padding: 0;\n    }\n  </style>\n  <script type=\"module\" crossorigin src=\"/assets/index-58b24b54.js\"></script>\n  <link rel=\"stylesheet\" href=\"/assets/index-a4f6c957.css\">\n</head>\n\n<body>\n  <noscript>Wanna write ur own UI without js?! Go ahead, don't disturb others</noscript>\n  <div id=\"root\"></div>\n\n  \n</body>\n\n</html>\n" loading=false stripedRows=""  ... > 
  at <OrdersView onVnodeUnmounted=fn<onVnodeUnmounted> ref=Ref< Proxy(Object) > > 
  at <RouterView> 
  at <AppLayout onVnodeUnmounted=fn<onVnodeUnmounted> ref=Ref< Proxy(Object) > > 
  at <RouterView> 
  at <App> @ http://localhost:5277/node_modules/@vue/runtime-core/dist/runtime-core.esm-bundler.js:49
[   51732ms] [WARNING] [Vue warn]: Invalid prop: type check failed for prop "rowData". Expected Object, got String with value "E". 
  at <BodyCell key=5 rowData="E" column= {__v_isVNode: true, __v_skip: true, type: Object, props: Object, key: null}  ... > 
  at <BodyRow key=undefined rowData="E" index=8  ... > 
  at <TableBody ref="bodyRef" value="<!DOCTYPE html>\n<htm" class=""  ... > 
  at <VirtualScroller ref="virtualScroller" items="<!DOCTYPE html>\n<html lang=\"en\">\n\n<head>\n  <meta charset=\"utf-8\" />\n  <meta name=\"viewport\" content=\"width=device-width, initial-scale=1\" />\n  <meta name=\"theme-color\" content=\"#000000\" />\n  <link rel=\"shortcut icon\" type=\"image/ico\" href=\"/assets/favicon-bc234827.ico\" />\n  <link href=\"https://fonts.googleapis.com/css?family=Roboto:300,400,500\" rel=\"stylesheet\" />\n  <title>Pentaract UI</title>\n\n  <style>\n    *,\n    html {\n      margin: 0;\n      padding: 0;\n    }\n  </style>\n  <script type=\"module\" crossorigin src=\"/assets/index-58b24b54.js\"></script>\n  <link rel=\"stylesheet\" href=\"/assets/index-a4f6c957.css\">\n</head>\n\n<body>\n  <noscript>Wanna write ur own UI without js?! Go ahead, don't disturb others</noscript>\n  <div id=\"root\"></div>\n\n  \n</body>\n\n</html>\n" columns= [Object, Object, Object, Object, Object, Object]  ... > 
  at <DataTable value="<!DOCTYPE html>\n<html lang=\"en\">\n\n<head>\n  <meta charset=\"utf-8\" />\n  <meta name=\"viewport\" content=\"width=device-width, initial-scale=1\" />\n  <meta name=\"theme-color\" content=\"#000000\" />\n  <link rel=\"shortcut icon\" type=\"image/ico\" href=\"/assets/favicon-bc234827.ico\" />\n  <link href=\"https://fonts.googleapis.com/css?family=Roboto:300,400,500\" rel=\"stylesheet\" />\n  <title>Pentaract UI</title>\n\n  <style>\n    *,\n    html {\n      margin: 0;\n      padding: 0;\n    }\n  </style>\n  <script type=\"module\" crossorigin src=\"/assets/index-58b24b54.js\"></script>\n  <link rel=\"stylesheet\" href=\"/assets/index-a4f6c957.css\">\n</head>\n\n<body>\n  <noscript>Wanna write ur own UI without js?! Go ahead, don't disturb others</noscript>\n  <div id=\"root\"></div>\n\n  \n</body>\n\n</html>\n" loading=false stripedRows=""  ... > 
  at <OrdersView onVnodeUnmounted=fn<onVnodeUnmounted> ref=Ref< Proxy(Object) > > 
  at <RouterView> 
  at <AppLayout onVnodeUnmounted=fn<onVnodeUnmounted> ref=Ref< Proxy(Object) > > 
  at <RouterView> 
  at <App> @ http://localhost:5277/node_modules/@vue/runtime-core/dist/runtime-core.esm-bundler.js:49
[   51752ms] [WARNING] [Vue warn]: Invalid prop: type check failed for prop "rowData". Expected Object, got String with value " ". 
  at <BodyRow key=undefined rowData=" " index=9  ... > 
  at <TableBody ref="bodyRef" value="<!DOCTYPE html>\n<htm" class=""  ... > 
  at <VirtualScroller ref="virtualScroller" items="<!DOCTYPE html>\n<html lang=\"en\">\n\n<head>\n  <meta charset=\"utf-8\" />\n  <meta name=\"viewport\" content=\"width=device-width, initial-scale=1\" />\n  <meta name=\"theme-color\" content=\"#000000\" />\n  <link rel=\"shortcut icon\" type=\"image/ico\" href=\"/assets/favicon-bc234827.ico\" />\n  <link href=\"https://fonts.googleapis.com/css?family=Roboto:300,400,500\" rel=\"stylesheet\" />\n  <title>Pentaract UI</title>\n\n  <style>\n    *,\n    html {\n      margin: 0;\n      padding: 0;\n    }\n  </style>\n  <script type=\"module\" crossorigin src=\"/assets/index-58b24b54.js\"></script>\n  <link rel=\"stylesheet\" href=\"/assets/index-a4f6c957.css\">\n</head>\n\n<body>\n  <noscript>Wanna write ur own UI without js?! Go ahead, don't disturb others</noscript>\n  <div id=\"root\"></div>\n\n  \n</body>\n\n</html>\n" columns= [Object, Object, Object, Object, Object, Object]  ... > 
  at <DataTable value="<!DOCTYPE html>\n<html lang=\"en\">\n\n<head>\n  <meta charset=\"utf-8\" />\n  <meta name=\"viewport\" content=\"width=device-width, initial-scale=1\" />\n  <meta name=\"theme-color\" content=\"#000000\" />\n  <link rel=\"shortcut icon\" type=\"image/ico\" href=\"/assets/favicon-bc234827.ico\" />\n  <link href=\"https://fonts.googleapis.com/css?family=Roboto:300,400,500\" rel=\"stylesheet\" />\n  <title>Pentaract UI</title>\n\n  <style>\n    *,\n    html {\n      margin: 0;\n      padding: 0;\n    }\n  </style>\n  <script type=\"module\" crossorigin src=\"/assets/index-58b24b54.js\"></script>\n  <link rel=\"stylesheet\" href=\"/assets/index-a4f6c957.css\">\n</head>\n\n<body>\n  <noscript>Wanna write ur own UI without js?! Go ahead, don't disturb others</noscript>\n  <div id=\"root\"></div>\n\n  \n</body>\n\n</html>\n" loading=false stripedRows=""  ... > 
  at <OrdersView onVnodeUnmounted=fn<onVnodeUnmounted> ref=Ref< Proxy(Object) > > 
  at <RouterView> 
  at <AppLayout onVnodeUnmounted=fn<onVnodeUnmounted> ref=Ref< Proxy(Object) > > 
  at <RouterView> 
  at <App> @ http://localhost:5277/node_modules/@vue/runtime-core/dist/runtime-core.esm-bundler.js:49
[   51753ms] [WARNING] [Vue warn]: Invalid prop: type check failed for prop "value". Expected Array, got String with value "<!DOCTYPE html>
<htm". 
  at <BodyRow key=undefined rowData=" " index=9  ... > 
  at <TableBody ref="bodyRef" value="<!DOCTYPE html>\n<htm" class=""  ... > 
  at <VirtualScroller ref="virtualScroller" items="<!DOCTYPE html>\n<html lang=\"en\">\n\n<head>\n  <meta charset=\"utf-8\" />\n  <meta name=\"viewport\" content=\"width=device-width, initial-scale=1\" />\n  <meta name=\"theme-color\" content=\"#000000\" />\n  <link rel=\"shortcut icon\" type=\"image/ico\" href=\"/assets/favicon-bc234827.ico\" />\n  <link href=\"https://fonts.googleapis.com/css?family=Roboto:300,400,500\" rel=\"stylesheet\" />\n  <title>Pentaract UI</title>\n\n  <style>\n    *,\n    html {\n      margin: 0;\n      padding: 0;\n    }\n  </style>\n  <script type=\"module\" crossorigin src=\"/assets/index-58b24b54.js\"></script>\n  <link rel=\"stylesheet\" href=\"/assets/index-a4f6c957.css\">\n</head>\n\n<body>\n  <noscript>Wanna write ur own UI without js?! Go ahead, don't disturb others</noscript>\n  <div id=\"root\"></div>\n\n  \n</body>\n\n</html>\n" columns= [Object, Object, Object, Object, Object, Object]  ... > 
  at <DataTable value="<!DOCTYPE html>\n<html lang=\"en\">\n\n<head>\n  <meta charset=\"utf-8\" />\n  <meta name=\"viewport\" content=\"width=device-width, initial-scale=1\" />\n  <meta name=\"theme-color\" content=\"#000000\" />\n  <link rel=\"shortcut icon\" type=\"image/ico\" href=\"/assets/favicon-bc234827.ico\" />\n  <link href=\"https://fonts.googleapis.com/css?family=Roboto:300,400,500\" rel=\"stylesheet\" />\n  <title>Pentaract UI</title>\n\n  <style>\n    *,\n    html {\n      margin: 0;\n      padding: 0;\n    }\n  </style>\n  <script type=\"module\" crossorigin src=\"/assets/index-58b24b54.js\"></script>\n  <link rel=\"stylesheet\" href=\"/assets/index-a4f6c957.css\">\n</head>\n\n<body>\n  <noscript>Wanna write ur own UI without js?! Go ahead, don't disturb others</noscript>\n  <div id=\"root\"></div>\n\n  \n</body>\n\n</html>\n" loading=false stripedRows=""  ... > 
  at <OrdersView onVnodeUnmounted=fn<onVnodeUnmounted> ref=Ref< Proxy(Object) > > 
  at <RouterView> 
  at <AppLayout onVnodeUnmounted=fn<onVnodeUnmounted> ref=Ref< Proxy(Object) > > 
  at <RouterView> 
  at <App> @ http://localhost:5277/node_modules/@vue/runtime-core/dist/runtime-core.esm-bundler.js:49
[   51756ms] [WARNING] [Vue warn]: Invalid prop: type check failed for prop "rowData". Expected Object, got String with value " ". 
  at <BodyCell key="id" rowData=" " column= {__v_isVNode: true, __v_skip: true, type: Object, props: Object, key: null}  ... > 
  at <BodyRow key=undefined rowData=" " index=9  ... > 
  at <TableBody ref="bodyRef" value="<!DOCTYPE html>\n<htm" class=""  ... > 
  at <VirtualScroller ref="virtualScroller" items="<!DOCTYPE html>\n<html lang=\"en\">\n\n<head>\n  <meta charset=\"utf-8\" />\n  <meta name=\"viewport\" content=\"width=device-width, initial-scale=1\" />\n  <meta name=\"theme-color\" content=\"#000000\" />\n  <link rel=\"shortcut icon\" type=\"image/ico\" href=\"/assets/favicon-bc234827.ico\" />\n  <link href=\"https://fonts.googleapis.com/css?family=Roboto:300,400,500\" rel=\"stylesheet\" />\n  <title>Pentaract UI</title>\n\n  <style>\n    *,\n    html {\n      margin: 0;\n      padding: 0;\n    }\n  </style>\n  <script type=\"module\" crossorigin src=\"/assets/index-58b24b54.js\"></script>\n  <link rel=\"stylesheet\" href=\"/assets/index-a4f6c957.css\">\n</head>\n\n<body>\n  <noscript>Wanna write ur own UI without js?! Go ahead, don't disturb others</noscript>\n  <div id=\"root\"></div>\n\n  \n</body>\n\n</html>\n" columns= [Object, Object, Object, Object, Object, Object]  ... > 
  at <DataTable value="<!DOCTYPE html>\n<html lang=\"en\">\n\n<head>\n  <meta charset=\"utf-8\" />\n  <meta name=\"viewport\" content=\"width=device-width, initial-scale=1\" />\n  <meta name=\"theme-color\" content=\"#000000\" />\n  <link rel=\"shortcut icon\" type=\"image/ico\" href=\"/assets/favicon-bc234827.ico\" />\n  <link href=\"https://fonts.googleapis.com/css?family=Roboto:300,400,500\" rel=\"stylesheet\" />\n  <title>Pentaract UI</title>\n\n  <style>\n    *,\n    html {\n      margin: 0;\n      padding: 0;\n    }\n  </style>\n  <script type=\"module\" crossorigin src=\"/assets/index-58b24b54.js\"></script>\n  <link rel=\"stylesheet\" href=\"/assets/index-a4f6c957.css\">\n</head>\n\n<body>\n  <noscript>Wanna write ur own UI without js?! Go ahead, don't disturb others</noscript>\n  <div id=\"root\"></div>\n\n  \n</body>\n\n</html>\n" loading=false stripedRows=""  ... > 
  at <OrdersView onVnodeUnmounted=fn<onVnodeUnmounted> ref=Ref< Proxy(Object) > > 
  at <RouterView> 
  at <AppLayout onVnodeUnmounted=fn<onVnodeUnmounted> ref=Ref< Proxy(Object) > > 
  at <RouterView> 
  at <App> @ http://localhost:5277/node_modules/@vue/runtime-core/dist/runtime-core.esm-bundler.js:49
[   51758ms] [WARNING] [Vue warn]: Invalid prop: type check failed for prop "rowData". Expected Object, got String with value " ". 
  at <BodyCell key="client_id" rowData=" " column= {__v_isVNode: true, __v_skip: true, type: Object, props: Object, key: null}  ... > 
  at <BodyRow key=undefined rowData=" " index=9  ... > 
  at <TableBody ref="bodyRef" value="<!DOCTYPE html>\n<htm" class=""  ... > 
  at <VirtualScroller ref="virtualScroller" items="<!DOCTYPE html>\n<html lang=\"en\">\n\n<head>\n  <meta charset=\"utf-8\" />\n  <meta name=\"viewport\" content=\"width=device-width, initial-scale=1\" />\n  <meta name=\"theme-color\" content=\"#000000\" />\n  <link rel=\"shortcut icon\" type=\"image/ico\" href=\"/assets/favicon-bc234827.ico\" />\n  <link href=\"https://fonts.googleapis.com/css?family=Roboto:300,400,500\" rel=\"stylesheet\" />\n  <title>Pentaract UI</title>\n\n  <style>\n    *,\n    html {\n      margin: 0;\n      padding: 0;\n    }\n  </style>\n  <script type=\"module\" crossorigin src=\"/assets/index-58b24b54.js\"></script>\n  <link rel=\"stylesheet\" href=\"/assets/index-a4f6c957.css\">\n</head>\n\n<body>\n  <noscript>Wanna write ur own UI without js?! Go ahead, don't disturb others</noscript>\n  <div id=\"root\"></div>\n\n  \n</body>\n\n</html>\n" columns= [Object, Object, Object, Object, Object, Object]  ... > 
  at <DataTable value="<!DOCTYPE html>\n<html lang=\"en\">\n\n<head>\n  <meta charset=\"utf-8\" />\n  <meta name=\"viewport\" content=\"width=device-width, initial-scale=1\" />\n  <meta name=\"theme-color\" content=\"#000000\" />\n  <link rel=\"shortcut icon\" type=\"image/ico\" href=\"/assets/favicon-bc234827.ico\" />\n  <link href=\"https://fonts.googleapis.com/css?family=Roboto:300,400,500\" rel=\"stylesheet\" />\n  <title>Pentaract UI</title>\n\n  <style>\n    *,\n    html {\n      margin: 0;\n      padding: 0;\n    }\n  </style>\n  <script type=\"module\" crossorigin src=\"/assets/index-58b24b54.js\"></script>\n  <link rel=\"stylesheet\" href=\"/assets/index-a4f6c957.css\">\n</head>\n\n<body>\n  <noscript>Wanna write ur own UI without js?! Go ahead, don't disturb others</noscript>\n  <div id=\"root\"></div>\n\n  \n</body>\n\n</html>\n" loading=false stripedRows=""  ... > 
  at <OrdersView onVnodeUnmounted=fn<onVnodeUnmounted> ref=Ref< Proxy(Object) > > 
  at <RouterView> 
  at <AppLayout onVnodeUnmounted=fn<onVnodeUnmounted> ref=Ref< Proxy(Object) > > 
  at <RouterView> 
  at <App> @ http://localhost:5277/node_modules/@vue/runtime-core/dist/runtime-core.esm-bundler.js:49
[   51762ms] [WARNING] [Vue warn]: Invalid prop: type check failed for prop "rowData". Expected Object, got String with value " ". 
  at <BodyCell key="source" rowData=" " column= {__v_isVNode: true, __v_skip: true, type: Object, props: Object, key: null}  ... > 
  at <BodyRow key=undefined rowData=" " index=9  ... > 
  at <TableBody ref="bodyRef" value="<!DOCTYPE html>\n<htm" class=""  ... > 
  at <VirtualScroller ref="virtualScroller" items="<!DOCTYPE html>\n<html lang=\"en\">\n\n<head>\n  <meta charset=\"utf-8\" />\n  <meta name=\"viewport\" content=\"width=device-width, initial-scale=1\" />\n  <meta name=\"theme-color\" content=\"#000000\" />\n  <link rel=\"shortcut icon\" type=\"image/ico\" href=\"/assets/favicon-bc234827.ico\" />\n  <link href=\"https://fonts.googleapis.com/css?family=Roboto:300,400,500\" rel=\"stylesheet\" />\n  <title>Pentaract UI</title>\n\n  <style>\n    *,\n    html {\n      margin: 0;\n      padding: 0;\n    }\n  </style>\n  <script type=\"module\" crossorigin src=\"/assets/index-58b24b54.js\"></script>\n  <link rel=\"stylesheet\" href=\"/assets/index-a4f6c957.css\">\n</head>\n\n<body>\n  <noscript>Wanna write ur own UI without js?! Go ahead, don't disturb others</noscript>\n  <div id=\"root\"></div>\n\n  \n</body>\n\n</html>\n" columns= [Object, Object, Object, Object, Object, Object]  ... > 
  at <DataTable value="<!DOCTYPE html>\n<html lang=\"en\">\n\n<head>\n  <meta charset=\"utf-8\" />\n  <meta name=\"viewport\" content=\"width=device-width, initial-scale=1\" />\n  <meta name=\"theme-color\" content=\"#000000\" />\n  <link rel=\"shortcut icon\" type=\"image/ico\" href=\"/assets/favicon-bc234827.ico\" />\n  <link href=\"https://fonts.googleapis.com/css?family=Roboto:300,400,500\" rel=\"stylesheet\" />\n  <title>Pentaract UI</title>\n\n  <style>\n    *,\n    html {\n      margin: 0;\n      padding: 0;\n    }\n  </style>\n  <script type=\"module\" crossorigin src=\"/assets/index-58b24b54.js\"></script>\n  <link rel=\"stylesheet\" href=\"/assets/index-a4f6c957.css\">\n</head>\n\n<body>\n  <noscript>Wanna write ur own UI without js?! Go ahead, don't disturb others</noscript>\n  <div id=\"root\"></div>\n\n  \n</body>\n\n</html>\n" loading=false stripedRows=""  ... > 
  at <OrdersView onVnodeUnmounted=fn<onVnodeUnmounted> ref=Ref< Proxy(Object) > > 
  at <RouterView> 
  at <AppLayout onVnodeUnmounted=fn<onVnodeUnmounted> ref=Ref< Proxy(Object) > > 
  at <RouterView> 
  at <App> @ http://localhost:5277/node_modules/@vue/runtime-core/dist/runtime-core.esm-bundler.js:49
[   51768ms] [WARNING] [Vue warn]: Invalid prop: type check failed for prop "rowData". Expected Object, got String with value " ". 
  at <BodyCell key="status" rowData=" " column= {__v_isVNode: true, __v_skip: true, type: Object, props: Object, key: null}  ... > 
  at <BodyRow key=undefined rowData=" " index=9  ... > 
  at <TableBody ref="bodyRef" value="<!DOCTYPE html>\n<htm" class=""  ... > 
  at <VirtualScroller ref="virtualScroller" items="<!DOCTYPE html>\n<html lang=\"en\">\n\n<head>\n  <meta charset=\"utf-8\" />\n  <meta name=\"viewport\" content=\"width=device-width, initial-scale=1\" />\n  <meta name=\"theme-color\" content=\"#000000\" />\n  <link rel=\"shortcut icon\" type=\"image/ico\" href=\"/assets/favicon-bc234827.ico\" />\n  <link href=\"https://fonts.googleapis.com/css?family=Roboto:300,400,500\" rel=\"stylesheet\" />\n  <title>Pentaract UI</title>\n\n  <style>\n    *,\n    html {\n      margin: 0;\n      padding: 0;\n    }\n  </style>\n  <script type=\"module\" crossorigin src=\"/assets/index-58b24b54.js\"></script>\n  <link rel=\"stylesheet\" href=\"/assets/index-a4f6c957.css\">\n</head>\n\n<body>\n  <noscript>Wanna write ur own UI without js?! Go ahead, don't disturb others</noscript>\n  <div id=\"root\"></div>\n\n  \n</body>\n\n</html>\n" columns= [Object, Object, Object, Object, Object, Object]  ... > 
  at <DataTable value="<!DOCTYPE html>\n<html lang=\"en\">\n\n<head>\n  <meta charset=\"utf-8\" />\n  <meta name=\"viewport\" content=\"width=device-width, initial-scale=1\" />\n  <meta name=\"theme-color\" content=\"#000000\" />\n  <link rel=\"shortcut icon\" type=\"image/ico\" href=\"/assets/favicon-bc234827.ico\" />\n  <link href=\"https://fonts.googleapis.com/css?family=Roboto:300,400,500\" rel=\"stylesheet\" />\n  <title>Pentaract UI</title>\n\n  <style>\n    *,\n    html {\n      margin: 0;\n      padding: 0;\n    }\n  </style>\n  <script type=\"module\" crossorigin src=\"/assets/index-58b24b54.js\"></script>\n  <link rel=\"stylesheet\" href=\"/assets/index-a4f6c957.css\">\n</head>\n\n<body>\n  <noscript>Wanna write ur own UI without js?! Go ahead, don't disturb others</noscript>\n  <div id=\"root\"></div>\n\n  \n</body>\n\n</html>\n" loading=false stripedRows=""  ... > 
  at <OrdersView onVnodeUnmounted=fn<onVnodeUnmounted> ref=Ref< Proxy(Object) > > 
  at <RouterView> 
  at <AppLayout onVnodeUnmounted=fn<onVnodeUnmounted> ref=Ref< Proxy(Object) > > 
  at <RouterView> 
  at <App> @ http://localhost:5277/node_modules/@vue/runtime-core/dist/runtime-core.esm-bundler.js:49
[   51772ms] [WARNING] [Vue warn]: Invalid prop: type check failed for prop "rowData". Expected Object, got String with value " ". 
  at <BodyCell key="created_at" rowData=" " column= {__v_isVNode: true, __v_skip: true, type: Object, props: Object, key: null}  ... > 
  at <BodyRow key=undefined rowData=" " index=9  ... > 
  at <TableBody ref="bodyRef" value="<!DOCTYPE html>\n<htm" class=""  ... > 
  at <VirtualScroller ref="virtualScroller" items="<!DOCTYPE html>\n<html lang=\"en\">\n\n<head>\n  <meta charset=\"utf-8\" />\n  <meta name=\"viewport\" content=\"width=device-width, initial-scale=1\" />\n  <meta name=\"theme-color\" content=\"#000000\" />\n  <link rel=\"shortcut icon\" type=\"image/ico\" href=\"/assets/favicon-bc234827.ico\" />\n  <link href=\"https://fonts.googleapis.com/css?family=Roboto:300,400,500\" rel=\"stylesheet\" />\n  <title>Pentaract UI</title>\n\n  <style>\n    *,\n    html {\n      margin: 0;\n      padding: 0;\n    }\n  </style>\n  <script type=\"module\" crossorigin src=\"/assets/index-58b24b54.js\"></script>\n  <link rel=\"stylesheet\" href=\"/assets/index-a4f6c957.css\">\n</head>\n\n<body>\n  <noscript>Wanna write ur own UI without js?! Go ahead, don't disturb others</noscript>\n  <div id=\"root\"></div>\n\n  \n</body>\n\n</html>\n" columns= [Object, Object, Object, Object, Object, Object]  ... > 
  at <DataTable value="<!DOCTYPE html>\n<html lang=\"en\">\n\n<head>\n  <meta charset=\"utf-8\" />\n  <meta name=\"viewport\" content=\"width=device-width, initial-scale=1\" />\n  <meta name=\"theme-color\" content=\"#000000\" />\n  <link rel=\"shortcut icon\" type=\"image/ico\" href=\"/assets/favicon-bc234827.ico\" />\n  <link href=\"https://fonts.googleapis.com/css?family=Roboto:300,400,500\" rel=\"stylesheet\" />\n  <title>Pentaract UI</title>\n\n  <style>\n    *,\n    html {\n      margin: 0;\n      padding: 0;\n    }\n  </style>\n  <script type=\"module\" crossorigin src=\"/assets/index-58b24b54.js\"></script>\n  <link rel=\"stylesheet\" href=\"/assets/index-a4f6c957.css\">\n</head>\n\n<body>\n  <noscript>Wanna write ur own UI without js?! Go ahead, don't disturb others</noscript>\n  <div id=\"root\"></div>\n\n  \n</body>\n\n</html>\n" loading=false stripedRows=""  ... > 
  at <OrdersView onVnodeUnmounted=fn<onVnodeUnmounted> ref=Ref< Proxy(Object) > > 
  at <RouterView> 
  at <AppLayout onVnodeUnmounted=fn<onVnodeUnmounted> ref=Ref< Proxy(Object) > > 
  at <RouterView> 
  at <App> @ http://localhost:5277/node_modules/@vue/runtime-core/dist/runtime-core.esm-bundler.js:49
[   51774ms] [WARNING] [Vue warn]: Invalid prop: type check failed for prop "rowData". Expected Object, got String with value " ". 
  at <BodyCell key=5 rowData=" " column= {__v_isVNode: true, __v_skip: true, type: Object, props: Object, key: null}  ... > 
  at <BodyRow key=undefined rowData=" " index=9  ... > 
  at <TableBody ref="bodyRef" value="<!DOCTYPE html>\n<htm" class=""  ... > 
  at <VirtualScroller ref="virtualScroller" items="<!DOCTYPE html>\n<html lang=\"en\">\n\n<head>\n  <meta charset=\"utf-8\" />\n  <meta name=\"viewport\" content=\"width=device-width, initial-scale=1\" />\n  <meta name=\"theme-color\" content=\"#000000\" />\n  <link rel=\"shortcut icon\" type=\"image/ico\" href=\"/assets/favicon-bc234827.ico\" />\n  <link href=\"https://fonts.googleapis.com/css?family=Roboto:300,400,500\" rel=\"stylesheet\" />\n  <title>Pentaract UI</title>\n\n  <style>\n    *,\n    html {\n      margin: 0;\n      padding: 0;\n    }\n  </style>\n  <script type=\"module\" crossorigin src=\"/assets/index-58b24b54.js\"></script>\n  <link rel=\"stylesheet\" href=\"/assets/index-a4f6c957.css\">\n</head>\n\n<body>\n  <noscript>Wanna write ur own UI without js?! Go ahead, don't disturb others</noscript>\n  <div id=\"root\"></div>\n\n  \n</body>\n\n</html>\n" columns= [Object, Object, Object, Object, Object, Object]  ... > 
  at <DataTable value="<!DOCTYPE html>\n<html lang=\"en\">\n\n<head>\n  <meta charset=\"utf-8\" />\n  <meta name=\"viewport\" content=\"width=device-width, initial-scale=1\" />\n  <meta name=\"theme-color\" content=\"#000000\" />\n  <link rel=\"shortcut icon\" type=\"image/ico\" href=\"/assets/favicon-bc234827.ico\" />\n  <link href=\"https://fonts.googleapis.com/css?family=Roboto:300,400,500\" rel=\"stylesheet\" />\n  <title>Pentaract UI</title>\n\n  <style>\n    *,\n    html {\n      margin: 0;\n      padding: 0;\n    }\n  </style>\n  <script type=\"module\" crossorigin src=\"/assets/index-58b24b54.js\"></script>\n  <link rel=\"stylesheet\" href=\"/assets/index-a4f6c957.css\">\n</head>\n\n<body>\n  <noscript>Wanna write ur own UI without js?! Go ahead, don't disturb others</noscript>\n  <div id=\"root\"></div>\n\n  \n</body>\n\n</html>\n" loading=false stripedRows=""  ... > 
  at <OrdersView onVnodeUnmounted=fn<onVnodeUnmounted> ref=Ref< Proxy(Object) > > 
  at <RouterView> 
  at <AppLayout onVnodeUnmounted=fn<onVnodeUnmounted> ref=Ref< Proxy(Object) > > 
  at <RouterView> 
  at <App> @ http://localhost:5277/node_modules/@vue/runtime-core/dist/runtime-core.esm-bundler.js:49
[   51777ms] [WARNING] [Vue warn]: Invalid prop: type check failed for prop "rowData". Expected Object, got String with value "h". 
  at <BodyRow key=undefined rowData="h" index=10  ... > 
  at <TableBody ref="bodyRef" value="<!DOCTYPE html>\n<htm" class=""  ... > 
  at <VirtualScroller ref="virtualScroller" items="<!DOCTYPE html>\n<html lang=\"en\">\n\n<head>\n  <meta charset=\"utf-8\" />\n  <meta name=\"viewport\" content=\"width=device-width, initial-scale=1\" />\n  <meta name=\"theme-color\" content=\"#000000\" />\n  <link rel=\"shortcut icon\" type=\"image/ico\" href=\"/assets/favicon-bc234827.ico\" />\n  <link href=\"https://fonts.googleapis.com/css?family=Roboto:300,400,500\" rel=\"stylesheet\" />\n  <title>Pentaract UI</title>\n\n  <style>\n    *,\n    html {\n      margin: 0;\n      padding: 0;\n    }\n  </style>\n  <script type=\"module\" crossorigin src=\"/assets/index-58b24b54.js\"></script>\n  <link rel=\"stylesheet\" href=\"/assets/index-a4f6c957.css\">\n</head>\n\n<body>\n  <noscript>Wanna write ur own UI without js?! Go ahead, don't disturb others</noscript>\n  <div id=\"root\"></div>\n\n  \n</body>\n\n</html>\n" columns= [Object, Object, Object, Object, Object, Object]  ... > 
  at <DataTable value="<!DOCTYPE html>\n<html lang=\"en\">\n\n<head>\n  <meta charset=\"utf-8\" />\n  <meta name=\"viewport\" content=\"width=device-width, initial-scale=1\" />\n  <meta name=\"theme-color\" content=\"#000000\" />\n  <link rel=\"shortcut icon\" type=\"image/ico\" href=\"/assets/favicon-bc234827.ico\" />\n  <link href=\"https://fonts.googleapis.com/css?family=Roboto:300,400,500\" rel=\"stylesheet\" />\n  <title>Pentaract UI</title>\n\n  <style>\n    *,\n    html {\n      margin: 0;\n      padding: 0;\n    }\n  </style>\n  <script type=\"module\" crossorigin src=\"/assets/index-58b24b54.js\"></script>\n  <link rel=\"stylesheet\" href=\"/assets/index-a4f6c957.css\">\n</head>\n\n<body>\n  <noscript>Wanna write ur own UI without js?! Go ahead, don't disturb others</noscript>\n  <div id=\"root\"></div>\n\n  \n</body>\n\n</html>\n" loading=false stripedRows=""  ... > 
  at <OrdersView onVnodeUnmounted=fn<onVnodeUnmounted> ref=Ref< Proxy(Object) > > 
  at <RouterView> 
  at <AppLayout onVnodeUnmounted=fn<onVnodeUnmounted> ref=Ref< Proxy(Object) > > 
  at <RouterView> 
  at <App> @ http://localhost:5277/node_modules/@vue/runtime-core/dist/runtime-core.esm-bundler.js:49
[   51779ms] [WARNING] [Vue warn]: Invalid prop: type check failed for prop "value". Expected Array, got String with value "<!DOCTYPE html>
<htm". 
  at <BodyRow key=undefined rowData="h" index=10  ... > 
  at <TableBody ref="bodyRef" value="<!DOCTYPE html>\n<htm" class=""  ... > 
  at <VirtualScroller ref="virtualScroller" items="<!DOCTYPE html>\n<html lang=\"en\">\n\n<head>\n  <meta charset=\"utf-8\" />\n  <meta name=\"viewport\" content=\"width=device-width, initial-scale=1\" />\n  <meta name=\"theme-color\" content=\"#000000\" />\n  <link rel=\"shortcut icon\" type=\"image/ico\" href=\"/assets/favicon-bc234827.ico\" />\n  <link href=\"https://fonts.googleapis.com/css?family=Roboto:300,400,500\" rel=\"stylesheet\" />\n  <title>Pentaract UI</title>\n\n  <style>\n    *,\n    html {\n      margin: 0;\n      padding: 0;\n    }\n  </style>\n  <script type=\"module\" crossorigin src=\"/assets/index-58b24b54.js\"></script>\n  <link rel=\"stylesheet\" href=\"/assets/index-a4f6c957.css\">\n</head>\n\n<body>\n  <noscript>Wanna write ur own UI without js?! Go ahead, don't disturb others</noscript>\n  <div id=\"root\"></div>\n\n  \n</body>\n\n</html>\n" columns= [Object, Object, Object, Object, Object, Object]  ... > 
  at <DataTable value="<!DOCTYPE html>\n<html lang=\"en\">\n\n<head>\n  <meta charset=\"utf-8\" />\n  <meta name=\"viewport\" content=\"width=device-width, initial-scale=1\" />\n  <meta name=\"theme-color\" content=\"#000000\" />\n  <link rel=\"shortcut icon\" type=\"image/ico\" href=\"/assets/favicon-bc234827.ico\" />\n  <link href=\"https://fonts.googleapis.com/css?family=Roboto:300,400,500\" rel=\"stylesheet\" />\n  <title>Pentaract UI</title>\n\n  <style>\n    *,\n    html {\n      margin: 0;\n      padding: 0;\n    }\n  </style>\n  <script type=\"module\" crossorigin src=\"/assets/index-58b24b54.js\"></script>\n  <link rel=\"stylesheet\" href=\"/assets/index-a4f6c957.css\">\n</head>\n\n<body>\n  <noscript>Wanna write ur own UI without js?! Go ahead, don't disturb others</noscript>\n  <div id=\"root\"></div>\n\n  \n</body>\n\n</html>\n" loading=false stripedRows=""  ... > 
  at <OrdersView onVnodeUnmounted=fn<onVnodeUnmounted> ref=Ref< Proxy(Object) > > 
  at <RouterView> 
  at <AppLayout onVnodeUnmounted=fn<onVnodeUnmounted> ref=Ref< Proxy(Object) > > 
  at <RouterView> 
  at <App> @ http://localhost:5277/node_modules/@vue/runtime-core/dist/runtime-core.esm-bundler.js:49
[   51781ms] [WARNING] [Vue warn]: Invalid prop: type check failed for prop "rowData". Expected Object, got String with value "h". 
  at <BodyCell key="id" rowData="h" column= {__v_isVNode: true, __v_skip: true, type: Object, props: Object, key: null}  ... > 
  at <BodyRow key=undefined rowData="h" index=10  ... > 
  at <TableBody ref="bodyRef" value="<!DOCTYPE html>\n<htm" class=""  ... > 
  at <VirtualScroller ref="virtualScroller" items="<!DOCTYPE html>\n<html lang=\"en\">\n\n<head>\n  <meta charset=\"utf-8\" />\n  <meta name=\"viewport\" content=\"width=device-width, initial-scale=1\" />\n  <meta name=\"theme-color\" content=\"#000000\" />\n  <link rel=\"shortcut icon\" type=\"image/ico\" href=\"/assets/favicon-bc234827.ico\" />\n  <link href=\"https://fonts.googleapis.com/css?family=Roboto:300,400,500\" rel=\"stylesheet\" />\n  <title>Pentaract UI</title>\n\n  <style>\n    *,\n    html {\n      margin: 0;\n      padding: 0;\n    }\n  </style>\n  <script type=\"module\" crossorigin src=\"/assets/index-58b24b54.js\"></script>\n  <link rel=\"stylesheet\" href=\"/assets/index-a4f6c957.css\">\n</head>\n\n<body>\n  <noscript>Wanna write ur own UI without js?! Go ahead, don't disturb others</noscript>\n  <div id=\"root\"></div>\n\n  \n</body>\n\n</html>\n" columns= [Object, Object, Object, Object, Object, Object]  ... > 
  at <DataTable value="<!DOCTYPE html>\n<html lang=\"en\">\n\n<head>\n  <meta charset=\"utf-8\" />\n  <meta name=\"viewport\" content=\"width=device-width, initial-scale=1\" />\n  <meta name=\"theme-color\" content=\"#000000\" />\n  <link rel=\"shortcut icon\" type=\"image/ico\" href=\"/assets/favicon-bc234827.ico\" />\n  <link href=\"https://fonts.googleapis.com/css?family=Roboto:300,400,500\" rel=\"stylesheet\" />\n  <title>Pentaract UI</title>\n\n  <style>\n    *,\n    html {\n      margin: 0;\n      padding: 0;\n    }\n  </style>\n  <script type=\"module\" crossorigin src=\"/assets/index-58b24b54.js\"></script>\n  <link rel=\"stylesheet\" href=\"/assets/index-a4f6c957.css\">\n</head>\n\n<body>\n  <noscript>Wanna write ur own UI without js?! Go ahead, don't disturb others</noscript>\n  <div id=\"root\"></div>\n\n  \n</body>\n\n</html>\n" loading=false stripedRows=""  ... > 
  at <OrdersView onVnodeUnmounted=fn<onVnodeUnmounted> ref=Ref< Proxy(Object) > > 
  at <RouterView> 
  at <AppLayout onVnodeUnmounted=fn<onVnodeUnmounted> ref=Ref< Proxy(Object) > > 
  at <RouterView> 
  at <App> @ http://localhost:5277/node_modules/@vue/runtime-core/dist/runtime-core.esm-bundler.js:49
[   51784ms] [WARNING] [Vue warn]: Invalid prop: type check failed for prop "rowData". Expected Object, got String with value "h". 
  at <BodyCell key="client_id" rowData="h" column= {__v_isVNode: true, __v_skip: true, type: Object, props: Object, key: null}  ... > 
  at <BodyRow key=undefined rowData="h" index=10  ... > 
  at <TableBody ref="bodyRef" value="<!DOCTYPE html>\n<htm" class=""  ... > 
  at <VirtualScroller ref="virtualScroller" items="<!DOCTYPE html>\n<html lang=\"en\">\n\n<head>\n  <meta charset=\"utf-8\" />\n  <meta name=\"viewport\" content=\"width=device-width, initial-scale=1\" />\n  <meta name=\"theme-color\" content=\"#000000\" />\n  <link rel=\"shortcut icon\" type=\"image/ico\" href=\"/assets/favicon-bc234827.ico\" />\n  <link href=\"https://fonts.googleapis.com/css?family=Roboto:300,400,500\" rel=\"stylesheet\" />\n  <title>Pentaract UI</title>\n\n  <style>\n    *,\n    html {\n      margin: 0;\n      padding: 0;\n    }\n  </style>\n  <script type=\"module\" crossorigin src=\"/assets/index-58b24b54.js\"></script>\n  <link rel=\"stylesheet\" href=\"/assets/index-a4f6c957.css\">\n</head>\n\n<body>\n  <noscript>Wanna write ur own UI without js?! Go ahead, don't disturb others</noscript>\n  <div id=\"root\"></div>\n\n  \n</body>\n\n</html>\n" columns= [Object, Object, Object, Object, Object, Object]  ... > 
  at <DataTable value="<!DOCTYPE html>\n<html lang=\"en\">\n\n<head>\n  <meta charset=\"utf-8\" />\n  <meta name=\"viewport\" content=\"width=device-width, initial-scale=1\" />\n  <meta name=\"theme-color\" content=\"#000000\" />\n  <link rel=\"shortcut icon\" type=\"image/ico\" href=\"/assets/favicon-bc234827.ico\" />\n  <link href=\"https://fonts.googleapis.com/css?family=Roboto:300,400,500\" rel=\"stylesheet\" />\n  <title>Pentaract UI</title>\n\n  <style>\n    *,\n    html {\n      margin: 0;\n      padding: 0;\n    }\n  </style>\n  <script type=\"module\" crossorigin src=\"/assets/index-58b24b54.js\"></script>\n  <link rel=\"stylesheet\" href=\"/assets/index-a4f6c957.css\">\n</head>\n\n<body>\n  <noscript>Wanna write ur own UI without js?! Go ahead, don't disturb others</noscript>\n  <div id=\"root\"></div>\n\n  \n</body>\n\n</html>\n" loading=false stripedRows=""  ... > 
  at <OrdersView onVnodeUnmounted=fn<onVnodeUnmounted> ref=Ref< Proxy(Object) > > 
  at <RouterView> 
  at <AppLayout onVnodeUnmounted=fn<onVnodeUnmounted> ref=Ref< Proxy(Object) > > 
  at <RouterView> 
  at <App> @ http://localhost:5277/node_modules/@vue/runtime-core/dist/runtime-core.esm-bundler.js:49
[   51787ms] [WARNING] [Vue warn]: Invalid prop: type check failed for prop "rowData". Expected Object, got String with value "h". 
  at <BodyCell key="source" rowData="h" column= {__v_isVNode: true, __v_skip: true, type: Object, props: Object, key: null}  ... > 
  at <BodyRow key=undefined rowData="h" index=10  ... > 
  at <TableBody ref="bodyRef" value="<!DOCTYPE html>\n<htm" class=""  ... > 
  at <VirtualScroller ref="virtualScroller" items="<!DOCTYPE html>\n<html lang=\"en\">\n\n<head>\n  <meta charset=\"utf-8\" />\n  <meta name=\"viewport\" content=\"width=device-width, initial-scale=1\" />\n  <meta name=\"theme-color\" content=\"#000000\" />\n  <link rel=\"shortcut icon\" type=\"image/ico\" href=\"/assets/favicon-bc234827.ico\" />\n  <link href=\"https://fonts.googleapis.com/css?family=Roboto:300,400,500\" rel=\"stylesheet\" />\n  <title>Pentaract UI</title>\n\n  <style>\n    *,\n    html {\n      margin: 0;\n      padding: 0;\n    }\n  </style>\n  <script type=\"module\" crossorigin src=\"/assets/index-58b24b54.js\"></script>\n  <link rel=\"stylesheet\" href=\"/assets/index-a4f6c957.css\">\n</head>\n\n<body>\n  <noscript>Wanna write ur own UI without js?! Go ahead, don't disturb others</noscript>\n  <div id=\"root\"></div>\n\n  \n</body>\n\n</html>\n" columns= [Object, Object, Object, Object, Object, Object]  ... > 
  at <DataTable value="<!DOCTYPE html>\n<html lang=\"en\">\n\n<head>\n  <meta charset=\"utf-8\" />\n  <meta name=\"viewport\" content=\"width=device-width, initial-scale=1\" />\n  <meta name=\"theme-color\" content=\"#000000\" />\n  <link rel=\"shortcut icon\" type=\"image/ico\" href=\"/assets/favicon-bc234827.ico\" />\n  <link href=\"https://fonts.googleapis.com/css?family=Roboto:300,400,500\" rel=\"stylesheet\" />\n  <title>Pentaract UI</title>\n\n  <style>\n    *,\n    html {\n      margin: 0;\n      padding: 0;\n    }\n  </style>\n  <script type=\"module\" crossorigin src=\"/assets/index-58b24b54.js\"></script>\n  <link rel=\"stylesheet\" href=\"/assets/index-a4f6c957.css\">\n</head>\n\n<body>\n  <noscript>Wanna write ur own UI without js?! Go ahead, don't disturb others</noscript>\n  <div id=\"root\"></div>\n\n  \n</body>\n\n</html>\n" loading=false stripedRows=""  ... > 
  at <OrdersView onVnodeUnmounted=fn<onVnodeUnmounted> ref=Ref< Proxy(Object) > > 
  at <RouterView> 
  at <AppLayout onVnodeUnmounted=fn<onVnodeUnmounted> ref=Ref< Proxy(Object) > > 
  at <RouterView> 
  at <App> @ http://localhost:5277/node_modules/@vue/runtime-core/dist/runtime-core.esm-bundler.js:49
[   51790ms] [WARNING] [Vue warn]: Invalid prop: type check failed for prop "rowData". Expected Object, got String with value "h". 
  at <BodyCell key="status" rowData="h" column= {__v_isVNode: true, __v_skip: true, type: Object, props: Object, key: null}  ... > 
  at <BodyRow key=undefined rowData="h" index=10  ... > 
  at <TableBody ref="bodyRef" value="<!DOCTYPE html>\n<htm" class=""  ... > 
  at <VirtualScroller ref="virtualScroller" items="<!DOCTYPE html>\n<html lang=\"en\">\n\n<head>\n  <meta charset=\"utf-8\" />\n  <meta name=\"viewport\" content=\"width=device-width, initial-scale=1\" />\n  <meta name=\"theme-color\" content=\"#000000\" />\n  <link rel=\"shortcut icon\" type=\"image/ico\" href=\"/assets/favicon-bc234827.ico\" />\n  <link href=\"https://fonts.googleapis.com/css?family=Roboto:300,400,500\" rel=\"stylesheet\" />\n  <title>Pentaract UI</title>\n\n  <style>\n    *,\n    html {\n      margin: 0;\n      padding: 0;\n    }\n  </style>\n  <script type=\"module\" crossorigin src=\"/assets/index-58b24b54.js\"></script>\n  <link rel=\"stylesheet\" href=\"/assets/index-a4f6c957.css\">\n</head>\n\n<body>\n  <noscript>Wanna write ur own UI without js?! Go ahead, don't disturb others</noscript>\n  <div id=\"root\"></div>\n\n  \n</body>\n\n</html>\n" columns= [Object, Object, Object, Object, Object, Object]  ... > 
  at <DataTable value="<!DOCTYPE html>\n<html lang=\"en\">\n\n<head>\n  <meta charset=\"utf-8\" />\n  <meta name=\"viewport\" content=\"width=device-width, initial-scale=1\" />\n  <meta name=\"theme-color\" content=\"#000000\" />\n  <link rel=\"shortcut icon\" type=\"image/ico\" href=\"/assets/favicon-bc234827.ico\" />\n  <link href=\"https://fonts.googleapis.com/css?family=Roboto:300,400,500\" rel=\"stylesheet\" />\n  <title>Pentaract UI</title>\n\n  <style>\n    *,\n    html {\n      margin: 0;\n      padding: 0;\n    }\n  </style>\n  <script type=\"module\" crossorigin src=\"/assets/index-58b24b54.js\"></script>\n  <link rel=\"stylesheet\" href=\"/assets/index-a4f6c957.css\">\n</head>\n\n<body>\n  <noscript>Wanna write ur own UI without js?! Go ahead, don't disturb others</noscript>\n  <div id=\"root\"></div>\n\n  \n</body>\n\n</html>\n" loading=false stripedRows=""  ... > 
  at <OrdersView onVnodeUnmounted=fn<onVnodeUnmounted> ref=Ref< Proxy(Object) > > 
  at <RouterView> 
  at <AppLayout onVnodeUnmounted=fn<onVnodeUnmounted> ref=Ref< Proxy(Object) > > 
  at <RouterView> 
  at <App> @ http://localhost:5277/node_modules/@vue/runtime-core/dist/runtime-core.esm-bundler.js:49
[   51794ms] [WARNING] [Vue warn]: Invalid prop: type check failed for prop "rowData". Expected Object, got String with value "h". 
  at <BodyCell key="created_at" rowData="h" column= {__v_isVNode: true, __v_skip: true, type: Object, props: Object, key: null}  ... > 
  at <BodyRow key=undefined rowData="h" index=10  ... > 
  at <TableBody ref="bodyRef" value="<!DOCTYPE html>\n<htm" class=""  ... > 
  at <VirtualScroller ref="virtualScroller" items="<!DOCTYPE html>\n<html lang=\"en\">\n\n<head>\n  <meta charset=\"utf-8\" />\n  <meta name=\"viewport\" content=\"width=device-width, initial-scale=1\" />\n  <meta name=\"theme-color\" content=\"#000000\" />\n  <link rel=\"shortcut icon\" type=\"image/ico\" href=\"/assets/favicon-bc234827.ico\" />\n  <link href=\"https://fonts.googleapis.com/css?family=Roboto:300,400,500\" rel=\"stylesheet\" />\n  <title>Pentaract UI</title>\n\n  <style>\n    *,\n    html {\n      margin: 0;\n      padding: 0;\n    }\n  </style>\n  <script type=\"module\" crossorigin src=\"/assets/index-58b24b54.js\"></script>\n  <link rel=\"stylesheet\" href=\"/assets/index-a4f6c957.css\">\n</head>\n\n<body>\n  <noscript>Wanna write ur own UI without js?! Go ahead, don't disturb others</noscript>\n  <div id=\"root\"></div>\n\n  \n</body>\n\n</html>\n" columns= [Object, Object, Object, Object, Object, Object]  ... > 
  at <DataTable value="<!DOCTYPE html>\n<html lang=\"en\">\n\n<head>\n  <meta charset=\"utf-8\" />\n  <meta name=\"viewport\" content=\"width=device-width, initial-scale=1\" />\n  <meta name=\"theme-color\" content=\"#000000\" />\n  <link rel=\"shortcut icon\" type=\"image/ico\" href=\"/assets/favicon-bc234827.ico\" />\n  <link href=\"https://fonts.googleapis.com/css?family=Roboto:300,400,500\" rel=\"stylesheet\" />\n  <title>Pentaract UI</title>\n\n  <style>\n    *,\n    html {\n      margin: 0;\n      padding: 0;\n    }\n  </style>\n  <script type=\"module\" crossorigin src=\"/assets/index-58b24b54.js\"></script>\n  <link rel=\"stylesheet\" href=\"/assets/index-a4f6c957.css\">\n</head>\n\n<body>\n  <noscript>Wanna write ur own UI without js?! Go ahead, don't disturb others</noscript>\n  <div id=\"root\"></div>\n\n  \n</body>\n\n</html>\n" loading=false stripedRows=""  ... > 
  at <OrdersView onVnodeUnmounted=fn<onVnodeUnmounted> ref=Ref< Proxy(Object) > > 
  at <RouterView> 
  at <AppLayout onVnodeUnmounted=fn<onVnodeUnmounted> ref=Ref< Proxy(Object) > > 
  at <RouterView> 
  at <App> @ http://localhost:5277/node_modules/@vue/runtime-core/dist/runtime-core.esm-bundler.js:49
[   51796ms] [WARNING] [Vue warn]: Invalid prop: type check failed for prop "rowData". Expected Object, got String with value "h". 
  at <BodyCell key=5 rowData="h" column= {__v_isVNode: true, __v_skip: true, type: Object, props: Object, key: null}  ... > 
  at <BodyRow key=undefined rowData="h" index=10  ... > 
  at <TableBody ref="bodyRef" value="<!DOCTYPE html>\n<htm" class=""  ... > 
  at <VirtualScroller ref="virtualScroller" items="<!DOCTYPE html>\n<html lang=\"en\">\n\n<head>\n  <meta charset=\"utf-8\" />\n  <meta name=\"viewport\" content=\"width=device-width, initial-scale=1\" />\n  <meta name=\"theme-color\" content=\"#000000\" />\n  <link rel=\"shortcut icon\" type=\"image/ico\" href=\"/assets/favicon-bc234827.ico\" />\n  <link href=\"https://fonts.googleapis.com/css?family=Roboto:300,400,500\" rel=\"stylesheet\" />\n  <title>Pentaract UI</title>\n\n  <style>\n    *,\n    html {\n      margin: 0;\n      padding: 0;\n    }\n  </style>\n  <script type=\"module\" crossorigin src=\"/assets/index-58b24b54.js\"></script>\n  <link rel=\"stylesheet\" href=\"/assets/index-a4f6c957.css\">\n</head>\n\n<body>\n  <noscript>Wanna write ur own UI without js?! Go ahead, don't disturb others</noscript>\n  <div id=\"root\"></div>\n\n  \n</body>\n\n</html>\n" columns= [Object, Object, Object, Object, Object, Object]  ... > 
  at <DataTable value="<!DOCTYPE html>\n<html lang=\"en\">\n\n<head>\n  <meta charset=\"utf-8\" />\n  <meta name=\"viewport\" content=\"width=device-width, initial-scale=1\" />\n  <meta name=\"theme-color\" content=\"#000000\" />\n  <link rel=\"shortcut icon\" type=\"image/ico\" href=\"/assets/favicon-bc234827.ico\" />\n  <link href=\"https://fonts.googleapis.com/css?family=Roboto:300,400,500\" rel=\"stylesheet\" />\n  <title>Pentaract UI</title>\n\n  <style>\n    *,\n    html {\n      margin: 0;\n      padding: 0;\n    }\n  </style>\n  <script type=\"module\" crossorigin src=\"/assets/index-58b24b54.js\"></script>\n  <link rel=\"stylesheet\" href=\"/assets/index-a4f6c957.css\">\n</head>\n\n<body>\n  <noscript>Wanna write ur own UI without js?! Go ahead, don't disturb others</noscript>\n  <div id=\"root\"></div>\n\n  \n</body>\n\n</html>\n" loading=false stripedRows=""  ... > 
  at <OrdersView onVnodeUnmounted=fn<onVnodeUnmounted> ref=Ref< Proxy(Object) > > 
  at <RouterView> 
  at <AppLayout onVnodeUnmounted=fn<onVnodeUnmounted> ref=Ref< Proxy(Object) > > 
  at <RouterView> 
  at <App> @ http://localhost:5277/node_modules/@vue/runtime-core/dist/runtime-core.esm-bundler.js:49
[   51801ms] [WARNING] [Vue warn]: Invalid prop: type check failed for prop "rowData". Expected Object, got String with value "t". 
  at <BodyRow key=undefined rowData="t" index=11  ... > 
  at <TableBody ref="bodyRef" value="<!DOCTYPE html>\n<htm" class=""  ... > 
  at <VirtualScroller ref="virtualScroller" items="<!DOCTYPE html>\n<html lang=\"en\">\n\n<head>\n  <meta charset=\"utf-8\" />\n  <meta name=\"viewport\" content=\"width=device-width, initial-scale=1\" />\n  <meta name=\"theme-color\" content=\"#000000\" />\n  <link rel=\"shortcut icon\" type=\"image/ico\" href=\"/assets/favicon-bc234827.ico\" />\n  <link href=\"https://fonts.googleapis.com/css?family=Roboto:300,400,500\" rel=\"stylesheet\" />\n  <title>Pentaract UI</title>\n\n  <style>\n    *,\n    html {\n      margin: 0;\n      padding: 0;\n    }\n  </style>\n  <script type=\"module\" crossorigin src=\"/assets/index-58b24b54.js\"></script>\n  <link rel=\"stylesheet\" href=\"/assets/index-a4f6c957.css\">\n</head>\n\n<body>\n  <noscript>Wanna write ur own UI without js?! Go ahead, don't disturb others</noscript>\n  <div id=\"root\"></div>\n\n  \n</body>\n\n</html>\n" columns= [Object, Object, Object, Object, Object, Object]  ... > 
  at <DataTable value="<!DOCTYPE html>\n<html lang=\"en\">\n\n<head>\n  <meta charset=\"utf-8\" />\n  <meta name=\"viewport\" content=\"width=device-width, initial-scale=1\" />\n  <meta name=\"theme-color\" content=\"#000000\" />\n  <link rel=\"shortcut icon\" type=\"image/ico\" href=\"/assets/favicon-bc234827.ico\" />\n  <link href=\"https://fonts.googleapis.com/css?family=Roboto:300,400,500\" rel=\"stylesheet\" />\n  <title>Pentaract UI</title>\n\n  <style>\n    *,\n    html {\n      margin: 0;\n      padding: 0;\n    }\n  </style>\n  <script type=\"module\" crossorigin src=\"/assets/index-58b24b54.js\"></script>\n  <link rel=\"stylesheet\" href=\"/assets/index-a4f6c957.css\">\n</head>\n\n<body>\n  <noscript>Wanna write ur own UI without js?! Go ahead, don't disturb others</noscript>\n  <div id=\"root\"></div>\n\n  \n</body>\n\n</html>\n" loading=false stripedRows=""  ... > 
  at <OrdersView onVnodeUnmounted=fn<onVnodeUnmounted> ref=Ref< Proxy(Object) > > 
  at <RouterView> 
  at <AppLayout onVnodeUnmounted=fn<onVnodeUnmounted> ref=Ref< Proxy(Object) > > 
  at <RouterView> 
  at <App> @ http://localhost:5277/node_modules/@vue/runtime-core/dist/runtime-core.esm-bundler.js:49
[   51803ms] [WARNING] [Vue warn]: Invalid prop: type check failed for prop "value". Expected Array, got String with value "<!DOCTYPE html>
<htm". 
  at <BodyRow key=undefined rowData="t" index=11  ... > 
  at <TableBody ref="bodyRef" value="<!DOCTYPE html>\n<htm" class=""  ... > 
  at <VirtualScroller ref="virtualScroller" items="<!DOCTYPE html>\n<html lang=\"en\">\n\n<head>\n  <meta charset=\"utf-8\" />\n  <meta name=\"viewport\" content=\"width=device-width, initial-scale=1\" />\n  <meta name=\"theme-color\" content=\"#000000\" />\n  <link rel=\"shortcut icon\" type=\"image/ico\" href=\"/assets/favicon-bc234827.ico\" />\n  <link href=\"https://fonts.googleapis.com/css?family=Roboto:300,400,500\" rel=\"stylesheet\" />\n  <title>Pentaract UI</title>\n\n  <style>\n    *,\n    html {\n      margin: 0;\n      padding: 0;\n    }\n  </style>\n  <script type=\"module\" crossorigin src=\"/assets/index-58b24b54.js\"></script>\n  <link rel=\"stylesheet\" href=\"/assets/index-a4f6c957.css\">\n</head>\n\n<body>\n  <noscript>Wanna write ur own UI without js?! Go ahead, don't disturb others</noscript>\n  <div id=\"root\"></div>\n\n  \n</body>\n\n</html>\n" columns= [Object, Object, Object, Object, Object, Object]  ... > 
  at <DataTable value="<!DOCTYPE html>\n<html lang=\"en\">\n\n<head>\n  <meta charset=\"utf-8\" />\n  <meta name=\"viewport\" content=\"width=device-width, initial-scale=1\" />\n  <meta name=\"theme-color\" content=\"#000000\" />\n  <link rel=\"shortcut icon\" type=\"image/ico\" href=\"/assets/favicon-bc234827.ico\" />\n  <link href=\"https://fonts.googleapis.com/css?family=Roboto:300,400,500\" rel=\"stylesheet\" />\n  <title>Pentaract UI</title>\n\n  <style>\n    *,\n    html {\n      margin: 0;\n      padding: 0;\n    }\n  </style>\n  <script type=\"module\" crossorigin src=\"/assets/index-58b24b54.js\"></script>\n  <link rel=\"stylesheet\" href=\"/assets/index-a4f6c957.css\">\n</head>\n\n<body>\n  <noscript>Wanna write ur own UI without js?! Go ahead, don't disturb others</noscript>\n  <div id=\"root\"></div>\n\n  \n</body>\n\n</html>\n" loading=false stripedRows=""  ... > 
  at <OrdersView onVnodeUnmounted=fn<onVnodeUnmounted> ref=Ref< Proxy(Object) > > 
  at <RouterView> 
  at <AppLayout onVnodeUnmounted=fn<onVnodeUnmounted> ref=Ref< Proxy(Object) > > 
  at <RouterView> 
  at <App> @ http://localhost:5277/node_modules/@vue/runtime-core/dist/runtime-core.esm-bundler.js:49
[   51806ms] [WARNING] [Vue warn]: Invalid prop: type check failed for prop "rowData". Expected Object, got String with value "t". 
  at <BodyCell key="id" rowData="t" column= {__v_isVNode: true, __v_skip: true, type: Object, props: Object, key: null}  ... > 
  at <BodyRow key=undefined rowData="t" index=11  ... > 
  at <TableBody ref="bodyRef" value="<!DOCTYPE html>\n<htm" class=""  ... > 
  at <VirtualScroller ref="virtualScroller" items="<!DOCTYPE html>\n<html lang=\"en\">\n\n<head>\n  <meta charset=\"utf-8\" />\n  <meta name=\"viewport\" content=\"width=device-width, initial-scale=1\" />\n  <meta name=\"theme-color\" content=\"#000000\" />\n  <link rel=\"shortcut icon\" type=\"image/ico\" href=\"/assets/favicon-bc234827.ico\" />\n  <link href=\"https://fonts.googleapis.com/css?family=Roboto:300,400,500\" rel=\"stylesheet\" />\n  <title>Pentaract UI</title>\n\n  <style>\n    *,\n    html {\n      margin: 0;\n      padding: 0;\n    }\n  </style>\n  <script type=\"module\" crossorigin src=\"/assets/index-58b24b54.js\"></script>\n  <link rel=\"stylesheet\" href=\"/assets/index-a4f6c957.css\">\n</head>\n\n<body>\n  <noscript>Wanna write ur own UI without js?! Go ahead, don't disturb others</noscript>\n  <div id=\"root\"></div>\n\n  \n</body>\n\n</html>\n" columns= [Object, Object, Object, Object, Object, Object]  ... > 
  at <DataTable value="<!DOCTYPE html>\n<html lang=\"en\">\n\n<head>\n  <meta charset=\"utf-8\" />\n  <meta name=\"viewport\" content=\"width=device-width, initial-scale=1\" />\n  <meta name=\"theme-color\" content=\"#000000\" />\n  <link rel=\"shortcut icon\" type=\"image/ico\" href=\"/assets/favicon-bc234827.ico\" />\n  <link href=\"https://fonts.googleapis.com/css?family=Roboto:300,400,500\" rel=\"stylesheet\" />\n  <title>Pentaract UI</title>\n\n  <style>\n    *,\n    html {\n      margin: 0;\n      padding: 0;\n    }\n  </style>\n  <script type=\"module\" crossorigin src=\"/assets/index-58b24b54.js\"></script>\n  <link rel=\"stylesheet\" href=\"/assets/index-a4f6c957.css\">\n</head>\n\n<body>\n  <noscript>Wanna write ur own UI without js?! Go ahead, don't disturb others</noscript>\n  <div id=\"root\"></div>\n\n  \n</body>\n\n</html>\n" loading=false stripedRows=""  ... > 
  at <OrdersView onVnodeUnmounted=fn<onVnodeUnmounted> ref=Ref< Proxy(Object) > > 
  at <RouterView> 
  at <AppLayout onVnodeUnmounted=fn<onVnodeUnmounted> ref=Ref< Proxy(Object) > > 
  at <RouterView> 
  at <App> @ http://localhost:5277/node_modules/@vue/runtime-core/dist/runtime-core.esm-bundler.js:49
[   51810ms] [WARNING] [Vue warn]: Invalid prop: type check failed for prop "rowData". Expected Object, got String with value "t". 
  at <BodyCell key="client_id" rowData="t" column= {__v_isVNode: true, __v_skip: true, type: Object, props: Object, key: null}  ... > 
  at <BodyRow key=undefined rowData="t" index=11  ... > 
  at <TableBody ref="bodyRef" value="<!DOCTYPE html>\n<htm" class=""  ... > 
  at <VirtualScroller ref="virtualScroller" items="<!DOCTYPE html>\n<html lang=\"en\">\n\n<head>\n  <meta charset=\"utf-8\" />\n  <meta name=\"viewport\" content=\"width=device-width, initial-scale=1\" />\n  <meta name=\"theme-color\" content=\"#000000\" />\n  <link rel=\"shortcut icon\" type=\"image/ico\" href=\"/assets/favicon-bc234827.ico\" />\n  <link href=\"https://fonts.googleapis.com/css?family=Roboto:300,400,500\" rel=\"stylesheet\" />\n  <title>Pentaract UI</title>\n\n  <style>\n    *,\n    html {\n      margin: 0;\n      padding: 0;\n    }\n  </style>\n  <script type=\"module\" crossorigin src=\"/assets/index-58b24b54.js\"></script>\n  <link rel=\"stylesheet\" href=\"/assets/index-a4f6c957.css\">\n</head>\n\n<body>\n  <noscript>Wanna write ur own UI without js?! Go ahead, don't disturb others</noscript>\n  <div id=\"root\"></div>\n\n  \n</body>\n\n</html>\n" columns= [Object, Object, Object, Object, Object, Object]  ... > 
  at <DataTable value="<!DOCTYPE html>\n<html lang=\"en\">\n\n<head>\n  <meta charset=\"utf-8\" />\n  <meta name=\"viewport\" content=\"width=device-width, initial-scale=1\" />\n  <meta name=\"theme-color\" content=\"#000000\" />\n  <link rel=\"shortcut icon\" type=\"image/ico\" href=\"/assets/favicon-bc234827.ico\" />\n  <link href=\"https://fonts.googleapis.com/css?family=Roboto:300,400,500\" rel=\"stylesheet\" />\n  <title>Pentaract UI</title>\n\n  <style>\n    *,\n    html {\n      margin: 0;\n      padding: 0;\n    }\n  </style>\n  <script type=\"module\" crossorigin src=\"/assets/index-58b24b54.js\"></script>\n  <link rel=\"stylesheet\" href=\"/assets/index-a4f6c957.css\">\n</head>\n\n<body>\n  <noscript>Wanna write ur own UI without js?! Go ahead, don't disturb others</noscript>\n  <div id=\"root\"></div>\n\n  \n</body>\n\n</html>\n" loading=false stripedRows=""  ... > 
  at <OrdersView onVnodeUnmounted=fn<onVnodeUnmounted> ref=Ref< Proxy(Object) > > 
  at <RouterView> 
  at <AppLayout onVnodeUnmounted=fn<onVnodeUnmounted> ref=Ref< Proxy(Object) > > 
  at <RouterView> 
  at <App> @ http://localhost:5277/node_modules/@vue/runtime-core/dist/runtime-core.esm-bundler.js:49
[   51813ms] [WARNING] [Vue warn]: Invalid prop: type check failed for prop "rowData". Expected Object, got String with value "t". 
  at <BodyCell key="source" rowData="t" column= {__v_isVNode: true, __v_skip: true, type: Object, props: Object, key: null}  ... > 
  at <BodyRow key=undefined rowData="t" index=11  ... > 
  at <TableBody ref="bodyRef" value="<!DOCTYPE html>\n<htm" class=""  ... > 
  at <VirtualScroller ref="virtualScroller" items="<!DOCTYPE html>\n<html lang=\"en\">\n\n<head>\n  <meta charset=\"utf-8\" />\n  <meta name=\"viewport\" content=\"width=device-width, initial-scale=1\" />\n  <meta name=\"theme-color\" content=\"#000000\" />\n  <link rel=\"shortcut icon\" type=\"image/ico\" href=\"/assets/favicon-bc234827.ico\" />\n  <link href=\"https://fonts.googleapis.com/css?family=Roboto:300,400,500\" rel=\"stylesheet\" />\n  <title>Pentaract UI</title>\n\n  <style>\n    *,\n    html {\n      margin: 0;\n      padding: 0;\n    }\n  </style>\n  <script type=\"module\" crossorigin src=\"/assets/index-58b24b54.js\"></script>\n  <link rel=\"stylesheet\" href=\"/assets/index-a4f6c957.css\">\n</head>\n\n<body>\n  <noscript>Wanna write ur own UI without js?! Go ahead, don't disturb others</noscript>\n  <div id=\"root\"></div>\n\n  \n</body>\n\n</html>\n" columns= [Object, Object, Object, Object, Object, Object]  ... > 
  at <DataTable value="<!DOCTYPE html>\n<html lang=\"en\">\n\n<head>\n  <meta charset=\"utf-8\" />\n  <meta name=\"viewport\" content=\"width=device-width, initial-scale=1\" />\n  <meta name=\"theme-color\" content=\"#000000\" />\n  <link rel=\"shortcut icon\" type=\"image/ico\" href=\"/assets/favicon-bc234827.ico\" />\n  <link href=\"https://fonts.googleapis.com/css?family=Roboto:300,400,500\" rel=\"stylesheet\" />\n  <title>Pentaract UI</title>\n\n  <style>\n    *,\n    html {\n      margin: 0;\n      padding: 0;\n    }\n  </style>\n  <script type=\"module\" crossorigin src=\"/assets/index-58b24b54.js\"></script>\n  <link rel=\"stylesheet\" href=\"/assets/index-a4f6c957.css\">\n</head>\n\n<body>\n  <noscript>Wanna write ur own UI without js?! Go ahead, don't disturb others</noscript>\n  <div id=\"root\"></div>\n\n  \n</body>\n\n</html>\n" loading=false stripedRows=""  ... > 
  at <OrdersView onVnodeUnmounted=fn<onVnodeUnmounted> ref=Ref< Proxy(Object) > > 
  at <RouterView> 
  at <AppLayout onVnodeUnmounted=fn<onVnodeUnmounted> ref=Ref< Proxy(Object) > > 
  at <RouterView> 
  at <App> @ http://localhost:5277/node_modules/@vue/runtime-core/dist/runtime-core.esm-bundler.js:49
[   51817ms] [WARNING] [Vue warn]: Invalid prop: type check failed for prop "rowData". Expected Object, got String with value "t". 
  at <BodyCell key="status" rowData="t" column= {__v_isVNode: true, __v_skip: true, type: Object, props: Object, key: null}  ... > 
  at <BodyRow key=undefined rowData="t" index=11  ... > 
  at <TableBody ref="bodyRef" value="<!DOCTYPE html>\n<htm" class=""  ... > 
  at <VirtualScroller ref="virtualScroller" items="<!DOCTYPE html>\n<html lang=\"en\">\n\n<head>\n  <meta charset=\"utf-8\" />\n  <meta name=\"viewport\" content=\"width=device-width, initial-scale=1\" />\n  <meta name=\"theme-color\" content=\"#000000\" />\n  <link rel=\"shortcut icon\" type=\"image/ico\" href=\"/assets/favicon-bc234827.ico\" />\n  <link href=\"https://fonts.googleapis.com/css?family=Roboto:300,400,500\" rel=\"stylesheet\" />\n  <title>Pentaract UI</title>\n\n  <style>\n    *,\n    html {\n      margin: 0;\n      padding: 0;\n    }\n  </style>\n  <script type=\"module\" crossorigin src=\"/assets/index-58b24b54.js\"></script>\n  <link rel=\"stylesheet\" href=\"/assets/index-a4f6c957.css\">\n</head>\n\n<body>\n  <noscript>Wanna write ur own UI without js?! Go ahead, don't disturb others</noscript>\n  <div id=\"root\"></div>\n\n  \n</body>\n\n</html>\n" columns= [Object, Object, Object, Object, Object, Object]  ... > 
  at <DataTable value="<!DOCTYPE html>\n<html lang=\"en\">\n\n<head>\n  <meta charset=\"utf-8\" />\n  <meta name=\"viewport\" content=\"width=device-width, initial-scale=1\" />\n  <meta name=\"theme-color\" content=\"#000000\" />\n  <link rel=\"shortcut icon\" type=\"image/ico\" href=\"/assets/favicon-bc234827.ico\" />\n  <link href=\"https://fonts.googleapis.com/css?family=Roboto:300,400,500\" rel=\"stylesheet\" />\n  <title>Pentaract UI</title>\n\n  <style>\n    *,\n    html {\n      margin: 0;\n      padding: 0;\n    }\n  </style>\n  <script type=\"module\" crossorigin src=\"/assets/index-58b24b54.js\"></script>\n  <link rel=\"stylesheet\" href=\"/assets/index-a4f6c957.css\">\n</head>\n\n<body>\n  <noscript>Wanna write ur own UI without js?! Go ahead, don't disturb others</noscript>\n  <div id=\"root\"></div>\n\n  \n</body>\n\n</html>\n" loading=false stripedRows=""  ... > 
  at <OrdersView onVnodeUnmounted=fn<onVnodeUnmounted> ref=Ref< Proxy(Object) > > 
  at <RouterView> 
  at <AppLayout onVnodeUnmounted=fn<onVnodeUnmounted> ref=Ref< Proxy(Object) > > 
  at <RouterView> 
  at <App> @ http://localhost:5277/node_modules/@vue/runtime-core/dist/runtime-core.esm-bundler.js:49
[   51820ms] [WARNING] [Vue warn]: Invalid prop: type check failed for prop "rowData". Expected Object, got String with value "t". 
  at <BodyCell key="created_at" rowData="t" column= {__v_isVNode: true, __v_skip: true, type: Object, props: Object, key: null}  ... > 
  at <BodyRow key=undefined rowData="t" index=11  ... > 
  at <TableBody ref="bodyRef" value="<!DOCTYPE html>\n<htm" class=""  ... > 
  at <VirtualScroller ref="virtualScroller" items="<!DOCTYPE html>\n<html lang=\"en\">\n\n<head>\n  <meta charset=\"utf-8\" />\n  <meta name=\"viewport\" content=\"width=device-width, initial-scale=1\" />\n  <meta name=\"theme-color\" content=\"#000000\" />\n  <link rel=\"shortcut icon\" type=\"image/ico\" href=\"/assets/favicon-bc234827.ico\" />\n  <link href=\"https://fonts.googleapis.com/css?family=Roboto:300,400,500\" rel=\"stylesheet\" />\n  <title>Pentaract UI</title>\n\n  <style>\n    *,\n    html {\n      margin: 0;\n      padding: 0;\n    }\n  </style>\n  <script type=\"module\" crossorigin src=\"/assets/index-58b24b54.js\"></script>\n  <link rel=\"stylesheet\" href=\"/assets/index-a4f6c957.css\">\n</head>\n\n<body>\n  <noscript>Wanna write ur own UI without js?! Go ahead, don't disturb others</noscript>\n  <div id=\"root\"></div>\n\n  \n</body>\n\n</html>\n" columns= [Object, Object, Object, Object, Object, Object]  ... > 
  at <DataTable value="<!DOCTYPE html>\n<html lang=\"en\">\n\n<head>\n  <meta charset=\"utf-8\" />\n  <meta name=\"viewport\" content=\"width=device-width, initial-scale=1\" />\n  <meta name=\"theme-color\" content=\"#000000\" />\n  <link rel=\"shortcut icon\" type=\"image/ico\" href=\"/assets/favicon-bc234827.ico\" />\n  <link href=\"https://fonts.googleapis.com/css?family=Roboto:300,400,500\" rel=\"stylesheet\" />\n  <title>Pentaract UI</title>\n\n  <style>\n    *,\n    html {\n      margin: 0;\n      padding: 0;\n    }\n  </style>\n  <script type=\"module\" crossorigin src=\"/assets/index-58b24b54.js\"></script>\n  <link rel=\"stylesheet\" href=\"/assets/index-a4f6c957.css\">\n</head>\n\n<body>\n  <noscript>Wanna write ur own UI without js?! Go ahead, don't disturb others</noscript>\n  <div id=\"root\"></div>\n\n  \n</body>\n\n</html>\n" loading=false stripedRows=""  ... > 
  at <OrdersView onVnodeUnmounted=fn<onVnodeUnmounted> ref=Ref< Proxy(Object) > > 
  at <RouterView> 
  at <AppLayout onVnodeUnmounted=fn<onVnodeUnmounted> ref=Ref< Proxy(Object) > > 
  at <RouterView> 
  at <App> @ http://localhost:5277/node_modules/@vue/runtime-core/dist/runtime-core.esm-bundler.js:49
[   51823ms] [WARNING] [Vue warn]: Invalid prop: type check failed for prop "rowData". Expected Object, got String with value "t". 
  at <BodyCell key=5 rowData="t" column= {__v_isVNode: true, __v_skip: true, type: Object, props: Object, key: null}  ... > 
  at <BodyRow key=undefined rowData="t" index=11  ... > 
  at <TableBody ref="bodyRef" value="<!DOCTYPE html>\n<htm" class=""  ... > 
  at <VirtualScroller ref="virtualScroller" items="<!DOCTYPE html>\n<html lang=\"en\">\n\n<head>\n  <meta charset=\"utf-8\" />\n  <meta name=\"viewport\" content=\"width=device-width, initial-scale=1\" />\n  <meta name=\"theme-color\" content=\"#000000\" />\n  <link rel=\"shortcut icon\" type=\"image/ico\" href=\"/assets/favicon-bc234827.ico\" />\n  <link href=\"https://fonts.googleapis.com/css?family=Roboto:300,400,500\" rel=\"stylesheet\" />\n  <title>Pentaract UI</title>\n\n  <style>\n    *,\n    html {\n      margin: 0;\n      padding: 0;\n    }\n  </style>\n  <script type=\"module\" crossorigin src=\"/assets/index-58b24b54.js\"></script>\n  <link rel=\"stylesheet\" href=\"/assets/index-a4f6c957.css\">\n</head>\n\n<body>\n  <noscript>Wanna write ur own UI without js?! Go ahead, don't disturb others</noscript>\n  <div id=\"root\"></div>\n\n  \n</body>\n\n</html>\n" columns= [Object, Object, Object, Object, Object, Object]  ... > 
  at <DataTable value="<!DOCTYPE html>\n<html lang=\"en\">\n\n<head>\n  <meta charset=\"utf-8\" />\n  <meta name=\"viewport\" content=\"width=device-width, initial-scale=1\" />\n  <meta name=\"theme-color\" content=\"#000000\" />\n  <link rel=\"shortcut icon\" type=\"image/ico\" href=\"/assets/favicon-bc234827.ico\" />\n  <link href=\"https://fonts.googleapis.com/css?family=Roboto:300,400,500\" rel=\"stylesheet\" />\n  <title>Pentaract UI</title>\n\n  <style>\n    *,\n    html {\n      margin: 0;\n      padding: 0;\n    }\n  </style>\n  <script type=\"module\" crossorigin src=\"/assets/index-58b24b54.js\"></script>\n  <link rel=\"stylesheet\" href=\"/assets/index-a4f6c957.css\">\n</head>\n\n<body>\n  <noscript>Wanna write ur own UI without js?! Go ahead, don't disturb others</noscript>\n  <div id=\"root\"></div>\n\n  \n</body>\n\n</html>\n" loading=false stripedRows=""  ... > 
  at <OrdersView onVnodeUnmounted=fn<onVnodeUnmounted> ref=Ref< Proxy(Object) > > 
  at <RouterView> 
  at <AppLayout onVnodeUnmounted=fn<onVnodeUnmounted> ref=Ref< Proxy(Object) > > 
  at <RouterView> 
  at <App> @ http://localhost:5277/node_modules/@vue/runtime-core/dist/runtime-core.esm-bundler.js:49
[   51828ms] [WARNING] [Vue warn]: Invalid prop: type check failed for prop "rowData". Expected Object, got String with value "m". 
  at <BodyRow key=undefined rowData="m" index=12  ... > 
  at <TableBody ref="bodyRef" value="<!DOCTYPE html>\n<htm" class=""  ... > 
  at <VirtualScroller ref="virtualScroller" items="<!DOCTYPE html>\n<html lang=\"en\">\n\n<head>\n  <meta charset=\"utf-8\" />\n  <meta name=\"viewport\" content=\"width=device-width, initial-scale=1\" />\n  <meta name=\"theme-color\" content=\"#000000\" />\n  <link rel=\"shortcut icon\" type=\"image/ico\" href=\"/assets/favicon-bc234827.ico\" />\n  <link href=\"https://fonts.googleapis.com/css?family=Roboto:300,400,500\" rel=\"stylesheet\" />\n  <title>Pentaract UI</title>\n\n  <style>\n    *,\n    html {\n      margin: 0;\n      padding: 0;\n    }\n  </style>\n  <script type=\"module\" crossorigin src=\"/assets/index-58b24b54.js\"></script>\n  <link rel=\"stylesheet\" href=\"/assets/index-a4f6c957.css\">\n</head>\n\n<body>\n  <noscript>Wanna write ur own UI without js?! Go ahead, don't disturb others</noscript>\n  <div id=\"root\"></div>\n\n  \n</body>\n\n</html>\n" columns= [Object, Object, Object, Object, Object, Object]  ... > 
  at <DataTable value="<!DOCTYPE html>\n<html lang=\"en\">\n\n<head>\n  <meta charset=\"utf-8\" />\n  <meta name=\"viewport\" content=\"width=device-width, initial-scale=1\" />\n  <meta name=\"theme-color\" content=\"#000000\" />\n  <link rel=\"shortcut icon\" type=\"image/ico\" href=\"/assets/favicon-bc234827.ico\" />\n  <link href=\"https://fonts.googleapis.com/css?family=Roboto:300,400,500\" rel=\"stylesheet\" />\n  <title>Pentaract UI</title>\n\n  <style>\n    *,\n    html {\n      margin: 0;\n      padding: 0;\n    }\n  </style>\n  <script type=\"module\" crossorigin src=\"/assets/index-58b24b54.js\"></script>\n  <link rel=\"stylesheet\" href=\"/assets/index-a4f6c957.css\">\n</head>\n\n<body>\n  <noscript>Wanna write ur own UI without js?! Go ahead, don't disturb others</noscript>\n  <div id=\"root\"></div>\n\n  \n</body>\n\n</html>\n" loading=false stripedRows=""  ... > 
  at <OrdersView onVnodeUnmounted=fn<onVnodeUnmounted> ref=Ref< Proxy(Object) > > 
  at <RouterView> 
  at <AppLayout onVnodeUnmounted=fn<onVnodeUnmounted> ref=Ref< Proxy(Object) > > 
  at <RouterView> 
  at <App> @ http://localhost:5277/node_modules/@vue/runtime-core/dist/runtime-core.esm-bundler.js:49
[   51829ms] [WARNING] [Vue warn]: Invalid prop: type check failed for prop "value". Expected Array, got String with value "<!DOCTYPE html>
<htm". 
  at <BodyRow key=undefined rowData="m" index=12  ... > 
  at <TableBody ref="bodyRef" value="<!DOCTYPE html>\n<htm" class=""  ... > 
  at <VirtualScroller ref="virtualScroller" items="<!DOCTYPE html>\n<html lang=\"en\">\n\n<head>\n  <meta charset=\"utf-8\" />\n  <meta name=\"viewport\" content=\"width=device-width, initial-scale=1\" />\n  <meta name=\"theme-color\" content=\"#000000\" />\n  <link rel=\"shortcut icon\" type=\"image/ico\" href=\"/assets/favicon-bc234827.ico\" />\n  <link href=\"https://fonts.googleapis.com/css?family=Roboto:300,400,500\" rel=\"stylesheet\" />\n  <title>Pentaract UI</title>\n\n  <style>\n    *,\n    html {\n      margin: 0;\n      padding: 0;\n    }\n  </style>\n  <script type=\"module\" crossorigin src=\"/assets/index-58b24b54.js\"></script>\n  <link rel=\"stylesheet\" href=\"/assets/index-a4f6c957.css\">\n</head>\n\n<body>\n  <noscript>Wanna write ur own UI without js?! Go ahead, don't disturb others</noscript>\n  <div id=\"root\"></div>\n\n  \n</body>\n\n</html>\n" columns= [Object, Object, Object, Object, Object, Object]  ... > 
  at <DataTable value="<!DOCTYPE html>\n<html lang=\"en\">\n\n<head>\n  <meta charset=\"utf-8\" />\n  <meta name=\"viewport\" content=\"width=device-width, initial-scale=1\" />\n  <meta name=\"theme-color\" content=\"#000000\" />\n  <link rel=\"shortcut icon\" type=\"image/ico\" href=\"/assets/favicon-bc234827.ico\" />\n  <link href=\"https://fonts.googleapis.com/css?family=Roboto:300,400,500\" rel=\"stylesheet\" />\n  <title>Pentaract UI</title>\n\n  <style>\n    *,\n    html {\n      margin: 0;\n      padding: 0;\n    }\n  </style>\n  <script type=\"module\" crossorigin src=\"/assets/index-58b24b54.js\"></script>\n  <link rel=\"stylesheet\" href=\"/assets/index-a4f6c957.css\">\n</head>\n\n<body>\n  <noscript>Wanna write ur own UI without js?! Go ahead, don't disturb others</noscript>\n  <div id=\"root\"></div>\n\n  \n</body>\n\n</html>\n" loading=false stripedRows=""  ... > 
  at <OrdersView onVnodeUnmounted=fn<onVnodeUnmounted> ref=Ref< Proxy(Object) > > 
  at <RouterView> 
  at <AppLayout onVnodeUnmounted=fn<onVnodeUnmounted> ref=Ref< Proxy(Object) > > 
  at <RouterView> 
  at <App> @ http://localhost:5277/node_modules/@vue/runtime-core/dist/runtime-core.esm-bundler.js:49
[   51831ms] [WARNING] [Vue warn]: Invalid prop: type check failed for prop "rowData". Expected Object, got String with value "m". 
  at <BodyCell key="id" rowData="m" column= {__v_isVNode: true, __v_skip: true, type: Object, props: Object, key: null}  ... > 
  at <BodyRow key=undefined rowData="m" index=12  ... > 
  at <TableBody ref="bodyRef" value="<!DOCTYPE html>\n<htm" class=""  ... > 
  at <VirtualScroller ref="virtualScroller" items="<!DOCTYPE html>\n<html lang=\"en\">\n\n<head>\n  <meta charset=\"utf-8\" />\n  <meta name=\"viewport\" content=\"width=device-width, initial-scale=1\" />\n  <meta name=\"theme-color\" content=\"#000000\" />\n  <link rel=\"shortcut icon\" type=\"image/ico\" href=\"/assets/favicon-bc234827.ico\" />\n  <link href=\"https://fonts.googleapis.com/css?family=Roboto:300,400,500\" rel=\"stylesheet\" />\n  <title>Pentaract UI</title>\n\n  <style>\n    *,\n    html {\n      margin: 0;\n      padding: 0;\n    }\n  </style>\n  <script type=\"module\" crossorigin src=\"/assets/index-58b24b54.js\"></script>\n  <link rel=\"stylesheet\" href=\"/assets/index-a4f6c957.css\">\n</head>\n\n<body>\n  <noscript>Wanna write ur own UI without js?! Go ahead, don't disturb others</noscript>\n  <div id=\"root\"></div>\n\n  \n</body>\n\n</html>\n" columns= [Object, Object, Object, Object, Object, Object]  ... > 
  at <DataTable value="<!DOCTYPE html>\n<html lang=\"en\">\n\n<head>\n  <meta charset=\"utf-8\" />\n  <meta name=\"viewport\" content=\"width=device-width, initial-scale=1\" />\n  <meta name=\"theme-color\" content=\"#000000\" />\n  <link rel=\"shortcut icon\" type=\"image/ico\" href=\"/assets/favicon-bc234827.ico\" />\n  <link href=\"https://fonts.googleapis.com/css?family=Roboto:300,400,500\" rel=\"stylesheet\" />\n  <title>Pentaract UI</title>\n\n  <style>\n    *,\n    html {\n      margin: 0;\n      padding: 0;\n    }\n  </style>\n  <script type=\"module\" crossorigin src=\"/assets/index-58b24b54.js\"></script>\n  <link rel=\"stylesheet\" href=\"/assets/index-a4f6c957.css\">\n</head>\n\n<body>\n  <noscript>Wanna write ur own UI without js?! Go ahead, don't disturb others</noscript>\n  <div id=\"root\"></div>\n\n  \n</body>\n\n</html>\n" loading=false stripedRows=""  ... > 
  at <OrdersView onVnodeUnmounted=fn<onVnodeUnmounted> ref=Ref< Proxy(Object) > > 
  at <RouterView> 
  at <AppLayout onVnodeUnmounted=fn<onVnodeUnmounted> ref=Ref< Proxy(Object) > > 
  at <RouterView> 
  at <App> @ http://localhost:5277/node_modules/@vue/runtime-core/dist/runtime-core.esm-bundler.js:49
[   51835ms] [WARNING] [Vue warn]: Invalid prop: type check failed for prop "rowData". Expected Object, got String with value "m". 
  at <BodyCell key="client_id" rowData="m" column= {__v_isVNode: true, __v_skip: true, type: Object, props: Object, key: null}  ... > 
  at <BodyRow key=undefined rowData="m" index=12  ... > 
  at <TableBody ref="bodyRef" value="<!DOCTYPE html>\n<htm" class=""  ... > 
  at <VirtualScroller ref="virtualScroller" items="<!DOCTYPE html>\n<html lang=\"en\">\n\n<head>\n  <meta charset=\"utf-8\" />\n  <meta name=\"viewport\" content=\"width=device-width, initial-scale=1\" />\n  <meta name=\"theme-color\" content=\"#000000\" />\n  <link rel=\"shortcut icon\" type=\"image/ico\" href=\"/assets/favicon-bc234827.ico\" />\n  <link href=\"https://fonts.googleapis.com/css?family=Roboto:300,400,500\" rel=\"stylesheet\" />\n  <title>Pentaract UI</title>\n\n  <style>\n    *,\n    html {\n      margin: 0;\n      padding: 0;\n    }\n  </style>\n  <script type=\"module\" crossorigin src=\"/assets/index-58b24b54.js\"></script>\n  <link rel=\"stylesheet\" href=\"/assets/index-a4f6c957.css\">\n</head>\n\n<body>\n  <noscript>Wanna write ur own UI without js?! Go ahead, don't disturb others</noscript>\n  <div id=\"root\"></div>\n\n  \n</body>\n\n</html>\n" columns= [Object, Object, Object, Object, Object, Object]  ... > 
  at <DataTable value="<!DOCTYPE html>\n<html lang=\"en\">\n\n<head>\n  <meta charset=\"utf-8\" />\n  <meta name=\"viewport\" content=\"width=device-width, initial-scale=1\" />\n  <meta name=\"theme-color\" content=\"#000000\" />\n  <link rel=\"shortcut icon\" type=\"image/ico\" href=\"/assets/favicon-bc234827.ico\" />\n  <link href=\"https://fonts.googleapis.com/css?family=Roboto:300,400,500\" rel=\"stylesheet\" />\n  <title>Pentaract UI</title>\n\n  <style>\n    *,\n    html {\n      margin: 0;\n      padding: 0;\n    }\n  </style>\n  <script type=\"module\" crossorigin src=\"/assets/index-58b24b54.js\"></script>\n  <link rel=\"stylesheet\" href=\"/assets/index-a4f6c957.css\">\n</head>\n\n<body>\n  <noscript>Wanna write ur own UI without js?! Go ahead, don't disturb others</noscript>\n  <div id=\"root\"></div>\n\n  \n</body>\n\n</html>\n" loading=false stripedRows=""  ... > 
  at <OrdersView onVnodeUnmounted=fn<onVnodeUnmounted> ref=Ref< Proxy(Object) > > 
  at <RouterView> 
  at <AppLayout onVnodeUnmounted=fn<onVnodeUnmounted> ref=Ref< Proxy(Object) > > 
  at <RouterView> 
  at <App> @ http://localhost:5277/node_modules/@vue/runtime-core/dist/runtime-core.esm-bundler.js:49
[   51838ms] [WARNING] [Vue warn]: Invalid prop: type check failed for prop "rowData". Expected Object, got String with value "m". 
  at <BodyCell key="source" rowData="m" column= {__v_isVNode: true, __v_skip: true, type: Object, props: Object, key: null}  ... > 
  at <BodyRow key=undefined rowData="m" index=12  ... > 
  at <TableBody ref="bodyRef" value="<!DOCTYPE html>\n<htm" class=""  ... > 
  at <VirtualScroller ref="virtualScroller" items="<!DOCTYPE html>\n<html lang=\"en\">\n\n<head>\n  <meta charset=\"utf-8\" />\n  <meta name=\"viewport\" content=\"width=device-width, initial-scale=1\" />\n  <meta name=\"theme-color\" content=\"#000000\" />\n  <link rel=\"shortcut icon\" type=\"image/ico\" href=\"/assets/favicon-bc234827.ico\" />\n  <link href=\"https://fonts.googleapis.com/css?family=Roboto:300,400,500\" rel=\"stylesheet\" />\n  <title>Pentaract UI</title>\n\n  <style>\n    *,\n    html {\n      margin: 0;\n      padding: 0;\n    }\n  </style>\n  <script type=\"module\" crossorigin src=\"/assets/index-58b24b54.js\"></script>\n  <link rel=\"stylesheet\" href=\"/assets/index-a4f6c957.css\">\n</head>\n\n<body>\n  <noscript>Wanna write ur own UI without js?! Go ahead, don't disturb others</noscript>\n  <div id=\"root\"></div>\n\n  \n</body>\n\n</html>\n" columns= [Object, Object, Object, Object, Object, Object]  ... > 
  at <DataTable value="<!DOCTYPE html>\n<html lang=\"en\">\n\n<head>\n  <meta charset=\"utf-8\" />\n  <meta name=\"viewport\" content=\"width=device-width, initial-scale=1\" />\n  <meta name=\"theme-color\" content=\"#000000\" />\n  <link rel=\"shortcut icon\" type=\"image/ico\" href=\"/assets/favicon-bc234827.ico\" />\n  <link href=\"https://fonts.googleapis.com/css?family=Roboto:300,400,500\" rel=\"stylesheet\" />\n  <title>Pentaract UI</title>\n\n  <style>\n    *,\n    html {\n      margin: 0;\n      padding: 0;\n    }\n  </style>\n  <script type=\"module\" crossorigin src=\"/assets/index-58b24b54.js\"></script>\n  <link rel=\"stylesheet\" href=\"/assets/index-a4f6c957.css\">\n</head>\n\n<body>\n  <noscript>Wanna write ur own UI without js?! Go ahead, don't disturb others</noscript>\n  <div id=\"root\"></div>\n\n  \n</body>\n\n</html>\n" loading=false stripedRows=""  ... > 
  at <OrdersView onVnodeUnmounted=fn<onVnodeUnmounted> ref=Ref< Proxy(Object) > > 
  at <RouterView> 
  at <AppLayout onVnodeUnmounted=fn<onVnodeUnmounted> ref=Ref< Proxy(Object) > > 
  at <RouterView> 
  at <App> @ http://localhost:5277/node_modules/@vue/runtime-core/dist/runtime-core.esm-bundler.js:49
[   51841ms] [WARNING] [Vue warn]: Invalid prop: type check failed for prop "rowData". Expected Object, got String with value "m". 
  at <BodyCell key="status" rowData="m" column= {__v_isVNode: true, __v_skip: true, type: Object, props: Object, key: null}  ... > 
  at <BodyRow key=undefined rowData="m" index=12  ... > 
  at <TableBody ref="bodyRef" value="<!DOCTYPE html>\n<htm" class=""  ... > 
  at <VirtualScroller ref="virtualScroller" items="<!DOCTYPE html>\n<html lang=\"en\">\n\n<head>\n  <meta charset=\"utf-8\" />\n  <meta name=\"viewport\" content=\"width=device-width, initial-scale=1\" />\n  <meta name=\"theme-color\" content=\"#000000\" />\n  <link rel=\"shortcut icon\" type=\"image/ico\" href=\"/assets/favicon-bc234827.ico\" />\n  <link href=\"https://fonts.googleapis.com/css?family=Roboto:300,400,500\" rel=\"stylesheet\" />\n  <title>Pentaract UI</title>\n\n  <style>\n    *,\n    html {\n      margin: 0;\n      padding: 0;\n    }\n  </style>\n  <script type=\"module\" crossorigin src=\"/assets/index-58b24b54.js\"></script>\n  <link rel=\"stylesheet\" href=\"/assets/index-a4f6c957.css\">\n</head>\n\n<body>\n  <noscript>Wanna write ur own UI without js?! Go ahead, don't disturb others</noscript>\n  <div id=\"root\"></div>\n\n  \n</body>\n\n</html>\n" columns= [Object, Object, Object, Object, Object, Object]  ... > 
  at <DataTable value="<!DOCTYPE html>\n<html lang=\"en\">\n\n<head>\n  <meta charset=\"utf-8\" />\n  <meta name=\"viewport\" content=\"width=device-width, initial-scale=1\" />\n  <meta name=\"theme-color\" content=\"#000000\" />\n  <link rel=\"shortcut icon\" type=\"image/ico\" href=\"/assets/favicon-bc234827.ico\" />\n  <link href=\"https://fonts.googleapis.com/css?family=Roboto:300,400,500\" rel=\"stylesheet\" />\n  <title>Pentaract UI</title>\n\n  <style>\n    *,\n    html {\n      margin: 0;\n      padding: 0;\n    }\n  </style>\n  <script type=\"module\" crossorigin src=\"/assets/index-58b24b54.js\"></script>\n  <link rel=\"stylesheet\" href=\"/assets/index-a4f6c957.css\">\n</head>\n\n<body>\n  <noscript>Wanna write ur own UI without js?! Go ahead, don't disturb others</noscript>\n  <div id=\"root\"></div>\n\n  \n</body>\n\n</html>\n" loading=false stripedRows=""  ... > 
  at <OrdersView onVnodeUnmounted=fn<onVnodeUnmounted> ref=Ref< Proxy(Object) > > 
  at <RouterView> 
  at <AppLayout onVnodeUnmounted=fn<onVnodeUnmounted> ref=Ref< Proxy(Object) > > 
  at <RouterView> 
  at <App> @ http://localhost:5277/node_modules/@vue/runtime-core/dist/runtime-core.esm-bundler.js:49
[   51845ms] [WARNING] [Vue warn]: Invalid prop: type check failed for prop "rowData". Expected Object, got String with value "m". 
  at <BodyCell key="created_at" rowData="m" column= {__v_isVNode: true, __v_skip: true, type: Object, props: Object, key: null}  ... > 
  at <BodyRow key=undefined rowData="m" index=12  ... > 
  at <TableBody ref="bodyRef" value="<!DOCTYPE html>\n<htm" class=""  ... > 
  at <VirtualScroller ref="virtualScroller" items="<!DOCTYPE html>\n<html lang=\"en\">\n\n<head>\n  <meta charset=\"utf-8\" />\n  <meta name=\"viewport\" content=\"width=device-width, initial-scale=1\" />\n  <meta name=\"theme-color\" content=\"#000000\" />\n  <link rel=\"shortcut icon\" type=\"image/ico\" href=\"/assets/favicon-bc234827.ico\" />\n  <link href=\"https://fonts.googleapis.com/css?family=Roboto:300,400,500\" rel=\"stylesheet\" />\n  <title>Pentaract UI</title>\n\n  <style>\n    *,\n    html {\n      margin: 0;\n      padding: 0;\n    }\n  </style>\n  <script type=\"module\" crossorigin src=\"/assets/index-58b24b54.js\"></script>\n  <link rel=\"stylesheet\" href=\"/assets/index-a4f6c957.css\">\n</head>\n\n<body>\n  <noscript>Wanna write ur own UI without js?! Go ahead, don't disturb others</noscript>\n  <div id=\"root\"></div>\n\n  \n</body>\n\n</html>\n" columns= [Object, Object, Object, Object, Object, Object]  ... > 
  at <DataTable value="<!DOCTYPE html>\n<html lang=\"en\">\n\n<head>\n  <meta charset=\"utf-8\" />\n  <meta name=\"viewport\" content=\"width=device-width, initial-scale=1\" />\n  <meta name=\"theme-color\" content=\"#000000\" />\n  <link rel=\"shortcut icon\" type=\"image/ico\" href=\"/assets/favicon-bc234827.ico\" />\n  <link href=\"https://fonts.googleapis.com/css?family=Roboto:300,400,500\" rel=\"stylesheet\" />\n  <title>Pentaract UI</title>\n\n  <style>\n    *,\n    html {\n      margin: 0;\n      padding: 0;\n    }\n  </style>\n  <script type=\"module\" crossorigin src=\"/assets/index-58b24b54.js\"></script>\n  <link rel=\"stylesheet\" href=\"/assets/index-a4f6c957.css\">\n</head>\n\n<body>\n  <noscript>Wanna write ur own UI without js?! Go ahead, don't disturb others</noscript>\n  <div id=\"root\"></div>\n\n  \n</body>\n\n</html>\n" loading=false stripedRows=""  ... > 
  at <OrdersView onVnodeUnmounted=fn<onVnodeUnmounted> ref=Ref< Proxy(Object) > > 
  at <RouterView> 
  at <AppLayout onVnodeUnmounted=fn<onVnodeUnmounted> ref=Ref< Proxy(Object) > > 
  at <RouterView> 
  at <App> @ http://localhost:5277/node_modules/@vue/runtime-core/dist/runtime-core.esm-bundler.js:49
[   51848ms] [WARNING] [Vue warn]: Invalid prop: type check failed for prop "rowData". Expected Object, got String with value "m". 
  at <BodyCell key=5 rowData="m" column= {__v_isVNode: true, __v_skip: true, type: Object, props: Object, key: null}  ... > 
  at <BodyRow key=undefined rowData="m" index=12  ... > 
  at <TableBody ref="bodyRef" value="<!DOCTYPE html>\n<htm" class=""  ... > 
  at <VirtualScroller ref="virtualScroller" items="<!DOCTYPE html>\n<html lang=\"en\">\n\n<head>\n  <meta charset=\"utf-8\" />\n  <meta name=\"viewport\" content=\"width=device-width, initial-scale=1\" />\n  <meta name=\"theme-color\" content=\"#000000\" />\n  <link rel=\"shortcut icon\" type=\"image/ico\" href=\"/assets/favicon-bc234827.ico\" />\n  <link href=\"https://fonts.googleapis.com/css?family=Roboto:300,400,500\" rel=\"stylesheet\" />\n  <title>Pentaract UI</title>\n\n  <style>\n    *,\n    html {\n      margin: 0;\n      padding: 0;\n    }\n  </style>\n  <script type=\"module\" crossorigin src=\"/assets/index-58b24b54.js\"></script>\n  <link rel=\"stylesheet\" href=\"/assets/index-a4f6c957.css\">\n</head>\n\n<body>\n  <noscript>Wanna write ur own UI without js?! Go ahead, don't disturb others</noscript>\n  <div id=\"root\"></div>\n\n  \n</body>\n\n</html>\n" columns= [Object, Object, Object, Object, Object, Object]  ... > 
  at <DataTable value="<!DOCTYPE html>\n<html lang=\"en\">\n\n<head>\n  <meta charset=\"utf-8\" />\n  <meta name=\"viewport\" content=\"width=device-width, initial-scale=1\" />\n  <meta name=\"theme-color\" content=\"#000000\" />\n  <link rel=\"shortcut icon\" type=\"image/ico\" href=\"/assets/favicon-bc234827.ico\" />\n  <link href=\"https://fonts.googleapis.com/css?family=Roboto:300,400,500\" rel=\"stylesheet\" />\n  <title>Pentaract UI</title>\n\n  <style>\n    *,\n    html {\n      margin: 0;\n      padding: 0;\n    }\n  </style>\n  <script type=\"module\" crossorigin src=\"/assets/index-58b24b54.js\"></script>\n  <link rel=\"stylesheet\" href=\"/assets/index-a4f6c957.css\">\n</head>\n\n<body>\n  <noscript>Wanna write ur own UI without js?! Go ahead, don't disturb others</noscript>\n  <div id=\"root\"></div>\n\n  \n</body>\n\n</html>\n" loading=false stripedRows=""  ... > 
  at <OrdersView onVnodeUnmounted=fn<onVnodeUnmounted> ref=Ref< Proxy(Object) > > 
  at <RouterView> 
  at <AppLayout onVnodeUnmounted=fn<onVnodeUnmounted> ref=Ref< Proxy(Object) > > 
  at <RouterView> 
  at <App> @ http://localhost:5277/node_modules/@vue/runtime-core/dist/runtime-core.esm-bundler.js:49
[   51853ms] [WARNING] [Vue warn]: Invalid prop: type check failed for prop "rowData". Expected Object, got String with value "l". 
  at <BodyRow key=undefined rowData="l" index=13  ... > 
  at <TableBody ref="bodyRef" value="<!DOCTYPE html>\n<htm" class=""  ... > 
  at <VirtualScroller ref="virtualScroller" items="<!DOCTYPE html>\n<html lang=\"en\">\n\n<head>\n  <meta charset=\"utf-8\" />\n  <meta name=\"viewport\" content=\"width=device-width, initial-scale=1\" />\n  <meta name=\"theme-color\" content=\"#000000\" />\n  <link rel=\"shortcut icon\" type=\"image/ico\" href=\"/assets/favicon-bc234827.ico\" />\n  <link href=\"https://fonts.googleapis.com/css?family=Roboto:300,400,500\" rel=\"stylesheet\" />\n  <title>Pentaract UI</title>\n\n  <style>\n    *,\n    html {\n      margin: 0;\n      padding: 0;\n    }\n  </style>\n  <script type=\"module\" crossorigin src=\"/assets/index-58b24b54.js\"></script>\n  <link rel=\"stylesheet\" href=\"/assets/index-a4f6c957.css\">\n</head>\n\n<body>\n  <noscript>Wanna write ur own UI without js?! Go ahead, don't disturb others</noscript>\n  <div id=\"root\"></div>\n\n  \n</body>\n\n</html>\n" columns= [Object, Object, Object, Object, Object, Object]  ... > 
  at <DataTable value="<!DOCTYPE html>\n<html lang=\"en\">\n\n<head>\n  <meta charset=\"utf-8\" />\n  <meta name=\"viewport\" content=\"width=device-width, initial-scale=1\" />\n  <meta name=\"theme-color\" content=\"#000000\" />\n  <link rel=\"shortcut icon\" type=\"image/ico\" href=\"/assets/favicon-bc234827.ico\" />\n  <link href=\"https://fonts.googleapis.com/css?family=Roboto:300,400,500\" rel=\"stylesheet\" />\n  <title>Pentaract UI</title>\n\n  <style>\n    *,\n    html {\n      margin: 0;\n      padding: 0;\n    }\n  </style>\n  <script type=\"module\" crossorigin src=\"/assets/index-58b24b54.js\"></script>\n  <link rel=\"stylesheet\" href=\"/assets/index-a4f6c957.css\">\n</head>\n\n<body>\n  <noscript>Wanna write ur own UI without js?! Go ahead, don't disturb others</noscript>\n  <div id=\"root\"></div>\n\n  \n</body>\n\n</html>\n" loading=false stripedRows=""  ... > 
  at <OrdersView onVnodeUnmounted=fn<onVnodeUnmounted> ref=Ref< Proxy(Object) > > 
  at <RouterView> 
  at <AppLayout onVnodeUnmounted=fn<onVnodeUnmounted> ref=Ref< Proxy(Object) > > 
  at <RouterView> 
  at <App> @ http://localhost:5277/node_modules/@vue/runtime-core/dist/runtime-core.esm-bundler.js:49
[   51854ms] [WARNING] [Vue warn]: Invalid prop: type check failed for prop "value". Expected Array, got String with value "<!DOCTYPE html>
<htm". 
  at <BodyRow key=undefined rowData="l" index=13  ... > 
  at <TableBody ref="bodyRef" value="<!DOCTYPE html>\n<htm" class=""  ... > 
  at <VirtualScroller ref="virtualScroller" items="<!DOCTYPE html>\n<html lang=\"en\">\n\n<head>\n  <meta charset=\"utf-8\" />\n  <meta name=\"viewport\" content=\"width=device-width, initial-scale=1\" />\n  <meta name=\"theme-color\" content=\"#000000\" />\n  <link rel=\"shortcut icon\" type=\"image/ico\" href=\"/assets/favicon-bc234827.ico\" />\n  <link href=\"https://fonts.googleapis.com/css?family=Roboto:300,400,500\" rel=\"stylesheet\" />\n  <title>Pentaract UI</title>\n\n  <style>\n    *,\n    html {\n      margin: 0;\n      padding: 0;\n    }\n  </style>\n  <script type=\"module\" crossorigin src=\"/assets/index-58b24b54.js\"></script>\n  <link rel=\"stylesheet\" href=\"/assets/index-a4f6c957.css\">\n</head>\n\n<body>\n  <noscript>Wanna write ur own UI without js?! Go ahead, don't disturb others</noscript>\n  <div id=\"root\"></div>\n\n  \n</body>\n\n</html>\n" columns= [Object, Object, Object, Object, Object, Object]  ... > 
  at <DataTable value="<!DOCTYPE html>\n<html lang=\"en\">\n\n<head>\n  <meta charset=\"utf-8\" />\n  <meta name=\"viewport\" content=\"width=device-width, initial-scale=1\" />\n  <meta name=\"theme-color\" content=\"#000000\" />\n  <link rel=\"shortcut icon\" type=\"image/ico\" href=\"/assets/favicon-bc234827.ico\" />\n  <link href=\"https://fonts.googleapis.com/css?family=Roboto:300,400,500\" rel=\"stylesheet\" />\n  <title>Pentaract UI</title>\n\n  <style>\n    *,\n    html {\n      margin: 0;\n      padding: 0;\n    }\n  </style>\n  <script type=\"module\" crossorigin src=\"/assets/index-58b24b54.js\"></script>\n  <link rel=\"stylesheet\" href=\"/assets/index-a4f6c957.css\">\n</head>\n\n<body>\n  <noscript>Wanna write ur own UI without js?! Go ahead, don't disturb others</noscript>\n  <div id=\"root\"></div>\n\n  \n</body>\n\n</html>\n" loading=false stripedRows=""  ... > 
  at <OrdersView onVnodeUnmounted=fn<onVnodeUnmounted> ref=Ref< Proxy(Object) > > 
  at <RouterView> 
  at <AppLayout onVnodeUnmounted=fn<onVnodeUnmounted> ref=Ref< Proxy(Object) > > 
  at <RouterView> 
  at <App> @ http://localhost:5277/node_modules/@vue/runtime-core/dist/runtime-core.esm-bundler.js:49
[   51857ms] [WARNING] [Vue warn]: Invalid prop: type check failed for prop "rowData". Expected Object, got String with value "l". 
  at <BodyCell key="id" rowData="l" column= {__v_isVNode: true, __v_skip: true, type: Object, props: Object, key: null}  ... > 
  at <BodyRow key=undefined rowData="l" index=13  ... > 
  at <TableBody ref="bodyRef" value="<!DOCTYPE html>\n<htm" class=""  ... > 
  at <VirtualScroller ref="virtualScroller" items="<!DOCTYPE html>\n<html lang=\"en\">\n\n<head>\n  <meta charset=\"utf-8\" />\n  <meta name=\"viewport\" content=\"width=device-width, initial-scale=1\" />\n  <meta name=\"theme-color\" content=\"#000000\" />\n  <link rel=\"shortcut icon\" type=\"image/ico\" href=\"/assets/favicon-bc234827.ico\" />\n  <link href=\"https://fonts.googleapis.com/css?family=Roboto:300,400,500\" rel=\"stylesheet\" />\n  <title>Pentaract UI</title>\n\n  <style>\n    *,\n    html {\n      margin: 0;\n      padding: 0;\n    }\n  </style>\n  <script type=\"module\" crossorigin src=\"/assets/index-58b24b54.js\"></script>\n  <link rel=\"stylesheet\" href=\"/assets/index-a4f6c957.css\">\n</head>\n\n<body>\n  <noscript>Wanna write ur own UI without js?! Go ahead, don't disturb others</noscript>\n  <div id=\"root\"></div>\n\n  \n</body>\n\n</html>\n" columns= [Object, Object, Object, Object, Object, Object]  ... > 
  at <DataTable value="<!DOCTYPE html>\n<html lang=\"en\">\n\n<head>\n  <meta charset=\"utf-8\" />\n  <meta name=\"viewport\" content=\"width=device-width, initial-scale=1\" />\n  <meta name=\"theme-color\" content=\"#000000\" />\n  <link rel=\"shortcut icon\" type=\"image/ico\" href=\"/assets/favicon-bc234827.ico\" />\n  <link href=\"https://fonts.googleapis.com/css?family=Roboto:300,400,500\" rel=\"stylesheet\" />\n  <title>Pentaract UI</title>\n\n  <style>\n    *,\n    html {\n      margin: 0;\n      padding: 0;\n    }\n  </style>\n  <script type=\"module\" crossorigin src=\"/assets/index-58b24b54.js\"></script>\n  <link rel=\"stylesheet\" href=\"/assets/index-a4f6c957.css\">\n</head>\n\n<body>\n  <noscript>Wanna write ur own UI without js?! Go ahead, don't disturb others</noscript>\n  <div id=\"root\"></div>\n\n  \n</body>\n\n</html>\n" loading=false stripedRows=""  ... > 
  at <OrdersView onVnodeUnmounted=fn<onVnodeUnmounted> ref=Ref< Proxy(Object) > > 
  at <RouterView> 
  at <AppLayout onVnodeUnmounted=fn<onVnodeUnmounted> ref=Ref< Proxy(Object) > > 
  at <RouterView> 
  at <App> @ http://localhost:5277/node_modules/@vue/runtime-core/dist/runtime-core.esm-bundler.js:49
[   51861ms] [WARNING] [Vue warn]: Invalid prop: type check failed for prop "rowData". Expected Object, got String with value "l". 
  at <BodyCell key="client_id" rowData="l" column= {__v_isVNode: true, __v_skip: true, type: Object, props: Object, key: null}  ... > 
  at <BodyRow key=undefined rowData="l" index=13  ... > 
  at <TableBody ref="bodyRef" value="<!DOCTYPE html>\n<htm" class=""  ... > 
  at <VirtualScroller ref="virtualScroller" items="<!DOCTYPE html>\n<html lang=\"en\">\n\n<head>\n  <meta charset=\"utf-8\" />\n  <meta name=\"viewport\" content=\"width=device-width, initial-scale=1\" />\n  <meta name=\"theme-color\" content=\"#000000\" />\n  <link rel=\"shortcut icon\" type=\"image/ico\" href=\"/assets/favicon-bc234827.ico\" />\n  <link href=\"https://fonts.googleapis.com/css?family=Roboto:300,400,500\" rel=\"stylesheet\" />\n  <title>Pentaract UI</title>\n\n  <style>\n    *,\n    html {\n      margin: 0;\n      padding: 0;\n    }\n  </style>\n  <script type=\"module\" crossorigin src=\"/assets/index-58b24b54.js\"></script>\n  <link rel=\"stylesheet\" href=\"/assets/index-a4f6c957.css\">\n</head>\n\n<body>\n  <noscript>Wanna write ur own UI without js?! Go ahead, don't disturb others</noscript>\n  <div id=\"root\"></div>\n\n  \n</body>\n\n</html>\n" columns= [Object, Object, Object, Object, Object, Object]  ... > 
  at <DataTable value="<!DOCTYPE html>\n<html lang=\"en\">\n\n<head>\n  <meta charset=\"utf-8\" />\n  <meta name=\"viewport\" content=\"width=device-width, initial-scale=1\" />\n  <meta name=\"theme-color\" content=\"#000000\" />\n  <link rel=\"shortcut icon\" type=\"image/ico\" href=\"/assets/favicon-bc234827.ico\" />\n  <link href=\"https://fonts.googleapis.com/css?family=Roboto:300,400,500\" rel=\"stylesheet\" />\n  <title>Pentaract UI</title>\n\n  <style>\n    *,\n    html {\n      margin: 0;\n      padding: 0;\n    }\n  </style>\n  <script type=\"module\" crossorigin src=\"/assets/index-58b24b54.js\"></script>\n  <link rel=\"stylesheet\" href=\"/assets/index-a4f6c957.css\">\n</head>\n\n<body>\n  <noscript>Wanna write ur own UI without js?! Go ahead, don't disturb others</noscript>\n  <div id=\"root\"></div>\n\n  \n</body>\n\n</html>\n" loading=false stripedRows=""  ... > 
  at <OrdersView onVnodeUnmounted=fn<onVnodeUnmounted> ref=Ref< Proxy(Object) > > 
  at <RouterView> 
  at <AppLayout onVnodeUnmounted=fn<onVnodeUnmounted> ref=Ref< Proxy(Object) > > 
  at <RouterView> 
  at <App> @ http://localhost:5277/node_modules/@vue/runtime-core/dist/runtime-core.esm-bundler.js:49
[   51864ms] [WARNING] [Vue warn]: Invalid prop: type check failed for prop "rowData". Expected Object, got String with value "l". 
  at <BodyCell key="source" rowData="l" column= {__v_isVNode: true, __v_skip: true, type: Object, props: Object, key: null}  ... > 
  at <BodyRow key=undefined rowData="l" index=13  ... > 
  at <TableBody ref="bodyRef" value="<!DOCTYPE html>\n<htm" class=""  ... > 
  at <VirtualScroller ref="virtualScroller" items="<!DOCTYPE html>\n<html lang=\"en\">\n\n<head>\n  <meta charset=\"utf-8\" />\n  <meta name=\"viewport\" content=\"width=device-width, initial-scale=1\" />\n  <meta name=\"theme-color\" content=\"#000000\" />\n  <link rel=\"shortcut icon\" type=\"image/ico\" href=\"/assets/favicon-bc234827.ico\" />\n  <link href=\"https://fonts.googleapis.com/css?family=Roboto:300,400,500\" rel=\"stylesheet\" />\n  <title>Pentaract UI</title>\n\n  <style>\n    *,\n    html {\n      margin: 0;\n      padding: 0;\n    }\n  </style>\n  <script type=\"module\" crossorigin src=\"/assets/index-58b24b54.js\"></script>\n  <link rel=\"stylesheet\" href=\"/assets/index-a4f6c957.css\">\n</head>\n\n<body>\n  <noscript>Wanna write ur own UI without js?! Go ahead, don't disturb others</noscript>\n  <div id=\"root\"></div>\n\n  \n</body>\n\n</html>\n" columns= [Object, Object, Object, Object, Object, Object]  ... > 
  at <DataTable value="<!DOCTYPE html>\n<html lang=\"en\">\n\n<head>\n  <meta charset=\"utf-8\" />\n  <meta name=\"viewport\" content=\"width=device-width, initial-scale=1\" />\n  <meta name=\"theme-color\" content=\"#000000\" />\n  <link rel=\"shortcut icon\" type=\"image/ico\" href=\"/assets/favicon-bc234827.ico\" />\n  <link href=\"https://fonts.googleapis.com/css?family=Roboto:300,400,500\" rel=\"stylesheet\" />\n  <title>Pentaract UI</title>\n\n  <style>\n    *,\n    html {\n      margin: 0;\n      padding: 0;\n    }\n  </style>\n  <script type=\"module\" crossorigin src=\"/assets/index-58b24b54.js\"></script>\n  <link rel=\"stylesheet\" href=\"/assets/index-a4f6c957.css\">\n</head>\n\n<body>\n  <noscript>Wanna write ur own UI without js?! Go ahead, don't disturb others</noscript>\n  <div id=\"root\"></div>\n\n  \n</body>\n\n</html>\n" loading=false stripedRows=""  ... > 
  at <OrdersView onVnodeUnmounted=fn<onVnodeUnmounted> ref=Ref< Proxy(Object) > > 
  at <RouterView> 
  at <AppLayout onVnodeUnmounted=fn<onVnodeUnmounted> ref=Ref< Proxy(Object) > > 
  at <RouterView> 
  at <App> @ http://localhost:5277/node_modules/@vue/runtime-core/dist/runtime-core.esm-bundler.js:49
[   51867ms] [WARNING] [Vue warn]: Invalid prop: type check failed for prop "rowData". Expected Object, got String with value "l". 
  at <BodyCell key="status" rowData="l" column= {__v_isVNode: true, __v_skip: true, type: Object, props: Object, key: null}  ... > 
  at <BodyRow key=undefined rowData="l" index=13  ... > 
  at <TableBody ref="bodyRef" value="<!DOCTYPE html>\n<htm" class=""  ... > 
  at <VirtualScroller ref="virtualScroller" items="<!DOCTYPE html>\n<html lang=\"en\">\n\n<head>\n  <meta charset=\"utf-8\" />\n  <meta name=\"viewport\" content=\"width=device-width, initial-scale=1\" />\n  <meta name=\"theme-color\" content=\"#000000\" />\n  <link rel=\"shortcut icon\" type=\"image/ico\" href=\"/assets/favicon-bc234827.ico\" />\n  <link href=\"https://fonts.googleapis.com/css?family=Roboto:300,400,500\" rel=\"stylesheet\" />\n  <title>Pentaract UI</title>\n\n  <style>\n    *,\n    html {\n      margin: 0;\n      padding: 0;\n    }\n  </style>\n  <script type=\"module\" crossorigin src=\"/assets/index-58b24b54.js\"></script>\n  <link rel=\"stylesheet\" href=\"/assets/index-a4f6c957.css\">\n</head>\n\n<body>\n  <noscript>Wanna write ur own UI without js?! Go ahead, don't disturb others</noscript>\n  <div id=\"root\"></div>\n\n  \n</body>\n\n</html>\n" columns= [Object, Object, Object, Object, Object, Object]  ... > 
  at <DataTable value="<!DOCTYPE html>\n<html lang=\"en\">\n\n<head>\n  <meta charset=\"utf-8\" />\n  <meta name=\"viewport\" content=\"width=device-width, initial-scale=1\" />\n  <meta name=\"theme-color\" content=\"#000000\" />\n  <link rel=\"shortcut icon\" type=\"image/ico\" href=\"/assets/favicon-bc234827.ico\" />\n  <link href=\"https://fonts.googleapis.com/css?family=Roboto:300,400,500\" rel=\"stylesheet\" />\n  <title>Pentaract UI</title>\n\n  <style>\n    *,\n    html {\n      margin: 0;\n      padding: 0;\n    }\n  </style>\n  <script type=\"module\" crossorigin src=\"/assets/index-58b24b54.js\"></script>\n  <link rel=\"stylesheet\" href=\"/assets/index-a4f6c957.css\">\n</head>\n\n<body>\n  <noscript>Wanna write ur own UI without js?! Go ahead, don't disturb others</noscript>\n  <div id=\"root\"></div>\n\n  \n</body>\n\n</html>\n" loading=false stripedRows=""  ... > 
  at <OrdersView onVnodeUnmounted=fn<onVnodeUnmounted> ref=Ref< Proxy(Object) > > 
  at <RouterView> 
  at <AppLayout onVnodeUnmounted=fn<onVnodeUnmounted> ref=Ref< Proxy(Object) > > 
  at <RouterView> 
  at <App> @ http://localhost:5277/node_modules/@vue/runtime-core/dist/runtime-core.esm-bundler.js:49
[   51872ms] [WARNING] [Vue warn]: Invalid prop: type check failed for prop "rowData". Expected Object, got String with value "l". 
  at <BodyCell key="created_at" rowData="l" column= {__v_isVNode: true, __v_skip: true, type: Object, props: Object, key: null}  ... > 
  at <BodyRow key=undefined rowData="l" index=13  ... > 
  at <TableBody ref="bodyRef" value="<!DOCTYPE html>\n<htm" class=""  ... > 
  at <VirtualScroller ref="virtualScroller" items="<!DOCTYPE html>\n<html lang=\"en\">\n\n<head>\n  <meta charset=\"utf-8\" />\n  <meta name=\"viewport\" content=\"width=device-width, initial-scale=1\" />\n  <meta name=\"theme-color\" content=\"#000000\" />\n  <link rel=\"shortcut icon\" type=\"image/ico\" href=\"/assets/favicon-bc234827.ico\" />\n  <link href=\"https://fonts.googleapis.com/css?family=Roboto:300,400,500\" rel=\"stylesheet\" />\n  <title>Pentaract UI</title>\n\n  <style>\n    *,\n    html {\n      margin: 0;\n      padding: 0;\n    }\n  </style>\n  <script type=\"module\" crossorigin src=\"/assets/index-58b24b54.js\"></script>\n  <link rel=\"stylesheet\" href=\"/assets/index-a4f6c957.css\">\n</head>\n\n<body>\n  <noscript>Wanna write ur own UI without js?! Go ahead, don't disturb others</noscript>\n  <div id=\"root\"></div>\n\n  \n</body>\n\n</html>\n" columns= [Object, Object, Object, Object, Object, Object]  ... > 
  at <DataTable value="<!DOCTYPE html>\n<html lang=\"en\">\n\n<head>\n  <meta charset=\"utf-8\" />\n  <meta name=\"viewport\" content=\"width=device-width, initial-scale=1\" />\n  <meta name=\"theme-color\" content=\"#000000\" />\n  <link rel=\"shortcut icon\" type=\"image/ico\" href=\"/assets/favicon-bc234827.ico\" />\n  <link href=\"https://fonts.googleapis.com/css?family=Roboto:300,400,500\" rel=\"stylesheet\" />\n  <title>Pentaract UI</title>\n\n  <style>\n    *,\n    html {\n      margin: 0;\n      padding: 0;\n    }\n  </style>\n  <script type=\"module\" crossorigin src=\"/assets/index-58b24b54.js\"></script>\n  <link rel=\"stylesheet\" href=\"/assets/index-a4f6c957.css\">\n</head>\n\n<body>\n  <noscript>Wanna write ur own UI without js?! Go ahead, don't disturb others</noscript>\n  <div id=\"root\"></div>\n\n  \n</body>\n\n</html>\n" loading=false stripedRows=""  ... > 
  at <OrdersView onVnodeUnmounted=fn<onVnodeUnmounted> ref=Ref< Proxy(Object) > > 
  at <RouterView> 
  at <AppLayout onVnodeUnmounted=fn<onVnodeUnmounted> ref=Ref< Proxy(Object) > > 
  at <RouterView> 
  at <App> @ http://localhost:5277/node_modules/@vue/runtime-core/dist/runtime-core.esm-bundler.js:49
[   51875ms] [WARNING] [Vue warn]: Invalid prop: type check failed for prop "rowData". Expected Object, got String with value "l". 
  at <BodyCell key=5 rowData="l" column= {__v_isVNode: true, __v_skip: true, type: Object, props: Object, key: null}  ... > 
  at <BodyRow key=undefined rowData="l" index=13  ... > 
  at <TableBody ref="bodyRef" value="<!DOCTYPE html>\n<htm" class=""  ... > 
  at <VirtualScroller ref="virtualScroller" items="<!DOCTYPE html>\n<html lang=\"en\">\n\n<head>\n  <meta charset=\"utf-8\" />\n  <meta name=\"viewport\" content=\"width=device-width, initial-scale=1\" />\n  <meta name=\"theme-color\" content=\"#000000\" />\n  <link rel=\"shortcut icon\" type=\"image/ico\" href=\"/assets/favicon-bc234827.ico\" />\n  <link href=\"https://fonts.googleapis.com/css?family=Roboto:300,400,500\" rel=\"stylesheet\" />\n  <title>Pentaract UI</title>\n\n  <style>\n    *,\n    html {\n      margin: 0;\n      padding: 0;\n    }\n  </style>\n  <script type=\"module\" crossorigin src=\"/assets/index-58b24b54.js\"></script>\n  <link rel=\"stylesheet\" href=\"/assets/index-a4f6c957.css\">\n</head>\n\n<body>\n  <noscript>Wanna write ur own UI without js?! Go ahead, don't disturb others</noscript>\n  <div id=\"root\"></div>\n\n  \n</body>\n\n</html>\n" columns= [Object, Object, Object, Object, Object, Object]  ... > 
  at <DataTable value="<!DOCTYPE html>\n<html lang=\"en\">\n\n<head>\n  <meta charset=\"utf-8\" />\n  <meta name=\"viewport\" content=\"width=device-width, initial-scale=1\" />\n  <meta name=\"theme-color\" content=\"#000000\" />\n  <link rel=\"shortcut icon\" type=\"image/ico\" href=\"/assets/favicon-bc234827.ico\" />\n  <link href=\"https://fonts.googleapis.com/css?family=Roboto:300,400,500\" rel=\"stylesheet\" />\n  <title>Pentaract UI</title>\n\n  <style>\n    *,\n    html {\n      margin: 0;\n      padding: 0;\n    }\n  </style>\n  <script type=\"module\" crossorigin src=\"/assets/index-58b24b54.js\"></script>\n  <link rel=\"stylesheet\" href=\"/assets/index-a4f6c957.css\">\n</head>\n\n<body>\n  <noscript>Wanna write ur own UI without js?! Go ahead, don't disturb others</noscript>\n  <div id=\"root\"></div>\n\n  \n</body>\n\n</html>\n" loading=false stripedRows=""  ... > 
  at <OrdersView onVnodeUnmounted=fn<onVnodeUnmounted> ref=Ref< Proxy(Object) > > 
  at <RouterView> 
  at <AppLayout onVnodeUnmounted=fn<onVnodeUnmounted> ref=Ref< Proxy(Object) > > 
  at <RouterView> 
  at <App> @ http://localhost:5277/node_modules/@vue/runtime-core/dist/runtime-core.esm-bundler.js:49
[   51879ms] [WARNING] [Vue warn]: Invalid prop: type check failed for prop "rowData". Expected Object, got String with value ">". 
  at <BodyRow key=undefined rowData=">" index=14  ... > 
  at <TableBody ref="bodyRef" value="<!DOCTYPE html>\n<htm" class=""  ... > 
  at <VirtualScroller ref="virtualScroller" items="<!DOCTYPE html>\n<html lang=\"en\">\n\n<head>\n  <meta charset=\"utf-8\" />\n  <meta name=\"viewport\" content=\"width=device-width, initial-scale=1\" />\n  <meta name=\"theme-color\" content=\"#000000\" />\n  <link rel=\"shortcut icon\" type=\"image/ico\" href=\"/assets/favicon-bc234827.ico\" />\n  <link href=\"https://fonts.googleapis.com/css?family=Roboto:300,400,500\" rel=\"stylesheet\" />\n  <title>Pentaract UI</title>\n\n  <style>\n    *,\n    html {\n      margin: 0;\n      padding: 0;\n    }\n  </style>\n  <script type=\"module\" crossorigin src=\"/assets/index-58b24b54.js\"></script>\n  <link rel=\"stylesheet\" href=\"/assets/index-a4f6c957.css\">\n</head>\n\n<body>\n  <noscript>Wanna write ur own UI without js?! Go ahead, don't disturb others</noscript>\n  <div id=\"root\"></div>\n\n  \n</body>\n\n</html>\n" columns= [Object, Object, Object, Object, Object, Object]  ... > 
  at <DataTable value="<!DOCTYPE html>\n<html lang=\"en\">\n\n<head>\n  <meta charset=\"utf-8\" />\n  <meta name=\"viewport\" content=\"width=device-width, initial-scale=1\" />\n  <meta name=\"theme-color\" content=\"#000000\" />\n  <link rel=\"shortcut icon\" type=\"image/ico\" href=\"/assets/favicon-bc234827.ico\" />\n  <link href=\"https://fonts.googleapis.com/css?family=Roboto:300,400,500\" rel=\"stylesheet\" />\n  <title>Pentaract UI</title>\n\n  <style>\n    *,\n    html {\n      margin: 0;\n      padding: 0;\n    }\n  </style>\n  <script type=\"module\" crossorigin src=\"/assets/index-58b24b54.js\"></script>\n  <link rel=\"stylesheet\" href=\"/assets/index-a4f6c957.css\">\n</head>\n\n<body>\n  <noscript>Wanna write ur own UI without js?! Go ahead, don't disturb others</noscript>\n  <div id=\"root\"></div>\n\n  \n</body>\n\n</html>\n" loading=false stripedRows=""  ... > 
  at <OrdersView onVnodeUnmounted=fn<onVnodeUnmounted> ref=Ref< Proxy(Object) > > 
  at <RouterView> 
  at <AppLayout onVnodeUnmounted=fn<onVnodeUnmounted> ref=Ref< Proxy(Object) > > 
  at <RouterView> 
  at <App> @ http://localhost:5277/node_modules/@vue/runtime-core/dist/runtime-core.esm-bundler.js:49
[   51881ms] [WARNING] [Vue warn]: Invalid prop: type check failed for prop "value". Expected Array, got String with value "<!DOCTYPE html>
<htm". 
  at <BodyRow key=undefined rowData=">" index=14  ... > 
  at <TableBody ref="bodyRef" value="<!DOCTYPE html>\n<htm" class=""  ... > 
  at <VirtualScroller ref="virtualScroller" items="<!DOCTYPE html>\n<html lang=\"en\">\n\n<head>\n  <meta charset=\"utf-8\" />\n  <meta name=\"viewport\" content=\"width=device-width, initial-scale=1\" />\n  <meta name=\"theme-color\" content=\"#000000\" />\n  <link rel=\"shortcut icon\" type=\"image/ico\" href=\"/assets/favicon-bc234827.ico\" />\n  <link href=\"https://fonts.googleapis.com/css?family=Roboto:300,400,500\" rel=\"stylesheet\" />\n  <title>Pentaract UI</title>\n\n  <style>\n    *,\n    html {\n      margin: 0;\n      padding: 0;\n    }\n  </style>\n  <script type=\"module\" crossorigin src=\"/assets/index-58b24b54.js\"></script>\n  <link rel=\"stylesheet\" href=\"/assets/index-a4f6c957.css\">\n</head>\n\n<body>\n  <noscript>Wanna write ur own UI without js?! Go ahead, don't disturb others</noscript>\n  <div id=\"root\"></div>\n\n  \n</body>\n\n</html>\n" columns= [Object, Object, Object, Object, Object, Object]  ... > 
  at <DataTable value="<!DOCTYPE html>\n<html lang=\"en\">\n\n<head>\n  <meta charset=\"utf-8\" />\n  <meta name=\"viewport\" content=\"width=device-width, initial-scale=1\" />\n  <meta name=\"theme-color\" content=\"#000000\" />\n  <link rel=\"shortcut icon\" type=\"image/ico\" href=\"/assets/favicon-bc234827.ico\" />\n  <link href=\"https://fonts.googleapis.com/css?family=Roboto:300,400,500\" rel=\"stylesheet\" />\n  <title>Pentaract UI</title>\n\n  <style>\n    *,\n    html {\n      margin: 0;\n      padding: 0;\n    }\n  </style>\n  <script type=\"module\" crossorigin src=\"/assets/index-58b24b54.js\"></script>\n  <link rel=\"stylesheet\" href=\"/assets/index-a4f6c957.css\">\n</head>\n\n<body>\n  <noscript>Wanna write ur own UI without js?! Go ahead, don't disturb others</noscript>\n  <div id=\"root\"></div>\n\n  \n</body>\n\n</html>\n" loading=false stripedRows=""  ... > 
  at <OrdersView onVnodeUnmounted=fn<onVnodeUnmounted> ref=Ref< Proxy(Object) > > 
  at <RouterView> 
  at <AppLayout onVnodeUnmounted=fn<onVnodeUnmounted> ref=Ref< Proxy(Object) > > 
  at <RouterView> 
  at <App> @ http://localhost:5277/node_modules/@vue/runtime-core/dist/runtime-core.esm-bundler.js:49
[   51884ms] [WARNING] [Vue warn]: Invalid prop: type check failed for prop "rowData". Expected Object, got String with value ">". 
  at <BodyCell key="id" rowData=">" column= {__v_isVNode: true, __v_skip: true, type: Object, props: Object, key: null}  ... > 
  at <BodyRow key=undefined rowData=">" index=14  ... > 
  at <TableBody ref="bodyRef" value="<!DOCTYPE html>\n<htm" class=""  ... > 
  at <VirtualScroller ref="virtualScroller" items="<!DOCTYPE html>\n<html lang=\"en\">\n\n<head>\n  <meta charset=\"utf-8\" />\n  <meta name=\"viewport\" content=\"width=device-width, initial-scale=1\" />\n  <meta name=\"theme-color\" content=\"#000000\" />\n  <link rel=\"shortcut icon\" type=\"image/ico\" href=\"/assets/favicon-bc234827.ico\" />\n  <link href=\"https://fonts.googleapis.com/css?family=Roboto:300,400,500\" rel=\"stylesheet\" />\n  <title>Pentaract UI</title>\n\n  <style>\n    *,\n    html {\n      margin: 0;\n      padding: 0;\n    }\n  </style>\n  <script type=\"module\" crossorigin src=\"/assets/index-58b24b54.js\"></script>\n  <link rel=\"stylesheet\" href=\"/assets/index-a4f6c957.css\">\n</head>\n\n<body>\n  <noscript>Wanna write ur own UI without js?! Go ahead, don't disturb others</noscript>\n  <div id=\"root\"></div>\n\n  \n</body>\n\n</html>\n" columns= [Object, Object, Object, Object, Object, Object]  ... > 
  at <DataTable value="<!DOCTYPE html>\n<html lang=\"en\">\n\n<head>\n  <meta charset=\"utf-8\" />\n  <meta name=\"viewport\" content=\"width=device-width, initial-scale=1\" />\n  <meta name=\"theme-color\" content=\"#000000\" />\n  <link rel=\"shortcut icon\" type=\"image/ico\" href=\"/assets/favicon-bc234827.ico\" />\n  <link href=\"https://fonts.googleapis.com/css?family=Roboto:300,400,500\" rel=\"stylesheet\" />\n  <title>Pentaract UI</title>\n\n  <style>\n    *,\n    html {\n      margin: 0;\n      padding: 0;\n    }\n  </style>\n  <script type=\"module\" crossorigin src=\"/assets/index-58b24b54.js\"></script>\n  <link rel=\"stylesheet\" href=\"/assets/index-a4f6c957.css\">\n</head>\n\n<body>\n  <noscript>Wanna write ur own UI without js?! Go ahead, don't disturb others</noscript>\n  <div id=\"root\"></div>\n\n  \n</body>\n\n</html>\n" loading=false stripedRows=""  ... > 
  at <OrdersView onVnodeUnmounted=fn<onVnodeUnmounted> ref=Ref< Proxy(Object) > > 
  at <RouterView> 
  at <AppLayout onVnodeUnmounted=fn<onVnodeUnmounted> ref=Ref< Proxy(Object) > > 
  at <RouterView> 
  at <App> @ http://localhost:5277/node_modules/@vue/runtime-core/dist/runtime-core.esm-bundler.js:49
[   51887ms] [WARNING] [Vue warn]: Invalid prop: type check failed for prop "rowData". Expected Object, got String with value ">". 
  at <BodyCell key="client_id" rowData=">" column= {__v_isVNode: true, __v_skip: true, type: Object, props: Object, key: null}  ... > 
  at <BodyRow key=undefined rowData=">" index=14  ... > 
  at <TableBody ref="bodyRef" value="<!DOCTYPE html>\n<htm" class=""  ... > 
  at <VirtualScroller ref="virtualScroller" items="<!DOCTYPE html>\n<html lang=\"en\">\n\n<head>\n  <meta charset=\"utf-8\" />\n  <meta name=\"viewport\" content=\"width=device-width, initial-scale=1\" />\n  <meta name=\"theme-color\" content=\"#000000\" />\n  <link rel=\"shortcut icon\" type=\"image/ico\" href=\"/assets/favicon-bc234827.ico\" />\n  <link href=\"https://fonts.googleapis.com/css?family=Roboto:300,400,500\" rel=\"stylesheet\" />\n  <title>Pentaract UI</title>\n\n  <style>\n    *,\n    html {\n      margin: 0;\n      padding: 0;\n    }\n  </style>\n  <script type=\"module\" crossorigin src=\"/assets/index-58b24b54.js\"></script>\n  <link rel=\"stylesheet\" href=\"/assets/index-a4f6c957.css\">\n</head>\n\n<body>\n  <noscript>Wanna write ur own UI without js?! Go ahead, don't disturb others</noscript>\n  <div id=\"root\"></div>\n\n  \n</body>\n\n</html>\n" columns= [Object, Object, Object, Object, Object, Object]  ... > 
  at <DataTable value="<!DOCTYPE html>\n<html lang=\"en\">\n\n<head>\n  <meta charset=\"utf-8\" />\n  <meta name=\"viewport\" content=\"width=device-width, initial-scale=1\" />\n  <meta name=\"theme-color\" content=\"#000000\" />\n  <link rel=\"shortcut icon\" type=\"image/ico\" href=\"/assets/favicon-bc234827.ico\" />\n  <link href=\"https://fonts.googleapis.com/css?family=Roboto:300,400,500\" rel=\"stylesheet\" />\n  <title>Pentaract UI</title>\n\n  <style>\n    *,\n    html {\n      margin: 0;\n      padding: 0;\n    }\n  </style>\n  <script type=\"module\" crossorigin src=\"/assets/index-58b24b54.js\"></script>\n  <link rel=\"stylesheet\" href=\"/assets/index-a4f6c957.css\">\n</head>\n\n<body>\n  <noscript>Wanna write ur own UI without js?! Go ahead, don't disturb others</noscript>\n  <div id=\"root\"></div>\n\n  \n</body>\n\n</html>\n" loading=false stripedRows=""  ... > 
  at <OrdersView onVnodeUnmounted=fn<onVnodeUnmounted> ref=Ref< Proxy(Object) > > 
  at <RouterView> 
  at <AppLayout onVnodeUnmounted=fn<onVnodeUnmounted> ref=Ref< Proxy(Object) > > 
  at <RouterView> 
  at <App> @ http://localhost:5277/node_modules/@vue/runtime-core/dist/runtime-core.esm-bundler.js:49
[   51893ms] [WARNING] [Vue warn]: Invalid prop: type check failed for prop "rowData". Expected Object, got String with value ">". 
  at <BodyCell key="source" rowData=">" column= {__v_isVNode: true, __v_skip: true, type: Object, props: Object, key: null}  ... > 
  at <BodyRow key=undefined rowData=">" index=14  ... > 
  at <TableBody ref="bodyRef" value="<!DOCTYPE html>\n<htm" class=""  ... > 
  at <VirtualScroller ref="virtualScroller" items="<!DOCTYPE html>\n<html lang=\"en\">\n\n<head>\n  <meta charset=\"utf-8\" />\n  <meta name=\"viewport\" content=\"width=device-width, initial-scale=1\" />\n  <meta name=\"theme-color\" content=\"#000000\" />\n  <link rel=\"shortcut icon\" type=\"image/ico\" href=\"/assets/favicon-bc234827.ico\" />\n  <link href=\"https://fonts.googleapis.com/css?family=Roboto:300,400,500\" rel=\"stylesheet\" />\n  <title>Pentaract UI</title>\n\n  <style>\n    *,\n    html {\n      margin: 0;\n      padding: 0;\n    }\n  </style>\n  <script type=\"module\" crossorigin src=\"/assets/index-58b24b54.js\"></script>\n  <link rel=\"stylesheet\" href=\"/assets/index-a4f6c957.css\">\n</head>\n\n<body>\n  <noscript>Wanna write ur own UI without js?! Go ahead, don't disturb others</noscript>\n  <div id=\"root\"></div>\n\n  \n</body>\n\n</html>\n" columns= [Object, Object, Object, Object, Object, Object]  ... > 
  at <DataTable value="<!DOCTYPE html>\n<html lang=\"en\">\n\n<head>\n  <meta charset=\"utf-8\" />\n  <meta name=\"viewport\" content=\"width=device-width, initial-scale=1\" />\n  <meta name=\"theme-color\" content=\"#000000\" />\n  <link rel=\"shortcut icon\" type=\"image/ico\" href=\"/assets/favicon-bc234827.ico\" />\n  <link href=\"https://fonts.googleapis.com/css?family=Roboto:300,400,500\" rel=\"stylesheet\" />\n  <title>Pentaract UI</title>\n\n  <style>\n    *,\n    html {\n      margin: 0;\n      padding: 0;\n    }\n  </style>\n  <script type=\"module\" crossorigin src=\"/assets/index-58b24b54.js\"></script>\n  <link rel=\"stylesheet\" href=\"/assets/index-a4f6c957.css\">\n</head>\n\n<body>\n  <noscript>Wanna write ur own UI without js?! Go ahead, don't disturb others</noscript>\n  <div id=\"root\"></div>\n\n  \n</body>\n\n</html>\n" loading=false stripedRows=""  ... > 
  at <OrdersView onVnodeUnmounted=fn<onVnodeUnmounted> ref=Ref< Proxy(Object) > > 
  at <RouterView> 
  at <AppLayout onVnodeUnmounted=fn<onVnodeUnmounted> ref=Ref< Proxy(Object) > > 
  at <RouterView> 
  at <App> @ http://localhost:5277/node_modules/@vue/runtime-core/dist/runtime-core.esm-bundler.js:49
[   51896ms] [WARNING] [Vue warn]: Invalid prop: type check failed for prop "rowData". Expected Object, got String with value ">". 
  at <BodyCell key="status" rowData=">" column= {__v_isVNode: true, __v_skip: true, type: Object, props: Object, key: null}  ... > 
  at <BodyRow key=undefined rowData=">" index=14  ... > 
  at <TableBody ref="bodyRef" value="<!DOCTYPE html>\n<htm" class=""  ... > 
  at <VirtualScroller ref="virtualScroller" items="<!DOCTYPE html>\n<html lang=\"en\">\n\n<head>\n  <meta charset=\"utf-8\" />\n  <meta name=\"viewport\" content=\"width=device-width, initial-scale=1\" />\n  <meta name=\"theme-color\" content=\"#000000\" />\n  <link rel=\"shortcut icon\" type=\"image/ico\" href=\"/assets/favicon-bc234827.ico\" />\n  <link href=\"https://fonts.googleapis.com/css?family=Roboto:300,400,500\" rel=\"stylesheet\" />\n  <title>Pentaract UI</title>\n\n  <style>\n    *,\n    html {\n      margin: 0;\n      padding: 0;\n    }\n  </style>\n  <script type=\"module\" crossorigin src=\"/assets/index-58b24b54.js\"></script>\n  <link rel=\"stylesheet\" href=\"/assets/index-a4f6c957.css\">\n</head>\n\n<body>\n  <noscript>Wanna write ur own UI without js?! Go ahead, don't disturb others</noscript>\n  <div id=\"root\"></div>\n\n  \n</body>\n\n</html>\n" columns= [Object, Object, Object, Object, Object, Object]  ... > 
  at <DataTable value="<!DOCTYPE html>\n<html lang=\"en\">\n\n<head>\n  <meta charset=\"utf-8\" />\n  <meta name=\"viewport\" content=\"width=device-width, initial-scale=1\" />\n  <meta name=\"theme-color\" content=\"#000000\" />\n  <link rel=\"shortcut icon\" type=\"image/ico\" href=\"/assets/favicon-bc234827.ico\" />\n  <link href=\"https://fonts.googleapis.com/css?family=Roboto:300,400,500\" rel=\"stylesheet\" />\n  <title>Pentaract UI</title>\n\n  <style>\n    *,\n    html {\n      margin: 0;\n      padding: 0;\n    }\n  </style>\n  <script type=\"module\" crossorigin src=\"/assets/index-58b24b54.js\"></script>\n  <link rel=\"stylesheet\" href=\"/assets/index-a4f6c957.css\">\n</head>\n\n<body>\n  <noscript>Wanna write ur own UI without js?! Go ahead, don't disturb others</noscript>\n  <div id=\"root\"></div>\n\n  \n</body>\n\n</html>\n" loading=false stripedRows=""  ... > 
  at <OrdersView onVnodeUnmounted=fn<onVnodeUnmounted> ref=Ref< Proxy(Object) > > 
  at <RouterView> 
  at <AppLayout onVnodeUnmounted=fn<onVnodeUnmounted> ref=Ref< Proxy(Object) > > 
  at <RouterView> 
  at <App> @ http://localhost:5277/node_modules/@vue/runtime-core/dist/runtime-core.esm-bundler.js:49
[   51899ms] [WARNING] [Vue warn]: Invalid prop: type check failed for prop "rowData". Expected Object, got String with value ">". 
  at <BodyCell key="created_at" rowData=">" column= {__v_isVNode: true, __v_skip: true, type: Object, props: Object, key: null}  ... > 
  at <BodyRow key=undefined rowData=">" index=14  ... > 
  at <TableBody ref="bodyRef" value="<!DOCTYPE html>\n<htm" class=""  ... > 
  at <VirtualScroller ref="virtualScroller" items="<!DOCTYPE html>\n<html lang=\"en\">\n\n<head>\n  <meta charset=\"utf-8\" />\n  <meta name=\"viewport\" content=\"width=device-width, initial-scale=1\" />\n  <meta name=\"theme-color\" content=\"#000000\" />\n  <link rel=\"shortcut icon\" type=\"image/ico\" href=\"/assets/favicon-bc234827.ico\" />\n  <link href=\"https://fonts.googleapis.com/css?family=Roboto:300,400,500\" rel=\"stylesheet\" />\n  <title>Pentaract UI</title>\n\n  <style>\n    *,\n    html {\n      margin: 0;\n      padding: 0;\n    }\n  </style>\n  <script type=\"module\" crossorigin src=\"/assets/index-58b24b54.js\"></script>\n  <link rel=\"stylesheet\" href=\"/assets/index-a4f6c957.css\">\n</head>\n\n<body>\n  <noscript>Wanna write ur own UI without js?! Go ahead, don't disturb others</noscript>\n  <div id=\"root\"></div>\n\n  \n</body>\n\n</html>\n" columns= [Object, Object, Object, Object, Object, Object]  ... > 
  at <DataTable value="<!DOCTYPE html>\n<html lang=\"en\">\n\n<head>\n  <meta charset=\"utf-8\" />\n  <meta name=\"viewport\" content=\"width=device-width, initial-scale=1\" />\n  <meta name=\"theme-color\" content=\"#000000\" />\n  <link rel=\"shortcut icon\" type=\"image/ico\" href=\"/assets/favicon-bc234827.ico\" />\n  <link href=\"https://fonts.googleapis.com/css?family=Roboto:300,400,500\" rel=\"stylesheet\" />\n  <title>Pentaract UI</title>\n\n  <style>\n    *,\n    html {\n      margin: 0;\n      padding: 0;\n    }\n  </style>\n  <script type=\"module\" crossorigin src=\"/assets/index-58b24b54.js\"></script>\n  <link rel=\"stylesheet\" href=\"/assets/index-a4f6c957.css\">\n</head>\n\n<body>\n  <noscript>Wanna write ur own UI without js?! Go ahead, don't disturb others</noscript>\n  <div id=\"root\"></div>\n\n  \n</body>\n\n</html>\n" loading=false stripedRows=""  ... > 
  at <OrdersView onVnodeUnmounted=fn<onVnodeUnmounted> ref=Ref< Proxy(Object) > > 
  at <RouterView> 
  at <AppLayout onVnodeUnmounted=fn<onVnodeUnmounted> ref=Ref< Proxy(Object) > > 
  at <RouterView> 
  at <App> @ http://localhost:5277/node_modules/@vue/runtime-core/dist/runtime-core.esm-bundler.js:49
[   51904ms] [WARNING] [Vue warn]: Invalid prop: type check failed for prop "rowData". Expected Object, got String with value ">". 
  at <BodyCell key=5 rowData=">" column= {__v_isVNode: true, __v_skip: true, type: Object, props: Object, key: null}  ... > 
  at <BodyRow key=undefined rowData=">" index=14  ... > 
  at <TableBody ref="bodyRef" value="<!DOCTYPE html>\n<htm" class=""  ... > 
  at <VirtualScroller ref="virtualScroller" items="<!DOCTYPE html>\n<html lang=\"en\">\n\n<head>\n  <meta charset=\"utf-8\" />\n  <meta name=\"viewport\" content=\"width=device-width, initial-scale=1\" />\n  <meta name=\"theme-color\" content=\"#000000\" />\n  <link rel=\"shortcut icon\" type=\"image/ico\" href=\"/assets/favicon-bc234827.ico\" />\n  <link href=\"https://fonts.googleapis.com/css?family=Roboto:300,400,500\" rel=\"stylesheet\" />\n  <title>Pentaract UI</title>\n\n  <style>\n    *,\n    html {\n      margin: 0;\n      padding: 0;\n    }\n  </style>\n  <script type=\"module\" crossorigin src=\"/assets/index-58b24b54.js\"></script>\n  <link rel=\"stylesheet\" href=\"/assets/index-a4f6c957.css\">\n</head>\n\n<body>\n  <noscript>Wanna write ur own UI without js?! Go ahead, don't disturb others</noscript>\n  <div id=\"root\"></div>\n\n  \n</body>\n\n</html>\n" columns= [Object, Object, Object, Object, Object, Object]  ... > 
  at <DataTable value="<!DOCTYPE html>\n<html lang=\"en\">\n\n<head>\n  <meta charset=\"utf-8\" />\n  <meta name=\"viewport\" content=\"width=device-width, initial-scale=1\" />\n  <meta name=\"theme-color\" content=\"#000000\" />\n  <link rel=\"shortcut icon\" type=\"image/ico\" href=\"/assets/favicon-bc234827.ico\" />\n  <link href=\"https://fonts.googleapis.com/css?family=Roboto:300,400,500\" rel=\"stylesheet\" />\n  <title>Pentaract UI</title>\n\n  <style>\n    *,\n    html {\n      margin: 0;\n      padding: 0;\n    }\n  </style>\n  <script type=\"module\" crossorigin src=\"/assets/index-58b24b54.js\"></script>\n  <link rel=\"stylesheet\" href=\"/assets/index-a4f6c957.css\">\n</head>\n\n<body>\n  <noscript>Wanna write ur own UI without js?! Go ahead, don't disturb others</noscript>\n  <div id=\"root\"></div>\n\n  \n</body>\n\n</html>\n" loading=false stripedRows=""  ... > 
  at <OrdersView onVnodeUnmounted=fn<onVnodeUnmounted> ref=Ref< Proxy(Object) > > 
  at <RouterView> 
  at <AppLayout onVnodeUnmounted=fn<onVnodeUnmounted> ref=Ref< Proxy(Object) > > 
  at <RouterView> 
  at <App> @ http://localhost:5277/node_modules/@vue/runtime-core/dist/runtime-core.esm-bundler.js:49
[   51911ms] [WARNING] [Vue warn]: Invalid prop: type check failed for prop "rowData". Expected Object, got String with value "
". 
  at <BodyRow key=undefined rowData="\n" index=15  ... > 
  at <TableBody ref="bodyRef" value="<!DOCTYPE html>\n<htm" class=""  ... > 
  at <VirtualScroller ref="virtualScroller" items="<!DOCTYPE html>\n<html lang=\"en\">\n\n<head>\n  <meta charset=\"utf-8\" />\n  <meta name=\"viewport\" content=\"width=device-width, initial-scale=1\" />\n  <meta name=\"theme-color\" content=\"#000000\" />\n  <link rel=\"shortcut icon\" type=\"image/ico\" href=\"/assets/favicon-bc234827.ico\" />\n  <link href=\"https://fonts.googleapis.com/css?family=Roboto:300,400,500\" rel=\"stylesheet\" />\n  <title>Pentaract UI</title>\n\n  <style>\n    *,\n    html {\n      margin: 0;\n      padding: 0;\n    }\n  </style>\n  <script type=\"module\" crossorigin src=\"/assets/index-58b24b54.js\"></script>\n  <link rel=\"stylesheet\" href=\"/assets/index-a4f6c957.css\">\n</head>\n\n<body>\n  <noscript>Wanna write ur own UI without js?! Go ahead, don't disturb others</noscript>\n  <div id=\"root\"></div>\n\n  \n</body>\n\n</html>\n" columns= [Object, Object, Object, Object, Object, Object]  ... > 
  at <DataTable value="<!DOCTYPE html>\n<html lang=\"en\">\n\n<head>\n  <meta charset=\"utf-8\" />\n  <meta name=\"viewport\" content=\"width=device-width, initial-scale=1\" />\n  <meta name=\"theme-color\" content=\"#000000\" />\n  <link rel=\"shortcut icon\" type=\"image/ico\" href=\"/assets/favicon-bc234827.ico\" />\n  <link href=\"https://fonts.googleapis.com/css?family=Roboto:300,400,500\" rel=\"stylesheet\" />\n  <title>Pentaract UI</title>\n\n  <style>\n    *,\n    html {\n      margin: 0;\n      padding: 0;\n    }\n  </style>\n  <script type=\"module\" crossorigin src=\"/assets/index-58b24b54.js\"></script>\n  <link rel=\"stylesheet\" href=\"/assets/index-a4f6c957.css\">\n</head>\n\n<body>\n  <noscript>Wanna write ur own UI without js?! Go ahead, don't disturb others</noscript>\n  <div id=\"root\"></div>\n\n  \n</body>\n\n</html>\n" loading=false stripedRows=""  ... > 
  at <OrdersView onVnodeUnmounted=fn<onVnodeUnmounted> ref=Ref< Proxy(Object) > > 
  at <RouterView> 
  at <AppLayout onVnodeUnmounted=fn<onVnodeUnmounted> ref=Ref< Proxy(Object) > > 
  at <RouterView> 
  at <App> @ http://localhost:5277/node_modules/@vue/runtime-core/dist/runtime-core.esm-bundler.js:49
[   51913ms] [WARNING] [Vue warn]: Invalid prop: type check failed for prop "value". Expected Array, got String with value "<!DOCTYPE html>
<htm". 
  at <BodyRow key=undefined rowData="\n" index=15  ... > 
  at <TableBody ref="bodyRef" value="<!DOCTYPE html>\n<htm" class=""  ... > 
  at <VirtualScroller ref="virtualScroller" items="<!DOCTYPE html>\n<html lang=\"en\">\n\n<head>\n  <meta charset=\"utf-8\" />\n  <meta name=\"viewport\" content=\"width=device-width, initial-scale=1\" />\n  <meta name=\"theme-color\" content=\"#000000\" />\n  <link rel=\"shortcut icon\" type=\"image/ico\" href=\"/assets/favicon-bc234827.ico\" />\n  <link href=\"https://fonts.googleapis.com/css?family=Roboto:300,400,500\" rel=\"stylesheet\" />\n  <title>Pentaract UI</title>\n\n  <style>\n    *,\n    html {\n      margin: 0;\n      padding: 0;\n    }\n  </style>\n  <script type=\"module\" crossorigin src=\"/assets/index-58b24b54.js\"></script>\n  <link rel=\"stylesheet\" href=\"/assets/index-a4f6c957.css\">\n</head>\n\n<body>\n  <noscript>Wanna write ur own UI without js?! Go ahead, don't disturb others</noscript>\n  <div id=\"root\"></div>\n\n  \n</body>\n\n</html>\n" columns= [Object, Object, Object, Object, Object, Object]  ... > 
  at <DataTable value="<!DOCTYPE html>\n<html lang=\"en\">\n\n<head>\n  <meta charset=\"utf-8\" />\n  <meta name=\"viewport\" content=\"width=device-width, initial-scale=1\" />\n  <meta name=\"theme-color\" content=\"#000000\" />\n  <link rel=\"shortcut icon\" type=\"image/ico\" href=\"/assets/favicon-bc234827.ico\" />\n  <link href=\"https://fonts.googleapis.com/css?family=Roboto:300,400,500\" rel=\"stylesheet\" />\n  <title>Pentaract UI</title>\n\n  <style>\n    *,\n    html {\n      margin: 0;\n      padding: 0;\n    }\n  </style>\n  <script type=\"module\" crossorigin src=\"/assets/index-58b24b54.js\"></script>\n  <link rel=\"stylesheet\" href=\"/assets/index-a4f6c957.css\">\n</head>\n\n<body>\n  <noscript>Wanna write ur own UI without js?! Go ahead, don't disturb others</noscript>\n  <div id=\"root\"></div>\n\n  \n</body>\n\n</html>\n" loading=false stripedRows=""  ... > 
  at <OrdersView onVnodeUnmounted=fn<onVnodeUnmounted> ref=Ref< Proxy(Object) > > 
  at <RouterView> 
  at <AppLayout onVnodeUnmounted=fn<onVnodeUnmounted> ref=Ref< Proxy(Object) > > 
  at <RouterView> 
  at <App> @ http://localhost:5277/node_modules/@vue/runtime-core/dist/runtime-core.esm-bundler.js:49
[   51926ms] [WARNING] [Vue warn]: Invalid prop: type check failed for prop "rowData". Expected Object, got String with value "
". 
  at <BodyCell key="id" rowData="\n" column= {__v_isVNode: true, __v_skip: true, type: Object, props: Object, key: null}  ... > 
  at <BodyRow key=undefined rowData="\n" index=15  ... > 
  at <TableBody ref="bodyRef" value="<!DOCTYPE html>\n<htm" class=""  ... > 
  at <VirtualScroller ref="virtualScroller" items="<!DOCTYPE html>\n<html lang=\"en\">\n\n<head>\n  <meta charset=\"utf-8\" />\n  <meta name=\"viewport\" content=\"width=device-width, initial-scale=1\" />\n  <meta name=\"theme-color\" content=\"#000000\" />\n  <link rel=\"shortcut icon\" type=\"image/ico\" href=\"/assets/favicon-bc234827.ico\" />\n  <link href=\"https://fonts.googleapis.com/css?family=Roboto:300,400,500\" rel=\"stylesheet\" />\n  <title>Pentaract UI</title>\n\n  <style>\n    *,\n    html {\n      margin: 0;\n      padding: 0;\n    }\n  </style>\n  <script type=\"module\" crossorigin src=\"/assets/index-58b24b54.js\"></script>\n  <link rel=\"stylesheet\" href=\"/assets/index-a4f6c957.css\">\n</head>\n\n<body>\n  <noscript>Wanna write ur own UI without js?! Go ahead, don't disturb others</noscript>\n  <div id=\"root\"></div>\n\n  \n</body>\n\n</html>\n" columns= [Object, Object, Object, Object, Object, Object]  ... > 
  at <DataTable value="<!DOCTYPE html>\n<html lang=\"en\">\n\n<head>\n  <meta charset=\"utf-8\" />\n  <meta name=\"viewport\" content=\"width=device-width, initial-scale=1\" />\n  <meta name=\"theme-color\" content=\"#000000\" />\n  <link rel=\"shortcut icon\" type=\"image/ico\" href=\"/assets/favicon-bc234827.ico\" />\n  <link href=\"https://fonts.googleapis.com/css?family=Roboto:300,400,500\" rel=\"stylesheet\" />\n  <title>Pentaract UI</title>\n\n  <style>\n    *,\n    html {\n      margin: 0;\n      padding: 0;\n    }\n  </style>\n  <script type=\"module\" crossorigin src=\"/assets/index-58b24b54.js\"></script>\n  <link rel=\"stylesheet\" href=\"/assets/index-a4f6c957.css\">\n</head>\n\n<body>\n  <noscript>Wanna write ur own UI without js?! Go ahead, don't disturb others</noscript>\n  <div id=\"root\"></div>\n\n  \n</body>\n\n</html>\n" loading=false stripedRows=""  ... > 
  at <OrdersView onVnodeUnmounted=fn<onVnodeUnmounted> ref=Ref< Proxy(Object) > > 
  at <RouterView> 
  at <AppLayout onVnodeUnmounted=fn<onVnodeUnmounted> ref=Ref< Proxy(Object) > > 
  at <RouterView> 
  at <App> @ http://localhost:5277/node_modules/@vue/runtime-core/dist/runtime-core.esm-bundler.js:49
[   51932ms] [WARNING] [Vue warn]: Invalid prop: type check failed for prop "rowData". Expected Object, got String with value "
". 
  at <BodyCell key="client_id" rowData="\n" column= {__v_isVNode: true, __v_skip: true, type: Object, props: Object, key: null}  ... > 
  at <BodyRow key=undefined rowData="\n" index=15  ... > 
  at <TableBody ref="bodyRef" value="<!DOCTYPE html>\n<htm" class=""  ... > 
  at <VirtualScroller ref="virtualScroller" items="<!DOCTYPE html>\n<html lang=\"en\">\n\n<head>\n  <meta charset=\"utf-8\" />\n  <meta name=\"viewport\" content=\"width=device-width, initial-scale=1\" />\n  <meta name=\"theme-color\" content=\"#000000\" />\n  <link rel=\"shortcut icon\" type=\"image/ico\" href=\"/assets/favicon-bc234827.ico\" />\n  <link href=\"https://fonts.googleapis.com/css?family=Roboto:300,400,500\" rel=\"stylesheet\" />\n  <title>Pentaract UI</title>\n\n  <style>\n    *,\n    html {\n      margin: 0;\n      padding: 0;\n    }\n  </style>\n  <script type=\"module\" crossorigin src=\"/assets/index-58b24b54.js\"></script>\n  <link rel=\"stylesheet\" href=\"/assets/index-a4f6c957.css\">\n</head>\n\n<body>\n  <noscript>Wanna write ur own UI without js?! Go ahead, don't disturb others</noscript>\n  <div id=\"root\"></div>\n\n  \n</body>\n\n</html>\n" columns= [Object, Object, Object, Object, Object, Object]  ... > 
  at <DataTable value="<!DOCTYPE html>\n<html lang=\"en\">\n\n<head>\n  <meta charset=\"utf-8\" />\n  <meta name=\"viewport\" content=\"width=device-width, initial-scale=1\" />\n  <meta name=\"theme-color\" content=\"#000000\" />\n  <link rel=\"shortcut icon\" type=\"image/ico\" href=\"/assets/favicon-bc234827.ico\" />\n  <link href=\"https://fonts.googleapis.com/css?family=Roboto:300,400,500\" rel=\"stylesheet\" />\n  <title>Pentaract UI</title>\n\n  <style>\n    *,\n    html {\n      margin: 0;\n      padding: 0;\n    }\n  </style>\n  <script type=\"module\" crossorigin src=\"/assets/index-58b24b54.js\"></script>\n  <link rel=\"stylesheet\" href=\"/assets/index-a4f6c957.css\">\n</head>\n\n<body>\n  <noscript>Wanna write ur own UI without js?! Go ahead, don't disturb others</noscript>\n  <div id=\"root\"></div>\n\n  \n</body>\n\n</html>\n" loading=false stripedRows=""  ... > 
  at <OrdersView onVnodeUnmounted=fn<onVnodeUnmounted> ref=Ref< Proxy(Object) > > 
  at <RouterView> 
  at <AppLayout onVnodeUnmounted=fn<onVnodeUnmounted> ref=Ref< Proxy(Object) > > 
  at <RouterView> 
  at <App> @ http://localhost:5277/node_modules/@vue/runtime-core/dist/runtime-core.esm-bundler.js:49
[   51936ms] [WARNING] [Vue warn]: Invalid prop: type check failed for prop "rowData". Expected Object, got String with value "
". 
  at <BodyCell key="source" rowData="\n" column= {__v_isVNode: true, __v_skip: true, type: Object, props: Object, key: null}  ... > 
  at <BodyRow key=undefined rowData="\n" index=15  ... > 
  at <TableBody ref="bodyRef" value="<!DOCTYPE html>\n<htm" class=""  ... > 
  at <VirtualScroller ref="virtualScroller" items="<!DOCTYPE html>\n<html lang=\"en\">\n\n<head>\n  <meta charset=\"utf-8\" />\n  <meta name=\"viewport\" content=\"width=device-width, initial-scale=1\" />\n  <meta name=\"theme-color\" content=\"#000000\" />\n  <link rel=\"shortcut icon\" type=\"image/ico\" href=\"/assets/favicon-bc234827.ico\" />\n  <link href=\"https://fonts.googleapis.com/css?family=Roboto:300,400,500\" rel=\"stylesheet\" />\n  <title>Pentaract UI</title>\n\n  <style>\n    *,\n    html {\n      margin: 0;\n      padding: 0;\n    }\n  </style>\n  <script type=\"module\" crossorigin src=\"/assets/index-58b24b54.js\"></script>\n  <link rel=\"stylesheet\" href=\"/assets/index-a4f6c957.css\">\n</head>\n\n<body>\n  <noscript>Wanna write ur own UI without js?! Go ahead, don't disturb others</noscript>\n  <div id=\"root\"></div>\n\n  \n</body>\n\n</html>\n" columns= [Object, Object, Object, Object, Object, Object]  ... > 
  at <DataTable value="<!DOCTYPE html>\n<html lang=\"en\">\n\n<head>\n  <meta charset=\"utf-8\" />\n  <meta name=\"viewport\" content=\"width=device-width, initial-scale=1\" />\n  <meta name=\"theme-color\" content=\"#000000\" />\n  <link rel=\"shortcut icon\" type=\"image/ico\" href=\"/assets/favicon-bc234827.ico\" />\n  <link href=\"https://fonts.googleapis.com/css?family=Roboto:300,400,500\" rel=\"stylesheet\" />\n  <title>Pentaract UI</title>\n\n  <style>\n    *,\n    html {\n      margin: 0;\n      padding: 0;\n    }\n  </style>\n  <script type=\"module\" crossorigin src=\"/assets/index-58b24b54.js\"></script>\n  <link rel=\"stylesheet\" href=\"/assets/index-a4f6c957.css\">\n</head>\n\n<body>\n  <noscript>Wanna write ur own UI without js?! Go ahead, don't disturb others</noscript>\n  <div id=\"root\"></div>\n\n  \n</body>\n\n</html>\n" loading=false stripedRows=""  ... > 
  at <OrdersView onVnodeUnmounted=fn<onVnodeUnmounted> ref=Ref< Proxy(Object) > > 
  at <RouterView> 
  at <AppLayout onVnodeUnmounted=fn<onVnodeUnmounted> ref=Ref< Proxy(Object) > > 
  at <RouterView> 
  at <App> @ http://localhost:5277/node_modules/@vue/runtime-core/dist/runtime-core.esm-bundler.js:49
[   51939ms] [WARNING] [Vue warn]: Invalid prop: type check failed for prop "rowData". Expected Object, got String with value "
". 
  at <BodyCell key="status" rowData="\n" column= {__v_isVNode: true, __v_skip: true, type: Object, props: Object, key: null}  ... > 
  at <BodyRow key=undefined rowData="\n" index=15  ... > 
  at <TableBody ref="bodyRef" value="<!DOCTYPE html>\n<htm" class=""  ... > 
  at <VirtualScroller ref="virtualScroller" items="<!DOCTYPE html>\n<html lang=\"en\">\n\n<head>\n  <meta charset=\"utf-8\" />\n  <meta name=\"viewport\" content=\"width=device-width, initial-scale=1\" />\n  <meta name=\"theme-color\" content=\"#000000\" />\n  <link rel=\"shortcut icon\" type=\"image/ico\" href=\"/assets/favicon-bc234827.ico\" />\n  <link href=\"https://fonts.googleapis.com/css?family=Roboto:300,400,500\" rel=\"stylesheet\" />\n  <title>Pentaract UI</title>\n\n  <style>\n    *,\n    html {\n      margin: 0;\n      padding: 0;\n    }\n  </style>\n  <script type=\"module\" crossorigin src=\"/assets/index-58b24b54.js\"></script>\n  <link rel=\"stylesheet\" href=\"/assets/index-a4f6c957.css\">\n</head>\n\n<body>\n  <noscript>Wanna write ur own UI without js?! Go ahead, don't disturb others</noscript>\n  <div id=\"root\"></div>\n\n  \n</body>\n\n</html>\n" columns= [Object, Object, Object, Object, Object, Object]  ... > 
  at <DataTable value="<!DOCTYPE html>\n<html lang=\"en\">\n\n<head>\n  <meta charset=\"utf-8\" />\n  <meta name=\"viewport\" content=\"width=device-width, initial-scale=1\" />\n  <meta name=\"theme-color\" content=\"#000000\" />\n  <link rel=\"shortcut icon\" type=\"image/ico\" href=\"/assets/favicon-bc234827.ico\" />\n  <link href=\"https://fonts.googleapis.com/css?family=Roboto:300,400,500\" rel=\"stylesheet\" />\n  <title>Pentaract UI</title>\n\n  <style>\n    *,\n    html {\n      margin: 0;\n      padding: 0;\n    }\n  </style>\n  <script type=\"module\" crossorigin src=\"/assets/index-58b24b54.js\"></script>\n  <link rel=\"stylesheet\" href=\"/assets/index-a4f6c957.css\">\n</head>\n\n<body>\n  <noscript>Wanna write ur own UI without js?! Go ahead, don't disturb others</noscript>\n  <div id=\"root\"></div>\n\n  \n</body>\n\n</html>\n" loading=false stripedRows=""  ... > 
  at <OrdersView onVnodeUnmounted=fn<onVnodeUnmounted> ref=Ref< Proxy(Object) > > 
  at <RouterView> 
  at <AppLayout onVnodeUnmounted=fn<onVnodeUnmounted> ref=Ref< Proxy(Object) > > 
  at <RouterView> 
  at <App> @ http://localhost:5277/node_modules/@vue/runtime-core/dist/runtime-core.esm-bundler.js:49
[   51942ms] [WARNING] [Vue warn]: Invalid prop: type check failed for prop "rowData". Expected Object, got String with value "
". 
  at <BodyCell key="created_at" rowData="\n" column= {__v_isVNode: true, __v_skip: true, type: Object, props: Object, key: null}  ... > 
  at <BodyRow key=undefined rowData="\n" index=15  ... > 
  at <TableBody ref="bodyRef" value="<!DOCTYPE html>\n<htm" class=""  ... > 
  at <VirtualScroller ref="virtualScroller" items="<!DOCTYPE html>\n<html lang=\"en\">\n\n<head>\n  <meta charset=\"utf-8\" />\n  <meta name=\"viewport\" content=\"width=device-width, initial-scale=1\" />\n  <meta name=\"theme-color\" content=\"#000000\" />\n  <link rel=\"shortcut icon\" type=\"image/ico\" href=\"/assets/favicon-bc234827.ico\" />\n  <link href=\"https://fonts.googleapis.com/css?family=Roboto:300,400,500\" rel=\"stylesheet\" />\n  <title>Pentaract UI</title>\n\n  <style>\n    *,\n    html {\n      margin: 0;\n      padding: 0;\n    }\n  </style>\n  <script type=\"module\" crossorigin src=\"/assets/index-58b24b54.js\"></script>\n  <link rel=\"stylesheet\" href=\"/assets/index-a4f6c957.css\">\n</head>\n\n<body>\n  <noscript>Wanna write ur own UI without js?! Go ahead, don't disturb others</noscript>\n  <div id=\"root\"></div>\n\n  \n</body>\n\n</html>\n" columns= [Object, Object, Object, Object, Object, Object]  ... > 
  at <DataTable value="<!DOCTYPE html>\n<html lang=\"en\">\n\n<head>\n  <meta charset=\"utf-8\" />\n  <meta name=\"viewport\" content=\"width=device-width, initial-scale=1\" />\n  <meta name=\"theme-color\" content=\"#000000\" />\n  <link rel=\"shortcut icon\" type=\"image/ico\" href=\"/assets/favicon-bc234827.ico\" />\n  <link href=\"https://fonts.googleapis.com/css?family=Roboto:300,400,500\" rel=\"stylesheet\" />\n  <title>Pentaract UI</title>\n\n  <style>\n    *,\n    html {\n      margin: 0;\n      padding: 0;\n    }\n  </style>\n  <script type=\"module\" crossorigin src=\"/assets/index-58b24b54.js\"></script>\n  <link rel=\"stylesheet\" href=\"/assets/index-a4f6c957.css\">\n</head>\n\n<body>\n  <noscript>Wanna write ur own UI without js?! Go ahead, don't disturb others</noscript>\n  <div id=\"root\"></div>\n\n  \n</body>\n\n</html>\n" loading=false stripedRows=""  ... > 
  at <OrdersView onVnodeUnmounted=fn<onVnodeUnmounted> ref=Ref< Proxy(Object) > > 
  at <RouterView> 
  at <AppLayout onVnodeUnmounted=fn<onVnodeUnmounted> ref=Ref< Proxy(Object) > > 
  at <RouterView> 
  at <App> @ http://localhost:5277/node_modules/@vue/runtime-core/dist/runtime-core.esm-bundler.js:49
[   51946ms] [WARNING] [Vue warn]: Invalid prop: type check failed for prop "rowData". Expected Object, got String with value "
". 
  at <BodyCell key=5 rowData="\n" column= {__v_isVNode: true, __v_skip: true, type: Object, props: Object, key: null}  ... > 
  at <BodyRow key=undefined rowData="\n" index=15  ... > 
  at <TableBody ref="bodyRef" value="<!DOCTYPE html>\n<htm" class=""  ... > 
  at <VirtualScroller ref="virtualScroller" items="<!DOCTYPE html>\n<html lang=\"en\">\n\n<head>\n  <meta charset=\"utf-8\" />\n  <meta name=\"viewport\" content=\"width=device-width, initial-scale=1\" />\n  <meta name=\"theme-color\" content=\"#000000\" />\n  <link rel=\"shortcut icon\" type=\"image/ico\" href=\"/assets/favicon-bc234827.ico\" />\n  <link href=\"https://fonts.googleapis.com/css?family=Roboto:300,400,500\" rel=\"stylesheet\" />\n  <title>Pentaract UI</title>\n\n  <style>\n    *,\n    html {\n      margin: 0;\n      padding: 0;\n    }\n  </style>\n  <script type=\"module\" crossorigin src=\"/assets/index-58b24b54.js\"></script>\n  <link rel=\"stylesheet\" href=\"/assets/index-a4f6c957.css\">\n</head>\n\n<body>\n  <noscript>Wanna write ur own UI without js?! Go ahead, don't disturb others</noscript>\n  <div id=\"root\"></div>\n\n  \n</body>\n\n</html>\n" columns= [Object, Object, Object, Object, Object, Object]  ... > 
  at <DataTable value="<!DOCTYPE html>\n<html lang=\"en\">\n\n<head>\n  <meta charset=\"utf-8\" />\n  <meta name=\"viewport\" content=\"width=device-width, initial-scale=1\" />\n  <meta name=\"theme-color\" content=\"#000000\" />\n  <link rel=\"shortcut icon\" type=\"image/ico\" href=\"/assets/favicon-bc234827.ico\" />\n  <link href=\"https://fonts.googleapis.com/css?family=Roboto:300,400,500\" rel=\"stylesheet\" />\n  <title>Pentaract UI</title>\n\n  <style>\n    *,\n    html {\n      margin: 0;\n      padding: 0;\n    }\n  </style>\n  <script type=\"module\" crossorigin src=\"/assets/index-58b24b54.js\"></script>\n  <link rel=\"stylesheet\" href=\"/assets/index-a4f6c957.css\">\n</head>\n\n<body>\n  <noscript>Wanna write ur own UI without js?! Go ahead, don't disturb others</noscript>\n  <div id=\"root\"></div>\n\n  \n</body>\n\n</html>\n" loading=false stripedRows=""  ... > 
  at <OrdersView onVnodeUnmounted=fn<onVnodeUnmounted> ref=Ref< Proxy(Object) > > 
  at <RouterView> 
  at <AppLayout onVnodeUnmounted=fn<onVnodeUnmounted> ref=Ref< Proxy(Object) > > 
  at <RouterView> 
  at <App> @ http://localhost:5277/node_modules/@vue/runtime-core/dist/runtime-core.esm-bundler.js:49
[   51950ms] [WARNING] [Vue warn]: Invalid prop: type check failed for prop "rowData". Expected Object, got String with value "<". 
  at <BodyRow key=undefined rowData="<" index=16  ... > 
  at <TableBody ref="bodyRef" value="<!DOCTYPE html>\n<htm" class=""  ... > 
  at <VirtualScroller ref="virtualScroller" items="<!DOCTYPE html>\n<html lang=\"en\">\n\n<head>\n  <meta charset=\"utf-8\" />\n  <meta name=\"viewport\" content=\"width=device-width, initial-scale=1\" />\n  <meta name=\"theme-color\" content=\"#000000\" />\n  <link rel=\"shortcut icon\" type=\"image/ico\" href=\"/assets/favicon-bc234827.ico\" />\n  <link href=\"https://fonts.googleapis.com/css?family=Roboto:300,400,500\" rel=\"stylesheet\" />\n  <title>Pentaract UI</title>\n\n  <style>\n    *,\n    html {\n      margin: 0;\n      padding: 0;\n    }\n  </style>\n  <script type=\"module\" crossorigin src=\"/assets/index-58b24b54.js\"></script>\n  <link rel=\"stylesheet\" href=\"/assets/index-a4f6c957.css\">\n</head>\n\n<body>\n  <noscript>Wanna write ur own UI without js?! Go ahead, don't disturb others</noscript>\n  <div id=\"root\"></div>\n\n  \n</body>\n\n</html>\n" columns= [Object, Object, Object, Object, Object, Object]  ... > 
  at <DataTable value="<!DOCTYPE html>\n<html lang=\"en\">\n\n<head>\n  <meta charset=\"utf-8\" />\n  <meta name=\"viewport\" content=\"width=device-width, initial-scale=1\" />\n  <meta name=\"theme-color\" content=\"#000000\" />\n  <link rel=\"shortcut icon\" type=\"image/ico\" href=\"/assets/favicon-bc234827.ico\" />\n  <link href=\"https://fonts.googleapis.com/css?family=Roboto:300,400,500\" rel=\"stylesheet\" />\n  <title>Pentaract UI</title>\n\n  <style>\n    *,\n    html {\n      margin: 0;\n      padding: 0;\n    }\n  </style>\n  <script type=\"module\" crossorigin src=\"/assets/index-58b24b54.js\"></script>\n  <link rel=\"stylesheet\" href=\"/assets/index-a4f6c957.css\">\n</head>\n\n<body>\n  <noscript>Wanna write ur own UI without js?! Go ahead, don't disturb others</noscript>\n  <div id=\"root\"></div>\n\n  \n</body>\n\n</html>\n" loading=false stripedRows=""  ... > 
  at <OrdersView onVnodeUnmounted=fn<onVnodeUnmounted> ref=Ref< Proxy(Object) > > 
  at <RouterView> 
  at <AppLayout onVnodeUnmounted=fn<onVnodeUnmounted> ref=Ref< Proxy(Object) > > 
  at <RouterView> 
  at <App> @ http://localhost:5277/node_modules/@vue/runtime-core/dist/runtime-core.esm-bundler.js:49
[   51951ms] [WARNING] [Vue warn]: Invalid prop: type check failed for prop "value". Expected Array, got String with value "<!DOCTYPE html>
<htm". 
  at <BodyRow key=undefined rowData="<" index=16  ... > 
  at <TableBody ref="bodyRef" value="<!DOCTYPE html>\n<htm" class=""  ... > 
  at <VirtualScroller ref="virtualScroller" items="<!DOCTYPE html>\n<html lang=\"en\">\n\n<head>\n  <meta charset=\"utf-8\" />\n  <meta name=\"viewport\" content=\"width=device-width, initial-scale=1\" />\n  <meta name=\"theme-color\" content=\"#000000\" />\n  <link rel=\"shortcut icon\" type=\"image/ico\" href=\"/assets/favicon-bc234827.ico\" />\n  <link href=\"https://fonts.googleapis.com/css?family=Roboto:300,400,500\" rel=\"stylesheet\" />\n  <title>Pentaract UI</title>\n\n  <style>\n    *,\n    html {\n      margin: 0;\n      padding: 0;\n    }\n  </style>\n  <script type=\"module\" crossorigin src=\"/assets/index-58b24b54.js\"></script>\n  <link rel=\"stylesheet\" href=\"/assets/index-a4f6c957.css\">\n</head>\n\n<body>\n  <noscript>Wanna write ur own UI without js?! Go ahead, don't disturb others</noscript>\n  <div id=\"root\"></div>\n\n  \n</body>\n\n</html>\n" columns= [Object, Object, Object, Object, Object, Object]  ... > 
  at <DataTable value="<!DOCTYPE html>\n<html lang=\"en\">\n\n<head>\n  <meta charset=\"utf-8\" />\n  <meta name=\"viewport\" content=\"width=device-width, initial-scale=1\" />\n  <meta name=\"theme-color\" content=\"#000000\" />\n  <link rel=\"shortcut icon\" type=\"image/ico\" href=\"/assets/favicon-bc234827.ico\" />\n  <link href=\"https://fonts.googleapis.com/css?family=Roboto:300,400,500\" rel=\"stylesheet\" />\n  <title>Pentaract UI</title>\n\n  <style>\n    *,\n    html {\n      margin: 0;\n      padding: 0;\n    }\n  </style>\n  <script type=\"module\" crossorigin src=\"/assets/index-58b24b54.js\"></script>\n  <link rel=\"stylesheet\" href=\"/assets/index-a4f6c957.css\">\n</head>\n\n<body>\n  <noscript>Wanna write ur own UI without js?! Go ahead, don't disturb others</noscript>\n  <div id=\"root\"></div>\n\n  \n</body>\n\n</html>\n" loading=false stripedRows=""  ... > 
  at <OrdersView onVnodeUnmounted=fn<onVnodeUnmounted> ref=Ref< Proxy(Object) > > 
  at <RouterView> 
  at <AppLayout onVnodeUnmounted=fn<onVnodeUnmounted> ref=Ref< Proxy(Object) > > 
  at <RouterView> 
  at <App> @ http://localhost:5277/node_modules/@vue/runtime-core/dist/runtime-core.esm-bundler.js:49
[   51954ms] [WARNING] [Vue warn]: Invalid prop: type check failed for prop "rowData". Expected Object, got String with value "<". 
  at <BodyCell key="id" rowData="<" column= {__v_isVNode: true, __v_skip: true, type: Object, props: Object, key: null}  ... > 
  at <BodyRow key=undefined rowData="<" index=16  ... > 
  at <TableBody ref="bodyRef" value="<!DOCTYPE html>\n<htm" class=""  ... > 
  at <VirtualScroller ref="virtualScroller" items="<!DOCTYPE html>\n<html lang=\"en\">\n\n<head>\n  <meta charset=\"utf-8\" />\n  <meta name=\"viewport\" content=\"width=device-width, initial-scale=1\" />\n  <meta name=\"theme-color\" content=\"#000000\" />\n  <link rel=\"shortcut icon\" type=\"image/ico\" href=\"/assets/favicon-bc234827.ico\" />\n  <link href=\"https://fonts.googleapis.com/css?family=Roboto:300,400,500\" rel=\"stylesheet\" />\n  <title>Pentaract UI</title>\n\n  <style>\n    *,\n    html {\n      margin: 0;\n      padding: 0;\n    }\n  </style>\n  <script type=\"module\" crossorigin src=\"/assets/index-58b24b54.js\"></script>\n  <link rel=\"stylesheet\" href=\"/assets/index-a4f6c957.css\">\n</head>\n\n<body>\n  <noscript>Wanna write ur own UI without js?! Go ahead, don't disturb others</noscript>\n  <div id=\"root\"></div>\n\n  \n</body>\n\n</html>\n" columns= [Object, Object, Object, Object, Object, Object]  ... > 
  at <DataTable value="<!DOCTYPE html>\n<html lang=\"en\">\n\n<head>\n  <meta charset=\"utf-8\" />\n  <meta name=\"viewport\" content=\"width=device-width, initial-scale=1\" />\n  <meta name=\"theme-color\" content=\"#000000\" />\n  <link rel=\"shortcut icon\" type=\"image/ico\" href=\"/assets/favicon-bc234827.ico\" />\n  <link href=\"https://fonts.googleapis.com/css?family=Roboto:300,400,500\" rel=\"stylesheet\" />\n  <title>Pentaract UI</title>\n\n  <style>\n    *,\n    html {\n      margin: 0;\n      padding: 0;\n    }\n  </style>\n  <script type=\"module\" crossorigin src=\"/assets/index-58b24b54.js\"></script>\n  <link rel=\"stylesheet\" href=\"/assets/index-a4f6c957.css\">\n</head>\n\n<body>\n  <noscript>Wanna write ur own UI without js?! Go ahead, don't disturb others</noscript>\n  <div id=\"root\"></div>\n\n  \n</body>\n\n</html>\n" loading=false stripedRows=""  ... > 
  at <OrdersView onVnodeUnmounted=fn<onVnodeUnmounted> ref=Ref< Proxy(Object) > > 
  at <RouterView> 
  at <AppLayout onVnodeUnmounted=fn<onVnodeUnmounted> ref=Ref< Proxy(Object) > > 
  at <RouterView> 
  at <App> @ http://localhost:5277/node_modules/@vue/runtime-core/dist/runtime-core.esm-bundler.js:49
[   51956ms] [WARNING] [Vue warn]: Invalid prop: type check failed for prop "rowData". Expected Object, got String with value "<". 
  at <BodyCell key="client_id" rowData="<" column= {__v_isVNode: true, __v_skip: true, type: Object, props: Object, key: null}  ... > 
  at <BodyRow key=undefined rowData="<" index=16  ... > 
  at <TableBody ref="bodyRef" value="<!DOCTYPE html>\n<htm" class=""  ... > 
  at <VirtualScroller ref="virtualScroller" items="<!DOCTYPE html>\n<html lang=\"en\">\n\n<head>\n  <meta charset=\"utf-8\" />\n  <meta name=\"viewport\" content=\"width=device-width, initial-scale=1\" />\n  <meta name=\"theme-color\" content=\"#000000\" />\n  <link rel=\"shortcut icon\" type=\"image/ico\" href=\"/assets/favicon-bc234827.ico\" />\n  <link href=\"https://fonts.googleapis.com/css?family=Roboto:300,400,500\" rel=\"stylesheet\" />\n  <title>Pentaract UI</title>\n\n  <style>\n    *,\n    html {\n      margin: 0;\n      padding: 0;\n    }\n  </style>\n  <script type=\"module\" crossorigin src=\"/assets/index-58b24b54.js\"></script>\n  <link rel=\"stylesheet\" href=\"/assets/index-a4f6c957.css\">\n</head>\n\n<body>\n  <noscript>Wanna write ur own UI without js?! Go ahead, don't disturb others</noscript>\n  <div id=\"root\"></div>\n\n  \n</body>\n\n</html>\n" columns= [Object, Object, Object, Object, Object, Object]  ... > 
  at <DataTable value="<!DOCTYPE html>\n<html lang=\"en\">\n\n<head>\n  <meta charset=\"utf-8\" />\n  <meta name=\"viewport\" content=\"width=device-width, initial-scale=1\" />\n  <meta name=\"theme-color\" content=\"#000000\" />\n  <link rel=\"shortcut icon\" type=\"image/ico\" href=\"/assets/favicon-bc234827.ico\" />\n  <link href=\"https://fonts.googleapis.com/css?family=Roboto:300,400,500\" rel=\"stylesheet\" />\n  <title>Pentaract UI</title>\n\n  <style>\n    *,\n    html {\n      margin: 0;\n      padding: 0;\n    }\n  </style>\n  <script type=\"module\" crossorigin src=\"/assets/index-58b24b54.js\"></script>\n  <link rel=\"stylesheet\" href=\"/assets/index-a4f6c957.css\">\n</head>\n\n<body>\n  <noscript>Wanna write ur own UI without js?! Go ahead, don't disturb others</noscript>\n  <div id=\"root\"></div>\n\n  \n</body>\n\n</html>\n" loading=false stripedRows=""  ... > 
  at <OrdersView onVnodeUnmounted=fn<onVnodeUnmounted> ref=Ref< Proxy(Object) > > 
  at <RouterView> 
  at <AppLayout onVnodeUnmounted=fn<onVnodeUnmounted> ref=Ref< Proxy(Object) > > 
  at <RouterView> 
  at <App> @ http://localhost:5277/node_modules/@vue/runtime-core/dist/runtime-core.esm-bundler.js:49
[   51959ms] [WARNING] [Vue warn]: Invalid prop: type check failed for prop "rowData". Expected Object, got String with value "<". 
  at <BodyCell key="source" rowData="<" column= {__v_isVNode: true, __v_skip: true, type: Object, props: Object, key: null}  ... > 
  at <BodyRow key=undefined rowData="<" index=16  ... > 
  at <TableBody ref="bodyRef" value="<!DOCTYPE html>\n<htm" class=""  ... > 
  at <VirtualScroller ref="virtualScroller" items="<!DOCTYPE html>\n<html lang=\"en\">\n\n<head>\n  <meta charset=\"utf-8\" />\n  <meta name=\"viewport\" content=\"width=device-width, initial-scale=1\" />\n  <meta name=\"theme-color\" content=\"#000000\" />\n  <link rel=\"shortcut icon\" type=\"image/ico\" href=\"/assets/favicon-bc234827.ico\" />\n  <link href=\"https://fonts.googleapis.com/css?family=Roboto:300,400,500\" rel=\"stylesheet\" />\n  <title>Pentaract UI</title>\n\n  <style>\n    *,\n    html {\n      margin: 0;\n      padding: 0;\n    }\n  </style>\n  <script type=\"module\" crossorigin src=\"/assets/index-58b24b54.js\"></script>\n  <link rel=\"stylesheet\" href=\"/assets/index-a4f6c957.css\">\n</head>\n\n<body>\n  <noscript>Wanna write ur own UI without js?! Go ahead, don't disturb others</noscript>\n  <div id=\"root\"></div>\n\n  \n</body>\n\n</html>\n" columns= [Object, Object, Object, Object, Object, Object]  ... > 
  at <DataTable value="<!DOCTYPE html>\n<html lang=\"en\">\n\n<head>\n  <meta charset=\"utf-8\" />\n  <meta name=\"viewport\" content=\"width=device-width, initial-scale=1\" />\n  <meta name=\"theme-color\" content=\"#000000\" />\n  <link rel=\"shortcut icon\" type=\"image/ico\" href=\"/assets/favicon-bc234827.ico\" />\n  <link href=\"https://fonts.googleapis.com/css?family=Roboto:300,400,500\" rel=\"stylesheet\" />\n  <title>Pentaract UI</title>\n\n  <style>\n    *,\n    html {\n      margin: 0;\n      padding: 0;\n    }\n  </style>\n  <script type=\"module\" crossorigin src=\"/assets/index-58b24b54.js\"></script>\n  <link rel=\"stylesheet\" href=\"/assets/index-a4f6c957.css\">\n</head>\n\n<body>\n  <noscript>Wanna write ur own UI without js?! Go ahead, don't disturb others</noscript>\n  <div id=\"root\"></div>\n\n  \n</body>\n\n</html>\n" loading=false stripedRows=""  ... > 
  at <OrdersView onVnodeUnmounted=fn<onVnodeUnmounted> ref=Ref< Proxy(Object) > > 
  at <RouterView> 
  at <AppLayout onVnodeUnmounted=fn<onVnodeUnmounted> ref=Ref< Proxy(Object) > > 
  at <RouterView> 
  at <App> @ http://localhost:5277/node_modules/@vue/runtime-core/dist/runtime-core.esm-bundler.js:49
[   51961ms] [WARNING] [Vue warn]: Invalid prop: type check failed for prop "rowData". Expected Object, got String with value "<". 
  at <BodyCell key="status" rowData="<" column= {__v_isVNode: true, __v_skip: true, type: Object, props: Object, key: null}  ... > 
  at <BodyRow key=undefined rowData="<" index=16  ... > 
  at <TableBody ref="bodyRef" value="<!DOCTYPE html>\n<htm" class=""  ... > 
  at <VirtualScroller ref="virtualScroller" items="<!DOCTYPE html>\n<html lang=\"en\">\n\n<head>\n  <meta charset=\"utf-8\" />\n  <meta name=\"viewport\" content=\"width=device-width, initial-scale=1\" />\n  <meta name=\"theme-color\" content=\"#000000\" />\n  <link rel=\"shortcut icon\" type=\"image/ico\" href=\"/assets/favicon-bc234827.ico\" />\n  <link href=\"https://fonts.googleapis.com/css?family=Roboto:300,400,500\" rel=\"stylesheet\" />\n  <title>Pentaract UI</title>\n\n  <style>\n    *,\n    html {\n      margin: 0;\n      padding: 0;\n    }\n  </style>\n  <script type=\"module\" crossorigin src=\"/assets/index-58b24b54.js\"></script>\n  <link rel=\"stylesheet\" href=\"/assets/index-a4f6c957.css\">\n</head>\n\n<body>\n  <noscript>Wanna write ur own UI without js?! Go ahead, don't disturb others</noscript>\n  <div id=\"root\"></div>\n\n  \n</body>\n\n</html>\n" columns= [Object, Object, Object, Object, Object, Object]  ... > 
  at <DataTable value="<!DOCTYPE html>\n<html lang=\"en\">\n\n<head>\n  <meta charset=\"utf-8\" />\n  <meta name=\"viewport\" content=\"width=device-width, initial-scale=1\" />\n  <meta name=\"theme-color\" content=\"#000000\" />\n  <link rel=\"shortcut icon\" type=\"image/ico\" href=\"/assets/favicon-bc234827.ico\" />\n  <link href=\"https://fonts.googleapis.com/css?family=Roboto:300,400,500\" rel=\"stylesheet\" />\n  <title>Pentaract UI</title>\n\n  <style>\n    *,\n    html {\n      margin: 0;\n      padding: 0;\n    }\n  </style>\n  <script type=\"module\" crossorigin src=\"/assets/index-58b24b54.js\"></script>\n  <link rel=\"stylesheet\" href=\"/assets/index-a4f6c957.css\">\n</head>\n\n<body>\n  <noscript>Wanna write ur own UI without js?! Go ahead, don't disturb others</noscript>\n  <div id=\"root\"></div>\n\n  \n</body>\n\n</html>\n" loading=false stripedRows=""  ... > 
  at <OrdersView onVnodeUnmounted=fn<onVnodeUnmounted> ref=Ref< Proxy(Object) > > 
  at <RouterView> 
  at <AppLayout onVnodeUnmounted=fn<onVnodeUnmounted> ref=Ref< Proxy(Object) > > 
  at <RouterView> 
  at <App> @ http://localhost:5277/node_modules/@vue/runtime-core/dist/runtime-core.esm-bundler.js:49
[   51965ms] [WARNING] [Vue warn]: Invalid prop: type check failed for prop "rowData". Expected Object, got String with value "<". 
  at <BodyCell key="created_at" rowData="<" column= {__v_isVNode: true, __v_skip: true, type: Object, props: Object, key: null}  ... > 
  at <BodyRow key=undefined rowData="<" index=16  ... > 
  at <TableBody ref="bodyRef" value="<!DOCTYPE html>\n<htm" class=""  ... > 
  at <VirtualScroller ref="virtualScroller" items="<!DOCTYPE html>\n<html lang=\"en\">\n\n<head>\n  <meta charset=\"utf-8\" />\n  <meta name=\"viewport\" content=\"width=device-width, initial-scale=1\" />\n  <meta name=\"theme-color\" content=\"#000000\" />\n  <link rel=\"shortcut icon\" type=\"image/ico\" href=\"/assets/favicon-bc234827.ico\" />\n  <link href=\"https://fonts.googleapis.com/css?family=Roboto:300,400,500\" rel=\"stylesheet\" />\n  <title>Pentaract UI</title>\n\n  <style>\n    *,\n    html {\n      margin: 0;\n      padding: 0;\n    }\n  </style>\n  <script type=\"module\" crossorigin src=\"/assets/index-58b24b54.js\"></script>\n  <link rel=\"stylesheet\" href=\"/assets/index-a4f6c957.css\">\n</head>\n\n<body>\n  <noscript>Wanna write ur own UI without js?! Go ahead, don't disturb others</noscript>\n  <div id=\"root\"></div>\n\n  \n</body>\n\n</html>\n" columns= [Object, Object, Object, Object, Object, Object]  ... > 
  at <DataTable value="<!DOCTYPE html>\n<html lang=\"en\">\n\n<head>\n  <meta charset=\"utf-8\" />\n  <meta name=\"viewport\" content=\"width=device-width, initial-scale=1\" />\n  <meta name=\"theme-color\" content=\"#000000\" />\n  <link rel=\"shortcut icon\" type=\"image/ico\" href=\"/assets/favicon-bc234827.ico\" />\n  <link href=\"https://fonts.googleapis.com/css?family=Roboto:300,400,500\" rel=\"stylesheet\" />\n  <title>Pentaract UI</title>\n\n  <style>\n    *,\n    html {\n      margin: 0;\n      padding: 0;\n    }\n  </style>\n  <script type=\"module\" crossorigin src=\"/assets/index-58b24b54.js\"></script>\n  <link rel=\"stylesheet\" href=\"/assets/index-a4f6c957.css\">\n</head>\n\n<body>\n  <noscript>Wanna write ur own UI without js?! Go ahead, don't disturb others</noscript>\n  <div id=\"root\"></div>\n\n  \n</body>\n\n</html>\n" loading=false stripedRows=""  ... > 
  at <OrdersView onVnodeUnmounted=fn<onVnodeUnmounted> ref=Ref< Proxy(Object) > > 
  at <RouterView> 
  at <AppLayout onVnodeUnmounted=fn<onVnodeUnmounted> ref=Ref< Proxy(Object) > > 
  at <RouterView> 
  at <App> @ http://localhost:5277/node_modules/@vue/runtime-core/dist/runtime-core.esm-bundler.js:49
[   51967ms] [WARNING] [Vue warn]: Invalid prop: type check failed for prop "rowData". Expected Object, got String with value "<". 
  at <BodyCell key=5 rowData="<" column= {__v_isVNode: true, __v_skip: true, type: Object, props: Object, key: null}  ... > 
  at <BodyRow key=undefined rowData="<" index=16  ... > 
  at <TableBody ref="bodyRef" value="<!DOCTYPE html>\n<htm" class=""  ... > 
  at <VirtualScroller ref="virtualScroller" items="<!DOCTYPE html>\n<html lang=\"en\">\n\n<head>\n  <meta charset=\"utf-8\" />\n  <meta name=\"viewport\" content=\"width=device-width, initial-scale=1\" />\n  <meta name=\"theme-color\" content=\"#000000\" />\n  <link rel=\"shortcut icon\" type=\"image/ico\" href=\"/assets/favicon-bc234827.ico\" />\n  <link href=\"https://fonts.googleapis.com/css?family=Roboto:300,400,500\" rel=\"stylesheet\" />\n  <title>Pentaract UI</title>\n\n  <style>\n    *,\n    html {\n      margin: 0;\n      padding: 0;\n    }\n  </style>\n  <script type=\"module\" crossorigin src=\"/assets/index-58b24b54.js\"></script>\n  <link rel=\"stylesheet\" href=\"/assets/index-a4f6c957.css\">\n</head>\n\n<body>\n  <noscript>Wanna write ur own UI without js?! Go ahead, don't disturb others</noscript>\n  <div id=\"root\"></div>\n\n  \n</body>\n\n</html>\n" columns= [Object, Object, Object, Object, Object, Object]  ... > 
  at <DataTable value="<!DOCTYPE html>\n<html lang=\"en\">\n\n<head>\n  <meta charset=\"utf-8\" />\n  <meta name=\"viewport\" content=\"width=device-width, initial-scale=1\" />\n  <meta name=\"theme-color\" content=\"#000000\" />\n  <link rel=\"shortcut icon\" type=\"image/ico\" href=\"/assets/favicon-bc234827.ico\" />\n  <link href=\"https://fonts.googleapis.com/css?family=Roboto:300,400,500\" rel=\"stylesheet\" />\n  <title>Pentaract UI</title>\n\n  <style>\n    *,\n    html {\n      margin: 0;\n      padding: 0;\n    }\n  </style>\n  <script type=\"module\" crossorigin src=\"/assets/index-58b24b54.js\"></script>\n  <link rel=\"stylesheet\" href=\"/assets/index-a4f6c957.css\">\n</head>\n\n<body>\n  <noscript>Wanna write ur own UI without js?! Go ahead, don't disturb others</noscript>\n  <div id=\"root\"></div>\n\n  \n</body>\n\n</html>\n" loading=false stripedRows=""  ... > 
  at <OrdersView onVnodeUnmounted=fn<onVnodeUnmounted> ref=Ref< Proxy(Object) > > 
  at <RouterView> 
  at <AppLayout onVnodeUnmounted=fn<onVnodeUnmounted> ref=Ref< Proxy(Object) > > 
  at <RouterView> 
  at <App> @ http://localhost:5277/node_modules/@vue/runtime-core/dist/runtime-core.esm-bundler.js:49
[   51971ms] [WARNING] [Vue warn]: Invalid prop: type check failed for prop "rowData". Expected Object, got String with value "h". 
  at <BodyRow key=undefined rowData="h" index=17  ... > 
  at <TableBody ref="bodyRef" value="<!DOCTYPE html>\n<htm" class=""  ... > 
  at <VirtualScroller ref="virtualScroller" items="<!DOCTYPE html>\n<html lang=\"en\">\n\n<head>\n  <meta charset=\"utf-8\" />\n  <meta name=\"viewport\" content=\"width=device-width, initial-scale=1\" />\n  <meta name=\"theme-color\" content=\"#000000\" />\n  <link rel=\"shortcut icon\" type=\"image/ico\" href=\"/assets/favicon-bc234827.ico\" />\n  <link href=\"https://fonts.googleapis.com/css?family=Roboto:300,400,500\" rel=\"stylesheet\" />\n  <title>Pentaract UI</title>\n\n  <style>\n    *,\n    html {\n      margin: 0;\n      padding: 0;\n    }\n  </style>\n  <script type=\"module\" crossorigin src=\"/assets/index-58b24b54.js\"></script>\n  <link rel=\"stylesheet\" href=\"/assets/index-a4f6c957.css\">\n</head>\n\n<body>\n  <noscript>Wanna write ur own UI without js?! Go ahead, don't disturb others</noscript>\n  <div id=\"root\"></div>\n\n  \n</body>\n\n</html>\n" columns= [Object, Object, Object, Object, Object, Object]  ... > 
  at <DataTable value="<!DOCTYPE html>\n<html lang=\"en\">\n\n<head>\n  <meta charset=\"utf-8\" />\n  <meta name=\"viewport\" content=\"width=device-width, initial-scale=1\" />\n  <meta name=\"theme-color\" content=\"#000000\" />\n  <link rel=\"shortcut icon\" type=\"image/ico\" href=\"/assets/favicon-bc234827.ico\" />\n  <link href=\"https://fonts.googleapis.com/css?family=Roboto:300,400,500\" rel=\"stylesheet\" />\n  <title>Pentaract UI</title>\n\n  <style>\n    *,\n    html {\n      margin: 0;\n      padding: 0;\n    }\n  </style>\n  <script type=\"module\" crossorigin src=\"/assets/index-58b24b54.js\"></script>\n  <link rel=\"stylesheet\" href=\"/assets/index-a4f6c957.css\">\n</head>\n\n<body>\n  <noscript>Wanna write ur own UI without js?! Go ahead, don't disturb others</noscript>\n  <div id=\"root\"></div>\n\n  \n</body>\n\n</html>\n" loading=false stripedRows=""  ... > 
  at <OrdersView onVnodeUnmounted=fn<onVnodeUnmounted> ref=Ref< Proxy(Object) > > 
  at <RouterView> 
  at <AppLayout onVnodeUnmounted=fn<onVnodeUnmounted> ref=Ref< Proxy(Object) > > 
  at <RouterView> 
  at <App> @ http://localhost:5277/node_modules/@vue/runtime-core/dist/runtime-core.esm-bundler.js:49
[   51972ms] [WARNING] [Vue warn]: Invalid prop: type check failed for prop "value". Expected Array, got String with value "<!DOCTYPE html>
<htm". 
  at <BodyRow key=undefined rowData="h" index=17  ... > 
  at <TableBody ref="bodyRef" value="<!DOCTYPE html>\n<htm" class=""  ... > 
  at <VirtualScroller ref="virtualScroller" items="<!DOCTYPE html>\n<html lang=\"en\">\n\n<head>\n  <meta charset=\"utf-8\" />\n  <meta name=\"viewport\" content=\"width=device-width, initial-scale=1\" />\n  <meta name=\"theme-color\" content=\"#000000\" />\n  <link rel=\"shortcut icon\" type=\"image/ico\" href=\"/assets/favicon-bc234827.ico\" />\n  <link href=\"https://fonts.googleapis.com/css?family=Roboto:300,400,500\" rel=\"stylesheet\" />\n  <title>Pentaract UI</title>\n\n  <style>\n    *,\n    html {\n      margin: 0;\n      padding: 0;\n    }\n  </style>\n  <script type=\"module\" crossorigin src=\"/assets/index-58b24b54.js\"></script>\n  <link rel=\"stylesheet\" href=\"/assets/index-a4f6c957.css\">\n</head>\n\n<body>\n  <noscript>Wanna write ur own UI without js?! Go ahead, don't disturb others</noscript>\n  <div id=\"root\"></div>\n\n  \n</body>\n\n</html>\n" columns= [Object, Object, Object, Object, Object, Object]  ... > 
  at <DataTable value="<!DOCTYPE html>\n<html lang=\"en\">\n\n<head>\n  <meta charset=\"utf-8\" />\n  <meta name=\"viewport\" content=\"width=device-width, initial-scale=1\" />\n  <meta name=\"theme-color\" content=\"#000000\" />\n  <link rel=\"shortcut icon\" type=\"image/ico\" href=\"/assets/favicon-bc234827.ico\" />\n  <link href=\"https://fonts.googleapis.com/css?family=Roboto:300,400,500\" rel=\"stylesheet\" />\n  <title>Pentaract UI</title>\n\n  <style>\n    *,\n    html {\n      margin: 0;\n      padding: 0;\n    }\n  </style>\n  <script type=\"module\" crossorigin src=\"/assets/index-58b24b54.js\"></script>\n  <link rel=\"stylesheet\" href=\"/assets/index-a4f6c957.css\">\n</head>\n\n<body>\n  <noscript>Wanna write ur own UI without js?! Go ahead, don't disturb others</noscript>\n  <div id=\"root\"></div>\n\n  \n</body>\n\n</html>\n" loading=false stripedRows=""  ... > 
  at <OrdersView onVnodeUnmounted=fn<onVnodeUnmounted> ref=Ref< Proxy(Object) > > 
  at <RouterView> 
  at <AppLayout onVnodeUnmounted=fn<onVnodeUnmounted> ref=Ref< Proxy(Object) > > 
  at <RouterView> 
  at <App> @ http://localhost:5277/node_modules/@vue/runtime-core/dist/runtime-core.esm-bundler.js:49
[   51974ms] [WARNING] [Vue warn]: Invalid prop: type check failed for prop "rowData". Expected Object, got String with value "h". 
  at <BodyCell key="id" rowData="h" column= {__v_isVNode: true, __v_skip: true, type: Object, props: Object, key: null}  ... > 
  at <BodyRow key=undefined rowData="h" index=17  ... > 
  at <TableBody ref="bodyRef" value="<!DOCTYPE html>\n<htm" class=""  ... > 
  at <VirtualScroller ref="virtualScroller" items="<!DOCTYPE html>\n<html lang=\"en\">\n\n<head>\n  <meta charset=\"utf-8\" />\n  <meta name=\"viewport\" content=\"width=device-width, initial-scale=1\" />\n  <meta name=\"theme-color\" content=\"#000000\" />\n  <link rel=\"shortcut icon\" type=\"image/ico\" href=\"/assets/favicon-bc234827.ico\" />\n  <link href=\"https://fonts.googleapis.com/css?family=Roboto:300,400,500\" rel=\"stylesheet\" />\n  <title>Pentaract UI</title>\n\n  <style>\n    *,\n    html {\n      margin: 0;\n      padding: 0;\n    }\n  </style>\n  <script type=\"module\" crossorigin src=\"/assets/index-58b24b54.js\"></script>\n  <link rel=\"stylesheet\" href=\"/assets/index-a4f6c957.css\">\n</head>\n\n<body>\n  <noscript>Wanna write ur own UI without js?! Go ahead, don't disturb others</noscript>\n  <div id=\"root\"></div>\n\n  \n</body>\n\n</html>\n" columns= [Object, Object, Object, Object, Object, Object]  ... > 
  at <DataTable value="<!DOCTYPE html>\n<html lang=\"en\">\n\n<head>\n  <meta charset=\"utf-8\" />\n  <meta name=\"viewport\" content=\"width=device-width, initial-scale=1\" />\n  <meta name=\"theme-color\" content=\"#000000\" />\n  <link rel=\"shortcut icon\" type=\"image/ico\" href=\"/assets/favicon-bc234827.ico\" />\n  <link href=\"https://fonts.googleapis.com/css?family=Roboto:300,400,500\" rel=\"stylesheet\" />\n  <title>Pentaract UI</title>\n\n  <style>\n    *,\n    html {\n      margin: 0;\n      padding: 0;\n    }\n  </style>\n  <script type=\"module\" crossorigin src=\"/assets/index-58b24b54.js\"></script>\n  <link rel=\"stylesheet\" href=\"/assets/index-a4f6c957.css\">\n</head>\n\n<body>\n  <noscript>Wanna write ur own UI without js?! Go ahead, don't disturb others</noscript>\n  <div id=\"root\"></div>\n\n  \n</body>\n\n</html>\n" loading=false stripedRows=""  ... > 
  at <OrdersView onVnodeUnmounted=fn<onVnodeUnmounted> ref=Ref< Proxy(Object) > > 
  at <RouterView> 
  at <AppLayout onVnodeUnmounted=fn<onVnodeUnmounted> ref=Ref< Proxy(Object) > > 
  at <RouterView> 
  at <App> @ http://localhost:5277/node_modules/@vue/runtime-core/dist/runtime-core.esm-bundler.js:49
[   51976ms] [WARNING] [Vue warn]: Invalid prop: type check failed for prop "rowData". Expected Object, got String with value "h". 
  at <BodyCell key="client_id" rowData="h" column= {__v_isVNode: true, __v_skip: true, type: Object, props: Object, key: null}  ... > 
  at <BodyRow key=undefined rowData="h" index=17  ... > 
  at <TableBody ref="bodyRef" value="<!DOCTYPE html>\n<htm" class=""  ... > 
  at <VirtualScroller ref="virtualScroller" items="<!DOCTYPE html>\n<html lang=\"en\">\n\n<head>\n  <meta charset=\"utf-8\" />\n  <meta name=\"viewport\" content=\"width=device-width, initial-scale=1\" />\n  <meta name=\"theme-color\" content=\"#000000\" />\n  <link rel=\"shortcut icon\" type=\"image/ico\" href=\"/assets/favicon-bc234827.ico\" />\n  <link href=\"https://fonts.googleapis.com/css?family=Roboto:300,400,500\" rel=\"stylesheet\" />\n  <title>Pentaract UI</title>\n\n  <style>\n    *,\n    html {\n      margin: 0;\n      padding: 0;\n    }\n  </style>\n  <script type=\"module\" crossorigin src=\"/assets/index-58b24b54.js\"></script>\n  <link rel=\"stylesheet\" href=\"/assets/index-a4f6c957.css\">\n</head>\n\n<body>\n  <noscript>Wanna write ur own UI without js?! Go ahead, don't disturb others</noscript>\n  <div id=\"root\"></div>\n\n  \n</body>\n\n</html>\n" columns= [Object, Object, Object, Object, Object, Object]  ... > 
  at <DataTable value="<!DOCTYPE html>\n<html lang=\"en\">\n\n<head>\n  <meta charset=\"utf-8\" />\n  <meta name=\"viewport\" content=\"width=device-width, initial-scale=1\" />\n  <meta name=\"theme-color\" content=\"#000000\" />\n  <link rel=\"shortcut icon\" type=\"image/ico\" href=\"/assets/favicon-bc234827.ico\" />\n  <link href=\"https://fonts.googleapis.com/css?family=Roboto:300,400,500\" rel=\"stylesheet\" />\n  <title>Pentaract UI</title>\n\n  <style>\n    *,\n    html {\n      margin: 0;\n      padding: 0;\n    }\n  </style>\n  <script type=\"module\" crossorigin src=\"/assets/index-58b24b54.js\"></script>\n  <link rel=\"stylesheet\" href=\"/assets/index-a4f6c957.css\">\n</head>\n\n<body>\n  <noscript>Wanna write ur own UI without js?! Go ahead, don't disturb others</noscript>\n  <div id=\"root\"></div>\n\n  \n</body>\n\n</html>\n" loading=false stripedRows=""  ... > 
  at <OrdersView onVnodeUnmounted=fn<onVnodeUnmounted> ref=Ref< Proxy(Object) > > 
  at <RouterView> 
  at <AppLayout onVnodeUnmounted=fn<onVnodeUnmounted> ref=Ref< Proxy(Object) > > 
  at <RouterView> 
  at <App> @ http://localhost:5277/node_modules/@vue/runtime-core/dist/runtime-core.esm-bundler.js:49
[   51978ms] [WARNING] [Vue warn]: Invalid prop: type check failed for prop "rowData". Expected Object, got String with value "h". 
  at <BodyCell key="source" rowData="h" column= {__v_isVNode: true, __v_skip: true, type: Object, props: Object, key: null}  ... > 
  at <BodyRow key=undefined rowData="h" index=17  ... > 
  at <TableBody ref="bodyRef" value="<!DOCTYPE html>\n<htm" class=""  ... > 
  at <VirtualScroller ref="virtualScroller" items="<!DOCTYPE html>\n<html lang=\"en\">\n\n<head>\n  <meta charset=\"utf-8\" />\n  <meta name=\"viewport\" content=\"width=device-width, initial-scale=1\" />\n  <meta name=\"theme-color\" content=\"#000000\" />\n  <link rel=\"shortcut icon\" type=\"image/ico\" href=\"/assets/favicon-bc234827.ico\" />\n  <link href=\"https://fonts.googleapis.com/css?family=Roboto:300,400,500\" rel=\"stylesheet\" />\n  <title>Pentaract UI</title>\n\n  <style>\n    *,\n    html {\n      margin: 0;\n      padding: 0;\n    }\n  </style>\n  <script type=\"module\" crossorigin src=\"/assets/index-58b24b54.js\"></script>\n  <link rel=\"stylesheet\" href=\"/assets/index-a4f6c957.css\">\n</head>\n\n<body>\n  <noscript>Wanna write ur own UI without js?! Go ahead, don't disturb others</noscript>\n  <div id=\"root\"></div>\n\n  \n</body>\n\n</html>\n" columns= [Object, Object, Object, Object, Object, Object]  ... > 
  at <DataTable value="<!DOCTYPE html>\n<html lang=\"en\">\n\n<head>\n  <meta charset=\"utf-8\" />\n  <meta name=\"viewport\" content=\"width=device-width, initial-scale=1\" />\n  <meta name=\"theme-color\" content=\"#000000\" />\n  <link rel=\"shortcut icon\" type=\"image/ico\" href=\"/assets/favicon-bc234827.ico\" />\n  <link href=\"https://fonts.googleapis.com/css?family=Roboto:300,400,500\" rel=\"stylesheet\" />\n  <title>Pentaract UI</title>\n\n  <style>\n    *,\n    html {\n      margin: 0;\n      padding: 0;\n    }\n  </style>\n  <script type=\"module\" crossorigin src=\"/assets/index-58b24b54.js\"></script>\n  <link rel=\"stylesheet\" href=\"/assets/index-a4f6c957.css\">\n</head>\n\n<body>\n  <noscript>Wanna write ur own UI without js?! Go ahead, don't disturb others</noscript>\n  <div id=\"root\"></div>\n\n  \n</body>\n\n</html>\n" loading=false stripedRows=""  ... > 
  at <OrdersView onVnodeUnmounted=fn<onVnodeUnmounted> ref=Ref< Proxy(Object) > > 
  at <RouterView> 
  at <AppLayout onVnodeUnmounted=fn<onVnodeUnmounted> ref=Ref< Proxy(Object) > > 
  at <RouterView> 
  at <App> @ http://localhost:5277/node_modules/@vue/runtime-core/dist/runtime-core.esm-bundler.js:49
[   51981ms] [WARNING] [Vue warn]: Invalid prop: type check failed for prop "rowData". Expected Object, got String with value "h". 
  at <BodyCell key="status" rowData="h" column= {__v_isVNode: true, __v_skip: true, type: Object, props: Object, key: null}  ... > 
  at <BodyRow key=undefined rowData="h" index=17  ... > 
  at <TableBody ref="bodyRef" value="<!DOCTYPE html>\n<htm" class=""  ... > 
  at <VirtualScroller ref="virtualScroller" items="<!DOCTYPE html>\n<html lang=\"en\">\n\n<head>\n  <meta charset=\"utf-8\" />\n  <meta name=\"viewport\" content=\"width=device-width, initial-scale=1\" />\n  <meta name=\"theme-color\" content=\"#000000\" />\n  <link rel=\"shortcut icon\" type=\"image/ico\" href=\"/assets/favicon-bc234827.ico\" />\n  <link href=\"https://fonts.googleapis.com/css?family=Roboto:300,400,500\" rel=\"stylesheet\" />\n  <title>Pentaract UI</title>\n\n  <style>\n    *,\n    html {\n      margin: 0;\n      padding: 0;\n    }\n  </style>\n  <script type=\"module\" crossorigin src=\"/assets/index-58b24b54.js\"></script>\n  <link rel=\"stylesheet\" href=\"/assets/index-a4f6c957.css\">\n</head>\n\n<body>\n  <noscript>Wanna write ur own UI without js?! Go ahead, don't disturb others</noscript>\n  <div id=\"root\"></div>\n\n  \n</body>\n\n</html>\n" columns= [Object, Object, Object, Object, Object, Object]  ... > 
  at <DataTable value="<!DOCTYPE html>\n<html lang=\"en\">\n\n<head>\n  <meta charset=\"utf-8\" />\n  <meta name=\"viewport\" content=\"width=device-width, initial-scale=1\" />\n  <meta name=\"theme-color\" content=\"#000000\" />\n  <link rel=\"shortcut icon\" type=\"image/ico\" href=\"/assets/favicon-bc234827.ico\" />\n  <link href=\"https://fonts.googleapis.com/css?family=Roboto:300,400,500\" rel=\"stylesheet\" />\n  <title>Pentaract UI</title>\n\n  <style>\n    *,\n    html {\n      margin: 0;\n      padding: 0;\n    }\n  </style>\n  <script type=\"module\" crossorigin src=\"/assets/index-58b24b54.js\"></script>\n  <link rel=\"stylesheet\" href=\"/assets/index-a4f6c957.css\">\n</head>\n\n<body>\n  <noscript>Wanna write ur own UI without js?! Go ahead, don't disturb others</noscript>\n  <div id=\"root\"></div>\n\n  \n</body>\n\n</html>\n" loading=false stripedRows=""  ... > 
  at <OrdersView onVnodeUnmounted=fn<onVnodeUnmounted> ref=Ref< Proxy(Object) > > 
  at <RouterView> 
  at <AppLayout onVnodeUnmounted=fn<onVnodeUnmounted> ref=Ref< Proxy(Object) > > 
  at <RouterView> 
  at <App> @ http://localhost:5277/node_modules/@vue/runtime-core/dist/runtime-core.esm-bundler.js:49
[   51984ms] [WARNING] [Vue warn]: Invalid prop: type check failed for prop "rowData". Expected Object, got String with value "h". 
  at <BodyCell key="created_at" rowData="h" column= {__v_isVNode: true, __v_skip: true, type: Object, props: Object, key: null}  ... > 
  at <BodyRow key=undefined rowData="h" index=17  ... > 
  at <TableBody ref="bodyRef" value="<!DOCTYPE html>\n<htm" class=""  ... > 
  at <VirtualScroller ref="virtualScroller" items="<!DOCTYPE html>\n<html lang=\"en\">\n\n<head>\n  <meta charset=\"utf-8\" />\n  <meta name=\"viewport\" content=\"width=device-width, initial-scale=1\" />\n  <meta name=\"theme-color\" content=\"#000000\" />\n  <link rel=\"shortcut icon\" type=\"image/ico\" href=\"/assets/favicon-bc234827.ico\" />\n  <link href=\"https://fonts.googleapis.com/css?family=Roboto:300,400,500\" rel=\"stylesheet\" />\n  <title>Pentaract UI</title>\n\n  <style>\n    *,\n    html {\n      margin: 0;\n      padding: 0;\n    }\n  </style>\n  <script type=\"module\" crossorigin src=\"/assets/index-58b24b54.js\"></script>\n  <link rel=\"stylesheet\" href=\"/assets/index-a4f6c957.css\">\n</head>\n\n<body>\n  <noscript>Wanna write ur own UI without js?! Go ahead, don't disturb others</noscript>\n  <div id=\"root\"></div>\n\n  \n</body>\n\n</html>\n" columns= [Object, Object, Object, Object, Object, Object]  ... > 
  at <DataTable value="<!DOCTYPE html>\n<html lang=\"en\">\n\n<head>\n  <meta charset=\"utf-8\" />\n  <meta name=\"viewport\" content=\"width=device-width, initial-scale=1\" />\n  <meta name=\"theme-color\" content=\"#000000\" />\n  <link rel=\"shortcut icon\" type=\"image/ico\" href=\"/assets/favicon-bc234827.ico\" />\n  <link href=\"https://fonts.googleapis.com/css?family=Roboto:300,400,500\" rel=\"stylesheet\" />\n  <title>Pentaract UI</title>\n\n  <style>\n    *,\n    html {\n      margin: 0;\n      padding: 0;\n    }\n  </style>\n  <script type=\"module\" crossorigin src=\"/assets/index-58b24b54.js\"></script>\n  <link rel=\"stylesheet\" href=\"/assets/index-a4f6c957.css\">\n</head>\n\n<body>\n  <noscript>Wanna write ur own UI without js?! Go ahead, don't disturb others</noscript>\n  <div id=\"root\"></div>\n\n  \n</body>\n\n</html>\n" loading=false stripedRows=""  ... > 
  at <OrdersView onVnodeUnmounted=fn<onVnodeUnmounted> ref=Ref< Proxy(Object) > > 
  at <RouterView> 
  at <AppLayout onVnodeUnmounted=fn<onVnodeUnmounted> ref=Ref< Proxy(Object) > > 
  at <RouterView> 
  at <App> @ http://localhost:5277/node_modules/@vue/runtime-core/dist/runtime-core.esm-bundler.js:49
[   51986ms] [WARNING] [Vue warn]: Invalid prop: type check failed for prop "rowData". Expected Object, got String with value "h". 
  at <BodyCell key=5 rowData="h" column= {__v_isVNode: true, __v_skip: true, type: Object, props: Object, key: null}  ... > 
  at <BodyRow key=undefined rowData="h" index=17  ... > 
  at <TableBody ref="bodyRef" value="<!DOCTYPE html>\n<htm" class=""  ... > 
  at <VirtualScroller ref="virtualScroller" items="<!DOCTYPE html>\n<html lang=\"en\">\n\n<head>\n  <meta charset=\"utf-8\" />\n  <meta name=\"viewport\" content=\"width=device-width, initial-scale=1\" />\n  <meta name=\"theme-color\" content=\"#000000\" />\n  <link rel=\"shortcut icon\" type=\"image/ico\" href=\"/assets/favicon-bc234827.ico\" />\n  <link href=\"https://fonts.googleapis.com/css?family=Roboto:300,400,500\" rel=\"stylesheet\" />\n  <title>Pentaract UI</title>\n\n  <style>\n    *,\n    html {\n      margin: 0;\n      padding: 0;\n    }\n  </style>\n  <script type=\"module\" crossorigin src=\"/assets/index-58b24b54.js\"></script>\n  <link rel=\"stylesheet\" href=\"/assets/index-a4f6c957.css\">\n</head>\n\n<body>\n  <noscript>Wanna write ur own UI without js?! Go ahead, don't disturb others</noscript>\n  <div id=\"root\"></div>\n\n  \n</body>\n\n</html>\n" columns= [Object, Object, Object, Object, Object, Object]  ... > 
  at <DataTable value="<!DOCTYPE html>\n<html lang=\"en\">\n\n<head>\n  <meta charset=\"utf-8\" />\n  <meta name=\"viewport\" content=\"width=device-width, initial-scale=1\" />\n  <meta name=\"theme-color\" content=\"#000000\" />\n  <link rel=\"shortcut icon\" type=\"image/ico\" href=\"/assets/favicon-bc234827.ico\" />\n  <link href=\"https://fonts.googleapis.com/css?family=Roboto:300,400,500\" rel=\"stylesheet\" />\n  <title>Pentaract UI</title>\n\n  <style>\n    *,\n    html {\n      margin: 0;\n      padding: 0;\n    }\n  </style>\n  <script type=\"module\" crossorigin src=\"/assets/index-58b24b54.js\"></script>\n  <link rel=\"stylesheet\" href=\"/assets/index-a4f6c957.css\">\n</head>\n\n<body>\n  <noscript>Wanna write ur own UI without js?! Go ahead, don't disturb others</noscript>\n  <div id=\"root\"></div>\n\n  \n</body>\n\n</html>\n" loading=false stripedRows=""  ... > 
  at <OrdersView onVnodeUnmounted=fn<onVnodeUnmounted> ref=Ref< Proxy(Object) > > 
  at <RouterView> 
  at <AppLayout onVnodeUnmounted=fn<onVnodeUnmounted> ref=Ref< Proxy(Object) > > 
  at <RouterView> 
  at <App> @ http://localhost:5277/node_modules/@vue/runtime-core/dist/runtime-core.esm-bundler.js:49
[   51990ms] [WARNING] [Vue warn]: Invalid prop: type check failed for prop "rowData". Expected Object, got String with value "t". 
  at <BodyRow key=undefined rowData="t" index=18  ... > 
  at <TableBody ref="bodyRef" value="<!DOCTYPE html>\n<htm" class=""  ... > 
  at <VirtualScroller ref="virtualScroller" items="<!DOCTYPE html>\n<html lang=\"en\">\n\n<head>\n  <meta charset=\"utf-8\" />\n  <meta name=\"viewport\" content=\"width=device-width, initial-scale=1\" />\n  <meta name=\"theme-color\" content=\"#000000\" />\n  <link rel=\"shortcut icon\" type=\"image/ico\" href=\"/assets/favicon-bc234827.ico\" />\n  <link href=\"https://fonts.googleapis.com/css?family=Roboto:300,400,500\" rel=\"stylesheet\" />\n  <title>Pentaract UI</title>\n\n  <style>\n    *,\n    html {\n      margin: 0;\n      padding: 0;\n    }\n  </style>\n  <script type=\"module\" crossorigin src=\"/assets/index-58b24b54.js\"></script>\n  <link rel=\"stylesheet\" href=\"/assets/index-a4f6c957.css\">\n</head>\n\n<body>\n  <noscript>Wanna write ur own UI without js?! Go ahead, don't disturb others</noscript>\n  <div id=\"root\"></div>\n\n  \n</body>\n\n</html>\n" columns= [Object, Object, Object, Object, Object, Object]  ... > 
  at <DataTable value="<!DOCTYPE html>\n<html lang=\"en\">\n\n<head>\n  <meta charset=\"utf-8\" />\n  <meta name=\"viewport\" content=\"width=device-width, initial-scale=1\" />\n  <meta name=\"theme-color\" content=\"#000000\" />\n  <link rel=\"shortcut icon\" type=\"image/ico\" href=\"/assets/favicon-bc234827.ico\" />\n  <link href=\"https://fonts.googleapis.com/css?family=Roboto:300,400,500\" rel=\"stylesheet\" />\n  <title>Pentaract UI</title>\n\n  <style>\n    *,\n    html {\n      margin: 0;\n      padding: 0;\n    }\n  </style>\n  <script type=\"module\" crossorigin src=\"/assets/index-58b24b54.js\"></script>\n  <link rel=\"stylesheet\" href=\"/assets/index-a4f6c957.css\">\n</head>\n\n<body>\n  <noscript>Wanna write ur own UI without js?! Go ahead, don't disturb others</noscript>\n  <div id=\"root\"></div>\n\n  \n</body>\n\n</html>\n" loading=false stripedRows=""  ... > 
  at <OrdersView onVnodeUnmounted=fn<onVnodeUnmounted> ref=Ref< Proxy(Object) > > 
  at <RouterView> 
  at <AppLayout onVnodeUnmounted=fn<onVnodeUnmounted> ref=Ref< Proxy(Object) > > 
  at <RouterView> 
  at <App> @ http://localhost:5277/node_modules/@vue/runtime-core/dist/runtime-core.esm-bundler.js:49
[   51991ms] [WARNING] [Vue warn]: Invalid prop: type check failed for prop "value". Expected Array, got String with value "<!DOCTYPE html>
<htm". 
  at <BodyRow key=undefined rowData="t" index=18  ... > 
  at <TableBody ref="bodyRef" value="<!DOCTYPE html>\n<htm" class=""  ... > 
  at <VirtualScroller ref="virtualScroller" items="<!DOCTYPE html>\n<html lang=\"en\">\n\n<head>\n  <meta charset=\"utf-8\" />\n  <meta name=\"viewport\" content=\"width=device-width, initial-scale=1\" />\n  <meta name=\"theme-color\" content=\"#000000\" />\n  <link rel=\"shortcut icon\" type=\"image/ico\" href=\"/assets/favicon-bc234827.ico\" />\n  <link href=\"https://fonts.googleapis.com/css?family=Roboto:300,400,500\" rel=\"stylesheet\" />\n  <title>Pentaract UI</title>\n\n  <style>\n    *,\n    html {\n      margin: 0;\n      padding: 0;\n    }\n  </style>\n  <script type=\"module\" crossorigin src=\"/assets/index-58b24b54.js\"></script>\n  <link rel=\"stylesheet\" href=\"/assets/index-a4f6c957.css\">\n</head>\n\n<body>\n  <noscript>Wanna write ur own UI without js?! Go ahead, don't disturb others</noscript>\n  <div id=\"root\"></div>\n\n  \n</body>\n\n</html>\n" columns= [Object, Object, Object, Object, Object, Object]  ... > 
  at <DataTable value="<!DOCTYPE html>\n<html lang=\"en\">\n\n<head>\n  <meta charset=\"utf-8\" />\n  <meta name=\"viewport\" content=\"width=device-width, initial-scale=1\" />\n  <meta name=\"theme-color\" content=\"#000000\" />\n  <link rel=\"shortcut icon\" type=\"image/ico\" href=\"/assets/favicon-bc234827.ico\" />\n  <link href=\"https://fonts.googleapis.com/css?family=Roboto:300,400,500\" rel=\"stylesheet\" />\n  <title>Pentaract UI</title>\n\n  <style>\n    *,\n    html {\n      margin: 0;\n      padding: 0;\n    }\n  </style>\n  <script type=\"module\" crossorigin src=\"/assets/index-58b24b54.js\"></script>\n  <link rel=\"stylesheet\" href=\"/assets/index-a4f6c957.css\">\n</head>\n\n<body>\n  <noscript>Wanna write ur own UI without js?! Go ahead, don't disturb others</noscript>\n  <div id=\"root\"></div>\n\n  \n</body>\n\n</html>\n" loading=false stripedRows=""  ... > 
  at <OrdersView onVnodeUnmounted=fn<onVnodeUnmounted> ref=Ref< Proxy(Object) > > 
  at <RouterView> 
  at <AppLayout onVnodeUnmounted=fn<onVnodeUnmounted> ref=Ref< Proxy(Object) > > 
  at <RouterView> 
  at <App> @ http://localhost:5277/node_modules/@vue/runtime-core/dist/runtime-core.esm-bundler.js:49
[   51993ms] [WARNING] [Vue warn]: Invalid prop: type check failed for prop "rowData". Expected Object, got String with value "t". 
  at <BodyCell key="id" rowData="t" column= {__v_isVNode: true, __v_skip: true, type: Object, props: Object, key: null}  ... > 
  at <BodyRow key=undefined rowData="t" index=18  ... > 
  at <TableBody ref="bodyRef" value="<!DOCTYPE html>\n<htm" class=""  ... > 
  at <VirtualScroller ref="virtualScroller" items="<!DOCTYPE html>\n<html lang=\"en\">\n\n<head>\n  <meta charset=\"utf-8\" />\n  <meta name=\"viewport\" content=\"width=device-width, initial-scale=1\" />\n  <meta name=\"theme-color\" content=\"#000000\" />\n  <link rel=\"shortcut icon\" type=\"image/ico\" href=\"/assets/favicon-bc234827.ico\" />\n  <link href=\"https://fonts.googleapis.com/css?family=Roboto:300,400,500\" rel=\"stylesheet\" />\n  <title>Pentaract UI</title>\n\n  <style>\n    *,\n    html {\n      margin: 0;\n      padding: 0;\n    }\n  </style>\n  <script type=\"module\" crossorigin src=\"/assets/index-58b24b54.js\"></script>\n  <link rel=\"stylesheet\" href=\"/assets/index-a4f6c957.css\">\n</head>\n\n<body>\n  <noscript>Wanna write ur own UI without js?! Go ahead, don't disturb others</noscript>\n  <div id=\"root\"></div>\n\n  \n</body>\n\n</html>\n" columns= [Object, Object, Object, Object, Object, Object]  ... > 
  at <DataTable value="<!DOCTYPE html>\n<html lang=\"en\">\n\n<head>\n  <meta charset=\"utf-8\" />\n  <meta name=\"viewport\" content=\"width=device-width, initial-scale=1\" />\n  <meta name=\"theme-color\" content=\"#000000\" />\n  <link rel=\"shortcut icon\" type=\"image/ico\" href=\"/assets/favicon-bc234827.ico\" />\n  <link href=\"https://fonts.googleapis.com/css?family=Roboto:300,400,500\" rel=\"stylesheet\" />\n  <title>Pentaract UI</title>\n\n  <style>\n    *,\n    html {\n      margin: 0;\n      padding: 0;\n    }\n  </style>\n  <script type=\"module\" crossorigin src=\"/assets/index-58b24b54.js\"></script>\n  <link rel=\"stylesheet\" href=\"/assets/index-a4f6c957.css\">\n</head>\n\n<body>\n  <noscript>Wanna write ur own UI without js?! Go ahead, don't disturb others</noscript>\n  <div id=\"root\"></div>\n\n  \n</body>\n\n</html>\n" loading=false stripedRows=""  ... > 
  at <OrdersView onVnodeUnmounted=fn<onVnodeUnmounted> ref=Ref< Proxy(Object) > > 
  at <RouterView> 
  at <AppLayout onVnodeUnmounted=fn<onVnodeUnmounted> ref=Ref< Proxy(Object) > > 
  at <RouterView> 
  at <App> @ http://localhost:5277/node_modules/@vue/runtime-core/dist/runtime-core.esm-bundler.js:49
[   51995ms] [WARNING] [Vue warn]: Invalid prop: type check failed for prop "rowData". Expected Object, got String with value "t". 
  at <BodyCell key="client_id" rowData="t" column= {__v_isVNode: true, __v_skip: true, type: Object, props: Object, key: null}  ... > 
  at <BodyRow key=undefined rowData="t" index=18  ... > 
  at <TableBody ref="bodyRef" value="<!DOCTYPE html>\n<htm" class=""  ... > 
  at <VirtualScroller ref="virtualScroller" items="<!DOCTYPE html>\n<html lang=\"en\">\n\n<head>\n  <meta charset=\"utf-8\" />\n  <meta name=\"viewport\" content=\"width=device-width, initial-scale=1\" />\n  <meta name=\"theme-color\" content=\"#000000\" />\n  <link rel=\"shortcut icon\" type=\"image/ico\" href=\"/assets/favicon-bc234827.ico\" />\n  <link href=\"https://fonts.googleapis.com/css?family=Roboto:300,400,500\" rel=\"stylesheet\" />\n  <title>Pentaract UI</title>\n\n  <style>\n    *,\n    html {\n      margin: 0;\n      padding: 0;\n    }\n  </style>\n  <script type=\"module\" crossorigin src=\"/assets/index-58b24b54.js\"></script>\n  <link rel=\"stylesheet\" href=\"/assets/index-a4f6c957.css\">\n</head>\n\n<body>\n  <noscript>Wanna write ur own UI without js?! Go ahead, don't disturb others</noscript>\n  <div id=\"root\"></div>\n\n  \n</body>\n\n</html>\n" columns= [Object, Object, Object, Object, Object, Object]  ... > 
  at <DataTable value="<!DOCTYPE html>\n<html lang=\"en\">\n\n<head>\n  <meta charset=\"utf-8\" />\n  <meta name=\"viewport\" content=\"width=device-width, initial-scale=1\" />\n  <meta name=\"theme-color\" content=\"#000000\" />\n  <link rel=\"shortcut icon\" type=\"image/ico\" href=\"/assets/favicon-bc234827.ico\" />\n  <link href=\"https://fonts.googleapis.com/css?family=Roboto:300,400,500\" rel=\"stylesheet\" />\n  <title>Pentaract UI</title>\n\n  <style>\n    *,\n    html {\n      margin: 0;\n      padding: 0;\n    }\n  </style>\n  <script type=\"module\" crossorigin src=\"/assets/index-58b24b54.js\"></script>\n  <link rel=\"stylesheet\" href=\"/assets/index-a4f6c957.css\">\n</head>\n\n<body>\n  <noscript>Wanna write ur own UI without js?! Go ahead, don't disturb others</noscript>\n  <div id=\"root\"></div>\n\n  \n</body>\n\n</html>\n" loading=false stripedRows=""  ... > 
  at <OrdersView onVnodeUnmounted=fn<onVnodeUnmounted> ref=Ref< Proxy(Object) > > 
  at <RouterView> 
  at <AppLayout onVnodeUnmounted=fn<onVnodeUnmounted> ref=Ref< Proxy(Object) > > 
  at <RouterView> 
  at <App> @ http://localhost:5277/node_modules/@vue/runtime-core/dist/runtime-core.esm-bundler.js:49
[   51996ms] [WARNING] [Vue warn]: Invalid prop: type check failed for prop "rowData". Expected Object, got String with value "t". 
  at <BodyCell key="source" rowData="t" column= {__v_isVNode: true, __v_skip: true, type: Object, props: Object, key: null}  ... > 
  at <BodyRow key=undefined rowData="t" index=18  ... > 
  at <TableBody ref="bodyRef" value="<!DOCTYPE html>\n<htm" class=""  ... > 
  at <VirtualScroller ref="virtualScroller" items="<!DOCTYPE html>\n<html lang=\"en\">\n\n<head>\n  <meta charset=\"utf-8\" />\n  <meta name=\"viewport\" content=\"width=device-width, initial-scale=1\" />\n  <meta name=\"theme-color\" content=\"#000000\" />\n  <link rel=\"shortcut icon\" type=\"image/ico\" href=\"/assets/favicon-bc234827.ico\" />\n  <link href=\"https://fonts.googleapis.com/css?family=Roboto:300,400,500\" rel=\"stylesheet\" />\n  <title>Pentaract UI</title>\n\n  <style>\n    *,\n    html {\n      margin: 0;\n      padding: 0;\n    }\n  </style>\n  <script type=\"module\" crossorigin src=\"/assets/index-58b24b54.js\"></script>\n  <link rel=\"stylesheet\" href=\"/assets/index-a4f6c957.css\">\n</head>\n\n<body>\n  <noscript>Wanna write ur own UI without js?! Go ahead, don't disturb others</noscript>\n  <div id=\"root\"></div>\n\n  \n</body>\n\n</html>\n" columns= [Object, Object, Object, Object, Object, Object]  ... > 
  at <DataTable value="<!DOCTYPE html>\n<html lang=\"en\">\n\n<head>\n  <meta charset=\"utf-8\" />\n  <meta name=\"viewport\" content=\"width=device-width, initial-scale=1\" />\n  <meta name=\"theme-color\" content=\"#000000\" />\n  <link rel=\"shortcut icon\" type=\"image/ico\" href=\"/assets/favicon-bc234827.ico\" />\n  <link href=\"https://fonts.googleapis.com/css?family=Roboto:300,400,500\" rel=\"stylesheet\" />\n  <title>Pentaract UI</title>\n\n  <style>\n    *,\n    html {\n      margin: 0;\n      padding: 0;\n    }\n  </style>\n  <script type=\"module\" crossorigin src=\"/assets/index-58b24b54.js\"></script>\n  <link rel=\"stylesheet\" href=\"/assets/index-a4f6c957.css\">\n</head>\n\n<body>\n  <noscript>Wanna write ur own UI without js?! Go ahead, don't disturb others</noscript>\n  <div id=\"root\"></div>\n\n  \n</body>\n\n</html>\n" loading=false stripedRows=""  ... > 
  at <OrdersView onVnodeUnmounted=fn<onVnodeUnmounted> ref=Ref< Proxy(Object) > > 
  at <RouterView> 
  at <AppLayout onVnodeUnmounted=fn<onVnodeUnmounted> ref=Ref< Proxy(Object) > > 
  at <RouterView> 
  at <App> @ http://localhost:5277/node_modules/@vue/runtime-core/dist/runtime-core.esm-bundler.js:49
[   51998ms] [WARNING] [Vue warn]: Invalid prop: type check failed for prop "rowData". Expected Object, got String with value "t". 
  at <BodyCell key="status" rowData="t" column= {__v_isVNode: true, __v_skip: true, type: Object, props: Object, key: null}  ... > 
  at <BodyRow key=undefined rowData="t" index=18  ... > 
  at <TableBody ref="bodyRef" value="<!DOCTYPE html>\n<htm" class=""  ... > 
  at <VirtualScroller ref="virtualScroller" items="<!DOCTYPE html>\n<html lang=\"en\">\n\n<head>\n  <meta charset=\"utf-8\" />\n  <meta name=\"viewport\" content=\"width=device-width, initial-scale=1\" />\n  <meta name=\"theme-color\" content=\"#000000\" />\n  <link rel=\"shortcut icon\" type=\"image/ico\" href=\"/assets/favicon-bc234827.ico\" />\n  <link href=\"https://fonts.googleapis.com/css?family=Roboto:300,400,500\" rel=\"stylesheet\" />\n  <title>Pentaract UI</title>\n\n  <style>\n    *,\n    html {\n      margin: 0;\n      padding: 0;\n    }\n  </style>\n  <script type=\"module\" crossorigin src=\"/assets/index-58b24b54.js\"></script>\n  <link rel=\"stylesheet\" href=\"/assets/index-a4f6c957.css\">\n</head>\n\n<body>\n  <noscript>Wanna write ur own UI without js?! Go ahead, don't disturb others</noscript>\n  <div id=\"root\"></div>\n\n  \n</body>\n\n</html>\n" columns= [Object, Object, Object, Object, Object, Object]  ... > 
  at <DataTable value="<!DOCTYPE html>\n<html lang=\"en\">\n\n<head>\n  <meta charset=\"utf-8\" />\n  <meta name=\"viewport\" content=\"width=device-width, initial-scale=1\" />\n  <meta name=\"theme-color\" content=\"#000000\" />\n  <link rel=\"shortcut icon\" type=\"image/ico\" href=\"/assets/favicon-bc234827.ico\" />\n  <link href=\"https://fonts.googleapis.com/css?family=Roboto:300,400,500\" rel=\"stylesheet\" />\n  <title>Pentaract UI</title>\n\n  <style>\n    *,\n    html {\n      margin: 0;\n      padding: 0;\n    }\n  </style>\n  <script type=\"module\" crossorigin src=\"/assets/index-58b24b54.js\"></script>\n  <link rel=\"stylesheet\" href=\"/assets/index-a4f6c957.css\">\n</head>\n\n<body>\n  <noscript>Wanna write ur own UI without js?! Go ahead, don't disturb others</noscript>\n  <div id=\"root\"></div>\n\n  \n</body>\n\n</html>\n" loading=false stripedRows=""  ... > 
  at <OrdersView onVnodeUnmounted=fn<onVnodeUnmounted> ref=Ref< Proxy(Object) > > 
  at <RouterView> 
  at <AppLayout onVnodeUnmounted=fn<onVnodeUnmounted> ref=Ref< Proxy(Object) > > 
  at <RouterView> 
  at <App> @ http://localhost:5277/node_modules/@vue/runtime-core/dist/runtime-core.esm-bundler.js:49
[   52001ms] [WARNING] [Vue warn]: Invalid prop: type check failed for prop "rowData". Expected Object, got String with value "t". 
  at <BodyCell key="created_at" rowData="t" column= {__v_isVNode: true, __v_skip: true, type: Object, props: Object, key: null}  ... > 
  at <BodyRow key=undefined rowData="t" index=18  ... > 
  at <TableBody ref="bodyRef" value="<!DOCTYPE html>\n<htm" class=""  ... > 
  at <VirtualScroller ref="virtualScroller" items="<!DOCTYPE html>\n<html lang=\"en\">\n\n<head>\n  <meta charset=\"utf-8\" />\n  <meta name=\"viewport\" content=\"width=device-width, initial-scale=1\" />\n  <meta name=\"theme-color\" content=\"#000000\" />\n  <link rel=\"shortcut icon\" type=\"image/ico\" href=\"/assets/favicon-bc234827.ico\" />\n  <link href=\"https://fonts.googleapis.com/css?family=Roboto:300,400,500\" rel=\"stylesheet\" />\n  <title>Pentaract UI</title>\n\n  <style>\n    *,\n    html {\n      margin: 0;\n      padding: 0;\n    }\n  </style>\n  <script type=\"module\" crossorigin src=\"/assets/index-58b24b54.js\"></script>\n  <link rel=\"stylesheet\" href=\"/assets/index-a4f6c957.css\">\n</head>\n\n<body>\n  <noscript>Wanna write ur own UI without js?! Go ahead, don't disturb others</noscript>\n  <div id=\"root\"></div>\n\n  \n</body>\n\n</html>\n" columns= [Object, Object, Object, Object, Object, Object]  ... > 
  at <DataTable value="<!DOCTYPE html>\n<html lang=\"en\">\n\n<head>\n  <meta charset=\"utf-8\" />\n  <meta name=\"viewport\" content=\"width=device-width, initial-scale=1\" />\n  <meta name=\"theme-color\" content=\"#000000\" />\n  <link rel=\"shortcut icon\" type=\"image/ico\" href=\"/assets/favicon-bc234827.ico\" />\n  <link href=\"https://fonts.googleapis.com/css?family=Roboto:300,400,500\" rel=\"stylesheet\" />\n  <title>Pentaract UI</title>\n\n  <style>\n    *,\n    html {\n      margin: 0;\n      padding: 0;\n    }\n  </style>\n  <script type=\"module\" crossorigin src=\"/assets/index-58b24b54.js\"></script>\n  <link rel=\"stylesheet\" href=\"/assets/index-a4f6c957.css\">\n</head>\n\n<body>\n  <noscript>Wanna write ur own UI without js?! Go ahead, don't disturb others</noscript>\n  <div id=\"root\"></div>\n\n  \n</body>\n\n</html>\n" loading=false stripedRows=""  ... > 
  at <OrdersView onVnodeUnmounted=fn<onVnodeUnmounted> ref=Ref< Proxy(Object) > > 
  at <RouterView> 
  at <AppLayout onVnodeUnmounted=fn<onVnodeUnmounted> ref=Ref< Proxy(Object) > > 
  at <RouterView> 
  at <App> @ http://localhost:5277/node_modules/@vue/runtime-core/dist/runtime-core.esm-bundler.js:49
[   52003ms] [WARNING] [Vue warn]: Invalid prop: type check failed for prop "rowData". Expected Object, got String with value "t". 
  at <BodyCell key=5 rowData="t" column= {__v_isVNode: true, __v_skip: true, type: Object, props: Object, key: null}  ... > 
  at <BodyRow key=undefined rowData="t" index=18  ... > 
  at <TableBody ref="bodyRef" value="<!DOCTYPE html>\n<htm" class=""  ... > 
  at <VirtualScroller ref="virtualScroller" items="<!DOCTYPE html>\n<html lang=\"en\">\n\n<head>\n  <meta charset=\"utf-8\" />\n  <meta name=\"viewport\" content=\"width=device-width, initial-scale=1\" />\n  <meta name=\"theme-color\" content=\"#000000\" />\n  <link rel=\"shortcut icon\" type=\"image/ico\" href=\"/assets/favicon-bc234827.ico\" />\n  <link href=\"https://fonts.googleapis.com/css?family=Roboto:300,400,500\" rel=\"stylesheet\" />\n  <title>Pentaract UI</title>\n\n  <style>\n    *,\n    html {\n      margin: 0;\n      padding: 0;\n    }\n  </style>\n  <script type=\"module\" crossorigin src=\"/assets/index-58b24b54.js\"></script>\n  <link rel=\"stylesheet\" href=\"/assets/index-a4f6c957.css\">\n</head>\n\n<body>\n  <noscript>Wanna write ur own UI without js?! Go ahead, don't disturb others</noscript>\n  <div id=\"root\"></div>\n\n  \n</body>\n\n</html>\n" columns= [Object, Object, Object, Object, Object, Object]  ... > 
  at <DataTable value="<!DOCTYPE html>\n<html lang=\"en\">\n\n<head>\n  <meta charset=\"utf-8\" />\n  <meta name=\"viewport\" content=\"width=device-width, initial-scale=1\" />\n  <meta name=\"theme-color\" content=\"#000000\" />\n  <link rel=\"shortcut icon\" type=\"image/ico\" href=\"/assets/favicon-bc234827.ico\" />\n  <link href=\"https://fonts.googleapis.com/css?family=Roboto:300,400,500\" rel=\"stylesheet\" />\n  <title>Pentaract UI</title>\n\n  <style>\n    *,\n    html {\n      margin: 0;\n      padding: 0;\n    }\n  </style>\n  <script type=\"module\" crossorigin src=\"/assets/index-58b24b54.js\"></script>\n  <link rel=\"stylesheet\" href=\"/assets/index-a4f6c957.css\">\n</head>\n\n<body>\n  <noscript>Wanna write ur own UI without js?! Go ahead, don't disturb others</noscript>\n  <div id=\"root\"></div>\n\n  \n</body>\n\n</html>\n" loading=false stripedRows=""  ... > 
  at <OrdersView onVnodeUnmounted=fn<onVnodeUnmounted> ref=Ref< Proxy(Object) > > 
  at <RouterView> 
  at <AppLayout onVnodeUnmounted=fn<onVnodeUnmounted> ref=Ref< Proxy(Object) > > 
  at <RouterView> 
  at <App> @ http://localhost:5277/node_modules/@vue/runtime-core/dist/runtime-core.esm-bundler.js:49
[   52009ms] [WARNING] [Vue warn]: Invalid prop: type check failed for prop "rowData". Expected Object, got String with value "m". 
  at <BodyRow key=undefined rowData="m" index=19  ... > 
  at <TableBody ref="bodyRef" value="<!DOCTYPE html>\n<htm" class=""  ... > 
  at <VirtualScroller ref="virtualScroller" items="<!DOCTYPE html>\n<html lang=\"en\">\n\n<head>\n  <meta charset=\"utf-8\" />\n  <meta name=\"viewport\" content=\"width=device-width, initial-scale=1\" />\n  <meta name=\"theme-color\" content=\"#000000\" />\n  <link rel=\"shortcut icon\" type=\"image/ico\" href=\"/assets/favicon-bc234827.ico\" />\n  <link href=\"https://fonts.googleapis.com/css?family=Roboto:300,400,500\" rel=\"stylesheet\" />\n  <title>Pentaract UI</title>\n\n  <style>\n    *,\n    html {\n      margin: 0;\n      padding: 0;\n    }\n  </style>\n  <script type=\"module\" crossorigin src=\"/assets/index-58b24b54.js\"></script>\n  <link rel=\"stylesheet\" href=\"/assets/index-a4f6c957.css\">\n</head>\n\n<body>\n  <noscript>Wanna write ur own UI without js?! Go ahead, don't disturb others</noscript>\n  <div id=\"root\"></div>\n\n  \n</body>\n\n</html>\n" columns= [Object, Object, Object, Object, Object, Object]  ... > 
  at <DataTable value="<!DOCTYPE html>\n<html lang=\"en\">\n\n<head>\n  <meta charset=\"utf-8\" />\n  <meta name=\"viewport\" content=\"width=device-width, initial-scale=1\" />\n  <meta name=\"theme-color\" content=\"#000000\" />\n  <link rel=\"shortcut icon\" type=\"image/ico\" href=\"/assets/favicon-bc234827.ico\" />\n  <link href=\"https://fonts.googleapis.com/css?family=Roboto:300,400,500\" rel=\"stylesheet\" />\n  <title>Pentaract UI</title>\n\n  <style>\n    *,\n    html {\n      margin: 0;\n      padding: 0;\n    }\n  </style>\n  <script type=\"module\" crossorigin src=\"/assets/index-58b24b54.js\"></script>\n  <link rel=\"stylesheet\" href=\"/assets/index-a4f6c957.css\">\n</head>\n\n<body>\n  <noscript>Wanna write ur own UI without js?! Go ahead, don't disturb others</noscript>\n  <div id=\"root\"></div>\n\n  \n</body>\n\n</html>\n" loading=false stripedRows=""  ... > 
  at <OrdersView onVnodeUnmounted=fn<onVnodeUnmounted> ref=Ref< Proxy(Object) > > 
  at <RouterView> 
  at <AppLayout onVnodeUnmounted=fn<onVnodeUnmounted> ref=Ref< Proxy(Object) > > 
  at <RouterView> 
  at <App> @ http://localhost:5277/node_modules/@vue/runtime-core/dist/runtime-core.esm-bundler.js:49
[   52010ms] [WARNING] [Vue warn]: Invalid prop: type check failed for prop "value". Expected Array, got String with value "<!DOCTYPE html>
<htm". 
  at <BodyRow key=undefined rowData="m" index=19  ... > 
  at <TableBody ref="bodyRef" value="<!DOCTYPE html>\n<htm" class=""  ... > 
  at <VirtualScroller ref="virtualScroller" items="<!DOCTYPE html>\n<html lang=\"en\">\n\n<head>\n  <meta charset=\"utf-8\" />\n  <meta name=\"viewport\" content=\"width=device-width, initial-scale=1\" />\n  <meta name=\"theme-color\" content=\"#000000\" />\n  <link rel=\"shortcut icon\" type=\"image/ico\" href=\"/assets/favicon-bc234827.ico\" />\n  <link href=\"https://fonts.googleapis.com/css?family=Roboto:300,400,500\" rel=\"stylesheet\" />\n  <title>Pentaract UI</title>\n\n  <style>\n    *,\n    html {\n      margin: 0;\n      padding: 0;\n    }\n  </style>\n  <script type=\"module\" crossorigin src=\"/assets/index-58b24b54.js\"></script>\n  <link rel=\"stylesheet\" href=\"/assets/index-a4f6c957.css\">\n</head>\n\n<body>\n  <noscript>Wanna write ur own UI without js?! Go ahead, don't disturb others</noscript>\n  <div id=\"root\"></div>\n\n  \n</body>\n\n</html>\n" columns= [Object, Object, Object, Object, Object, Object]  ... > 
  at <DataTable value="<!DOCTYPE html>\n<html lang=\"en\">\n\n<head>\n  <meta charset=\"utf-8\" />\n  <meta name=\"viewport\" content=\"width=device-width, initial-scale=1\" />\n  <meta name=\"theme-color\" content=\"#000000\" />\n  <link rel=\"shortcut icon\" type=\"image/ico\" href=\"/assets/favicon-bc234827.ico\" />\n  <link href=\"https://fonts.googleapis.com/css?family=Roboto:300,400,500\" rel=\"stylesheet\" />\n  <title>Pentaract UI</title>\n\n  <style>\n    *,\n    html {\n      margin: 0;\n      padding: 0;\n    }\n  </style>\n  <script type=\"module\" crossorigin src=\"/assets/index-58b24b54.js\"></script>\n  <link rel=\"stylesheet\" href=\"/assets/index-a4f6c957.css\">\n</head>\n\n<body>\n  <noscript>Wanna write ur own UI without js?! Go ahead, don't disturb others</noscript>\n  <div id=\"root\"></div>\n\n  \n</body>\n\n</html>\n" loading=false stripedRows=""  ... > 
  at <OrdersView onVnodeUnmounted=fn<onVnodeUnmounted> ref=Ref< Proxy(Object) > > 
  at <RouterView> 
  at <AppLayout onVnodeUnmounted=fn<onVnodeUnmounted> ref=Ref< Proxy(Object) > > 
  at <RouterView> 
  at <App> @ http://localhost:5277/node_modules/@vue/runtime-core/dist/runtime-core.esm-bundler.js:49
[   52014ms] [WARNING] [Vue warn]: Invalid prop: type check failed for prop "rowData". Expected Object, got String with value "m". 
  at <BodyCell key="id" rowData="m" column= {__v_isVNode: true, __v_skip: true, type: Object, props: Object, key: null}  ... > 
  at <BodyRow key=undefined rowData="m" index=19  ... > 
  at <TableBody ref="bodyRef" value="<!DOCTYPE html>\n<htm" class=""  ... > 
  at <VirtualScroller ref="virtualScroller" items="<!DOCTYPE html>\n<html lang=\"en\">\n\n<head>\n  <meta charset=\"utf-8\" />\n  <meta name=\"viewport\" content=\"width=device-width, initial-scale=1\" />\n  <meta name=\"theme-color\" content=\"#000000\" />\n  <link rel=\"shortcut icon\" type=\"image/ico\" href=\"/assets/favicon-bc234827.ico\" />\n  <link href=\"https://fonts.googleapis.com/css?family=Roboto:300,400,500\" rel=\"stylesheet\" />\n  <title>Pentaract UI</title>\n\n  <style>\n    *,\n    html {\n      margin: 0;\n      padding: 0;\n    }\n  </style>\n  <script type=\"module\" crossorigin src=\"/assets/index-58b24b54.js\"></script>\n  <link rel=\"stylesheet\" href=\"/assets/index-a4f6c957.css\">\n</head>\n\n<body>\n  <noscript>Wanna write ur own UI without js?! Go ahead, don't disturb others</noscript>\n  <div id=\"root\"></div>\n\n  \n</body>\n\n</html>\n" columns= [Object, Object, Object, Object, Object, Object]  ... > 
  at <DataTable value="<!DOCTYPE html>\n<html lang=\"en\">\n\n<head>\n  <meta charset=\"utf-8\" />\n  <meta name=\"viewport\" content=\"width=device-width, initial-scale=1\" />\n  <meta name=\"theme-color\" content=\"#000000\" />\n  <link rel=\"shortcut icon\" type=\"image/ico\" href=\"/assets/favicon-bc234827.ico\" />\n  <link href=\"https://fonts.googleapis.com/css?family=Roboto:300,400,500\" rel=\"stylesheet\" />\n  <title>Pentaract UI</title>\n\n  <style>\n    *,\n    html {\n      margin: 0;\n      padding: 0;\n    }\n  </style>\n  <script type=\"module\" crossorigin src=\"/assets/index-58b24b54.js\"></script>\n  <link rel=\"stylesheet\" href=\"/assets/index-a4f6c957.css\">\n</head>\n\n<body>\n  <noscript>Wanna write ur own UI without js?! Go ahead, don't disturb others</noscript>\n  <div id=\"root\"></div>\n\n  \n</body>\n\n</html>\n" loading=false stripedRows=""  ... > 
  at <OrdersView onVnodeUnmounted=fn<onVnodeUnmounted> ref=Ref< Proxy(Object) > > 
  at <RouterView> 
  at <AppLayout onVnodeUnmounted=fn<onVnodeUnmounted> ref=Ref< Proxy(Object) > > 
  at <RouterView> 
  at <App> @ http://localhost:5277/node_modules/@vue/runtime-core/dist/runtime-core.esm-bundler.js:49
[   52017ms] [WARNING] [Vue warn]: Invalid prop: type check failed for prop "rowData". Expected Object, got String with value "m". 
  at <BodyCell key="client_id" rowData="m" column= {__v_isVNode: true, __v_skip: true, type: Object, props: Object, key: null}  ... > 
  at <BodyRow key=undefined rowData="m" index=19  ... > 
  at <TableBody ref="bodyRef" value="<!DOCTYPE html>\n<htm" class=""  ... > 
  at <VirtualScroller ref="virtualScroller" items="<!DOCTYPE html>\n<html lang=\"en\">\n\n<head>\n  <meta charset=\"utf-8\" />\n  <meta name=\"viewport\" content=\"width=device-width, initial-scale=1\" />\n  <meta name=\"theme-color\" content=\"#000000\" />\n  <link rel=\"shortcut icon\" type=\"image/ico\" href=\"/assets/favicon-bc234827.ico\" />\n  <link href=\"https://fonts.googleapis.com/css?family=Roboto:300,400,500\" rel=\"stylesheet\" />\n  <title>Pentaract UI</title>\n\n  <style>\n    *,\n    html {\n      margin: 0;\n      padding: 0;\n    }\n  </style>\n  <script type=\"module\" crossorigin src=\"/assets/index-58b24b54.js\"></script>\n  <link rel=\"stylesheet\" href=\"/assets/index-a4f6c957.css\">\n</head>\n\n<body>\n  <noscript>Wanna write ur own UI without js?! Go ahead, don't disturb others</noscript>\n  <div id=\"root\"></div>\n\n  \n</body>\n\n</html>\n" columns= [Object, Object, Object, Object, Object, Object]  ... > 
  at <DataTable value="<!DOCTYPE html>\n<html lang=\"en\">\n\n<head>\n  <meta charset=\"utf-8\" />\n  <meta name=\"viewport\" content=\"width=device-width, initial-scale=1\" />\n  <meta name=\"theme-color\" content=\"#000000\" />\n  <link rel=\"shortcut icon\" type=\"image/ico\" href=\"/assets/favicon-bc234827.ico\" />\n  <link href=\"https://fonts.googleapis.com/css?family=Roboto:300,400,500\" rel=\"stylesheet\" />\n  <title>Pentaract UI</title>\n\n  <style>\n    *,\n    html {\n      margin: 0;\n      padding: 0;\n    }\n  </style>\n  <script type=\"module\" crossorigin src=\"/assets/index-58b24b54.js\"></script>\n  <link rel=\"stylesheet\" href=\"/assets/index-a4f6c957.css\">\n</head>\n\n<body>\n  <noscript>Wanna write ur own UI without js?! Go ahead, don't disturb others</noscript>\n  <div id=\"root\"></div>\n\n  \n</body>\n\n</html>\n" loading=false stripedRows=""  ... > 
  at <OrdersView onVnodeUnmounted=fn<onVnodeUnmounted> ref=Ref< Proxy(Object) > > 
  at <RouterView> 
  at <AppLayout onVnodeUnmounted=fn<onVnodeUnmounted> ref=Ref< Proxy(Object) > > 
  at <RouterView> 
  at <App> @ http://localhost:5277/node_modules/@vue/runtime-core/dist/runtime-core.esm-bundler.js:49
[   52019ms] [WARNING] [Vue warn]: Invalid prop: type check failed for prop "rowData". Expected Object, got String with value "m". 
  at <BodyCell key="source" rowData="m" column= {__v_isVNode: true, __v_skip: true, type: Object, props: Object, key: null}  ... > 
  at <BodyRow key=undefined rowData="m" index=19  ... > 
  at <TableBody ref="bodyRef" value="<!DOCTYPE html>\n<htm" class=""  ... > 
  at <VirtualScroller ref="virtualScroller" items="<!DOCTYPE html>\n<html lang=\"en\">\n\n<head>\n  <meta charset=\"utf-8\" />\n  <meta name=\"viewport\" content=\"width=device-width, initial-scale=1\" />\n  <meta name=\"theme-color\" content=\"#000000\" />\n  <link rel=\"shortcut icon\" type=\"image/ico\" href=\"/assets/favicon-bc234827.ico\" />\n  <link href=\"https://fonts.googleapis.com/css?family=Roboto:300,400,500\" rel=\"stylesheet\" />\n  <title>Pentaract UI</title>\n\n  <style>\n    *,\n    html {\n      margin: 0;\n      padding: 0;\n    }\n  </style>\n  <script type=\"module\" crossorigin src=\"/assets/index-58b24b54.js\"></script>\n  <link rel=\"stylesheet\" href=\"/assets/index-a4f6c957.css\">\n</head>\n\n<body>\n  <noscript>Wanna write ur own UI without js?! Go ahead, don't disturb others</noscript>\n  <div id=\"root\"></div>\n\n  \n</body>\n\n</html>\n" columns= [Object, Object, Object, Object, Object, Object]  ... > 
  at <DataTable value="<!DOCTYPE html>\n<html lang=\"en\">\n\n<head>\n  <meta charset=\"utf-8\" />\n  <meta name=\"viewport\" content=\"width=device-width, initial-scale=1\" />\n  <meta name=\"theme-color\" content=\"#000000\" />\n  <link rel=\"shortcut icon\" type=\"image/ico\" href=\"/assets/favicon-bc234827.ico\" />\n  <link href=\"https://fonts.googleapis.com/css?family=Roboto:300,400,500\" rel=\"stylesheet\" />\n  <title>Pentaract UI</title>\n\n  <style>\n    *,\n    html {\n      margin: 0;\n      padding: 0;\n    }\n  </style>\n  <script type=\"module\" crossorigin src=\"/assets/index-58b24b54.js\"></script>\n  <link rel=\"stylesheet\" href=\"/assets/index-a4f6c957.css\">\n</head>\n\n<body>\n  <noscript>Wanna write ur own UI without js?! Go ahead, don't disturb others</noscript>\n  <div id=\"root\"></div>\n\n  \n</body>\n\n</html>\n" loading=false stripedRows=""  ... > 
  at <OrdersView onVnodeUnmounted=fn<onVnodeUnmounted> ref=Ref< Proxy(Object) > > 
  at <RouterView> 
  at <AppLayout onVnodeUnmounted=fn<onVnodeUnmounted> ref=Ref< Proxy(Object) > > 
  at <RouterView> 
  at <App> @ http://localhost:5277/node_modules/@vue/runtime-core/dist/runtime-core.esm-bundler.js:49
[   52022ms] [WARNING] [Vue warn]: Invalid prop: type check failed for prop "rowData". Expected Object, got String with value "m". 
  at <BodyCell key="status" rowData="m" column= {__v_isVNode: true, __v_skip: true, type: Object, props: Object, key: null}  ... > 
  at <BodyRow key=undefined rowData="m" index=19  ... > 
  at <TableBody ref="bodyRef" value="<!DOCTYPE html>\n<htm" class=""  ... > 
  at <VirtualScroller ref="virtualScroller" items="<!DOCTYPE html>\n<html lang=\"en\">\n\n<head>\n  <meta charset=\"utf-8\" />\n  <meta name=\"viewport\" content=\"width=device-width, initial-scale=1\" />\n  <meta name=\"theme-color\" content=\"#000000\" />\n  <link rel=\"shortcut icon\" type=\"image/ico\" href=\"/assets/favicon-bc234827.ico\" />\n  <link href=\"https://fonts.googleapis.com/css?family=Roboto:300,400,500\" rel=\"stylesheet\" />\n  <title>Pentaract UI</title>\n\n  <style>\n    *,\n    html {\n      margin: 0;\n      padding: 0;\n    }\n  </style>\n  <script type=\"module\" crossorigin src=\"/assets/index-58b24b54.js\"></script>\n  <link rel=\"stylesheet\" href=\"/assets/index-a4f6c957.css\">\n</head>\n\n<body>\n  <noscript>Wanna write ur own UI without js?! Go ahead, don't disturb others</noscript>\n  <div id=\"root\"></div>\n\n  \n</body>\n\n</html>\n" columns= [Object, Object, Object, Object, Object, Object]  ... > 
  at <DataTable value="<!DOCTYPE html>\n<html lang=\"en\">\n\n<head>\n  <meta charset=\"utf-8\" />\n  <meta name=\"viewport\" content=\"width=device-width, initial-scale=1\" />\n  <meta name=\"theme-color\" content=\"#000000\" />\n  <link rel=\"shortcut icon\" type=\"image/ico\" href=\"/assets/favicon-bc234827.ico\" />\n  <link href=\"https://fonts.googleapis.com/css?family=Roboto:300,400,500\" rel=\"stylesheet\" />\n  <title>Pentaract UI</title>\n\n  <style>\n    *,\n    html {\n      margin: 0;\n      padding: 0;\n    }\n  </style>\n  <script type=\"module\" crossorigin src=\"/assets/index-58b24b54.js\"></script>\n  <link rel=\"stylesheet\" href=\"/assets/index-a4f6c957.css\">\n</head>\n\n<body>\n  <noscript>Wanna write ur own UI without js?! Go ahead, don't disturb others</noscript>\n  <div id=\"root\"></div>\n\n  \n</body>\n\n</html>\n" loading=false stripedRows=""  ... > 
  at <OrdersView onVnodeUnmounted=fn<onVnodeUnmounted> ref=Ref< Proxy(Object) > > 
  at <RouterView> 
  at <AppLayout onVnodeUnmounted=fn<onVnodeUnmounted> ref=Ref< Proxy(Object) > > 
  at <RouterView> 
  at <App> @ http://localhost:5277/node_modules/@vue/runtime-core/dist/runtime-core.esm-bundler.js:49
[   52025ms] [WARNING] [Vue warn]: Invalid prop: type check failed for prop "rowData". Expected Object, got String with value "m". 
  at <BodyCell key="created_at" rowData="m" column= {__v_isVNode: true, __v_skip: true, type: Object, props: Object, key: null}  ... > 
  at <BodyRow key=undefined rowData="m" index=19  ... > 
  at <TableBody ref="bodyRef" value="<!DOCTYPE html>\n<htm" class=""  ... > 
  at <VirtualScroller ref="virtualScroller" items="<!DOCTYPE html>\n<html lang=\"en\">\n\n<head>\n  <meta charset=\"utf-8\" />\n  <meta name=\"viewport\" content=\"width=device-width, initial-scale=1\" />\n  <meta name=\"theme-color\" content=\"#000000\" />\n  <link rel=\"shortcut icon\" type=\"image/ico\" href=\"/assets/favicon-bc234827.ico\" />\n  <link href=\"https://fonts.googleapis.com/css?family=Roboto:300,400,500\" rel=\"stylesheet\" />\n  <title>Pentaract UI</title>\n\n  <style>\n    *,\n    html {\n      margin: 0;\n      padding: 0;\n    }\n  </style>\n  <script type=\"module\" crossorigin src=\"/assets/index-58b24b54.js\"></script>\n  <link rel=\"stylesheet\" href=\"/assets/index-a4f6c957.css\">\n</head>\n\n<body>\n  <noscript>Wanna write ur own UI without js?! Go ahead, don't disturb others</noscript>\n  <div id=\"root\"></div>\n\n  \n</body>\n\n</html>\n" columns= [Object, Object, Object, Object, Object, Object]  ... > 
  at <DataTable value="<!DOCTYPE html>\n<html lang=\"en\">\n\n<head>\n  <meta charset=\"utf-8\" />\n  <meta name=\"viewport\" content=\"width=device-width, initial-scale=1\" />\n  <meta name=\"theme-color\" content=\"#000000\" />\n  <link rel=\"shortcut icon\" type=\"image/ico\" href=\"/assets/favicon-bc234827.ico\" />\n  <link href=\"https://fonts.googleapis.com/css?family=Roboto:300,400,500\" rel=\"stylesheet\" />\n  <title>Pentaract UI</title>\n\n  <style>\n    *,\n    html {\n      margin: 0;\n      padding: 0;\n    }\n  </style>\n  <script type=\"module\" crossorigin src=\"/assets/index-58b24b54.js\"></script>\n  <link rel=\"stylesheet\" href=\"/assets/index-a4f6c957.css\">\n</head>\n\n<body>\n  <noscript>Wanna write ur own UI without js?! Go ahead, don't disturb others</noscript>\n  <div id=\"root\"></div>\n\n  \n</body>\n\n</html>\n" loading=false stripedRows=""  ... > 
  at <OrdersView onVnodeUnmounted=fn<onVnodeUnmounted> ref=Ref< Proxy(Object) > > 
  at <RouterView> 
  at <AppLayout onVnodeUnmounted=fn<onVnodeUnmounted> ref=Ref< Proxy(Object) > > 
  at <RouterView> 
  at <App> @ http://localhost:5277/node_modules/@vue/runtime-core/dist/runtime-core.esm-bundler.js:49
[   52027ms] [WARNING] [Vue warn]: Invalid prop: type check failed for prop "rowData". Expected Object, got String with value "m". 
  at <BodyCell key=5 rowData="m" column= {__v_isVNode: true, __v_skip: true, type: Object, props: Object, key: null}  ... > 
  at <BodyRow key=undefined rowData="m" index=19  ... > 
  at <TableBody ref="bodyRef" value="<!DOCTYPE html>\n<htm" class=""  ... > 
  at <VirtualScroller ref="virtualScroller" items="<!DOCTYPE html>\n<html lang=\"en\">\n\n<head>\n  <meta charset=\"utf-8\" />\n  <meta name=\"viewport\" content=\"width=device-width, initial-scale=1\" />\n  <meta name=\"theme-color\" content=\"#000000\" />\n  <link rel=\"shortcut icon\" type=\"image/ico\" href=\"/assets/favicon-bc234827.ico\" />\n  <link href=\"https://fonts.googleapis.com/css?family=Roboto:300,400,500\" rel=\"stylesheet\" />\n  <title>Pentaract UI</title>\n\n  <style>\n    *,\n    html {\n      margin: 0;\n      padding: 0;\n    }\n  </style>\n  <script type=\"module\" crossorigin src=\"/assets/index-58b24b54.js\"></script>\n  <link rel=\"stylesheet\" href=\"/assets/index-a4f6c957.css\">\n</head>\n\n<body>\n  <noscript>Wanna write ur own UI without js?! Go ahead, don't disturb others</noscript>\n  <div id=\"root\"></div>\n\n  \n</body>\n\n</html>\n" columns= [Object, Object, Object, Object, Object, Object]  ... > 
  at <DataTable value="<!DOCTYPE html>\n<html lang=\"en\">\n\n<head>\n  <meta charset=\"utf-8\" />\n  <meta name=\"viewport\" content=\"width=device-width, initial-scale=1\" />\n  <meta name=\"theme-color\" content=\"#000000\" />\n  <link rel=\"shortcut icon\" type=\"image/ico\" href=\"/assets/favicon-bc234827.ico\" />\n  <link href=\"https://fonts.googleapis.com/css?family=Roboto:300,400,500\" rel=\"stylesheet\" />\n  <title>Pentaract UI</title>\n\n  <style>\n    *,\n    html {\n      margin: 0;\n      padding: 0;\n    }\n  </style>\n  <script type=\"module\" crossorigin src=\"/assets/index-58b24b54.js\"></script>\n  <link rel=\"stylesheet\" href=\"/assets/index-a4f6c957.css\">\n</head>\n\n<body>\n  <noscript>Wanna write ur own UI without js?! Go ahead, don't disturb others</noscript>\n  <div id=\"root\"></div>\n\n  \n</body>\n\n</html>\n" loading=false stripedRows=""  ... > 
  at <OrdersView onVnodeUnmounted=fn<onVnodeUnmounted> ref=Ref< Proxy(Object) > > 
  at <RouterView> 
  at <AppLayout onVnodeUnmounted=fn<onVnodeUnmounted> ref=Ref< Proxy(Object) > > 
  at <RouterView> 
  at <App> @ http://localhost:5277/node_modules/@vue/runtime-core/dist/runtime-core.esm-bundler.js:49
[   52068ms] [LOG] [vite] server connection lost. Polling for restart... @ http://localhost:5277/@vite/client:559
[   52078ms] [ERROR] Failed to load resource: net::ERR_CONNECTION_REFUSED @ http://localhost:5277/:0
[   53090ms] [ERROR] Failed to load resource: net::ERR_CONNECTION_REFUSED @ http://localhost:5277/:0
[   54097ms] [ERROR] Failed to load resource: net::ERR_CONNECTION_REFUSED @ http://localhost:5277/:0
