[    1990ms] [WARNING] [Vue warn]: Invalid prop: type check failed for prop "value". Expected Array, got String with value "<!DOCTYPE html>
<html lang="en">

<head>
  <meta charset="utf-8" />
  <meta name="viewport" content="width=device-width, initial-scale=1" />
  <meta name="theme-color" content="#000000" />
  <link rel="shortcut icon" type="image/ico" href="/assets/favicon-bc234827.ico" />
  <link href="https://fonts.googleapis.com/css?family=Roboto:300,400,500" rel="stylesheet" />
  <title>Pentaract UI</title>

  <style>
    *,
    html {
      margin: 0;
      padding: 0;
    }
  </style>
  <script type="module" crossorigin src="/assets/index-58b24b54.js"></script>
  <link rel="stylesheet" href="/assets/index-a4f6c957.css">
</head>

<body>
  <noscript>Wanna write ur own UI without js?! Go ahead, don't disturb others</noscript>
  <div id="root"></div>

  
</body>

</html>
". 
  at <DataTable value="<!DOCTYPE html>\n<html lang=\"en\">\n\n<head>\n  <meta charset=\"utf-8\" />\n  <meta name=\"viewport\" content=\"width=device-width, initial-scale=1\" />\n  <meta name=\"theme-color\" content=\"#000000\" />\n  <link rel=\"shortcut icon\" type=\"image/ico\" href=\"/assets/favicon-bc234827.ico\" />\n  <link href=\"https://fonts.googleapis.com/css?family=Roboto:300,400,500\" rel=\"stylesheet\" />\n  <title>Pentaract UI</title>\n\n  <style>\n    *,\n    html {\n      margin: 0;\n      padding: 0;\n    }\n  </style>\n  <script type=\"module\" crossorigin src=\"/assets/index-58b24b54.js\"></script>\n  <link rel=\"stylesheet\" href=\"/assets/index-a4f6c957.css\">\n</head>\n\n<body>\n  <noscript>Wanna write ur own UI without js?! Go ahead, don't disturb others</noscript>\n  <div id=\"root\"></div>\n\n  \n</body>\n\n</html>\n" loading=false stripedRows=""  ... > 
  at <OrdersView onVnodeUnmounted=fn<onVnodeUnmounted> ref=Ref< Proxy(Object) > > 
  at <RouterView> 
  at <AppLayout onVnodeUnmounted=fn<onVnodeUnmounted> ref=Ref< Proxy(Object) > > 
  at <RouterView> 
  at <App> @ http://localhost:5277/node_modules/@vue/runtime-core/dist/runtime-core.esm-bundler.js:49
[    1994ms] [WARNING] [Vue warn]: Invalid prop: type check failed for prop "items". Expected Array, got String with value "<!DOCTYPE html>
<html lang="en">

<head>
  <meta charset="utf-8" />
  <meta name="viewport" content="width=device-width, initial-scale=1" />
  <meta name="theme-color" content="#000000" />
  <link rel="shortcut icon" type="image/ico" href="/assets/favicon-bc234827.ico" />
  <link href="https://fonts.googleapis.com/css?family=Roboto:300,400,500" rel="stylesheet" />
  <title>Pentaract UI</title>

  <style>
    *,
    html {
      margin: 0;
      padding: 0;
    }
  </style>
  <script type="module" crossorigin src="/assets/index-58b24b54.js"></script>
  <link rel="stylesheet" href="/assets/index-a4f6c957.css">
</head>

<body>
  <noscript>Wanna write ur own UI without js?! Go ahead, don't disturb others</noscript>
  <div id="root"></div>

  
</body>

</html>
". 
  at <VirtualScroller ref="virtualScroller" items="<!DOCTYPE html>\n<html lang=\"en\">\n\n<head>\n  <meta charset=\"utf-8\" />\n  <meta name=\"viewport\" content=\"width=device-width, initial-scale=1\" />\n  <meta name=\"theme-color\" content=\"#000000\" />\n  <link rel=\"shortcut icon\" type=\"image/ico\" href=\"/assets/favicon-bc234827.ico\" />\n  <link href=\"https://fonts.googleapis.com/css?family=Roboto:300,400,500\" rel=\"stylesheet\" />\n  <title>Pentaract UI</title>\n\n  <style>\n    *,\n    html {\n      margin: 0;\n      padding: 0;\n    }\n  </style>\n  <script type=\"module\" crossorigin src=\"/assets/index-58b24b54.js\"></script>\n  <link rel=\"stylesheet\" href=\"/assets/index-a4f6c957.css\">\n</head>\n\n<body>\n  <noscript>Wanna write ur own UI without js?! Go ahead, don't disturb others</noscript>\n  <div id=\"root\"></div>\n\n  \n</body>\n\n</html>\n" columns= [Object, Object, Object, Object, Object, Object]  ... > 
  at <DataTable value="<!DOCTYPE html>\n<html lang=\"en\">\n\n<head>\n  <meta charset=\"utf-8\" />\n  <meta name=\"viewport\" content=\"width=device-width, initial-scale=1\" />\n  <meta name=\"theme-color\" content=\"#000000\" />\n  <link rel=\"shortcut icon\" type=\"image/ico\" href=\"/assets/favicon-bc234827.ico\" />\n  <link href=\"https://fonts.googleapis.com/css?family=Roboto:300,400,500\" rel=\"stylesheet\" />\n  <title>Pentaract UI</title>\n\n  <style>\n    *,\n    html {\n      margin: 0;\n      padding: 0;\n    }\n  </style>\n  <script type=\"module\" crossorigin src=\"/assets/index-58b24b54.js\"></script>\n  <link rel=\"stylesheet\" href=\"/assets/index-a4f6c957.css\">\n</head>\n\n<body>\n  <noscript>Wanna write ur own UI without js?! Go ahead, don't disturb others</noscript>\n  <div id=\"root\"></div>\n\n  \n</body>\n\n</html>\n" loading=false stripedRows=""  ... > 
  at <OrdersView onVnodeUnmounted=fn<onVnodeUnmounted> ref=Ref< Proxy(Object) > > 
  at <RouterView> 
  at <AppLayout onVnodeUnmounted=fn<onVnodeUnmounted> ref=Ref< Proxy(Object) > > 
  at <RouterView> 
  at <App> @ http://localhost:5277/node_modules/@vue/runtime-core/dist/runtime-core.esm-bundler.js:49
[    2012ms] [WARNING] [Vue warn]: Invalid prop: type check failed for prop "value". Expected Array, got String with value "<!DOCTYPE html>
<htm". 
  at <TableBody ref="bodyRef" value="<!DOCTYPE html>\n<htm" class=""  ... > 
  at <VirtualScroller ref="virtualScroller" items="<!DOCTYPE html>\n<html lang=\"en\">\n\n<head>\n  <meta charset=\"utf-8\" />\n  <meta name=\"viewport\" content=\"width=device-width, initial-scale=1\" />\n  <meta name=\"theme-color\" content=\"#000000\" />\n  <link rel=\"shortcut icon\" type=\"image/ico\" href=\"/assets/favicon-bc234827.ico\" />\n  <link href=\"https://fonts.googleapis.com/css?family=Roboto:300,400,500\" rel=\"stylesheet\" />\n  <title>Pentaract UI</title>\n\n  <style>\n    *,\n    html {\n      margin: 0;\n      padding: 0;\n    }\n  </style>\n  <script type=\"module\" crossorigin src=\"/assets/index-58b24b54.js\"></script>\n  <link rel=\"stylesheet\" href=\"/assets/index-a4f6c957.css\">\n</head>\n\n<body>\n  <noscript>Wanna write ur own UI without js?! Go ahead, don't disturb others</noscript>\n  <div id=\"root\"></div>\n\n  \n</body>\n\n</html>\n" columns= [Object, Object, Object, Object, Object, Object]  ... > 
  at <DataTable value="<!DOCTYPE html>\n<html lang=\"en\">\n\n<head>\n  <meta charset=\"utf-8\" />\n  <meta name=\"viewport\" content=\"width=device-width, initial-scale=1\" />\n  <meta name=\"theme-color\" content=\"#000000\" />\n  <link rel=\"shortcut icon\" type=\"image/ico\" href=\"/assets/favicon-bc234827.ico\" />\n  <link href=\"https://fonts.googleapis.com/css?family=Roboto:300,400,500\" rel=\"stylesheet\" />\n  <title>Pentaract UI</title>\n\n  <style>\n    *,\n    html {\n      margin: 0;\n      padding: 0;\n    }\n  </style>\n  <script type=\"module\" crossorigin src=\"/assets/index-58b24b54.js\"></script>\n  <link rel=\"stylesheet\" href=\"/assets/index-a4f6c957.css\">\n</head>\n\n<body>\n  <noscript>Wanna write ur own UI without js?! Go ahead, don't disturb others</noscript>\n  <div id=\"root\"></div>\n\n  \n</body>\n\n</html>\n" loading=false stripedRows=""  ... > 
  at <OrdersView onVnodeUnmounted=fn<onVnodeUnmounted> ref=Ref< Proxy(Object) > > 
  at <RouterView> 
  at <AppLayout onVnodeUnmounted=fn<onVnodeUnmounted> ref=Ref< Proxy(Object) > > 
  at <RouterView> 
  at <App> @ http://localhost:5277/node_modules/@vue/runtime-core/dist/runtime-core.esm-bundler.js:49
[    2017ms] [WARNING] [Vue warn]: Invalid prop: type check failed for prop "rowData". Expected Object, got String with value "<". 
  at <BodyRow key=undefined rowData="<" index=0  ... > 
  at <TableBody ref="bodyRef" value="<!DOCTYPE html>\n<htm" class=""  ... > 
  at <VirtualScroller ref="virtualScroller" items="<!DOCTYPE html>\n<html lang=\"en\">\n\n<head>\n  <meta charset=\"utf-8\" />\n  <meta name=\"viewport\" content=\"width=device-width, initial-scale=1\" />\n  <meta name=\"theme-color\" content=\"#000000\" />\n  <link rel=\"shortcut icon\" type=\"image/ico\" href=\"/assets/favicon-bc234827.ico\" />\n  <link href=\"https://fonts.googleapis.com/css?family=Roboto:300,400,500\" rel=\"stylesheet\" />\n  <title>Pentaract UI</title>\n\n  <style>\n    *,\n    html {\n      margin: 0;\n      padding: 0;\n    }\n  </style>\n  <script type=\"module\" crossorigin src=\"/assets/index-58b24b54.js\"></script>\n  <link rel=\"stylesheet\" href=\"/assets/index-a4f6c957.css\">\n</head>\n\n<body>\n  <noscript>Wanna write ur own UI without js?! Go ahead, don't disturb others</noscript>\n  <div id=\"root\"></div>\n\n  \n</body>\n\n</html>\n" columns= [Object, Object, Object, Object, Object, Object]  ... > 
  at <DataTable value="<!DOCTYPE html>\n<html lang=\"en\">\n\n<head>\n  <meta charset=\"utf-8\" />\n  <meta name=\"viewport\" content=\"width=device-width, initial-scale=1\" />\n  <meta name=\"theme-color\" content=\"#000000\" />\n  <link rel=\"shortcut icon\" type=\"image/ico\" href=\"/assets/favicon-bc234827.ico\" />\n  <link href=\"https://fonts.googleapis.com/css?family=Roboto:300,400,500\" rel=\"stylesheet\" />\n  <title>Pentaract UI</title>\n\n  <style>\n    *,\n    html {\n      margin: 0;\n      padding: 0;\n    }\n  </style>\n  <script type=\"module\" crossorigin src=\"/assets/index-58b24b54.js\"></script>\n  <link rel=\"stylesheet\" href=\"/assets/index-a4f6c957.css\">\n</head>\n\n<body>\n  <noscript>Wanna write ur own UI without js?! Go ahead, don't disturb others</noscript>\n  <div id=\"root\"></div>\n\n  \n</body>\n\n</html>\n" loading=false stripedRows=""  ... > 
  at <OrdersView onVnodeUnmounted=fn<onVnodeUnmounted> ref=Ref< Proxy(Object) > > 
  at <RouterView> 
  at <AppLayout onVnodeUnmounted=fn<onVnodeUnmounted> ref=Ref< Proxy(Object) > > 
  at <RouterView> 
  at <App> @ http://localhost:5277/node_modules/@vue/runtime-core/dist/runtime-core.esm-bundler.js:49
[    2018ms] [WARNING] [Vue warn]: Invalid prop: type check failed for prop "value". Expected Array, got String with value "<!DOCTYPE html>
<htm". 
  at <BodyRow key=undefined rowData="<" index=0  ... > 
  at <TableBody ref="bodyRef" value="<!DOCTYPE html>\n<htm" class=""  ... > 
  at <VirtualScroller ref="virtualScroller" items="<!DOCTYPE html>\n<html lang=\"en\">\n\n<head>\n  <meta charset=\"utf-8\" />\n  <meta name=\"viewport\" content=\"width=device-width, initial-scale=1\" />\n  <meta name=\"theme-color\" content=\"#000000\" />\n  <link rel=\"shortcut icon\" type=\"image/ico\" href=\"/assets/favicon-bc234827.ico\" />\n  <link href=\"https://fonts.googleapis.com/css?family=Roboto:300,400,500\" rel=\"stylesheet\" />\n  <title>Pentaract UI</title>\n\n  <style>\n    *,\n    html {\n      margin: 0;\n      padding: 0;\n    }\n  </style>\n  <script type=\"module\" crossorigin src=\"/assets/index-58b24b54.js\"></script>\n  <link rel=\"stylesheet\" href=\"/assets/index-a4f6c957.css\">\n</head>\n\n<body>\n  <noscript>Wanna write ur own UI without js?! Go ahead, don't disturb others</noscript>\n  <div id=\"root\"></div>\n\n  \n</body>\n\n</html>\n" columns= [Object, Object, Object, Object, Object, Object]  ... > 
  at <DataTable value="<!DOCTYPE html>\n<html lang=\"en\">\n\n<head>\n  <meta charset=\"utf-8\" />\n  <meta name=\"viewport\" content=\"width=device-width, initial-scale=1\" />\n  <meta name=\"theme-color\" content=\"#000000\" />\n  <link rel=\"shortcut icon\" type=\"image/ico\" href=\"/assets/favicon-bc234827.ico\" />\n  <link href=\"https://fonts.googleapis.com/css?family=Roboto:300,400,500\" rel=\"stylesheet\" />\n  <title>Pentaract UI</title>\n\n  <style>\n    *,\n    html {\n      margin: 0;\n      padding: 0;\n    }\n  </style>\n  <script type=\"module\" crossorigin src=\"/assets/index-58b24b54.js\"></script>\n  <link rel=\"stylesheet\" href=\"/assets/index-a4f6c957.css\">\n</head>\n\n<body>\n  <noscript>Wanna write ur own UI without js?! Go ahead, don't disturb others</noscript>\n  <div id=\"root\"></div>\n\n  \n</body>\n\n</html>\n" loading=false stripedRows=""  ... > 
  at <OrdersView onVnodeUnmounted=fn<onVnodeUnmounted> ref=Ref< Proxy(Object) > > 
  at <RouterView> 
  at <AppLayout onVnodeUnmounted=fn<onVnodeUnmounted> ref=Ref< Proxy(Object) > > 
  at <RouterView> 
  at <App> @ http://localhost:5277/node_modules/@vue/runtime-core/dist/runtime-core.esm-bundler.js:49
[    2021ms] [WARNING] [Vue warn]: Invalid prop: type check failed for prop "rowData". Expected Object, got String with value "<". 
  at <BodyCell key="id" rowData="<" column= {__v_isVNode: true, __v_skip: true, type: Object, props: Object, key: null}  ... > 
  at <BodyRow key=undefined rowData="<" index=0  ... > 
  at <TableBody ref="bodyRef" value="<!DOCTYPE html>\n<htm" class=""  ... > 
  at <VirtualScroller ref="virtualScroller" items="<!DOCTYPE html>\n<html lang=\"en\">\n\n<head>\n  <meta charset=\"utf-8\" />\n  <meta name=\"viewport\" content=\"width=device-width, initial-scale=1\" />\n  <meta name=\"theme-color\" content=\"#000000\" />\n  <link rel=\"shortcut icon\" type=\"image/ico\" href=\"/assets/favicon-bc234827.ico\" />\n  <link href=\"https://fonts.googleapis.com/css?family=Roboto:300,400,500\" rel=\"stylesheet\" />\n  <title>Pentaract UI</title>\n\n  <style>\n    *,\n    html {\n      margin: 0;\n      padding: 0;\n    }\n  </style>\n  <script type=\"module\" crossorigin src=\"/assets/index-58b24b54.js\"></script>\n  <link rel=\"stylesheet\" href=\"/assets/index-a4f6c957.css\">\n</head>\n\n<body>\n  <noscript>Wanna write ur own UI without js?! Go ahead, don't disturb others</noscript>\n  <div id=\"root\"></div>\n\n  \n</body>\n\n</html>\n" columns= [Object, Object, Object, Object, Object, Object]  ... > 
  at <DataTable value="<!DOCTYPE html>\n<html lang=\"en\">\n\n<head>\n  <meta charset=\"utf-8\" />\n  <meta name=\"viewport\" content=\"width=device-width, initial-scale=1\" />\n  <meta name=\"theme-color\" content=\"#000000\" />\n  <link rel=\"shortcut icon\" type=\"image/ico\" href=\"/assets/favicon-bc234827.ico\" />\n  <link href=\"https://fonts.googleapis.com/css?family=Roboto:300,400,500\" rel=\"stylesheet\" />\n  <title>Pentaract UI</title>\n\n  <style>\n    *,\n    html {\n      margin: 0;\n      padding: 0;\n    }\n  </style>\n  <script type=\"module\" crossorigin src=\"/assets/index-58b24b54.js\"></script>\n  <link rel=\"stylesheet\" href=\"/assets/index-a4f6c957.css\">\n</head>\n\n<body>\n  <noscript>Wanna write ur own UI without js?! Go ahead, don't disturb others</noscript>\n  <div id=\"root\"></div>\n\n  \n</body>\n\n</html>\n" loading=false stripedRows=""  ... > 
  at <OrdersView onVnodeUnmounted=fn<onVnodeUnmounted> ref=Ref< Proxy(Object) > > 
  at <RouterView> 
  at <AppLayout onVnodeUnmounted=fn<onVnodeUnmounted> ref=Ref< Proxy(Object) > > 
  at <RouterView> 
  at <App> @ http://localhost:5277/node_modules/@vue/runtime-core/dist/runtime-core.esm-bundler.js:49
[    2025ms] [WARNING] [Vue warn]: Invalid prop: type check failed for prop "rowData". Expected Object, got String with value "<". 
  at <BodyCell key="client_id" rowData="<" column= {__v_isVNode: true, __v_skip: true, type: Object, props: Object, key: null}  ... > 
  at <BodyRow key=undefined rowData="<" index=0  ... > 
  at <TableBody ref="bodyRef" value="<!DOCTYPE html>\n<htm" class=""  ... > 
  at <VirtualScroller ref="virtualScroller" items="<!DOCTYPE html>\n<html lang=\"en\">\n\n<head>\n  <meta charset=\"utf-8\" />\n  <meta name=\"viewport\" content=\"width=device-width, initial-scale=1\" />\n  <meta name=\"theme-color\" content=\"#000000\" />\n  <link rel=\"shortcut icon\" type=\"image/ico\" href=\"/assets/favicon-bc234827.ico\" />\n  <link href=\"https://fonts.googleapis.com/css?family=Roboto:300,400,500\" rel=\"stylesheet\" />\n  <title>Pentaract UI</title>\n\n  <style>\n    *,\n    html {\n      margin: 0;\n      padding: 0;\n    }\n  </style>\n  <script type=\"module\" crossorigin src=\"/assets/index-58b24b54.js\"></script>\n  <link rel=\"stylesheet\" href=\"/assets/index-a4f6c957.css\">\n</head>\n\n<body>\n  <noscript>Wanna write ur own UI without js?! Go ahead, don't disturb others</noscript>\n  <div id=\"root\"></div>\n\n  \n</body>\n\n</html>\n" columns= [Object, Object, Object, Object, Object, Object]  ... > 
  at <DataTable value="<!DOCTYPE html>\n<html lang=\"en\">\n\n<head>\n  <meta charset=\"utf-8\" />\n  <meta name=\"viewport\" content=\"width=device-width, initial-scale=1\" />\n  <meta name=\"theme-color\" content=\"#000000\" />\n  <link rel=\"shortcut icon\" type=\"image/ico\" href=\"/assets/favicon-bc234827.ico\" />\n  <link href=\"https://fonts.googleapis.com/css?family=Roboto:300,400,500\" rel=\"stylesheet\" />\n  <title>Pentaract UI</title>\n\n  <style>\n    *,\n    html {\n      margin: 0;\n      padding: 0;\n    }\n  </style>\n  <script type=\"module\" crossorigin src=\"/assets/index-58b24b54.js\"></script>\n  <link rel=\"stylesheet\" href=\"/assets/index-a4f6c957.css\">\n</head>\n\n<body>\n  <noscript>Wanna write ur own UI without js?! Go ahead, don't disturb others</noscript>\n  <div id=\"root\"></div>\n\n  \n</body>\n\n</html>\n" loading=false stripedRows=""  ... > 
  at <OrdersView onVnodeUnmounted=fn<onVnodeUnmounted> ref=Ref< Proxy(Object) > > 
  at <RouterView> 
  at <AppLayout onVnodeUnmounted=fn<onVnodeUnmounted> ref=Ref< Proxy(Object) > > 
  at <RouterView> 
  at <App> @ http://localhost:5277/node_modules/@vue/runtime-core/dist/runtime-core.esm-bundler.js:49
[    2029ms] [WARNING] [Vue warn]: Invalid prop: type check failed for prop "rowData". Expected Object, got String with value "<". 
  at <BodyCell key="source" rowData="<" column= {__v_isVNode: true, __v_skip: true, type: Object, props: Object, key: null}  ... > 
  at <BodyRow key=undefined rowData="<" index=0  ... > 
  at <TableBody ref="bodyRef" value="<!DOCTYPE html>\n<htm" class=""  ... > 
  at <VirtualScroller ref="virtualScroller" items="<!DOCTYPE html>\n<html lang=\"en\">\n\n<head>\n  <meta charset=\"utf-8\" />\n  <meta name=\"viewport\" content=\"width=device-width, initial-scale=1\" />\n  <meta name=\"theme-color\" content=\"#000000\" />\n  <link rel=\"shortcut icon\" type=\"image/ico\" href=\"/assets/favicon-bc234827.ico\" />\n  <link href=\"https://fonts.googleapis.com/css?family=Roboto:300,400,500\" rel=\"stylesheet\" />\n  <title>Pentaract UI</title>\n\n  <style>\n    *,\n    html {\n      margin: 0;\n      padding: 0;\n    }\n  </style>\n  <script type=\"module\" crossorigin src=\"/assets/index-58b24b54.js\"></script>\n  <link rel=\"stylesheet\" href=\"/assets/index-a4f6c957.css\">\n</head>\n\n<body>\n  <noscript>Wanna write ur own UI without js?! Go ahead, don't disturb others</noscript>\n  <div id=\"root\"></div>\n\n  \n</body>\n\n</html>\n" columns= [Object, Object, Object, Object, Object, Object]  ... > 
  at <DataTable value="<!DOCTYPE html>\n<html lang=\"en\">\n\n<head>\n  <meta charset=\"utf-8\" />\n  <meta name=\"viewport\" content=\"width=device-width, initial-scale=1\" />\n  <meta name=\"theme-color\" content=\"#000000\" />\n  <link rel=\"shortcut icon\" type=\"image/ico\" href=\"/assets/favicon-bc234827.ico\" />\n  <link href=\"https://fonts.googleapis.com/css?family=Roboto:300,400,500\" rel=\"stylesheet\" />\n  <title>Pentaract UI</title>\n\n  <style>\n    *,\n    html {\n      margin: 0;\n      padding: 0;\n    }\n  </style>\n  <script type=\"module\" crossorigin src=\"/assets/index-58b24b54.js\"></script>\n  <link rel=\"stylesheet\" href=\"/assets/index-a4f6c957.css\">\n</head>\n\n<body>\n  <noscript>Wanna write ur own UI without js?! Go ahead, don't disturb others</noscript>\n  <div id=\"root\"></div>\n\n  \n</body>\n\n</html>\n" loading=false stripedRows=""  ... > 
  at <OrdersView onVnodeUnmounted=fn<onVnodeUnmounted> ref=Ref< Proxy(Object) > > 
  at <RouterView> 
  at <AppLayout onVnodeUnmounted=fn<onVnodeUnmounted> ref=Ref< Proxy(Object) > > 
  at <RouterView> 
  at <App> @ http://localhost:5277/node_modules/@vue/runtime-core/dist/runtime-core.esm-bundler.js:49
[    2033ms] [WARNING] [Vue warn]: Invalid prop: type check failed for prop "rowData". Expected Object, got String with value "<". 
  at <BodyCell key="status" rowData="<" column= {__v_isVNode: true, __v_skip: true, type: Object, props: Object, key: null}  ... > 
  at <BodyRow key=undefined rowData="<" index=0  ... > 
  at <TableBody ref="bodyRef" value="<!DOCTYPE html>\n<htm" class=""  ... > 
  at <VirtualScroller ref="virtualScroller" items="<!DOCTYPE html>\n<html lang=\"en\">\n\n<head>\n  <meta charset=\"utf-8\" />\n  <meta name=\"viewport\" content=\"width=device-width, initial-scale=1\" />\n  <meta name=\"theme-color\" content=\"#000000\" />\n  <link rel=\"shortcut icon\" type=\"image/ico\" href=\"/assets/favicon-bc234827.ico\" />\n  <link href=\"https://fonts.googleapis.com/css?family=Roboto:300,400,500\" rel=\"stylesheet\" />\n  <title>Pentaract UI</title>\n\n  <style>\n    *,\n    html {\n      margin: 0;\n      padding: 0;\n    }\n  </style>\n  <script type=\"module\" crossorigin src=\"/assets/index-58b24b54.js\"></script>\n  <link rel=\"stylesheet\" href=\"/assets/index-a4f6c957.css\">\n</head>\n\n<body>\n  <noscript>Wanna write ur own UI without js?! Go ahead, don't disturb others</noscript>\n  <div id=\"root\"></div>\n\n  \n</body>\n\n</html>\n" columns= [Object, Object, Object, Object, Object, Object]  ... > 
  at <DataTable value="<!DOCTYPE html>\n<html lang=\"en\">\n\n<head>\n  <meta charset=\"utf-8\" />\n  <meta name=\"viewport\" content=\"width=device-width, initial-scale=1\" />\n  <meta name=\"theme-color\" content=\"#000000\" />\n  <link rel=\"shortcut icon\" type=\"image/ico\" href=\"/assets/favicon-bc234827.ico\" />\n  <link href=\"https://fonts.googleapis.com/css?family=Roboto:300,400,500\" rel=\"stylesheet\" />\n  <title>Pentaract UI</title>\n\n  <style>\n    *,\n    html {\n      margin: 0;\n      padding: 0;\n    }\n  </style>\n  <script type=\"module\" crossorigin src=\"/assets/index-58b24b54.js\"></script>\n  <link rel=\"stylesheet\" href=\"/assets/index-a4f6c957.css\">\n</head>\n\n<body>\n  <noscript>Wanna write ur own UI without js?! Go ahead, don't disturb others</noscript>\n  <div id=\"root\"></div>\n\n  \n</body>\n\n</html>\n" loading=false stripedRows=""  ... > 
  at <OrdersView onVnodeUnmounted=fn<onVnodeUnmounted> ref=Ref< Proxy(Object) > > 
  at <RouterView> 
  at <AppLayout onVnodeUnmounted=fn<onVnodeUnmounted> ref=Ref< Proxy(Object) > > 
  at <RouterView> 
  at <App> @ http://localhost:5277/node_modules/@vue/runtime-core/dist/runtime-core.esm-bundler.js:49
[    2040ms] [WARNING] [Vue warn]: Invalid prop: type check failed for prop "rowData". Expected Object, got String with value "<". 
  at <BodyCell key="created_at" rowData="<" column= {__v_isVNode: true, __v_skip: true, type: Object, props: Object, key: null}  ... > 
  at <BodyRow key=undefined rowData="<" index=0  ... > 
  at <TableBody ref="bodyRef" value="<!DOCTYPE html>\n<htm" class=""  ... > 
  at <VirtualScroller ref="virtualScroller" items="<!DOCTYPE html>\n<html lang=\"en\">\n\n<head>\n  <meta charset=\"utf-8\" />\n  <meta name=\"viewport\" content=\"width=device-width, initial-scale=1\" />\n  <meta name=\"theme-color\" content=\"#000000\" />\n  <link rel=\"shortcut icon\" type=\"image/ico\" href=\"/assets/favicon-bc234827.ico\" />\n  <link href=\"https://fonts.googleapis.com/css?family=Roboto:300,400,500\" rel=\"stylesheet\" />\n  <title>Pentaract UI</title>\n\n  <style>\n    *,\n    html {\n      margin: 0;\n      padding: 0;\n    }\n  </style>\n  <script type=\"module\" crossorigin src=\"/assets/index-58b24b54.js\"></script>\n  <link rel=\"stylesheet\" href=\"/assets/index-a4f6c957.css\">\n</head>\n\n<body>\n  <noscript>Wanna write ur own UI without js?! Go ahead, don't disturb others</noscript>\n  <div id=\"root\"></div>\n\n  \n</body>\n\n</html>\n" columns= [Object, Object, Object, Object, Object, Object]  ... > 
  at <DataTable value="<!DOCTYPE html>\n<html lang=\"en\">\n\n<head>\n  <meta charset=\"utf-8\" />\n  <meta name=\"viewport\" content=\"width=device-width, initial-scale=1\" />\n  <meta name=\"theme-color\" content=\"#000000\" />\n  <link rel=\"shortcut icon\" type=\"image/ico\" href=\"/assets/favicon-bc234827.ico\" />\n  <link href=\"https://fonts.googleapis.com/css?family=Roboto:300,400,500\" rel=\"stylesheet\" />\n  <title>Pentaract UI</title>\n\n  <style>\n    *,\n    html {\n      margin: 0;\n      padding: 0;\n    }\n  </style>\n  <script type=\"module\" crossorigin src=\"/assets/index-58b24b54.js\"></script>\n  <link rel=\"stylesheet\" href=\"/assets/index-a4f6c957.css\">\n</head>\n\n<body>\n  <noscript>Wanna write ur own UI without js?! Go ahead, don't disturb others</noscript>\n  <div id=\"root\"></div>\n\n  \n</body>\n\n</html>\n" loading=false stripedRows=""  ... > 
  at <OrdersView onVnodeUnmounted=fn<onVnodeUnmounted> ref=Ref< Proxy(Object) > > 
  at <RouterView> 
  at <AppLayout onVnodeUnmounted=fn<onVnodeUnmounted> ref=Ref< Proxy(Object) > > 
  at <RouterView> 
  at <App> @ http://localhost:5277/node_modules/@vue/runtime-core/dist/runtime-core.esm-bundler.js:49
[    2043ms] [WARNING] [Vue warn]: Invalid prop: type check failed for prop "rowData". Expected Object, got String with value "<". 
  at <BodyCell key=5 rowData="<" column= {__v_isVNode: true, __v_skip: true, type: Object, props: Object, key: null}  ... > 
  at <BodyRow key=undefined rowData="<" index=0  ... > 
  at <TableBody ref="bodyRef" value="<!DOCTYPE html>\n<htm" class=""  ... > 
  at <VirtualScroller ref="virtualScroller" items="<!DOCTYPE html>\n<html lang=\"en\">\n\n<head>\n  <meta charset=\"utf-8\" />\n  <meta name=\"viewport\" content=\"width=device-width, initial-scale=1\" />\n  <meta name=\"theme-color\" content=\"#000000\" />\n  <link rel=\"shortcut icon\" type=\"image/ico\" href=\"/assets/favicon-bc234827.ico\" />\n  <link href=\"https://fonts.googleapis.com/css?family=Roboto:300,400,500\" rel=\"stylesheet\" />\n  <title>Pentaract UI</title>\n\n  <style>\n    *,\n    html {\n      margin: 0;\n      padding: 0;\n    }\n  </style>\n  <script type=\"module\" crossorigin src=\"/assets/index-58b24b54.js\"></script>\n  <link rel=\"stylesheet\" href=\"/assets/index-a4f6c957.css\">\n</head>\n\n<body>\n  <noscript>Wanna write ur own UI without js?! Go ahead, don't disturb others</noscript>\n  <div id=\"root\"></div>\n\n  \n</body>\n\n</html>\n" columns= [Object, Object, Object, Object, Object, Object]  ... > 
  at <DataTable value="<!DOCTYPE html>\n<html lang=\"en\">\n\n<head>\n  <meta charset=\"utf-8\" />\n  <meta name=\"viewport\" content=\"width=device-width, initial-scale=1\" />\n  <meta name=\"theme-color\" content=\"#000000\" />\n  <link rel=\"shortcut icon\" type=\"image/ico\" href=\"/assets/favicon-bc234827.ico\" />\n  <link href=\"https://fonts.googleapis.com/css?family=Roboto:300,400,500\" rel=\"stylesheet\" />\n  <title>Pentaract UI</title>\n\n  <style>\n    *,\n    html {\n      margin: 0;\n      padding: 0;\n    }\n  </style>\n  <script type=\"module\" crossorigin src=\"/assets/index-58b24b54.js\"></script>\n  <link rel=\"stylesheet\" href=\"/assets/index-a4f6c957.css\">\n</head>\n\n<body>\n  <noscript>Wanna write ur own UI without js?! Go ahead, don't disturb others</noscript>\n  <div id=\"root\"></div>\n\n  \n</body>\n\n</html>\n" loading=false stripedRows=""  ... > 
  at <OrdersView onVnodeUnmounted=fn<onVnodeUnmounted> ref=Ref< Proxy(Object) > > 
  at <RouterView> 
  at <AppLayout onVnodeUnmounted=fn<onVnodeUnmounted> ref=Ref< Proxy(Object) > > 
  at <RouterView> 
  at <App> @ http://localhost:5277/node_modules/@vue/runtime-core/dist/runtime-core.esm-bundler.js:49
[    2047ms] [WARNING] [Vue warn]: Invalid prop: type check failed for prop "rowData". Expected Object, got String with value "!". 
  at <BodyRow key=undefined rowData="!" index=1  ... > 
  at <TableBody ref="bodyRef" value="<!DOCTYPE html>\n<htm" class=""  ... > 
  at <VirtualScroller ref="virtualScroller" items="<!DOCTYPE html>\n<html lang=\"en\">\n\n<head>\n  <meta charset=\"utf-8\" />\n  <meta name=\"viewport\" content=\"width=device-width, initial-scale=1\" />\n  <meta name=\"theme-color\" content=\"#000000\" />\n  <link rel=\"shortcut icon\" type=\"image/ico\" href=\"/assets/favicon-bc234827.ico\" />\n  <link href=\"https://fonts.googleapis.com/css?family=Roboto:300,400,500\" rel=\"stylesheet\" />\n  <title>Pentaract UI</title>\n\n  <style>\n    *,\n    html {\n      margin: 0;\n      padding: 0;\n    }\n  </style>\n  <script type=\"module\" crossorigin src=\"/assets/index-58b24b54.js\"></script>\n  <link rel=\"stylesheet\" href=\"/assets/index-a4f6c957.css\">\n</head>\n\n<body>\n  <noscript>Wanna write ur own UI without js?! Go ahead, don't disturb others</noscript>\n  <div id=\"root\"></div>\n\n  \n</body>\n\n</html>\n" columns= [Object, Object, Object, Object, Object, Object]  ... > 
  at <DataTable value="<!DOCTYPE html>\n<html lang=\"en\">\n\n<head>\n  <meta charset=\"utf-8\" />\n  <meta name=\"viewport\" content=\"width=device-width, initial-scale=1\" />\n  <meta name=\"theme-color\" content=\"#000000\" />\n  <link rel=\"shortcut icon\" type=\"image/ico\" href=\"/assets/favicon-bc234827.ico\" />\n  <link href=\"https://fonts.googleapis.com/css?family=Roboto:300,400,500\" rel=\"stylesheet\" />\n  <title>Pentaract UI</title>\n\n  <style>\n    *,\n    html {\n      margin: 0;\n      padding: 0;\n    }\n  </style>\n  <script type=\"module\" crossorigin src=\"/assets/index-58b24b54.js\"></script>\n  <link rel=\"stylesheet\" href=\"/assets/index-a4f6c957.css\">\n</head>\n\n<body>\n  <noscript>Wanna write ur own UI without js?! Go ahead, don't disturb others</noscript>\n  <div id=\"root\"></div>\n\n  \n</body>\n\n</html>\n" loading=false stripedRows=""  ... > 
  at <OrdersView onVnodeUnmounted=fn<onVnodeUnmounted> ref=Ref< Proxy(Object) > > 
  at <RouterView> 
  at <AppLayout onVnodeUnmounted=fn<onVnodeUnmounted> ref=Ref< Proxy(Object) > > 
  at <RouterView> 
  at <App> @ http://localhost:5277/node_modules/@vue/runtime-core/dist/runtime-core.esm-bundler.js:49
[    2048ms] [WARNING] [Vue warn]: Invalid prop: type check failed for prop "value". Expected Array, got String with value "<!DOCTYPE html>
<htm". 
  at <BodyRow key=undefined rowData="!" index=1  ... > 
  at <TableBody ref="bodyRef" value="<!DOCTYPE html>\n<htm" class=""  ... > 
  at <VirtualScroller ref="virtualScroller" items="<!DOCTYPE html>\n<html lang=\"en\">\n\n<head>\n  <meta charset=\"utf-8\" />\n  <meta name=\"viewport\" content=\"width=device-width, initial-scale=1\" />\n  <meta name=\"theme-color\" content=\"#000000\" />\n  <link rel=\"shortcut icon\" type=\"image/ico\" href=\"/assets/favicon-bc234827.ico\" />\n  <link href=\"https://fonts.googleapis.com/css?family=Roboto:300,400,500\" rel=\"stylesheet\" />\n  <title>Pentaract UI</title>\n\n  <style>\n    *,\n    html {\n      margin: 0;\n      padding: 0;\n    }\n  </style>\n  <script type=\"module\" crossorigin src=\"/assets/index-58b24b54.js\"></script>\n  <link rel=\"stylesheet\" href=\"/assets/index-a4f6c957.css\">\n</head>\n\n<body>\n  <noscript>Wanna write ur own UI without js?! Go ahead, don't disturb others</noscript>\n  <div id=\"root\"></div>\n\n  \n</body>\n\n</html>\n" columns= [Object, Object, Object, Object, Object, Object]  ... > 
  at <DataTable value="<!DOCTYPE html>\n<html lang=\"en\">\n\n<head>\n  <meta charset=\"utf-8\" />\n  <meta name=\"viewport\" content=\"width=device-width, initial-scale=1\" />\n  <meta name=\"theme-color\" content=\"#000000\" />\n  <link rel=\"shortcut icon\" type=\"image/ico\" href=\"/assets/favicon-bc234827.ico\" />\n  <link href=\"https://fonts.googleapis.com/css?family=Roboto:300,400,500\" rel=\"stylesheet\" />\n  <title>Pentaract UI</title>\n\n  <style>\n    *,\n    html {\n      margin: 0;\n      padding: 0;\n    }\n  </style>\n  <script type=\"module\" crossorigin src=\"/assets/index-58b24b54.js\"></script>\n  <link rel=\"stylesheet\" href=\"/assets/index-a4f6c957.css\">\n</head>\n\n<body>\n  <noscript>Wanna write ur own UI without js?! Go ahead, don't disturb others</noscript>\n  <div id=\"root\"></div>\n\n  \n</body>\n\n</html>\n" loading=false stripedRows=""  ... > 
  at <OrdersView onVnodeUnmounted=fn<onVnodeUnmounted> ref=Ref< Proxy(Object) > > 
  at <RouterView> 
  at <AppLayout onVnodeUnmounted=fn<onVnodeUnmounted> ref=Ref< Proxy(Object) > > 
  at <RouterView> 
  at <App> @ http://localhost:5277/node_modules/@vue/runtime-core/dist/runtime-core.esm-bundler.js:49
[    2050ms] [WARNING] [Vue warn]: Invalid prop: type check failed for prop "rowData". Expected Object, got String with value "!". 
  at <BodyCell key="id" rowData="!" column= {__v_isVNode: true, __v_skip: true, type: Object, props: Object, key: null}  ... > 
  at <BodyRow key=undefined rowData="!" index=1  ... > 
  at <TableBody ref="bodyRef" value="<!DOCTYPE html>\n<htm" class=""  ... > 
  at <VirtualScroller ref="virtualScroller" items="<!DOCTYPE html>\n<html lang=\"en\">\n\n<head>\n  <meta charset=\"utf-8\" />\n  <meta name=\"viewport\" content=\"width=device-width, initial-scale=1\" />\n  <meta name=\"theme-color\" content=\"#000000\" />\n  <link rel=\"shortcut icon\" type=\"image/ico\" href=\"/assets/favicon-bc234827.ico\" />\n  <link href=\"https://fonts.googleapis.com/css?family=Roboto:300,400,500\" rel=\"stylesheet\" />\n  <title>Pentaract UI</title>\n\n  <style>\n    *,\n    html {\n      margin: 0;\n      padding: 0;\n    }\n  </style>\n  <script type=\"module\" crossorigin src=\"/assets/index-58b24b54.js\"></script>\n  <link rel=\"stylesheet\" href=\"/assets/index-a4f6c957.css\">\n</head>\n\n<body>\n  <noscript>Wanna write ur own UI without js?! Go ahead, don't disturb others</noscript>\n  <div id=\"root\"></div>\n\n  \n</body>\n\n</html>\n" columns= [Object, Object, Object, Object, Object, Object]  ... > 
  at <DataTable value="<!DOCTYPE html>\n<html lang=\"en\">\n\n<head>\n  <meta charset=\"utf-8\" />\n  <meta name=\"viewport\" content=\"width=device-width, initial-scale=1\" />\n  <meta name=\"theme-color\" content=\"#000000\" />\n  <link rel=\"shortcut icon\" type=\"image/ico\" href=\"/assets/favicon-bc234827.ico\" />\n  <link href=\"https://fonts.googleapis.com/css?family=Roboto:300,400,500\" rel=\"stylesheet\" />\n  <title>Pentaract UI</title>\n\n  <style>\n    *,\n    html {\n      margin: 0;\n      padding: 0;\n    }\n  </style>\n  <script type=\"module\" crossorigin src=\"/assets/index-58b24b54.js\"></script>\n  <link rel=\"stylesheet\" href=\"/assets/index-a4f6c957.css\">\n</head>\n\n<body>\n  <noscript>Wanna write ur own UI without js?! Go ahead, don't disturb others</noscript>\n  <div id=\"root\"></div>\n\n  \n</body>\n\n</html>\n" loading=false stripedRows=""  ... > 
  at <OrdersView onVnodeUnmounted=fn<onVnodeUnmounted> ref=Ref< Proxy(Object) > > 
  at <RouterView> 
  at <AppLayout onVnodeUnmounted=fn<onVnodeUnmounted> ref=Ref< Proxy(Object) > > 
  at <RouterView> 
  at <App> @ http://localhost:5277/node_modules/@vue/runtime-core/dist/runtime-core.esm-bundler.js:49
[    2053ms] [WARNING] [Vue warn]: Invalid prop: type check failed for prop "rowData". Expected Object, got String with value "!". 
  at <BodyCell key="client_id" rowData="!" column= {__v_isVNode: true, __v_skip: true, type: Object, props: Object, key: null}  ... > 
  at <BodyRow key=undefined rowData="!" index=1  ... > 
  at <TableBody ref="bodyRef" value="<!DOCTYPE html>\n<htm" class=""  ... > 
  at <VirtualScroller ref="virtualScroller" items="<!DOCTYPE html>\n<html lang=\"en\">\n\n<head>\n  <meta charset=\"utf-8\" />\n  <meta name=\"viewport\" content=\"width=device-width, initial-scale=1\" />\n  <meta name=\"theme-color\" content=\"#000000\" />\n  <link rel=\"shortcut icon\" type=\"image/ico\" href=\"/assets/favicon-bc234827.ico\" />\n  <link href=\"https://fonts.googleapis.com/css?family=Roboto:300,400,500\" rel=\"stylesheet\" />\n  <title>Pentaract UI</title>\n\n  <style>\n    *,\n    html {\n      margin: 0;\n      padding: 0;\n    }\n  </style>\n  <script type=\"module\" crossorigin src=\"/assets/index-58b24b54.js\"></script>\n  <link rel=\"stylesheet\" href=\"/assets/index-a4f6c957.css\">\n</head>\n\n<body>\n  <noscript>Wanna write ur own UI without js?! Go ahead, don't disturb others</noscript>\n  <div id=\"root\"></div>\n\n  \n</body>\n\n</html>\n" columns= [Object, Object, Object, Object, Object, Object]  ... > 
  at <DataTable value="<!DOCTYPE html>\n<html lang=\"en\">\n\n<head>\n  <meta charset=\"utf-8\" />\n  <meta name=\"viewport\" content=\"width=device-width, initial-scale=1\" />\n  <meta name=\"theme-color\" content=\"#000000\" />\n  <link rel=\"shortcut icon\" type=\"image/ico\" href=\"/assets/favicon-bc234827.ico\" />\n  <link href=\"https://fonts.googleapis.com/css?family=Roboto:300,400,500\" rel=\"stylesheet\" />\n  <title>Pentaract UI</title>\n\n  <style>\n    *,\n    html {\n      margin: 0;\n      padding: 0;\n    }\n  </style>\n  <script type=\"module\" crossorigin src=\"/assets/index-58b24b54.js\"></script>\n  <link rel=\"stylesheet\" href=\"/assets/index-a4f6c957.css\">\n</head>\n\n<body>\n  <noscript>Wanna write ur own UI without js?! Go ahead, don't disturb others</noscript>\n  <div id=\"root\"></div>\n\n  \n</body>\n\n</html>\n" loading=false stripedRows=""  ... > 
  at <OrdersView onVnodeUnmounted=fn<onVnodeUnmounted> ref=Ref< Proxy(Object) > > 
  at <RouterView> 
  at <AppLayout onVnodeUnmounted=fn<onVnodeUnmounted> ref=Ref< Proxy(Object) > > 
  at <RouterView> 
  at <App> @ http://localhost:5277/node_modules/@vue/runtime-core/dist/runtime-core.esm-bundler.js:49
[    2055ms] [WARNING] [Vue warn]: Invalid prop: type check failed for prop "rowData". Expected Object, got String with value "!". 
  at <BodyCell key="source" rowData="!" column= {__v_isVNode: true, __v_skip: true, type: Object, props: Object, key: null}  ... > 
  at <BodyRow key=undefined rowData="!" index=1  ... > 
  at <TableBody ref="bodyRef" value="<!DOCTYPE html>\n<htm" class=""  ... > 
  at <VirtualScroller ref="virtualScroller" items="<!DOCTYPE html>\n<html lang=\"en\">\n\n<head>\n  <meta charset=\"utf-8\" />\n  <meta name=\"viewport\" content=\"width=device-width, initial-scale=1\" />\n  <meta name=\"theme-color\" content=\"#000000\" />\n  <link rel=\"shortcut icon\" type=\"image/ico\" href=\"/assets/favicon-bc234827.ico\" />\n  <link href=\"https://fonts.googleapis.com/css?family=Roboto:300,400,500\" rel=\"stylesheet\" />\n  <title>Pentaract UI</title>\n\n  <style>\n    *,\n    html {\n      margin: 0;\n      padding: 0;\n    }\n  </style>\n  <script type=\"module\" crossorigin src=\"/assets/index-58b24b54.js\"></script>\n  <link rel=\"stylesheet\" href=\"/assets/index-a4f6c957.css\">\n</head>\n\n<body>\n  <noscript>Wanna write ur own UI without js?! Go ahead, don't disturb others</noscript>\n  <div id=\"root\"></div>\n\n  \n</body>\n\n</html>\n" columns= [Object, Object, Object, Object, Object, Object]  ... > 
  at <DataTable value="<!DOCTYPE html>\n<html lang=\"en\">\n\n<head>\n  <meta charset=\"utf-8\" />\n  <meta name=\"viewport\" content=\"width=device-width, initial-scale=1\" />\n  <meta name=\"theme-color\" content=\"#000000\" />\n  <link rel=\"shortcut icon\" type=\"image/ico\" href=\"/assets/favicon-bc234827.ico\" />\n  <link href=\"https://fonts.googleapis.com/css?family=Roboto:300,400,500\" rel=\"stylesheet\" />\n  <title>Pentaract UI</title>\n\n  <style>\n    *,\n    html {\n      margin: 0;\n      padding: 0;\n    }\n  </style>\n  <script type=\"module\" crossorigin src=\"/assets/index-58b24b54.js\"></script>\n  <link rel=\"stylesheet\" href=\"/assets/index-a4f6c957.css\">\n</head>\n\n<body>\n  <noscript>Wanna write ur own UI without js?! Go ahead, don't disturb others</noscript>\n  <div id=\"root\"></div>\n\n  \n</body>\n\n</html>\n" loading=false stripedRows=""  ... > 
  at <OrdersView onVnodeUnmounted=fn<onVnodeUnmounted> ref=Ref< Proxy(Object) > > 
  at <RouterView> 
  at <AppLayout onVnodeUnmounted=fn<onVnodeUnmounted> ref=Ref< Proxy(Object) > > 
  at <RouterView> 
  at <App> @ http://localhost:5277/node_modules/@vue/runtime-core/dist/runtime-core.esm-bundler.js:49
[    2058ms] [WARNING] [Vue warn]: Invalid prop: type check failed for prop "rowData". Expected Object, got String with value "!". 
  at <BodyCell key="status" rowData="!" column= {__v_isVNode: true, __v_skip: true, type: Object, props: Object, key: null}  ... > 
  at <BodyRow key=undefined rowData="!" index=1  ... > 
  at <TableBody ref="bodyRef" value="<!DOCTYPE html>\n<htm" class=""  ... > 
  at <VirtualScroller ref="virtualScroller" items="<!DOCTYPE html>\n<html lang=\"en\">\n\n<head>\n  <meta charset=\"utf-8\" />\n  <meta name=\"viewport\" content=\"width=device-width, initial-scale=1\" />\n  <meta name=\"theme-color\" content=\"#000000\" />\n  <link rel=\"shortcut icon\" type=\"image/ico\" href=\"/assets/favicon-bc234827.ico\" />\n  <link href=\"https://fonts.googleapis.com/css?family=Roboto:300,400,500\" rel=\"stylesheet\" />\n  <title>Pentaract UI</title>\n\n  <style>\n    *,\n    html {\n      margin: 0;\n      padding: 0;\n    }\n  </style>\n  <script type=\"module\" crossorigin src=\"/assets/index-58b24b54.js\"></script>\n  <link rel=\"stylesheet\" href=\"/assets/index-a4f6c957.css\">\n</head>\n\n<body>\n  <noscript>Wanna write ur own UI without js?! Go ahead, don't disturb others</noscript>\n  <div id=\"root\"></div>\n\n  \n</body>\n\n</html>\n" columns= [Object, Object, Object, Object, Object, Object]  ... > 
  at <DataTable value="<!DOCTYPE html>\n<html lang=\"en\">\n\n<head>\n  <meta charset=\"utf-8\" />\n  <meta name=\"viewport\" content=\"width=device-width, initial-scale=1\" />\n  <meta name=\"theme-color\" content=\"#000000\" />\n  <link rel=\"shortcut icon\" type=\"image/ico\" href=\"/assets/favicon-bc234827.ico\" />\n  <link href=\"https://fonts.googleapis.com/css?family=Roboto:300,400,500\" rel=\"stylesheet\" />\n  <title>Pentaract UI</title>\n\n  <style>\n    *,\n    html {\n      margin: 0;\n      padding: 0;\n    }\n  </style>\n  <script type=\"module\" crossorigin src=\"/assets/index-58b24b54.js\"></script>\n  <link rel=\"stylesheet\" href=\"/assets/index-a4f6c957.css\">\n</head>\n\n<body>\n  <noscript>Wanna write ur own UI without js?! Go ahead, don't disturb others</noscript>\n  <div id=\"root\"></div>\n\n  \n</body>\n\n</html>\n" loading=false stripedRows=""  ... > 
  at <OrdersView onVnodeUnmounted=fn<onVnodeUnmounted> ref=Ref< Proxy(Object) > > 
  at <RouterView> 
  at <AppLayout onVnodeUnmounted=fn<onVnodeUnmounted> ref=Ref< Proxy(Object) > > 
  at <RouterView> 
  at <App> @ http://localhost:5277/node_modules/@vue/runtime-core/dist/runtime-core.esm-bundler.js:49
[    2061ms] [WARNING] [Vue warn]: Invalid prop: type check failed for prop "rowData". Expected Object, got String with value "!". 
  at <BodyCell key="created_at" rowData="!" column= {__v_isVNode: true, __v_skip: true, type: Object, props: Object, key: null}  ... > 
  at <BodyRow key=undefined rowData="!" index=1  ... > 
  at <TableBody ref="bodyRef" value="<!DOCTYPE html>\n<htm" class=""  ... > 
  at <VirtualScroller ref="virtualScroller" items="<!DOCTYPE html>\n<html lang=\"en\">\n\n<head>\n  <meta charset=\"utf-8\" />\n  <meta name=\"viewport\" content=\"width=device-width, initial-scale=1\" />\n  <meta name=\"theme-color\" content=\"#000000\" />\n  <link rel=\"shortcut icon\" type=\"image/ico\" href=\"/assets/favicon-bc234827.ico\" />\n  <link href=\"https://fonts.googleapis.com/css?family=Roboto:300,400,500\" rel=\"stylesheet\" />\n  <title>Pentaract UI</title>\n\n  <style>\n    *,\n    html {\n      margin: 0;\n      padding: 0;\n    }\n  </style>\n  <script type=\"module\" crossorigin src=\"/assets/index-58b24b54.js\"></script>\n  <link rel=\"stylesheet\" href=\"/assets/index-a4f6c957.css\">\n</head>\n\n<body>\n  <noscript>Wanna write ur own UI without js?! Go ahead, don't disturb others</noscript>\n  <div id=\"root\"></div>\n\n  \n</body>\n\n</html>\n" columns= [Object, Object, Object, Object, Object, Object]  ... > 
  at <DataTable value="<!DOCTYPE html>\n<html lang=\"en\">\n\n<head>\n  <meta charset=\"utf-8\" />\n  <meta name=\"viewport\" content=\"width=device-width, initial-scale=1\" />\n  <meta name=\"theme-color\" content=\"#000000\" />\n  <link rel=\"shortcut icon\" type=\"image/ico\" href=\"/assets/favicon-bc234827.ico\" />\n  <link href=\"https://fonts.googleapis.com/css?family=Roboto:300,400,500\" rel=\"stylesheet\" />\n  <title>Pentaract UI</title>\n\n  <style>\n    *,\n    html {\n      margin: 0;\n      padding: 0;\n    }\n  </style>\n  <script type=\"module\" crossorigin src=\"/assets/index-58b24b54.js\"></script>\n  <link rel=\"stylesheet\" href=\"/assets/index-a4f6c957.css\">\n</head>\n\n<body>\n  <noscript>Wanna write ur own UI without js?! Go ahead, don't disturb others</noscript>\n  <div id=\"root\"></div>\n\n  \n</body>\n\n</html>\n" loading=false stripedRows=""  ... > 
  at <OrdersView onVnodeUnmounted=fn<onVnodeUnmounted> ref=Ref< Proxy(Object) > > 
  at <RouterView> 
  at <AppLayout onVnodeUnmounted=fn<onVnodeUnmounted> ref=Ref< Proxy(Object) > > 
  at <RouterView> 
  at <App> @ http://localhost:5277/node_modules/@vue/runtime-core/dist/runtime-core.esm-bundler.js:49
[    2064ms] [WARNING] [Vue warn]: Invalid prop: type check failed for prop "rowData". Expected Object, got String with value "!". 
  at <BodyCell key=5 rowData="!" column= {__v_isVNode: true, __v_skip: true, type: Object, props: Object, key: null}  ... > 
  at <BodyRow key=undefined rowData="!" index=1  ... > 
  at <TableBody ref="bodyRef" value="<!DOCTYPE html>\n<htm" class=""  ... > 
  at <VirtualScroller ref="virtualScroller" items="<!DOCTYPE html>\n<html lang=\"en\">\n\n<head>\n  <meta charset=\"utf-8\" />\n  <meta name=\"viewport\" content=\"width=device-width, initial-scale=1\" />\n  <meta name=\"theme-color\" content=\"#000000\" />\n  <link rel=\"shortcut icon\" type=\"image/ico\" href=\"/assets/favicon-bc234827.ico\" />\n  <link href=\"https://fonts.googleapis.com/css?family=Roboto:300,400,500\" rel=\"stylesheet\" />\n  <title>Pentaract UI</title>\n\n  <style>\n    *,\n    html {\n      margin: 0;\n      padding: 0;\n    }\n  </style>\n  <script type=\"module\" crossorigin src=\"/assets/index-58b24b54.js\"></script>\n  <link rel=\"stylesheet\" href=\"/assets/index-a4f6c957.css\">\n</head>\n\n<body>\n  <noscript>Wanna write ur own UI without js?! Go ahead, don't disturb others</noscript>\n  <div id=\"root\"></div>\n\n  \n</body>\n\n</html>\n" columns= [Object, Object, Object, Object, Object, Object]  ... > 
  at <DataTable value="<!DOCTYPE html>\n<html lang=\"en\">\n\n<head>\n  <meta charset=\"utf-8\" />\n  <meta name=\"viewport\" content=\"width=device-width, initial-scale=1\" />\n  <meta name=\"theme-color\" content=\"#000000\" />\n  <link rel=\"shortcut icon\" type=\"image/ico\" href=\"/assets/favicon-bc234827.ico\" />\n  <link href=\"https://fonts.googleapis.com/css?family=Roboto:300,400,500\" rel=\"stylesheet\" />\n  <title>Pentaract UI</title>\n\n  <style>\n    *,\n    html {\n      margin: 0;\n      padding: 0;\n    }\n  </style>\n  <script type=\"module\" crossorigin src=\"/assets/index-58b24b54.js\"></script>\n  <link rel=\"stylesheet\" href=\"/assets/index-a4f6c957.css\">\n</head>\n\n<body>\n  <noscript>Wanna write ur own UI without js?! Go ahead, don't disturb others</noscript>\n  <div id=\"root\"></div>\n\n  \n</body>\n\n</html>\n" loading=false stripedRows=""  ... > 
  at <OrdersView onVnodeUnmounted=fn<onVnodeUnmounted> ref=Ref< Proxy(Object) > > 
  at <RouterView> 
  at <AppLayout onVnodeUnmounted=fn<onVnodeUnmounted> ref=Ref< Proxy(Object) > > 
  at <RouterView> 
  at <App> @ http://localhost:5277/node_modules/@vue/runtime-core/dist/runtime-core.esm-bundler.js:49
[    2067ms] [WARNING] [Vue warn]: Invalid prop: type check failed for prop "rowData". Expected Object, got String with value "D". 
  at <BodyRow key=undefined rowData="D" index=2  ... > 
  at <TableBody ref="bodyRef" value="<!DOCTYPE html>\n<htm" class=""  ... > 
  at <VirtualScroller ref="virtualScroller" items="<!DOCTYPE html>\n<html lang=\"en\">\n\n<head>\n  <meta charset=\"utf-8\" />\n  <meta name=\"viewport\" content=\"width=device-width, initial-scale=1\" />\n  <meta name=\"theme-color\" content=\"#000000\" />\n  <link rel=\"shortcut icon\" type=\"image/ico\" href=\"/assets/favicon-bc234827.ico\" />\n  <link href=\"https://fonts.googleapis.com/css?family=Roboto:300,400,500\" rel=\"stylesheet\" />\n  <title>Pentaract UI</title>\n\n  <style>\n    *,\n    html {\n      margin: 0;\n      padding: 0;\n    }\n  </style>\n  <script type=\"module\" crossorigin src=\"/assets/index-58b24b54.js\"></script>\n  <link rel=\"stylesheet\" href=\"/assets/index-a4f6c957.css\">\n</head>\n\n<body>\n  <noscript>Wanna write ur own UI without js?! Go ahead, don't disturb others</noscript>\n  <div id=\"root\"></div>\n\n  \n</body>\n\n</html>\n" columns= [Object, Object, Object, Object, Object, Object]  ... > 
  at <DataTable value="<!DOCTYPE html>\n<html lang=\"en\">\n\n<head>\n  <meta charset=\"utf-8\" />\n  <meta name=\"viewport\" content=\"width=device-width, initial-scale=1\" />\n  <meta name=\"theme-color\" content=\"#000000\" />\n  <link rel=\"shortcut icon\" type=\"image/ico\" href=\"/assets/favicon-bc234827.ico\" />\n  <link href=\"https://fonts.googleapis.com/css?family=Roboto:300,400,500\" rel=\"stylesheet\" />\n  <title>Pentaract UI</title>\n\n  <style>\n    *,\n    html {\n      margin: 0;\n      padding: 0;\n    }\n  </style>\n  <script type=\"module\" crossorigin src=\"/assets/index-58b24b54.js\"></script>\n  <link rel=\"stylesheet\" href=\"/assets/index-a4f6c957.css\">\n</head>\n\n<body>\n  <noscript>Wanna write ur own UI without js?! Go ahead, don't disturb others</noscript>\n  <div id=\"root\"></div>\n\n  \n</body>\n\n</html>\n" loading=false stripedRows=""  ... > 
  at <OrdersView onVnodeUnmounted=fn<onVnodeUnmounted> ref=Ref< Proxy(Object) > > 
  at <RouterView> 
  at <AppLayout onVnodeUnmounted=fn<onVnodeUnmounted> ref=Ref< Proxy(Object) > > 
  at <RouterView> 
  at <App> @ http://localhost:5277/node_modules/@vue/runtime-core/dist/runtime-core.esm-bundler.js:49
[    2068ms] [WARNING] [Vue warn]: Invalid prop: type check failed for prop "value". Expected Array, got String with value "<!DOCTYPE html>
<htm". 
  at <BodyRow key=undefined rowData="D" index=2  ... > 
  at <TableBody ref="bodyRef" value="<!DOCTYPE html>\n<htm" class=""  ... > 
  at <VirtualScroller ref="virtualScroller" items="<!DOCTYPE html>\n<html lang=\"en\">\n\n<head>\n  <meta charset=\"utf-8\" />\n  <meta name=\"viewport\" content=\"width=device-width, initial-scale=1\" />\n  <meta name=\"theme-color\" content=\"#000000\" />\n  <link rel=\"shortcut icon\" type=\"image/ico\" href=\"/assets/favicon-bc234827.ico\" />\n  <link href=\"https://fonts.googleapis.com/css?family=Roboto:300,400,500\" rel=\"stylesheet\" />\n  <title>Pentaract UI</title>\n\n  <style>\n    *,\n    html {\n      margin: 0;\n      padding: 0;\n    }\n  </style>\n  <script type=\"module\" crossorigin src=\"/assets/index-58b24b54.js\"></script>\n  <link rel=\"stylesheet\" href=\"/assets/index-a4f6c957.css\">\n</head>\n\n<body>\n  <noscript>Wanna write ur own UI without js?! Go ahead, don't disturb others</noscript>\n  <div id=\"root\"></div>\n\n  \n</body>\n\n</html>\n" columns= [Object, Object, Object, Object, Object, Object]  ... > 
  at <DataTable value="<!DOCTYPE html>\n<html lang=\"en\">\n\n<head>\n  <meta charset=\"utf-8\" />\n  <meta name=\"viewport\" content=\"width=device-width, initial-scale=1\" />\n  <meta name=\"theme-color\" content=\"#000000\" />\n  <link rel=\"shortcut icon\" type=\"image/ico\" href=\"/assets/favicon-bc234827.ico\" />\n  <link href=\"https://fonts.googleapis.com/css?family=Roboto:300,400,500\" rel=\"stylesheet\" />\n  <title>Pentaract UI</title>\n\n  <style>\n    *,\n    html {\n      margin: 0;\n      padding: 0;\n    }\n  </style>\n  <script type=\"module\" crossorigin src=\"/assets/index-58b24b54.js\"></script>\n  <link rel=\"stylesheet\" href=\"/assets/index-a4f6c957.css\">\n</head>\n\n<body>\n  <noscript>Wanna write ur own UI without js?! Go ahead, don't disturb others</noscript>\n  <div id=\"root\"></div>\n\n  \n</body>\n\n</html>\n" loading=false stripedRows=""  ... > 
  at <OrdersView onVnodeUnmounted=fn<onVnodeUnmounted> ref=Ref< Proxy(Object) > > 
  at <RouterView> 
  at <AppLayout onVnodeUnmounted=fn<onVnodeUnmounted> ref=Ref< Proxy(Object) > > 
  at <RouterView> 
  at <App> @ http://localhost:5277/node_modules/@vue/runtime-core/dist/runtime-core.esm-bundler.js:49
[    2070ms] [WARNING] [Vue warn]: Invalid prop: type check failed for prop "rowData". Expected Object, got String with value "D". 
  at <BodyCell key="id" rowData="D" column= {__v_isVNode: true, __v_skip: true, type: Object, props: Object, key: null}  ... > 
  at <BodyRow key=undefined rowData="D" index=2  ... > 
  at <TableBody ref="bodyRef" value="<!DOCTYPE html>\n<htm" class=""  ... > 
  at <VirtualScroller ref="virtualScroller" items="<!DOCTYPE html>\n<html lang=\"en\">\n\n<head>\n  <meta charset=\"utf-8\" />\n  <meta name=\"viewport\" content=\"width=device-width, initial-scale=1\" />\n  <meta name=\"theme-color\" content=\"#000000\" />\n  <link rel=\"shortcut icon\" type=\"image/ico\" href=\"/assets/favicon-bc234827.ico\" />\n  <link href=\"https://fonts.googleapis.com/css?family=Roboto:300,400,500\" rel=\"stylesheet\" />\n  <title>Pentaract UI</title>\n\n  <style>\n    *,\n    html {\n      margin: 0;\n      padding: 0;\n    }\n  </style>\n  <script type=\"module\" crossorigin src=\"/assets/index-58b24b54.js\"></script>\n  <link rel=\"stylesheet\" href=\"/assets/index-a4f6c957.css\">\n</head>\n\n<body>\n  <noscript>Wanna write ur own UI without js?! Go ahead, don't disturb others</noscript>\n  <div id=\"root\"></div>\n\n  \n</body>\n\n</html>\n" columns= [Object, Object, Object, Object, Object, Object]  ... > 
  at <DataTable value="<!DOCTYPE html>\n<html lang=\"en\">\n\n<head>\n  <meta charset=\"utf-8\" />\n  <meta name=\"viewport\" content=\"width=device-width, initial-scale=1\" />\n  <meta name=\"theme-color\" content=\"#000000\" />\n  <link rel=\"shortcut icon\" type=\"image/ico\" href=\"/assets/favicon-bc234827.ico\" />\n  <link href=\"https://fonts.googleapis.com/css?family=Roboto:300,400,500\" rel=\"stylesheet\" />\n  <title>Pentaract UI</title>\n\n  <style>\n    *,\n    html {\n      margin: 0;\n      padding: 0;\n    }\n  </style>\n  <script type=\"module\" crossorigin src=\"/assets/index-58b24b54.js\"></script>\n  <link rel=\"stylesheet\" href=\"/assets/index-a4f6c957.css\">\n</head>\n\n<body>\n  <noscript>Wanna write ur own UI without js?! Go ahead, don't disturb others</noscript>\n  <div id=\"root\"></div>\n\n  \n</body>\n\n</html>\n" loading=false stripedRows=""  ... > 
  at <OrdersView onVnodeUnmounted=fn<onVnodeUnmounted> ref=Ref< Proxy(Object) > > 
  at <RouterView> 
  at <AppLayout onVnodeUnmounted=fn<onVnodeUnmounted> ref=Ref< Proxy(Object) > > 
  at <RouterView> 
  at <App> @ http://localhost:5277/node_modules/@vue/runtime-core/dist/runtime-core.esm-bundler.js:49
[    2073ms] [WARNING] [Vue warn]: Invalid prop: type check failed for prop "rowData". Expected Object, got String with value "D". 
  at <BodyCell key="client_id" rowData="D" column= {__v_isVNode: true, __v_skip: true, type: Object, props: Object, key: null}  ... > 
  at <BodyRow key=undefined rowData="D" index=2  ... > 
  at <TableBody ref="bodyRef" value="<!DOCTYPE html>\n<htm" class=""  ... > 
  at <VirtualScroller ref="virtualScroller" items="<!DOCTYPE html>\n<html lang=\"en\">\n\n<head>\n  <meta charset=\"utf-8\" />\n  <meta name=\"viewport\" content=\"width=device-width, initial-scale=1\" />\n  <meta name=\"theme-color\" content=\"#000000\" />\n  <link rel=\"shortcut icon\" type=\"image/ico\" href=\"/assets/favicon-bc234827.ico\" />\n  <link href=\"https://fonts.googleapis.com/css?family=Roboto:300,400,500\" rel=\"stylesheet\" />\n  <title>Pentaract UI</title>\n\n  <style>\n    *,\n    html {\n      margin: 0;\n      padding: 0;\n    }\n  </style>\n  <script type=\"module\" crossorigin src=\"/assets/index-58b24b54.js\"></script>\n  <link rel=\"stylesheet\" href=\"/assets/index-a4f6c957.css\">\n</head>\n\n<body>\n  <noscript>Wanna write ur own UI without js?! Go ahead, don't disturb others</noscript>\n  <div id=\"root\"></div>\n\n  \n</body>\n\n</html>\n" columns= [Object, Object, Object, Object, Object, Object]  ... > 
  at <DataTable value="<!DOCTYPE html>\n<html lang=\"en\">\n\n<head>\n  <meta charset=\"utf-8\" />\n  <meta name=\"viewport\" content=\"width=device-width, initial-scale=1\" />\n  <meta name=\"theme-color\" content=\"#000000\" />\n  <link rel=\"shortcut icon\" type=\"image/ico\" href=\"/assets/favicon-bc234827.ico\" />\n  <link href=\"https://fonts.googleapis.com/css?family=Roboto:300,400,500\" rel=\"stylesheet\" />\n  <title>Pentaract UI</title>\n\n  <style>\n    *,\n    html {\n      margin: 0;\n      padding: 0;\n    }\n  </style>\n  <script type=\"module\" crossorigin src=\"/assets/index-58b24b54.js\"></script>\n  <link rel=\"stylesheet\" href=\"/assets/index-a4f6c957.css\">\n</head>\n\n<body>\n  <noscript>Wanna write ur own UI without js?! Go ahead, don't disturb others</noscript>\n  <div id=\"root\"></div>\n\n  \n</body>\n\n</html>\n" loading=false stripedRows=""  ... > 
  at <OrdersView onVnodeUnmounted=fn<onVnodeUnmounted> ref=Ref< Proxy(Object) > > 
  at <RouterView> 
  at <AppLayout onVnodeUnmounted=fn<onVnodeUnmounted> ref=Ref< Proxy(Object) > > 
  at <RouterView> 
  at <App> @ http://localhost:5277/node_modules/@vue/runtime-core/dist/runtime-core.esm-bundler.js:49
[    2075ms] [WARNING] [Vue warn]: Invalid prop: type check failed for prop "rowData". Expected Object, got String with value "D". 
  at <BodyCell key="source" rowData="D" column= {__v_isVNode: true, __v_skip: true, type: Object, props: Object, key: null}  ... > 
  at <BodyRow key=undefined rowData="D" index=2  ... > 
  at <TableBody ref="bodyRef" value="<!DOCTYPE html>\n<htm" class=""  ... > 
  at <VirtualScroller ref="virtualScroller" items="<!DOCTYPE html>\n<html lang=\"en\">\n\n<head>\n  <meta charset=\"utf-8\" />\n  <meta name=\"viewport\" content=\"width=device-width, initial-scale=1\" />\n  <meta name=\"theme-color\" content=\"#000000\" />\n  <link rel=\"shortcut icon\" type=\"image/ico\" href=\"/assets/favicon-bc234827.ico\" />\n  <link href=\"https://fonts.googleapis.com/css?family=Roboto:300,400,500\" rel=\"stylesheet\" />\n  <title>Pentaract UI</title>\n\n  <style>\n    *,\n    html {\n      margin: 0;\n      padding: 0;\n    }\n  </style>\n  <script type=\"module\" crossorigin src=\"/assets/index-58b24b54.js\"></script>\n  <link rel=\"stylesheet\" href=\"/assets/index-a4f6c957.css\">\n</head>\n\n<body>\n  <noscript>Wanna write ur own UI without js?! Go ahead, don't disturb others</noscript>\n  <div id=\"root\"></div>\n\n  \n</body>\n\n</html>\n" columns= [Object, Object, Object, Object, Object, Object]  ... > 
  at <DataTable value="<!DOCTYPE html>\n<html lang=\"en\">\n\n<head>\n  <meta charset=\"utf-8\" />\n  <meta name=\"viewport\" content=\"width=device-width, initial-scale=1\" />\n  <meta name=\"theme-color\" content=\"#000000\" />\n  <link rel=\"shortcut icon\" type=\"image/ico\" href=\"/assets/favicon-bc234827.ico\" />\n  <link href=\"https://fonts.googleapis.com/css?family=Roboto:300,400,500\" rel=\"stylesheet\" />\n  <title>Pentaract UI</title>\n\n  <style>\n    *,\n    html {\n      margin: 0;\n      padding: 0;\n    }\n  </style>\n  <script type=\"module\" crossorigin src=\"/assets/index-58b24b54.js\"></script>\n  <link rel=\"stylesheet\" href=\"/assets/index-a4f6c957.css\">\n</head>\n\n<body>\n  <noscript>Wanna write ur own UI without js?! Go ahead, don't disturb others</noscript>\n  <div id=\"root\"></div>\n\n  \n</body>\n\n</html>\n" loading=false stripedRows=""  ... > 
  at <OrdersView onVnodeUnmounted=fn<onVnodeUnmounted> ref=Ref< Proxy(Object) > > 
  at <RouterView> 
  at <AppLayout onVnodeUnmounted=fn<onVnodeUnmounted> ref=Ref< Proxy(Object) > > 
  at <RouterView> 
  at <App> @ http://localhost:5277/node_modules/@vue/runtime-core/dist/runtime-core.esm-bundler.js:49
[    2078ms] [WARNING] [Vue warn]: Invalid prop: type check failed for prop "rowData". Expected Object, got String with value "D". 
  at <BodyCell key="status" rowData="D" column= {__v_isVNode: true, __v_skip: true, type: Object, props: Object, key: null}  ... > 
  at <BodyRow key=undefined rowData="D" index=2  ... > 
  at <TableBody ref="bodyRef" value="<!DOCTYPE html>\n<htm" class=""  ... > 
  at <VirtualScroller ref="virtualScroller" items="<!DOCTYPE html>\n<html lang=\"en\">\n\n<head>\n  <meta charset=\"utf-8\" />\n  <meta name=\"viewport\" content=\"width=device-width, initial-scale=1\" />\n  <meta name=\"theme-color\" content=\"#000000\" />\n  <link rel=\"shortcut icon\" type=\"image/ico\" href=\"/assets/favicon-bc234827.ico\" />\n  <link href=\"https://fonts.googleapis.com/css?family=Roboto:300,400,500\" rel=\"stylesheet\" />\n  <title>Pentaract UI</title>\n\n  <style>\n    *,\n    html {\n      margin: 0;\n      padding: 0;\n    }\n  </style>\n  <script type=\"module\" crossorigin src=\"/assets/index-58b24b54.js\"></script>\n  <link rel=\"stylesheet\" href=\"/assets/index-a4f6c957.css\">\n</head>\n\n<body>\n  <noscript>Wanna write ur own UI without js?! Go ahead, don't disturb others</noscript>\n  <div id=\"root\"></div>\n\n  \n</body>\n\n</html>\n" columns= [Object, Object, Object, Object, Object, Object]  ... > 
  at <DataTable value="<!DOCTYPE html>\n<html lang=\"en\">\n\n<head>\n  <meta charset=\"utf-8\" />\n  <meta name=\"viewport\" content=\"width=device-width, initial-scale=1\" />\n  <meta name=\"theme-color\" content=\"#000000\" />\n  <link rel=\"shortcut icon\" type=\"image/ico\" href=\"/assets/favicon-bc234827.ico\" />\n  <link href=\"https://fonts.googleapis.com/css?family=Roboto:300,400,500\" rel=\"stylesheet\" />\n  <title>Pentaract UI</title>\n\n  <style>\n    *,\n    html {\n      margin: 0;\n      padding: 0;\n    }\n  </style>\n  <script type=\"module\" crossorigin src=\"/assets/index-58b24b54.js\"></script>\n  <link rel=\"stylesheet\" href=\"/assets/index-a4f6c957.css\">\n</head>\n\n<body>\n  <noscript>Wanna write ur own UI without js?! Go ahead, don't disturb others</noscript>\n  <div id=\"root\"></div>\n\n  \n</body>\n\n</html>\n" loading=false stripedRows=""  ... > 
  at <OrdersView onVnodeUnmounted=fn<onVnodeUnmounted> ref=Ref< Proxy(Object) > > 
  at <RouterView> 
  at <AppLayout onVnodeUnmounted=fn<onVnodeUnmounted> ref=Ref< Proxy(Object) > > 
  at <RouterView> 
  at <App> @ http://localhost:5277/node_modules/@vue/runtime-core/dist/runtime-core.esm-bundler.js:49
[    2081ms] [WARNING] [Vue warn]: Invalid prop: type check failed for prop "rowData". Expected Object, got String with value "D". 
  at <BodyCell key="created_at" rowData="D" column= {__v_isVNode: true, __v_skip: true, type: Object, props: Object, key: null}  ... > 
  at <BodyRow key=undefined rowData="D" index=2  ... > 
  at <TableBody ref="bodyRef" value="<!DOCTYPE html>\n<htm" class=""  ... > 
  at <VirtualScroller ref="virtualScroller" items="<!DOCTYPE html>\n<html lang=\"en\">\n\n<head>\n  <meta charset=\"utf-8\" />\n  <meta name=\"viewport\" content=\"width=device-width, initial-scale=1\" />\n  <meta name=\"theme-color\" content=\"#000000\" />\n  <link rel=\"shortcut icon\" type=\"image/ico\" href=\"/assets/favicon-bc234827.ico\" />\n  <link href=\"https://fonts.googleapis.com/css?family=Roboto:300,400,500\" rel=\"stylesheet\" />\n  <title>Pentaract UI</title>\n\n  <style>\n    *,\n    html {\n      margin: 0;\n      padding: 0;\n    }\n  </style>\n  <script type=\"module\" crossorigin src=\"/assets/index-58b24b54.js\"></script>\n  <link rel=\"stylesheet\" href=\"/assets/index-a4f6c957.css\">\n</head>\n\n<body>\n  <noscript>Wanna write ur own UI without js?! Go ahead, don't disturb others</noscript>\n  <div id=\"root\"></div>\n\n  \n</body>\n\n</html>\n" columns= [Object, Object, Object, Object, Object, Object]  ... > 
  at <DataTable value="<!DOCTYPE html>\n<html lang=\"en\">\n\n<head>\n  <meta charset=\"utf-8\" />\n  <meta name=\"viewport\" content=\"width=device-width, initial-scale=1\" />\n  <meta name=\"theme-color\" content=\"#000000\" />\n  <link rel=\"shortcut icon\" type=\"image/ico\" href=\"/assets/favicon-bc234827.ico\" />\n  <link href=\"https://fonts.googleapis.com/css?family=Roboto:300,400,500\" rel=\"stylesheet\" />\n  <title>Pentaract UI</title>\n\n  <style>\n    *,\n    html {\n      margin: 0;\n      padding: 0;\n    }\n  </style>\n  <script type=\"module\" crossorigin src=\"/assets/index-58b24b54.js\"></script>\n  <link rel=\"stylesheet\" href=\"/assets/index-a4f6c957.css\">\n</head>\n\n<body>\n  <noscript>Wanna write ur own UI without js?! Go ahead, don't disturb others</noscript>\n  <div id=\"root\"></div>\n\n  \n</body>\n\n</html>\n" loading=false stripedRows=""  ... > 
  at <OrdersView onVnodeUnmounted=fn<onVnodeUnmounted> ref=Ref< Proxy(Object) > > 
  at <RouterView> 
  at <AppLayout onVnodeUnmounted=fn<onVnodeUnmounted> ref=Ref< Proxy(Object) > > 
  at <RouterView> 
  at <App> @ http://localhost:5277/node_modules/@vue/runtime-core/dist/runtime-core.esm-bundler.js:49
[    2083ms] [WARNING] [Vue warn]: Invalid prop: type check failed for prop "rowData". Expected Object, got String with value "D". 
  at <BodyCell key=5 rowData="D" column= {__v_isVNode: true, __v_skip: true, type: Object, props: Object, key: null}  ... > 
  at <BodyRow key=undefined rowData="D" index=2  ... > 
  at <TableBody ref="bodyRef" value="<!DOCTYPE html>\n<htm" class=""  ... > 
  at <VirtualScroller ref="virtualScroller" items="<!DOCTYPE html>\n<html lang=\"en\">\n\n<head>\n  <meta charset=\"utf-8\" />\n  <meta name=\"viewport\" content=\"width=device-width, initial-scale=1\" />\n  <meta name=\"theme-color\" content=\"#000000\" />\n  <link rel=\"shortcut icon\" type=\"image/ico\" href=\"/assets/favicon-bc234827.ico\" />\n  <link href=\"https://fonts.googleapis.com/css?family=Roboto:300,400,500\" rel=\"stylesheet\" />\n  <title>Pentaract UI</title>\n\n  <style>\n    *,\n    html {\n      margin: 0;\n      padding: 0;\n    }\n  </style>\n  <script type=\"module\" crossorigin src=\"/assets/index-58b24b54.js\"></script>\n  <link rel=\"stylesheet\" href=\"/assets/index-a4f6c957.css\">\n</head>\n\n<body>\n  <noscript>Wanna write ur own UI without js?! Go ahead, don't disturb others</noscript>\n  <div id=\"root\"></div>\n\n  \n</body>\n\n</html>\n" columns= [Object, Object, Object, Object, Object, Object]  ... > 
  at <DataTable value="<!DOCTYPE html>\n<html lang=\"en\">\n\n<head>\n  <meta charset=\"utf-8\" />\n  <meta name=\"viewport\" content=\"width=device-width, initial-scale=1\" />\n  <meta name=\"theme-color\" content=\"#000000\" />\n  <link rel=\"shortcut icon\" type=\"image/ico\" href=\"/assets/favicon-bc234827.ico\" />\n  <link href=\"https://fonts.googleapis.com/css?family=Roboto:300,400,500\" rel=\"stylesheet\" />\n  <title>Pentaract UI</title>\n\n  <style>\n    *,\n    html {\n      margin: 0;\n      padding: 0;\n    }\n  </style>\n  <script type=\"module\" crossorigin src=\"/assets/index-58b24b54.js\"></script>\n  <link rel=\"stylesheet\" href=\"/assets/index-a4f6c957.css\">\n</head>\n\n<body>\n  <noscript>Wanna write ur own UI without js?! Go ahead, don't disturb others</noscript>\n  <div id=\"root\"></div>\n\n  \n</body>\n\n</html>\n" loading=false stripedRows=""  ... > 
  at <OrdersView onVnodeUnmounted=fn<onVnodeUnmounted> ref=Ref< Proxy(Object) > > 
  at <RouterView> 
  at <AppLayout onVnodeUnmounted=fn<onVnodeUnmounted> ref=Ref< Proxy(Object) > > 
  at <RouterView> 
  at <App> @ http://localhost:5277/node_modules/@vue/runtime-core/dist/runtime-core.esm-bundler.js:49
[    2087ms] [WARNING] [Vue warn]: Invalid prop: type check failed for prop "rowData". Expected Object, got String with value "O". 
  at <BodyRow key=undefined rowData="O" index=3  ... > 
  at <TableBody ref="bodyRef" value="<!DOCTYPE html>\n<htm" class=""  ... > 
  at <VirtualScroller ref="virtualScroller" items="<!DOCTYPE html>\n<html lang=\"en\">\n\n<head>\n  <meta charset=\"utf-8\" />\n  <meta name=\"viewport\" content=\"width=device-width, initial-scale=1\" />\n  <meta name=\"theme-color\" content=\"#000000\" />\n  <link rel=\"shortcut icon\" type=\"image/ico\" href=\"/assets/favicon-bc234827.ico\" />\n  <link href=\"https://fonts.googleapis.com/css?family=Roboto:300,400,500\" rel=\"stylesheet\" />\n  <title>Pentaract UI</title>\n\n  <style>\n    *,\n    html {\n      margin: 0;\n      padding: 0;\n    }\n  </style>\n  <script type=\"module\" crossorigin src=\"/assets/index-58b24b54.js\"></script>\n  <link rel=\"stylesheet\" href=\"/assets/index-a4f6c957.css\">\n</head>\n\n<body>\n  <noscript>Wanna write ur own UI without js?! Go ahead, don't disturb others</noscript>\n  <div id=\"root\"></div>\n\n  \n</body>\n\n</html>\n" columns= [Object, Object, Object, Object, Object, Object]  ... > 
  at <DataTable value="<!DOCTYPE html>\n<html lang=\"en\">\n\n<head>\n  <meta charset=\"utf-8\" />\n  <meta name=\"viewport\" content=\"width=device-width, initial-scale=1\" />\n  <meta name=\"theme-color\" content=\"#000000\" />\n  <link rel=\"shortcut icon\" type=\"image/ico\" href=\"/assets/favicon-bc234827.ico\" />\n  <link href=\"https://fonts.googleapis.com/css?family=Roboto:300,400,500\" rel=\"stylesheet\" />\n  <title>Pentaract UI</title>\n\n  <style>\n    *,\n    html {\n      margin: 0;\n      padding: 0;\n    }\n  </style>\n  <script type=\"module\" crossorigin src=\"/assets/index-58b24b54.js\"></script>\n  <link rel=\"stylesheet\" href=\"/assets/index-a4f6c957.css\">\n</head>\n\n<body>\n  <noscript>Wanna write ur own UI without js?! Go ahead, don't disturb others</noscript>\n  <div id=\"root\"></div>\n\n  \n</body>\n\n</html>\n" loading=false stripedRows=""  ... > 
  at <OrdersView onVnodeUnmounted=fn<onVnodeUnmounted> ref=Ref< Proxy(Object) > > 
  at <RouterView> 
  at <AppLayout onVnodeUnmounted=fn<onVnodeUnmounted> ref=Ref< Proxy(Object) > > 
  at <RouterView> 
  at <App> @ http://localhost:5277/node_modules/@vue/runtime-core/dist/runtime-core.esm-bundler.js:49
[    2088ms] [WARNING] [Vue warn]: Invalid prop: type check failed for prop "value". Expected Array, got String with value "<!DOCTYPE html>
<htm". 
  at <BodyRow key=undefined rowData="O" index=3  ... > 
  at <TableBody ref="bodyRef" value="<!DOCTYPE html>\n<htm" class=""  ... > 
  at <VirtualScroller ref="virtualScroller" items="<!DOCTYPE html>\n<html lang=\"en\">\n\n<head>\n  <meta charset=\"utf-8\" />\n  <meta name=\"viewport\" content=\"width=device-width, initial-scale=1\" />\n  <meta name=\"theme-color\" content=\"#000000\" />\n  <link rel=\"shortcut icon\" type=\"image/ico\" href=\"/assets/favicon-bc234827.ico\" />\n  <link href=\"https://fonts.googleapis.com/css?family=Roboto:300,400,500\" rel=\"stylesheet\" />\n  <title>Pentaract UI</title>\n\n  <style>\n    *,\n    html {\n      margin: 0;\n      padding: 0;\n    }\n  </style>\n  <script type=\"module\" crossorigin src=\"/assets/index-58b24b54.js\"></script>\n  <link rel=\"stylesheet\" href=\"/assets/index-a4f6c957.css\">\n</head>\n\n<body>\n  <noscript>Wanna write ur own UI without js?! Go ahead, don't disturb others</noscript>\n  <div id=\"root\"></div>\n\n  \n</body>\n\n</html>\n" columns= [Object, Object, Object, Object, Object, Object]  ... > 
  at <DataTable value="<!DOCTYPE html>\n<html lang=\"en\">\n\n<head>\n  <meta charset=\"utf-8\" />\n  <meta name=\"viewport\" content=\"width=device-width, initial-scale=1\" />\n  <meta name=\"theme-color\" content=\"#000000\" />\n  <link rel=\"shortcut icon\" type=\"image/ico\" href=\"/assets/favicon-bc234827.ico\" />\n  <link href=\"https://fonts.googleapis.com/css?family=Roboto:300,400,500\" rel=\"stylesheet\" />\n  <title>Pentaract UI</title>\n\n  <style>\n    *,\n    html {\n      margin: 0;\n      padding: 0;\n    }\n  </style>\n  <script type=\"module\" crossorigin src=\"/assets/index-58b24b54.js\"></script>\n  <link rel=\"stylesheet\" href=\"/assets/index-a4f6c957.css\">\n</head>\n\n<body>\n  <noscript>Wanna write ur own UI without js?! Go ahead, don't disturb others</noscript>\n  <div id=\"root\"></div>\n\n  \n</body>\n\n</html>\n" loading=false stripedRows=""  ... > 
  at <OrdersView onVnodeUnmounted=fn<onVnodeUnmounted> ref=Ref< Proxy(Object) > > 
  at <RouterView> 
  at <AppLayout onVnodeUnmounted=fn<onVnodeUnmounted> ref=Ref< Proxy(Object) > > 
  at <RouterView> 
  at <App> @ http://localhost:5277/node_modules/@vue/runtime-core/dist/runtime-core.esm-bundler.js:49
[    2090ms] [WARNING] [Vue warn]: Invalid prop: type check failed for prop "rowData". Expected Object, got String with value "O". 
  at <BodyCell key="id" rowData="O" column= {__v_isVNode: true, __v_skip: true, type: Object, props: Object, key: null}  ... > 
  at <BodyRow key=undefined rowData="O" index=3  ... > 
  at <TableBody ref="bodyRef" value="<!DOCTYPE html>\n<htm" class=""  ... > 
  at <VirtualScroller ref="virtualScroller" items="<!DOCTYPE html>\n<html lang=\"en\">\n\n<head>\n  <meta charset=\"utf-8\" />\n  <meta name=\"viewport\" content=\"width=device-width, initial-scale=1\" />\n  <meta name=\"theme-color\" content=\"#000000\" />\n  <link rel=\"shortcut icon\" type=\"image/ico\" href=\"/assets/favicon-bc234827.ico\" />\n  <link href=\"https://fonts.googleapis.com/css?family=Roboto:300,400,500\" rel=\"stylesheet\" />\n  <title>Pentaract UI</title>\n\n  <style>\n    *,\n    html {\n      margin: 0;\n      padding: 0;\n    }\n  </style>\n  <script type=\"module\" crossorigin src=\"/assets/index-58b24b54.js\"></script>\n  <link rel=\"stylesheet\" href=\"/assets/index-a4f6c957.css\">\n</head>\n\n<body>\n  <noscript>Wanna write ur own UI without js?! Go ahead, don't disturb others</noscript>\n  <div id=\"root\"></div>\n\n  \n</body>\n\n</html>\n" columns= [Object, Object, Object, Object, Object, Object]  ... > 
  at <DataTable value="<!DOCTYPE html>\n<html lang=\"en\">\n\n<head>\n  <meta charset=\"utf-8\" />\n  <meta name=\"viewport\" content=\"width=device-width, initial-scale=1\" />\n  <meta name=\"theme-color\" content=\"#000000\" />\n  <link rel=\"shortcut icon\" type=\"image/ico\" href=\"/assets/favicon-bc234827.ico\" />\n  <link href=\"https://fonts.googleapis.com/css?family=Roboto:300,400,500\" rel=\"stylesheet\" />\n  <title>Pentaract UI</title>\n\n  <style>\n    *,\n    html {\n      margin: 0;\n      padding: 0;\n    }\n  </style>\n  <script type=\"module\" crossorigin src=\"/assets/index-58b24b54.js\"></script>\n  <link rel=\"stylesheet\" href=\"/assets/index-a4f6c957.css\">\n</head>\n\n<body>\n  <noscript>Wanna write ur own UI without js?! Go ahead, don't disturb others</noscript>\n  <div id=\"root\"></div>\n\n  \n</body>\n\n</html>\n" loading=false stripedRows=""  ... > 
  at <OrdersView onVnodeUnmounted=fn<onVnodeUnmounted> ref=Ref< Proxy(Object) > > 
  at <RouterView> 
  at <AppLayout onVnodeUnmounted=fn<onVnodeUnmounted> ref=Ref< Proxy(Object) > > 
  at <RouterView> 
  at <App> @ http://localhost:5277/node_modules/@vue/runtime-core/dist/runtime-core.esm-bundler.js:49
[    2094ms] [WARNING] [Vue warn]: Invalid prop: type check failed for prop "rowData". Expected Object, got String with value "O". 
  at <BodyCell key="client_id" rowData="O" column= {__v_isVNode: true, __v_skip: true, type: Object, props: Object, key: null}  ... > 
  at <BodyRow key=undefined rowData="O" index=3  ... > 
  at <TableBody ref="bodyRef" value="<!DOCTYPE html>\n<htm" class=""  ... > 
  at <VirtualScroller ref="virtualScroller" items="<!DOCTYPE html>\n<html lang=\"en\">\n\n<head>\n  <meta charset=\"utf-8\" />\n  <meta name=\"viewport\" content=\"width=device-width, initial-scale=1\" />\n  <meta name=\"theme-color\" content=\"#000000\" />\n  <link rel=\"shortcut icon\" type=\"image/ico\" href=\"/assets/favicon-bc234827.ico\" />\n  <link href=\"https://fonts.googleapis.com/css?family=Roboto:300,400,500\" rel=\"stylesheet\" />\n  <title>Pentaract UI</title>\n\n  <style>\n    *,\n    html {\n      margin: 0;\n      padding: 0;\n    }\n  </style>\n  <script type=\"module\" crossorigin src=\"/assets/index-58b24b54.js\"></script>\n  <link rel=\"stylesheet\" href=\"/assets/index-a4f6c957.css\">\n</head>\n\n<body>\n  <noscript>Wanna write ur own UI without js?! Go ahead, don't disturb others</noscript>\n  <div id=\"root\"></div>\n\n  \n</body>\n\n</html>\n" columns= [Object, Object, Object, Object, Object, Object]  ... > 
  at <DataTable value="<!DOCTYPE html>\n<html lang=\"en\">\n\n<head>\n  <meta charset=\"utf-8\" />\n  <meta name=\"viewport\" content=\"width=device-width, initial-scale=1\" />\n  <meta name=\"theme-color\" content=\"#000000\" />\n  <link rel=\"shortcut icon\" type=\"image/ico\" href=\"/assets/favicon-bc234827.ico\" />\n  <link href=\"https://fonts.googleapis.com/css?family=Roboto:300,400,500\" rel=\"stylesheet\" />\n  <title>Pentaract UI</title>\n\n  <style>\n    *,\n    html {\n      margin: 0;\n      padding: 0;\n    }\n  </style>\n  <script type=\"module\" crossorigin src=\"/assets/index-58b24b54.js\"></script>\n  <link rel=\"stylesheet\" href=\"/assets/index-a4f6c957.css\">\n</head>\n\n<body>\n  <noscript>Wanna write ur own UI without js?! Go ahead, don't disturb others</noscript>\n  <div id=\"root\"></div>\n\n  \n</body>\n\n</html>\n" loading=false stripedRows=""  ... > 
  at <OrdersView onVnodeUnmounted=fn<onVnodeUnmounted> ref=Ref< Proxy(Object) > > 
  at <RouterView> 
  at <AppLayout onVnodeUnmounted=fn<onVnodeUnmounted> ref=Ref< Proxy(Object) > > 
  at <RouterView> 
  at <App> @ http://localhost:5277/node_modules/@vue/runtime-core/dist/runtime-core.esm-bundler.js:49
[    2096ms] [WARNING] [Vue warn]: Invalid prop: type check failed for prop "rowData". Expected Object, got String with value "O". 
  at <BodyCell key="source" rowData="O" column= {__v_isVNode: true, __v_skip: true, type: Object, props: Object, key: null}  ... > 
  at <BodyRow key=undefined rowData="O" index=3  ... > 
  at <TableBody ref="bodyRef" value="<!DOCTYPE html>\n<htm" class=""  ... > 
  at <VirtualScroller ref="virtualScroller" items="<!DOCTYPE html>\n<html lang=\"en\">\n\n<head>\n  <meta charset=\"utf-8\" />\n  <meta name=\"viewport\" content=\"width=device-width, initial-scale=1\" />\n  <meta name=\"theme-color\" content=\"#000000\" />\n  <link rel=\"shortcut icon\" type=\"image/ico\" href=\"/assets/favicon-bc234827.ico\" />\n  <link href=\"https://fonts.googleapis.com/css?family=Roboto:300,400,500\" rel=\"stylesheet\" />\n  <title>Pentaract UI</title>\n\n  <style>\n    *,\n    html {\n      margin: 0;\n      padding: 0;\n    }\n  </style>\n  <script type=\"module\" crossorigin src=\"/assets/index-58b24b54.js\"></script>\n  <link rel=\"stylesheet\" href=\"/assets/index-a4f6c957.css\">\n</head>\n\n<body>\n  <noscript>Wanna write ur own UI without js?! Go ahead, don't disturb others</noscript>\n  <div id=\"root\"></div>\n\n  \n</body>\n\n</html>\n" columns= [Object, Object, Object, Object, Object, Object]  ... > 
  at <DataTable value="<!DOCTYPE html>\n<html lang=\"en\">\n\n<head>\n  <meta charset=\"utf-8\" />\n  <meta name=\"viewport\" content=\"width=device-width, initial-scale=1\" />\n  <meta name=\"theme-color\" content=\"#000000\" />\n  <link rel=\"shortcut icon\" type=\"image/ico\" href=\"/assets/favicon-bc234827.ico\" />\n  <link href=\"https://fonts.googleapis.com/css?family=Roboto:300,400,500\" rel=\"stylesheet\" />\n  <title>Pentaract UI</title>\n\n  <style>\n    *,\n    html {\n      margin: 0;\n      padding: 0;\n    }\n  </style>\n  <script type=\"module\" crossorigin src=\"/assets/index-58b24b54.js\"></script>\n  <link rel=\"stylesheet\" href=\"/assets/index-a4f6c957.css\">\n</head>\n\n<body>\n  <noscript>Wanna write ur own UI without js?! Go ahead, don't disturb others</noscript>\n  <div id=\"root\"></div>\n\n  \n</body>\n\n</html>\n" loading=false stripedRows=""  ... > 
  at <OrdersView onVnodeUnmounted=fn<onVnodeUnmounted> ref=Ref< Proxy(Object) > > 
  at <RouterView> 
  at <AppLayout onVnodeUnmounted=fn<onVnodeUnmounted> ref=Ref< Proxy(Object) > > 
  at <RouterView> 
  at <App> @ http://localhost:5277/node_modules/@vue/runtime-core/dist/runtime-core.esm-bundler.js:49
[    2099ms] [WARNING] [Vue warn]: Invalid prop: type check failed for prop "rowData". Expected Object, got String with value "O". 
  at <BodyCell key="status" rowData="O" column= {__v_isVNode: true, __v_skip: true, type: Object, props: Object, key: null}  ... > 
  at <BodyRow key=undefined rowData="O" index=3  ... > 
  at <TableBody ref="bodyRef" value="<!DOCTYPE html>\n<htm" class=""  ... > 
  at <VirtualScroller ref="virtualScroller" items="<!DOCTYPE html>\n<html lang=\"en\">\n\n<head>\n  <meta charset=\"utf-8\" />\n  <meta name=\"viewport\" content=\"width=device-width, initial-scale=1\" />\n  <meta name=\"theme-color\" content=\"#000000\" />\n  <link rel=\"shortcut icon\" type=\"image/ico\" href=\"/assets/favicon-bc234827.ico\" />\n  <link href=\"https://fonts.googleapis.com/css?family=Roboto:300,400,500\" rel=\"stylesheet\" />\n  <title>Pentaract UI</title>\n\n  <style>\n    *,\n    html {\n      margin: 0;\n      padding: 0;\n    }\n  </style>\n  <script type=\"module\" crossorigin src=\"/assets/index-58b24b54.js\"></script>\n  <link rel=\"stylesheet\" href=\"/assets/index-a4f6c957.css\">\n</head>\n\n<body>\n  <noscript>Wanna write ur own UI without js?! Go ahead, don't disturb others</noscript>\n  <div id=\"root\"></div>\n\n  \n</body>\n\n</html>\n" columns= [Object, Object, Object, Object, Object, Object]  ... > 
  at <DataTable value="<!DOCTYPE html>\n<html lang=\"en\">\n\n<head>\n  <meta charset=\"utf-8\" />\n  <meta name=\"viewport\" content=\"width=device-width, initial-scale=1\" />\n  <meta name=\"theme-color\" content=\"#000000\" />\n  <link rel=\"shortcut icon\" type=\"image/ico\" href=\"/assets/favicon-bc234827.ico\" />\n  <link href=\"https://fonts.googleapis.com/css?family=Roboto:300,400,500\" rel=\"stylesheet\" />\n  <title>Pentaract UI</title>\n\n  <style>\n    *,\n    html {\n      margin: 0;\n      padding: 0;\n    }\n  </style>\n  <script type=\"module\" crossorigin src=\"/assets/index-58b24b54.js\"></script>\n  <link rel=\"stylesheet\" href=\"/assets/index-a4f6c957.css\">\n</head>\n\n<body>\n  <noscript>Wanna write ur own UI without js?! Go ahead, don't disturb others</noscript>\n  <div id=\"root\"></div>\n\n  \n</body>\n\n</html>\n" loading=false stripedRows=""  ... > 
  at <OrdersView onVnodeUnmounted=fn<onVnodeUnmounted> ref=Ref< Proxy(Object) > > 
  at <RouterView> 
  at <AppLayout onVnodeUnmounted=fn<onVnodeUnmounted> ref=Ref< Proxy(Object) > > 
  at <RouterView> 
  at <App> @ http://localhost:5277/node_modules/@vue/runtime-core/dist/runtime-core.esm-bundler.js:49
[    2103ms] [WARNING] [Vue warn]: Invalid prop: type check failed for prop "rowData". Expected Object, got String with value "O". 
  at <BodyCell key="created_at" rowData="O" column= {__v_isVNode: true, __v_skip: true, type: Object, props: Object, key: null}  ... > 
  at <BodyRow key=undefined rowData="O" index=3  ... > 
  at <TableBody ref="bodyRef" value="<!DOCTYPE html>\n<htm" class=""  ... > 
  at <VirtualScroller ref="virtualScroller" items="<!DOCTYPE html>\n<html lang=\"en\">\n\n<head>\n  <meta charset=\"utf-8\" />\n  <meta name=\"viewport\" content=\"width=device-width, initial-scale=1\" />\n  <meta name=\"theme-color\" content=\"#000000\" />\n  <link rel=\"shortcut icon\" type=\"image/ico\" href=\"/assets/favicon-bc234827.ico\" />\n  <link href=\"https://fonts.googleapis.com/css?family=Roboto:300,400,500\" rel=\"stylesheet\" />\n  <title>Pentaract UI</title>\n\n  <style>\n    *,\n    html {\n      margin: 0;\n      padding: 0;\n    }\n  </style>\n  <script type=\"module\" crossorigin src=\"/assets/index-58b24b54.js\"></script>\n  <link rel=\"stylesheet\" href=\"/assets/index-a4f6c957.css\">\n</head>\n\n<body>\n  <noscript>Wanna write ur own UI without js?! Go ahead, don't disturb others</noscript>\n  <div id=\"root\"></div>\n\n  \n</body>\n\n</html>\n" columns= [Object, Object, Object, Object, Object, Object]  ... > 
  at <DataTable value="<!DOCTYPE html>\n<html lang=\"en\">\n\n<head>\n  <meta charset=\"utf-8\" />\n  <meta name=\"viewport\" content=\"width=device-width, initial-scale=1\" />\n  <meta name=\"theme-color\" content=\"#000000\" />\n  <link rel=\"shortcut icon\" type=\"image/ico\" href=\"/assets/favicon-bc234827.ico\" />\n  <link href=\"https://fonts.googleapis.com/css?family=Roboto:300,400,500\" rel=\"stylesheet\" />\n  <title>Pentaract UI</title>\n\n  <style>\n    *,\n    html {\n      margin: 0;\n      padding: 0;\n    }\n  </style>\n  <script type=\"module\" crossorigin src=\"/assets/index-58b24b54.js\"></script>\n  <link rel=\"stylesheet\" href=\"/assets/index-a4f6c957.css\">\n</head>\n\n<body>\n  <noscript>Wanna write ur own UI without js?! Go ahead, don't disturb others</noscript>\n  <div id=\"root\"></div>\n\n  \n</body>\n\n</html>\n" loading=false stripedRows=""  ... > 
  at <OrdersView onVnodeUnmounted=fn<onVnodeUnmounted> ref=Ref< Proxy(Object) > > 
  at <RouterView> 
  at <AppLayout onVnodeUnmounted=fn<onVnodeUnmounted> ref=Ref< Proxy(Object) > > 
  at <RouterView> 
  at <App> @ http://localhost:5277/node_modules/@vue/runtime-core/dist/runtime-core.esm-bundler.js:49
[    2107ms] [WARNING] [Vue warn]: Invalid prop: type check failed for prop "rowData". Expected Object, got String with value "O". 
  at <BodyCell key=5 rowData="O" column= {__v_isVNode: true, __v_skip: true, type: Object, props: Object, key: null}  ... > 
  at <BodyRow key=undefined rowData="O" index=3  ... > 
  at <TableBody ref="bodyRef" value="<!DOCTYPE html>\n<htm" class=""  ... > 
  at <VirtualScroller ref="virtualScroller" items="<!DOCTYPE html>\n<html lang=\"en\">\n\n<head>\n  <meta charset=\"utf-8\" />\n  <meta name=\"viewport\" content=\"width=device-width, initial-scale=1\" />\n  <meta name=\"theme-color\" content=\"#000000\" />\n  <link rel=\"shortcut icon\" type=\"image/ico\" href=\"/assets/favicon-bc234827.ico\" />\n  <link href=\"https://fonts.googleapis.com/css?family=Roboto:300,400,500\" rel=\"stylesheet\" />\n  <title>Pentaract UI</title>\n\n  <style>\n    *,\n    html {\n      margin: 0;\n      padding: 0;\n    }\n  </style>\n  <script type=\"module\" crossorigin src=\"/assets/index-58b24b54.js\"></script>\n  <link rel=\"stylesheet\" href=\"/assets/index-a4f6c957.css\">\n</head>\n\n<body>\n  <noscript>Wanna write ur own UI without js?! Go ahead, don't disturb others</noscript>\n  <div id=\"root\"></div>\n\n  \n</body>\n\n</html>\n" columns= [Object, Object, Object, Object, Object, Object]  ... > 
  at <DataTable value="<!DOCTYPE html>\n<html lang=\"en\">\n\n<head>\n  <meta charset=\"utf-8\" />\n  <meta name=\"viewport\" content=\"width=device-width, initial-scale=1\" />\n  <meta name=\"theme-color\" content=\"#000000\" />\n  <link rel=\"shortcut icon\" type=\"image/ico\" href=\"/assets/favicon-bc234827.ico\" />\n  <link href=\"https://fonts.googleapis.com/css?family=Roboto:300,400,500\" rel=\"stylesheet\" />\n  <title>Pentaract UI</title>\n\n  <style>\n    *,\n    html {\n      margin: 0;\n      padding: 0;\n    }\n  </style>\n  <script type=\"module\" crossorigin src=\"/assets/index-58b24b54.js\"></script>\n  <link rel=\"stylesheet\" href=\"/assets/index-a4f6c957.css\">\n</head>\n\n<body>\n  <noscript>Wanna write ur own UI without js?! Go ahead, don't disturb others</noscript>\n  <div id=\"root\"></div>\n\n  \n</body>\n\n</html>\n" loading=false stripedRows=""  ... > 
  at <OrdersView onVnodeUnmounted=fn<onVnodeUnmounted> ref=Ref< Proxy(Object) > > 
  at <RouterView> 
  at <AppLayout onVnodeUnmounted=fn<onVnodeUnmounted> ref=Ref< Proxy(Object) > > 
  at <RouterView> 
  at <App> @ http://localhost:5277/node_modules/@vue/runtime-core/dist/runtime-core.esm-bundler.js:49
[    2114ms] [WARNING] [Vue warn]: Invalid prop: type check failed for prop "rowData". Expected Object, got String with value "C". 
  at <BodyRow key=undefined rowData="C" index=4  ... > 
  at <TableBody ref="bodyRef" value="<!DOCTYPE html>\n<htm" class=""  ... > 
  at <VirtualScroller ref="virtualScroller" items="<!DOCTYPE html>\n<html lang=\"en\">\n\n<head>\n  <meta charset=\"utf-8\" />\n  <meta name=\"viewport\" content=\"width=device-width, initial-scale=1\" />\n  <meta name=\"theme-color\" content=\"#000000\" />\n  <link rel=\"shortcut icon\" type=\"image/ico\" href=\"/assets/favicon-bc234827.ico\" />\n  <link href=\"https://fonts.googleapis.com/css?family=Roboto:300,400,500\" rel=\"stylesheet\" />\n  <title>Pentaract UI</title>\n\n  <style>\n    *,\n    html {\n      margin: 0;\n      padding: 0;\n    }\n  </style>\n  <script type=\"module\" crossorigin src=\"/assets/index-58b24b54.js\"></script>\n  <link rel=\"stylesheet\" href=\"/assets/index-a4f6c957.css\">\n</head>\n\n<body>\n  <noscript>Wanna write ur own UI without js?! Go ahead, don't disturb others</noscript>\n  <div id=\"root\"></div>\n\n  \n</body>\n\n</html>\n" columns= [Object, Object, Object, Object, Object, Object]  ... > 
  at <DataTable value="<!DOCTYPE html>\n<html lang=\"en\">\n\n<head>\n  <meta charset=\"utf-8\" />\n  <meta name=\"viewport\" content=\"width=device-width, initial-scale=1\" />\n  <meta name=\"theme-color\" content=\"#000000\" />\n  <link rel=\"shortcut icon\" type=\"image/ico\" href=\"/assets/favicon-bc234827.ico\" />\n  <link href=\"https://fonts.googleapis.com/css?family=Roboto:300,400,500\" rel=\"stylesheet\" />\n  <title>Pentaract UI</title>\n\n  <style>\n    *,\n    html {\n      margin: 0;\n      padding: 0;\n    }\n  </style>\n  <script type=\"module\" crossorigin src=\"/assets/index-58b24b54.js\"></script>\n  <link rel=\"stylesheet\" href=\"/assets/index-a4f6c957.css\">\n</head>\n\n<body>\n  <noscript>Wanna write ur own UI without js?! Go ahead, don't disturb others</noscript>\n  <div id=\"root\"></div>\n\n  \n</body>\n\n</html>\n" loading=false stripedRows=""  ... > 
  at <OrdersView onVnodeUnmounted=fn<onVnodeUnmounted> ref=Ref< Proxy(Object) > > 
  at <RouterView> 
  at <AppLayout onVnodeUnmounted=fn<onVnodeUnmounted> ref=Ref< Proxy(Object) > > 
  at <RouterView> 
  at <App> @ http://localhost:5277/node_modules/@vue/runtime-core/dist/runtime-core.esm-bundler.js:49
[    2115ms] [WARNING] [Vue warn]: Invalid prop: type check failed for prop "value". Expected Array, got String with value "<!DOCTYPE html>
<htm". 
  at <BodyRow key=undefined rowData="C" index=4  ... > 
  at <TableBody ref="bodyRef" value="<!DOCTYPE html>\n<htm" class=""  ... > 
  at <VirtualScroller ref="virtualScroller" items="<!DOCTYPE html>\n<html lang=\"en\">\n\n<head>\n  <meta charset=\"utf-8\" />\n  <meta name=\"viewport\" content=\"width=device-width, initial-scale=1\" />\n  <meta name=\"theme-color\" content=\"#000000\" />\n  <link rel=\"shortcut icon\" type=\"image/ico\" href=\"/assets/favicon-bc234827.ico\" />\n  <link href=\"https://fonts.googleapis.com/css?family=Roboto:300,400,500\" rel=\"stylesheet\" />\n  <title>Pentaract UI</title>\n\n  <style>\n    *,\n    html {\n      margin: 0;\n      padding: 0;\n    }\n  </style>\n  <script type=\"module\" crossorigin src=\"/assets/index-58b24b54.js\"></script>\n  <link rel=\"stylesheet\" href=\"/assets/index-a4f6c957.css\">\n</head>\n\n<body>\n  <noscript>Wanna write ur own UI without js?! Go ahead, don't disturb others</noscript>\n  <div id=\"root\"></div>\n\n  \n</body>\n\n</html>\n" columns= [Object, Object, Object, Object, Object, Object]  ... > 
  at <DataTable value="<!DOCTYPE html>\n<html lang=\"en\">\n\n<head>\n  <meta charset=\"utf-8\" />\n  <meta name=\"viewport\" content=\"width=device-width, initial-scale=1\" />\n  <meta name=\"theme-color\" content=\"#000000\" />\n  <link rel=\"shortcut icon\" type=\"image/ico\" href=\"/assets/favicon-bc234827.ico\" />\n  <link href=\"https://fonts.googleapis.com/css?family=Roboto:300,400,500\" rel=\"stylesheet\" />\n  <title>Pentaract UI</title>\n\n  <style>\n    *,\n    html {\n      margin: 0;\n      padding: 0;\n    }\n  </style>\n  <script type=\"module\" crossorigin src=\"/assets/index-58b24b54.js\"></script>\n  <link rel=\"stylesheet\" href=\"/assets/index-a4f6c957.css\">\n</head>\n\n<body>\n  <noscript>Wanna write ur own UI without js?! Go ahead, don't disturb others</noscript>\n  <div id=\"root\"></div>\n\n  \n</body>\n\n</html>\n" loading=false stripedRows=""  ... > 
  at <OrdersView onVnodeUnmounted=fn<onVnodeUnmounted> ref=Ref< Proxy(Object) > > 
  at <RouterView> 
  at <AppLayout onVnodeUnmounted=fn<onVnodeUnmounted> ref=Ref< Proxy(Object) > > 
  at <RouterView> 
  at <App> @ http://localhost:5277/node_modules/@vue/runtime-core/dist/runtime-core.esm-bundler.js:49
[    2118ms] [WARNING] [Vue warn]: Invalid prop: type check failed for prop "rowData". Expected Object, got String with value "C". 
  at <BodyCell key="id" rowData="C" column= {__v_isVNode: true, __v_skip: true, type: Object, props: Object, key: null}  ... > 
  at <BodyRow key=undefined rowData="C" index=4  ... > 
  at <TableBody ref="bodyRef" value="<!DOCTYPE html>\n<htm" class=""  ... > 
  at <VirtualScroller ref="virtualScroller" items="<!DOCTYPE html>\n<html lang=\"en\">\n\n<head>\n  <meta charset=\"utf-8\" />\n  <meta name=\"viewport\" content=\"width=device-width, initial-scale=1\" />\n  <meta name=\"theme-color\" content=\"#000000\" />\n  <link rel=\"shortcut icon\" type=\"image/ico\" href=\"/assets/favicon-bc234827.ico\" />\n  <link href=\"https://fonts.googleapis.com/css?family=Roboto:300,400,500\" rel=\"stylesheet\" />\n  <title>Pentaract UI</title>\n\n  <style>\n    *,\n    html {\n      margin: 0;\n      padding: 0;\n    }\n  </style>\n  <script type=\"module\" crossorigin src=\"/assets/index-58b24b54.js\"></script>\n  <link rel=\"stylesheet\" href=\"/assets/index-a4f6c957.css\">\n</head>\n\n<body>\n  <noscript>Wanna write ur own UI without js?! Go ahead, don't disturb others</noscript>\n  <div id=\"root\"></div>\n\n  \n</body>\n\n</html>\n" columns= [Object, Object, Object, Object, Object, Object]  ... > 
  at <DataTable value="<!DOCTYPE html>\n<html lang=\"en\">\n\n<head>\n  <meta charset=\"utf-8\" />\n  <meta name=\"viewport\" content=\"width=device-width, initial-scale=1\" />\n  <meta name=\"theme-color\" content=\"#000000\" />\n  <link rel=\"shortcut icon\" type=\"image/ico\" href=\"/assets/favicon-bc234827.ico\" />\n  <link href=\"https://fonts.googleapis.com/css?family=Roboto:300,400,500\" rel=\"stylesheet\" />\n  <title>Pentaract UI</title>\n\n  <style>\n    *,\n    html {\n      margin: 0;\n      padding: 0;\n    }\n  </style>\n  <script type=\"module\" crossorigin src=\"/assets/index-58b24b54.js\"></script>\n  <link rel=\"stylesheet\" href=\"/assets/index-a4f6c957.css\">\n</head>\n\n<body>\n  <noscript>Wanna write ur own UI without js?! Go ahead, don't disturb others</noscript>\n  <div id=\"root\"></div>\n\n  \n</body>\n\n</html>\n" loading=false stripedRows=""  ... > 
  at <OrdersView onVnodeUnmounted=fn<onVnodeUnmounted> ref=Ref< Proxy(Object) > > 
  at <RouterView> 
  at <AppLayout onVnodeUnmounted=fn<onVnodeUnmounted> ref=Ref< Proxy(Object) > > 
  at <RouterView> 
  at <App> @ http://localhost:5277/node_modules/@vue/runtime-core/dist/runtime-core.esm-bundler.js:49
[    2121ms] [WARNING] [Vue warn]: Invalid prop: type check failed for prop "rowData". Expected Object, got String with value "C". 
  at <BodyCell key="client_id" rowData="C" column= {__v_isVNode: true, __v_skip: true, type: Object, props: Object, key: null}  ... > 
  at <BodyRow key=undefined rowData="C" index=4  ... > 
  at <TableBody ref="bodyRef" value="<!DOCTYPE html>\n<htm" class=""  ... > 
  at <VirtualScroller ref="virtualScroller" items="<!DOCTYPE html>\n<html lang=\"en\">\n\n<head>\n  <meta charset=\"utf-8\" />\n  <meta name=\"viewport\" content=\"width=device-width, initial-scale=1\" />\n  <meta name=\"theme-color\" content=\"#000000\" />\n  <link rel=\"shortcut icon\" type=\"image/ico\" href=\"/assets/favicon-bc234827.ico\" />\n  <link href=\"https://fonts.googleapis.com/css?family=Roboto:300,400,500\" rel=\"stylesheet\" />\n  <title>Pentaract UI</title>\n\n  <style>\n    *,\n    html {\n      margin: 0;\n      padding: 0;\n    }\n  </style>\n  <script type=\"module\" crossorigin src=\"/assets/index-58b24b54.js\"></script>\n  <link rel=\"stylesheet\" href=\"/assets/index-a4f6c957.css\">\n</head>\n\n<body>\n  <noscript>Wanna write ur own UI without js?! Go ahead, don't disturb others</noscript>\n  <div id=\"root\"></div>\n\n  \n</body>\n\n</html>\n" columns= [Object, Object, Object, Object, Object, Object]  ... > 
  at <DataTable value="<!DOCTYPE html>\n<html lang=\"en\">\n\n<head>\n  <meta charset=\"utf-8\" />\n  <meta name=\"viewport\" content=\"width=device-width, initial-scale=1\" />\n  <meta name=\"theme-color\" content=\"#000000\" />\n  <link rel=\"shortcut icon\" type=\"image/ico\" href=\"/assets/favicon-bc234827.ico\" />\n  <link href=\"https://fonts.googleapis.com/css?family=Roboto:300,400,500\" rel=\"stylesheet\" />\n  <title>Pentaract UI</title>\n\n  <style>\n    *,\n    html {\n      margin: 0;\n      padding: 0;\n    }\n  </style>\n  <script type=\"module\" crossorigin src=\"/assets/index-58b24b54.js\"></script>\n  <link rel=\"stylesheet\" href=\"/assets/index-a4f6c957.css\">\n</head>\n\n<body>\n  <noscript>Wanna write ur own UI without js?! Go ahead, don't disturb others</noscript>\n  <div id=\"root\"></div>\n\n  \n</body>\n\n</html>\n" loading=false stripedRows=""  ... > 
  at <OrdersView onVnodeUnmounted=fn<onVnodeUnmounted> ref=Ref< Proxy(Object) > > 
  at <RouterView> 
  at <AppLayout onVnodeUnmounted=fn<onVnodeUnmounted> ref=Ref< Proxy(Object) > > 
  at <RouterView> 
  at <App> @ http://localhost:5277/node_modules/@vue/runtime-core/dist/runtime-core.esm-bundler.js:49
[    2124ms] [WARNING] [Vue warn]: Invalid prop: type check failed for prop "rowData". Expected Object, got String with value "C". 
  at <BodyCell key="source" rowData="C" column= {__v_isVNode: true, __v_skip: true, type: Object, props: Object, key: null}  ... > 
  at <BodyRow key=undefined rowData="C" index=4  ... > 
  at <TableBody ref="bodyRef" value="<!DOCTYPE html>\n<htm" class=""  ... > 
  at <VirtualScroller ref="virtualScroller" items="<!DOCTYPE html>\n<html lang=\"en\">\n\n<head>\n  <meta charset=\"utf-8\" />\n  <meta name=\"viewport\" content=\"width=device-width, initial-scale=1\" />\n  <meta name=\"theme-color\" content=\"#000000\" />\n  <link rel=\"shortcut icon\" type=\"image/ico\" href=\"/assets/favicon-bc234827.ico\" />\n  <link href=\"https://fonts.googleapis.com/css?family=Roboto:300,400,500\" rel=\"stylesheet\" />\n  <title>Pentaract UI</title>\n\n  <style>\n    *,\n    html {\n      margin: 0;\n      padding: 0;\n    }\n  </style>\n  <script type=\"module\" crossorigin src=\"/assets/index-58b24b54.js\"></script>\n  <link rel=\"stylesheet\" href=\"/assets/index-a4f6c957.css\">\n</head>\n\n<body>\n  <noscript>Wanna write ur own UI without js?! Go ahead, don't disturb others</noscript>\n  <div id=\"root\"></div>\n\n  \n</body>\n\n</html>\n" columns= [Object, Object, Object, Object, Object, Object]  ... > 
  at <DataTable value="<!DOCTYPE html>\n<html lang=\"en\">\n\n<head>\n  <meta charset=\"utf-8\" />\n  <meta name=\"viewport\" content=\"width=device-width, initial-scale=1\" />\n  <meta name=\"theme-color\" content=\"#000000\" />\n  <link rel=\"shortcut icon\" type=\"image/ico\" href=\"/assets/favicon-bc234827.ico\" />\n  <link href=\"https://fonts.googleapis.com/css?family=Roboto:300,400,500\" rel=\"stylesheet\" />\n  <title>Pentaract UI</title>\n\n  <style>\n    *,\n    html {\n      margin: 0;\n      padding: 0;\n    }\n  </style>\n  <script type=\"module\" crossorigin src=\"/assets/index-58b24b54.js\"></script>\n  <link rel=\"stylesheet\" href=\"/assets/index-a4f6c957.css\">\n</head>\n\n<body>\n  <noscript>Wanna write ur own UI without js?! Go ahead, don't disturb others</noscript>\n  <div id=\"root\"></div>\n\n  \n</body>\n\n</html>\n" loading=false stripedRows=""  ... > 
  at <OrdersView onVnodeUnmounted=fn<onVnodeUnmounted> ref=Ref< Proxy(Object) > > 
  at <RouterView> 
  at <AppLayout onVnodeUnmounted=fn<onVnodeUnmounted> ref=Ref< Proxy(Object) > > 
  at <RouterView> 
  at <App> @ http://localhost:5277/node_modules/@vue/runtime-core/dist/runtime-core.esm-bundler.js:49
[    2127ms] [WARNING] [Vue warn]: Invalid prop: type check failed for prop "rowData". Expected Object, got String with value "C". 
  at <BodyCell key="status" rowData="C" column= {__v_isVNode: true, __v_skip: true, type: Object, props: Object, key: null}  ... > 
  at <BodyRow key=undefined rowData="C" index=4  ... > 
  at <TableBody ref="bodyRef" value="<!DOCTYPE html>\n<htm" class=""  ... > 
  at <VirtualScroller ref="virtualScroller" items="<!DOCTYPE html>\n<html lang=\"en\">\n\n<head>\n  <meta charset=\"utf-8\" />\n  <meta name=\"viewport\" content=\"width=device-width, initial-scale=1\" />\n  <meta name=\"theme-color\" content=\"#000000\" />\n  <link rel=\"shortcut icon\" type=\"image/ico\" href=\"/assets/favicon-bc234827.ico\" />\n  <link href=\"https://fonts.googleapis.com/css?family=Roboto:300,400,500\" rel=\"stylesheet\" />\n  <title>Pentaract UI</title>\n\n  <style>\n    *,\n    html {\n      margin: 0;\n      padding: 0;\n    }\n  </style>\n  <script type=\"module\" crossorigin src=\"/assets/index-58b24b54.js\"></script>\n  <link rel=\"stylesheet\" href=\"/assets/index-a4f6c957.css\">\n</head>\n\n<body>\n  <noscript>Wanna write ur own UI without js?! Go ahead, don't disturb others</noscript>\n  <div id=\"root\"></div>\n\n  \n</body>\n\n</html>\n" columns= [Object, Object, Object, Object, Object, Object]  ... > 
  at <DataTable value="<!DOCTYPE html>\n<html lang=\"en\">\n\n<head>\n  <meta charset=\"utf-8\" />\n  <meta name=\"viewport\" content=\"width=device-width, initial-scale=1\" />\n  <meta name=\"theme-color\" content=\"#000000\" />\n  <link rel=\"shortcut icon\" type=\"image/ico\" href=\"/assets/favicon-bc234827.ico\" />\n  <link href=\"https://fonts.googleapis.com/css?family=Roboto:300,400,500\" rel=\"stylesheet\" />\n  <title>Pentaract UI</title>\n\n  <style>\n    *,\n    html {\n      margin: 0;\n      padding: 0;\n    }\n  </style>\n  <script type=\"module\" crossorigin src=\"/assets/index-58b24b54.js\"></script>\n  <link rel=\"stylesheet\" href=\"/assets/index-a4f6c957.css\">\n</head>\n\n<body>\n  <noscript>Wanna write ur own UI without js?! Go ahead, don't disturb others</noscript>\n  <div id=\"root\"></div>\n\n  \n</body>\n\n</html>\n" loading=false stripedRows=""  ... > 
  at <OrdersView onVnodeUnmounted=fn<onVnodeUnmounted> ref=Ref< Proxy(Object) > > 
  at <RouterView> 
  at <AppLayout onVnodeUnmounted=fn<onVnodeUnmounted> ref=Ref< Proxy(Object) > > 
  at <RouterView> 
  at <App> @ http://localhost:5277/node_modules/@vue/runtime-core/dist/runtime-core.esm-bundler.js:49
[    2136ms] [WARNING] [Vue warn]: Invalid prop: type check failed for prop "rowData". Expected Object, got String with value "C". 
  at <BodyCell key="created_at" rowData="C" column= {__v_isVNode: true, __v_skip: true, type: Object, props: Object, key: null}  ... > 
  at <BodyRow key=undefined rowData="C" index=4  ... > 
  at <TableBody ref="bodyRef" value="<!DOCTYPE html>\n<htm" class=""  ... > 
  at <VirtualScroller ref="virtualScroller" items="<!DOCTYPE html>\n<html lang=\"en\">\n\n<head>\n  <meta charset=\"utf-8\" />\n  <meta name=\"viewport\" content=\"width=device-width, initial-scale=1\" />\n  <meta name=\"theme-color\" content=\"#000000\" />\n  <link rel=\"shortcut icon\" type=\"image/ico\" href=\"/assets/favicon-bc234827.ico\" />\n  <link href=\"https://fonts.googleapis.com/css?family=Roboto:300,400,500\" rel=\"stylesheet\" />\n  <title>Pentaract UI</title>\n\n  <style>\n    *,\n    html {\n      margin: 0;\n      padding: 0;\n    }\n  </style>\n  <script type=\"module\" crossorigin src=\"/assets/index-58b24b54.js\"></script>\n  <link rel=\"stylesheet\" href=\"/assets/index-a4f6c957.css\">\n</head>\n\n<body>\n  <noscript>Wanna write ur own UI without js?! Go ahead, don't disturb others</noscript>\n  <div id=\"root\"></div>\n\n  \n</body>\n\n</html>\n" columns= [Object, Object, Object, Object, Object, Object]  ... > 
  at <DataTable value="<!DOCTYPE html>\n<html lang=\"en\">\n\n<head>\n  <meta charset=\"utf-8\" />\n  <meta name=\"viewport\" content=\"width=device-width, initial-scale=1\" />\n  <meta name=\"theme-color\" content=\"#000000\" />\n  <link rel=\"shortcut icon\" type=\"image/ico\" href=\"/assets/favicon-bc234827.ico\" />\n  <link href=\"https://fonts.googleapis.com/css?family=Roboto:300,400,500\" rel=\"stylesheet\" />\n  <title>Pentaract UI</title>\n\n  <style>\n    *,\n    html {\n      margin: 0;\n      padding: 0;\n    }\n  </style>\n  <script type=\"module\" crossorigin src=\"/assets/index-58b24b54.js\"></script>\n  <link rel=\"stylesheet\" href=\"/assets/index-a4f6c957.css\">\n</head>\n\n<body>\n  <noscript>Wanna write ur own UI without js?! Go ahead, don't disturb others</noscript>\n  <div id=\"root\"></div>\n\n  \n</body>\n\n</html>\n" loading=false stripedRows=""  ... > 
  at <OrdersView onVnodeUnmounted=fn<onVnodeUnmounted> ref=Ref< Proxy(Object) > > 
  at <RouterView> 
  at <AppLayout onVnodeUnmounted=fn<onVnodeUnmounted> ref=Ref< Proxy(Object) > > 
  at <RouterView> 
  at <App> @ http://localhost:5277/node_modules/@vue/runtime-core/dist/runtime-core.esm-bundler.js:49
[    2140ms] [WARNING] [Vue warn]: Invalid prop: type check failed for prop "rowData". Expected Object, got String with value "C". 
  at <BodyCell key=5 rowData="C" column= {__v_isVNode: true, __v_skip: true, type: Object, props: Object, key: null}  ... > 
  at <BodyRow key=undefined rowData="C" index=4  ... > 
  at <TableBody ref="bodyRef" value="<!DOCTYPE html>\n<htm" class=""  ... > 
  at <VirtualScroller ref="virtualScroller" items="<!DOCTYPE html>\n<html lang=\"en\">\n\n<head>\n  <meta charset=\"utf-8\" />\n  <meta name=\"viewport\" content=\"width=device-width, initial-scale=1\" />\n  <meta name=\"theme-color\" content=\"#000000\" />\n  <link rel=\"shortcut icon\" type=\"image/ico\" href=\"/assets/favicon-bc234827.ico\" />\n  <link href=\"https://fonts.googleapis.com/css?family=Roboto:300,400,500\" rel=\"stylesheet\" />\n  <title>Pentaract UI</title>\n\n  <style>\n    *,\n    html {\n      margin: 0;\n      padding: 0;\n    }\n  </style>\n  <script type=\"module\" crossorigin src=\"/assets/index-58b24b54.js\"></script>\n  <link rel=\"stylesheet\" href=\"/assets/index-a4f6c957.css\">\n</head>\n\n<body>\n  <noscript>Wanna write ur own UI without js?! Go ahead, don't disturb others</noscript>\n  <div id=\"root\"></div>\n\n  \n</body>\n\n</html>\n" columns= [Object, Object, Object, Object, Object, Object]  ... > 
  at <DataTable value="<!DOCTYPE html>\n<html lang=\"en\">\n\n<head>\n  <meta charset=\"utf-8\" />\n  <meta name=\"viewport\" content=\"width=device-width, initial-scale=1\" />\n  <meta name=\"theme-color\" content=\"#000000\" />\n  <link rel=\"shortcut icon\" type=\"image/ico\" href=\"/assets/favicon-bc234827.ico\" />\n  <link href=\"https://fonts.googleapis.com/css?family=Roboto:300,400,500\" rel=\"stylesheet\" />\n  <title>Pentaract UI</title>\n\n  <style>\n    *,\n    html {\n      margin: 0;\n      padding: 0;\n    }\n  </style>\n  <script type=\"module\" crossorigin src=\"/assets/index-58b24b54.js\"></script>\n  <link rel=\"stylesheet\" href=\"/assets/index-a4f6c957.css\">\n</head>\n\n<body>\n  <noscript>Wanna write ur own UI without js?! Go ahead, don't disturb others</noscript>\n  <div id=\"root\"></div>\n\n  \n</body>\n\n</html>\n" loading=false stripedRows=""  ... > 
  at <OrdersView onVnodeUnmounted=fn<onVnodeUnmounted> ref=Ref< Proxy(Object) > > 
  at <RouterView> 
  at <AppLayout onVnodeUnmounted=fn<onVnodeUnmounted> ref=Ref< Proxy(Object) > > 
  at <RouterView> 
  at <App> @ http://localhost:5277/node_modules/@vue/runtime-core/dist/runtime-core.esm-bundler.js:49
[    2145ms] [WARNING] [Vue warn]: Invalid prop: type check failed for prop "rowData". Expected Object, got String with value "T". 
  at <BodyRow key=undefined rowData="T" index=5  ... > 
  at <TableBody ref="bodyRef" value="<!DOCTYPE html>\n<htm" class=""  ... > 
  at <VirtualScroller ref="virtualScroller" items="<!DOCTYPE html>\n<html lang=\"en\">\n\n<head>\n  <meta charset=\"utf-8\" />\n  <meta name=\"viewport\" content=\"width=device-width, initial-scale=1\" />\n  <meta name=\"theme-color\" content=\"#000000\" />\n  <link rel=\"shortcut icon\" type=\"image/ico\" href=\"/assets/favicon-bc234827.ico\" />\n  <link href=\"https://fonts.googleapis.com/css?family=Roboto:300,400,500\" rel=\"stylesheet\" />\n  <title>Pentaract UI</title>\n\n  <style>\n    *,\n    html {\n      margin: 0;\n      padding: 0;\n    }\n  </style>\n  <script type=\"module\" crossorigin src=\"/assets/index-58b24b54.js\"></script>\n  <link rel=\"stylesheet\" href=\"/assets/index-a4f6c957.css\">\n</head>\n\n<body>\n  <noscript>Wanna write ur own UI without js?! Go ahead, don't disturb others</noscript>\n  <div id=\"root\"></div>\n\n  \n</body>\n\n</html>\n" columns= [Object, Object, Object, Object, Object, Object]  ... > 
  at <DataTable value="<!DOCTYPE html>\n<html lang=\"en\">\n\n<head>\n  <meta charset=\"utf-8\" />\n  <meta name=\"viewport\" content=\"width=device-width, initial-scale=1\" />\n  <meta name=\"theme-color\" content=\"#000000\" />\n  <link rel=\"shortcut icon\" type=\"image/ico\" href=\"/assets/favicon-bc234827.ico\" />\n  <link href=\"https://fonts.googleapis.com/css?family=Roboto:300,400,500\" rel=\"stylesheet\" />\n  <title>Pentaract UI</title>\n\n  <style>\n    *,\n    html {\n      margin: 0;\n      padding: 0;\n    }\n  </style>\n  <script type=\"module\" crossorigin src=\"/assets/index-58b24b54.js\"></script>\n  <link rel=\"stylesheet\" href=\"/assets/index-a4f6c957.css\">\n</head>\n\n<body>\n  <noscript>Wanna write ur own UI without js?! Go ahead, don't disturb others</noscript>\n  <div id=\"root\"></div>\n\n  \n</body>\n\n</html>\n" loading=false stripedRows=""  ... > 
  at <OrdersView onVnodeUnmounted=fn<onVnodeUnmounted> ref=Ref< Proxy(Object) > > 
  at <RouterView> 
  at <AppLayout onVnodeUnmounted=fn<onVnodeUnmounted> ref=Ref< Proxy(Object) > > 
  at <RouterView> 
  at <App> @ http://localhost:5277/node_modules/@vue/runtime-core/dist/runtime-core.esm-bundler.js:49
[    2147ms] [WARNING] [Vue warn]: Invalid prop: type check failed for prop "value". Expected Array, got String with value "<!DOCTYPE html>
<htm". 
  at <BodyRow key=undefined rowData="T" index=5  ... > 
  at <TableBody ref="bodyRef" value="<!DOCTYPE html>\n<htm" class=""  ... > 
  at <VirtualScroller ref="virtualScroller" items="<!DOCTYPE html>\n<html lang=\"en\">\n\n<head>\n  <meta charset=\"utf-8\" />\n  <meta name=\"viewport\" content=\"width=device-width, initial-scale=1\" />\n  <meta name=\"theme-color\" content=\"#000000\" />\n  <link rel=\"shortcut icon\" type=\"image/ico\" href=\"/assets/favicon-bc234827.ico\" />\n  <link href=\"https://fonts.googleapis.com/css?family=Roboto:300,400,500\" rel=\"stylesheet\" />\n  <title>Pentaract UI</title>\n\n  <style>\n    *,\n    html {\n      margin: 0;\n      padding: 0;\n    }\n  </style>\n  <script type=\"module\" crossorigin src=\"/assets/index-58b24b54.js\"></script>\n  <link rel=\"stylesheet\" href=\"/assets/index-a4f6c957.css\">\n</head>\n\n<body>\n  <noscript>Wanna write ur own UI without js?! Go ahead, don't disturb others</noscript>\n  <div id=\"root\"></div>\n\n  \n</body>\n\n</html>\n" columns= [Object, Object, Object, Object, Object, Object]  ... > 
  at <DataTable value="<!DOCTYPE html>\n<html lang=\"en\">\n\n<head>\n  <meta charset=\"utf-8\" />\n  <meta name=\"viewport\" content=\"width=device-width, initial-scale=1\" />\n  <meta name=\"theme-color\" content=\"#000000\" />\n  <link rel=\"shortcut icon\" type=\"image/ico\" href=\"/assets/favicon-bc234827.ico\" />\n  <link href=\"https://fonts.googleapis.com/css?family=Roboto:300,400,500\" rel=\"stylesheet\" />\n  <title>Pentaract UI</title>\n\n  <style>\n    *,\n    html {\n      margin: 0;\n      padding: 0;\n    }\n  </style>\n  <script type=\"module\" crossorigin src=\"/assets/index-58b24b54.js\"></script>\n  <link rel=\"stylesheet\" href=\"/assets/index-a4f6c957.css\">\n</head>\n\n<body>\n  <noscript>Wanna write ur own UI without js?! Go ahead, don't disturb others</noscript>\n  <div id=\"root\"></div>\n\n  \n</body>\n\n</html>\n" loading=false stripedRows=""  ... > 
  at <OrdersView onVnodeUnmounted=fn<onVnodeUnmounted> ref=Ref< Proxy(Object) > > 
  at <RouterView> 
  at <AppLayout onVnodeUnmounted=fn<onVnodeUnmounted> ref=Ref< Proxy(Object) > > 
  at <RouterView> 
  at <App> @ http://localhost:5277/node_modules/@vue/runtime-core/dist/runtime-core.esm-bundler.js:49
[    2150ms] [WARNING] [Vue warn]: Invalid prop: type check failed for prop "rowData". Expected Object, got String with value "T". 
  at <BodyCell key="id" rowData="T" column= {__v_isVNode: true, __v_skip: true, type: Object, props: Object, key: null}  ... > 
  at <BodyRow key=undefined rowData="T" index=5  ... > 
  at <TableBody ref="bodyRef" value="<!DOCTYPE html>\n<htm" class=""  ... > 
  at <VirtualScroller ref="virtualScroller" items="<!DOCTYPE html>\n<html lang=\"en\">\n\n<head>\n  <meta charset=\"utf-8\" />\n  <meta name=\"viewport\" content=\"width=device-width, initial-scale=1\" />\n  <meta name=\"theme-color\" content=\"#000000\" />\n  <link rel=\"shortcut icon\" type=\"image/ico\" href=\"/assets/favicon-bc234827.ico\" />\n  <link href=\"https://fonts.googleapis.com/css?family=Roboto:300,400,500\" rel=\"stylesheet\" />\n  <title>Pentaract UI</title>\n\n  <style>\n    *,\n    html {\n      margin: 0;\n      padding: 0;\n    }\n  </style>\n  <script type=\"module\" crossorigin src=\"/assets/index-58b24b54.js\"></script>\n  <link rel=\"stylesheet\" href=\"/assets/index-a4f6c957.css\">\n</head>\n\n<body>\n  <noscript>Wanna write ur own UI without js?! Go ahead, don't disturb others</noscript>\n  <div id=\"root\"></div>\n\n  \n</body>\n\n</html>\n" columns= [Object, Object, Object, Object, Object, Object]  ... > 
  at <DataTable value="<!DOCTYPE html>\n<html lang=\"en\">\n\n<head>\n  <meta charset=\"utf-8\" />\n  <meta name=\"viewport\" content=\"width=device-width, initial-scale=1\" />\n  <meta name=\"theme-color\" content=\"#000000\" />\n  <link rel=\"shortcut icon\" type=\"image/ico\" href=\"/assets/favicon-bc234827.ico\" />\n  <link href=\"https://fonts.googleapis.com/css?family=Roboto:300,400,500\" rel=\"stylesheet\" />\n  <title>Pentaract UI</title>\n\n  <style>\n    *,\n    html {\n      margin: 0;\n      padding: 0;\n    }\n  </style>\n  <script type=\"module\" crossorigin src=\"/assets/index-58b24b54.js\"></script>\n  <link rel=\"stylesheet\" href=\"/assets/index-a4f6c957.css\">\n</head>\n\n<body>\n  <noscript>Wanna write ur own UI without js?! Go ahead, don't disturb others</noscript>\n  <div id=\"root\"></div>\n\n  \n</body>\n\n</html>\n" loading=false stripedRows=""  ... > 
  at <OrdersView onVnodeUnmounted=fn<onVnodeUnmounted> ref=Ref< Proxy(Object) > > 
  at <RouterView> 
  at <AppLayout onVnodeUnmounted=fn<onVnodeUnmounted> ref=Ref< Proxy(Object) > > 
  at <RouterView> 
  at <App> @ http://localhost:5277/node_modules/@vue/runtime-core/dist/runtime-core.esm-bundler.js:49
[    2153ms] [WARNING] [Vue warn]: Invalid prop: type check failed for prop "rowData". Expected Object, got String with value "T". 
  at <BodyCell key="client_id" rowData="T" column= {__v_isVNode: true, __v_skip: true, type: Object, props: Object, key: null}  ... > 
  at <BodyRow key=undefined rowData="T" index=5  ... > 
  at <TableBody ref="bodyRef" value="<!DOCTYPE html>\n<htm" class=""  ... > 
  at <VirtualScroller ref="virtualScroller" items="<!DOCTYPE html>\n<html lang=\"en\">\n\n<head>\n  <meta charset=\"utf-8\" />\n  <meta name=\"viewport\" content=\"width=device-width, initial-scale=1\" />\n  <meta name=\"theme-color\" content=\"#000000\" />\n  <link rel=\"shortcut icon\" type=\"image/ico\" href=\"/assets/favicon-bc234827.ico\" />\n  <link href=\"https://fonts.googleapis.com/css?family=Roboto:300,400,500\" rel=\"stylesheet\" />\n  <title>Pentaract UI</title>\n\n  <style>\n    *,\n    html {\n      margin: 0;\n      padding: 0;\n    }\n  </style>\n  <script type=\"module\" crossorigin src=\"/assets/index-58b24b54.js\"></script>\n  <link rel=\"stylesheet\" href=\"/assets/index-a4f6c957.css\">\n</head>\n\n<body>\n  <noscript>Wanna write ur own UI without js?! Go ahead, don't disturb others</noscript>\n  <div id=\"root\"></div>\n\n  \n</body>\n\n</html>\n" columns= [Object, Object, Object, Object, Object, Object]  ... > 
  at <DataTable value="<!DOCTYPE html>\n<html lang=\"en\">\n\n<head>\n  <meta charset=\"utf-8\" />\n  <meta name=\"viewport\" content=\"width=device-width, initial-scale=1\" />\n  <meta name=\"theme-color\" content=\"#000000\" />\n  <link rel=\"shortcut icon\" type=\"image/ico\" href=\"/assets/favicon-bc234827.ico\" />\n  <link href=\"https://fonts.googleapis.com/css?family=Roboto:300,400,500\" rel=\"stylesheet\" />\n  <title>Pentaract UI</title>\n\n  <style>\n    *,\n    html {\n      margin: 0;\n      padding: 0;\n    }\n  </style>\n  <script type=\"module\" crossorigin src=\"/assets/index-58b24b54.js\"></script>\n  <link rel=\"stylesheet\" href=\"/assets/index-a4f6c957.css\">\n</head>\n\n<body>\n  <noscript>Wanna write ur own UI without js?! Go ahead, don't disturb others</noscript>\n  <div id=\"root\"></div>\n\n  \n</body>\n\n</html>\n" loading=false stripedRows=""  ... > 
  at <OrdersView onVnodeUnmounted=fn<onVnodeUnmounted> ref=Ref< Proxy(Object) > > 
  at <RouterView> 
  at <AppLayout onVnodeUnmounted=fn<onVnodeUnmounted> ref=Ref< Proxy(Object) > > 
  at <RouterView> 
  at <App> @ http://localhost:5277/node_modules/@vue/runtime-core/dist/runtime-core.esm-bundler.js:49
[    2156ms] [WARNING] [Vue warn]: Invalid prop: type check failed for prop "rowData". Expected Object, got String with value "T". 
  at <BodyCell key="source" rowData="T" column= {__v_isVNode: true, __v_skip: true, type: Object, props: Object, key: null}  ... > 
  at <BodyRow key=undefined rowData="T" index=5  ... > 
  at <TableBody ref="bodyRef" value="<!DOCTYPE html>\n<htm" class=""  ... > 
  at <VirtualScroller ref="virtualScroller" items="<!DOCTYPE html>\n<html lang=\"en\">\n\n<head>\n  <meta charset=\"utf-8\" />\n  <meta name=\"viewport\" content=\"width=device-width, initial-scale=1\" />\n  <meta name=\"theme-color\" content=\"#000000\" />\n  <link rel=\"shortcut icon\" type=\"image/ico\" href=\"/assets/favicon-bc234827.ico\" />\n  <link href=\"https://fonts.googleapis.com/css?family=Roboto:300,400,500\" rel=\"stylesheet\" />\n  <title>Pentaract UI</title>\n\n  <style>\n    *,\n    html {\n      margin: 0;\n      padding: 0;\n    }\n  </style>\n  <script type=\"module\" crossorigin src=\"/assets/index-58b24b54.js\"></script>\n  <link rel=\"stylesheet\" href=\"/assets/index-a4f6c957.css\">\n</head>\n\n<body>\n  <noscript>Wanna write ur own UI without js?! Go ahead, don't disturb others</noscript>\n  <div id=\"root\"></div>\n\n  \n</body>\n\n</html>\n" columns= [Object, Object, Object, Object, Object, Object]  ... > 
  at <DataTable value="<!DOCTYPE html>\n<html lang=\"en\">\n\n<head>\n  <meta charset=\"utf-8\" />\n  <meta name=\"viewport\" content=\"width=device-width, initial-scale=1\" />\n  <meta name=\"theme-color\" content=\"#000000\" />\n  <link rel=\"shortcut icon\" type=\"image/ico\" href=\"/assets/favicon-bc234827.ico\" />\n  <link href=\"https://fonts.googleapis.com/css?family=Roboto:300,400,500\" rel=\"stylesheet\" />\n  <title>Pentaract UI</title>\n\n  <style>\n    *,\n    html {\n      margin: 0;\n      padding: 0;\n    }\n  </style>\n  <script type=\"module\" crossorigin src=\"/assets/index-58b24b54.js\"></script>\n  <link rel=\"stylesheet\" href=\"/assets/index-a4f6c957.css\">\n</head>\n\n<body>\n  <noscript>Wanna write ur own UI without js?! Go ahead, don't disturb others</noscript>\n  <div id=\"root\"></div>\n\n  \n</body>\n\n</html>\n" loading=false stripedRows=""  ... > 
  at <OrdersView onVnodeUnmounted=fn<onVnodeUnmounted> ref=Ref< Proxy(Object) > > 
  at <RouterView> 
  at <AppLayout onVnodeUnmounted=fn<onVnodeUnmounted> ref=Ref< Proxy(Object) > > 
  at <RouterView> 
  at <App> @ http://localhost:5277/node_modules/@vue/runtime-core/dist/runtime-core.esm-bundler.js:49
[    2159ms] [WARNING] [Vue warn]: Invalid prop: type check failed for prop "rowData". Expected Object, got String with value "T". 
  at <BodyCell key="status" rowData="T" column= {__v_isVNode: true, __v_skip: true, type: Object, props: Object, key: null}  ... > 
  at <BodyRow key=undefined rowData="T" index=5  ... > 
  at <TableBody ref="bodyRef" value="<!DOCTYPE html>\n<htm" class=""  ... > 
  at <VirtualScroller ref="virtualScroller" items="<!DOCTYPE html>\n<html lang=\"en\">\n\n<head>\n  <meta charset=\"utf-8\" />\n  <meta name=\"viewport\" content=\"width=device-width, initial-scale=1\" />\n  <meta name=\"theme-color\" content=\"#000000\" />\n  <link rel=\"shortcut icon\" type=\"image/ico\" href=\"/assets/favicon-bc234827.ico\" />\n  <link href=\"https://fonts.googleapis.com/css?family=Roboto:300,400,500\" rel=\"stylesheet\" />\n  <title>Pentaract UI</title>\n\n  <style>\n    *,\n    html {\n      margin: 0;\n      padding: 0;\n    }\n  </style>\n  <script type=\"module\" crossorigin src=\"/assets/index-58b24b54.js\"></script>\n  <link rel=\"stylesheet\" href=\"/assets/index-a4f6c957.css\">\n</head>\n\n<body>\n  <noscript>Wanna write ur own UI without js?! Go ahead, don't disturb others</noscript>\n  <div id=\"root\"></div>\n\n  \n</body>\n\n</html>\n" columns= [Object, Object, Object, Object, Object, Object]  ... > 
  at <DataTable value="<!DOCTYPE html>\n<html lang=\"en\">\n\n<head>\n  <meta charset=\"utf-8\" />\n  <meta name=\"viewport\" content=\"width=device-width, initial-scale=1\" />\n  <meta name=\"theme-color\" content=\"#000000\" />\n  <link rel=\"shortcut icon\" type=\"image/ico\" href=\"/assets/favicon-bc234827.ico\" />\n  <link href=\"https://fonts.googleapis.com/css?family=Roboto:300,400,500\" rel=\"stylesheet\" />\n  <title>Pentaract UI</title>\n\n  <style>\n    *,\n    html {\n      margin: 0;\n      padding: 0;\n    }\n  </style>\n  <script type=\"module\" crossorigin src=\"/assets/index-58b24b54.js\"></script>\n  <link rel=\"stylesheet\" href=\"/assets/index-a4f6c957.css\">\n</head>\n\n<body>\n  <noscript>Wanna write ur own UI without js?! Go ahead, don't disturb others</noscript>\n  <div id=\"root\"></div>\n\n  \n</body>\n\n</html>\n" loading=false stripedRows=""  ... > 
  at <OrdersView onVnodeUnmounted=fn<onVnodeUnmounted> ref=Ref< Proxy(Object) > > 
  at <RouterView> 
  at <AppLayout onVnodeUnmounted=fn<onVnodeUnmounted> ref=Ref< Proxy(Object) > > 
  at <RouterView> 
  at <App> @ http://localhost:5277/node_modules/@vue/runtime-core/dist/runtime-core.esm-bundler.js:49
[    2162ms] [WARNING] [Vue warn]: Invalid prop: type check failed for prop "rowData". Expected Object, got String with value "T". 
  at <BodyCell key="created_at" rowData="T" column= {__v_isVNode: true, __v_skip: true, type: Object, props: Object, key: null}  ... > 
  at <BodyRow key=undefined rowData="T" index=5  ... > 
  at <TableBody ref="bodyRef" value="<!DOCTYPE html>\n<htm" class=""  ... > 
  at <VirtualScroller ref="virtualScroller" items="<!DOCTYPE html>\n<html lang=\"en\">\n\n<head>\n  <meta charset=\"utf-8\" />\n  <meta name=\"viewport\" content=\"width=device-width, initial-scale=1\" />\n  <meta name=\"theme-color\" content=\"#000000\" />\n  <link rel=\"shortcut icon\" type=\"image/ico\" href=\"/assets/favicon-bc234827.ico\" />\n  <link href=\"https://fonts.googleapis.com/css?family=Roboto:300,400,500\" rel=\"stylesheet\" />\n  <title>Pentaract UI</title>\n\n  <style>\n    *,\n    html {\n      margin: 0;\n      padding: 0;\n    }\n  </style>\n  <script type=\"module\" crossorigin src=\"/assets/index-58b24b54.js\"></script>\n  <link rel=\"stylesheet\" href=\"/assets/index-a4f6c957.css\">\n</head>\n\n<body>\n  <noscript>Wanna write ur own UI without js?! Go ahead, don't disturb others</noscript>\n  <div id=\"root\"></div>\n\n  \n</body>\n\n</html>\n" columns= [Object, Object, Object, Object, Object, Object]  ... > 
  at <DataTable value="<!DOCTYPE html>\n<html lang=\"en\">\n\n<head>\n  <meta charset=\"utf-8\" />\n  <meta name=\"viewport\" content=\"width=device-width, initial-scale=1\" />\n  <meta name=\"theme-color\" content=\"#000000\" />\n  <link rel=\"shortcut icon\" type=\"image/ico\" href=\"/assets/favicon-bc234827.ico\" />\n  <link href=\"https://fonts.googleapis.com/css?family=Roboto:300,400,500\" rel=\"stylesheet\" />\n  <title>Pentaract UI</title>\n\n  <style>\n    *,\n    html {\n      margin: 0;\n      padding: 0;\n    }\n  </style>\n  <script type=\"module\" crossorigin src=\"/assets/index-58b24b54.js\"></script>\n  <link rel=\"stylesheet\" href=\"/assets/index-a4f6c957.css\">\n</head>\n\n<body>\n  <noscript>Wanna write ur own UI without js?! Go ahead, don't disturb others</noscript>\n  <div id=\"root\"></div>\n\n  \n</body>\n\n</html>\n" loading=false stripedRows=""  ... > 
  at <OrdersView onVnodeUnmounted=fn<onVnodeUnmounted> ref=Ref< Proxy(Object) > > 
  at <RouterView> 
  at <AppLayout onVnodeUnmounted=fn<onVnodeUnmounted> ref=Ref< Proxy(Object) > > 
  at <RouterView> 
  at <App> @ http://localhost:5277/node_modules/@vue/runtime-core/dist/runtime-core.esm-bundler.js:49
[    2165ms] [WARNING] [Vue warn]: Invalid prop: type check failed for prop "rowData". Expected Object, got String with value "T". 
  at <BodyCell key=5 rowData="T" column= {__v_isVNode: true, __v_skip: true, type: Object, props: Object, key: null}  ... > 
  at <BodyRow key=undefined rowData="T" index=5  ... > 
  at <TableBody ref="bodyRef" value="<!DOCTYPE html>\n<htm" class=""  ... > 
  at <VirtualScroller ref="virtualScroller" items="<!DOCTYPE html>\n<html lang=\"en\">\n\n<head>\n  <meta charset=\"utf-8\" />\n  <meta name=\"viewport\" content=\"width=device-width, initial-scale=1\" />\n  <meta name=\"theme-color\" content=\"#000000\" />\n  <link rel=\"shortcut icon\" type=\"image/ico\" href=\"/assets/favicon-bc234827.ico\" />\n  <link href=\"https://fonts.googleapis.com/css?family=Roboto:300,400,500\" rel=\"stylesheet\" />\n  <title>Pentaract UI</title>\n\n  <style>\n    *,\n    html {\n      margin: 0;\n      padding: 0;\n    }\n  </style>\n  <script type=\"module\" crossorigin src=\"/assets/index-58b24b54.js\"></script>\n  <link rel=\"stylesheet\" href=\"/assets/index-a4f6c957.css\">\n</head>\n\n<body>\n  <noscript>Wanna write ur own UI without js?! Go ahead, don't disturb others</noscript>\n  <div id=\"root\"></div>\n\n  \n</body>\n\n</html>\n" columns= [Object, Object, Object, Object, Object, Object]  ... > 
  at <DataTable value="<!DOCTYPE html>\n<html lang=\"en\">\n\n<head>\n  <meta charset=\"utf-8\" />\n  <meta name=\"viewport\" content=\"width=device-width, initial-scale=1\" />\n  <meta name=\"theme-color\" content=\"#000000\" />\n  <link rel=\"shortcut icon\" type=\"image/ico\" href=\"/assets/favicon-bc234827.ico\" />\n  <link href=\"https://fonts.googleapis.com/css?family=Roboto:300,400,500\" rel=\"stylesheet\" />\n  <title>Pentaract UI</title>\n\n  <style>\n    *,\n    html {\n      margin: 0;\n      padding: 0;\n    }\n  </style>\n  <script type=\"module\" crossorigin src=\"/assets/index-58b24b54.js\"></script>\n  <link rel=\"stylesheet\" href=\"/assets/index-a4f6c957.css\">\n</head>\n\n<body>\n  <noscript>Wanna write ur own UI without js?! Go ahead, don't disturb others</noscript>\n  <div id=\"root\"></div>\n\n  \n</body>\n\n</html>\n" loading=false stripedRows=""  ... > 
  at <OrdersView onVnodeUnmounted=fn<onVnodeUnmounted> ref=Ref< Proxy(Object) > > 
  at <RouterView> 
  at <AppLayout onVnodeUnmounted=fn<onVnodeUnmounted> ref=Ref< Proxy(Object) > > 
  at <RouterView> 
  at <App> @ http://localhost:5277/node_modules/@vue/runtime-core/dist/runtime-core.esm-bundler.js:49
[    2170ms] [WARNING] [Vue warn]: Invalid prop: type check failed for prop "rowData". Expected Object, got String with value "Y". 
  at <BodyRow key=undefined rowData="Y" index=6  ... > 
  at <TableBody ref="bodyRef" value="<!DOCTYPE html>\n<htm" class=""  ... > 
  at <VirtualScroller ref="virtualScroller" items="<!DOCTYPE html>\n<html lang=\"en\">\n\n<head>\n  <meta charset=\"utf-8\" />\n  <meta name=\"viewport\" content=\"width=device-width, initial-scale=1\" />\n  <meta name=\"theme-color\" content=\"#000000\" />\n  <link rel=\"shortcut icon\" type=\"image/ico\" href=\"/assets/favicon-bc234827.ico\" />\n  <link href=\"https://fonts.googleapis.com/css?family=Roboto:300,400,500\" rel=\"stylesheet\" />\n  <title>Pentaract UI</title>\n\n  <style>\n    *,\n    html {\n      margin: 0;\n      padding: 0;\n    }\n  </style>\n  <script type=\"module\" crossorigin src=\"/assets/index-58b24b54.js\"></script>\n  <link rel=\"stylesheet\" href=\"/assets/index-a4f6c957.css\">\n</head>\n\n<body>\n  <noscript>Wanna write ur own UI without js?! Go ahead, don't disturb others</noscript>\n  <div id=\"root\"></div>\n\n  \n</body>\n\n</html>\n" columns= [Object, Object, Object, Object, Object, Object]  ... > 
  at <DataTable value="<!DOCTYPE html>\n<html lang=\"en\">\n\n<head>\n  <meta charset=\"utf-8\" />\n  <meta name=\"viewport\" content=\"width=device-width, initial-scale=1\" />\n  <meta name=\"theme-color\" content=\"#000000\" />\n  <link rel=\"shortcut icon\" type=\"image/ico\" href=\"/assets/favicon-bc234827.ico\" />\n  <link href=\"https://fonts.googleapis.com/css?family=Roboto:300,400,500\" rel=\"stylesheet\" />\n  <title>Pentaract UI</title>\n\n  <style>\n    *,\n    html {\n      margin: 0;\n      padding: 0;\n    }\n  </style>\n  <script type=\"module\" crossorigin src=\"/assets/index-58b24b54.js\"></script>\n  <link rel=\"stylesheet\" href=\"/assets/index-a4f6c957.css\">\n</head>\n\n<body>\n  <noscript>Wanna write ur own UI without js?! Go ahead, don't disturb others</noscript>\n  <div id=\"root\"></div>\n\n  \n</body>\n\n</html>\n" loading=false stripedRows=""  ... > 
  at <OrdersView onVnodeUnmounted=fn<onVnodeUnmounted> ref=Ref< Proxy(Object) > > 
  at <RouterView> 
  at <AppLayout onVnodeUnmounted=fn<onVnodeUnmounted> ref=Ref< Proxy(Object) > > 
  at <RouterView> 
  at <App> @ http://localhost:5277/node_modules/@vue/runtime-core/dist/runtime-core.esm-bundler.js:49
[    2171ms] [WARNING] [Vue warn]: Invalid prop: type check failed for prop "value". Expected Array, got String with value "<!DOCTYPE html>
<htm". 
  at <BodyRow key=undefined rowData="Y" index=6  ... > 
  at <TableBody ref="bodyRef" value="<!DOCTYPE html>\n<htm" class=""  ... > 
  at <VirtualScroller ref="virtualScroller" items="<!DOCTYPE html>\n<html lang=\"en\">\n\n<head>\n  <meta charset=\"utf-8\" />\n  <meta name=\"viewport\" content=\"width=device-width, initial-scale=1\" />\n  <meta name=\"theme-color\" content=\"#000000\" />\n  <link rel=\"shortcut icon\" type=\"image/ico\" href=\"/assets/favicon-bc234827.ico\" />\n  <link href=\"https://fonts.googleapis.com/css?family=Roboto:300,400,500\" rel=\"stylesheet\" />\n  <title>Pentaract UI</title>\n\n  <style>\n    *,\n    html {\n      margin: 0;\n      padding: 0;\n    }\n  </style>\n  <script type=\"module\" crossorigin src=\"/assets/index-58b24b54.js\"></script>\n  <link rel=\"stylesheet\" href=\"/assets/index-a4f6c957.css\">\n</head>\n\n<body>\n  <noscript>Wanna write ur own UI without js?! Go ahead, don't disturb others</noscript>\n  <div id=\"root\"></div>\n\n  \n</body>\n\n</html>\n" columns= [Object, Object, Object, Object, Object, Object]  ... > 
  at <DataTable value="<!DOCTYPE html>\n<html lang=\"en\">\n\n<head>\n  <meta charset=\"utf-8\" />\n  <meta name=\"viewport\" content=\"width=device-width, initial-scale=1\" />\n  <meta name=\"theme-color\" content=\"#000000\" />\n  <link rel=\"shortcut icon\" type=\"image/ico\" href=\"/assets/favicon-bc234827.ico\" />\n  <link href=\"https://fonts.googleapis.com/css?family=Roboto:300,400,500\" rel=\"stylesheet\" />\n  <title>Pentaract UI</title>\n\n  <style>\n    *,\n    html {\n      margin: 0;\n      padding: 0;\n    }\n  </style>\n  <script type=\"module\" crossorigin src=\"/assets/index-58b24b54.js\"></script>\n  <link rel=\"stylesheet\" href=\"/assets/index-a4f6c957.css\">\n</head>\n\n<body>\n  <noscript>Wanna write ur own UI without js?! Go ahead, don't disturb others</noscript>\n  <div id=\"root\"></div>\n\n  \n</body>\n\n</html>\n" loading=false stripedRows=""  ... > 
  at <OrdersView onVnodeUnmounted=fn<onVnodeUnmounted> ref=Ref< Proxy(Object) > > 
  at <RouterView> 
  at <AppLayout onVnodeUnmounted=fn<onVnodeUnmounted> ref=Ref< Proxy(Object) > > 
  at <RouterView> 
  at <App> @ http://localhost:5277/node_modules/@vue/runtime-core/dist/runtime-core.esm-bundler.js:49
[    2174ms] [WARNING] [Vue warn]: Invalid prop: type check failed for prop "rowData". Expected Object, got String with value "Y". 
  at <BodyCell key="id" rowData="Y" column= {__v_isVNode: true, __v_skip: true, type: Object, props: Object, key: null}  ... > 
  at <BodyRow key=undefined rowData="Y" index=6  ... > 
  at <TableBody ref="bodyRef" value="<!DOCTYPE html>\n<htm" class=""  ... > 
  at <VirtualScroller ref="virtualScroller" items="<!DOCTYPE html>\n<html lang=\"en\">\n\n<head>\n  <meta charset=\"utf-8\" />\n  <meta name=\"viewport\" content=\"width=device-width, initial-scale=1\" />\n  <meta name=\"theme-color\" content=\"#000000\" />\n  <link rel=\"shortcut icon\" type=\"image/ico\" href=\"/assets/favicon-bc234827.ico\" />\n  <link href=\"https://fonts.googleapis.com/css?family=Roboto:300,400,500\" rel=\"stylesheet\" />\n  <title>Pentaract UI</title>\n\n  <style>\n    *,\n    html {\n      margin: 0;\n      padding: 0;\n    }\n  </style>\n  <script type=\"module\" crossorigin src=\"/assets/index-58b24b54.js\"></script>\n  <link rel=\"stylesheet\" href=\"/assets/index-a4f6c957.css\">\n</head>\n\n<body>\n  <noscript>Wanna write ur own UI without js?! Go ahead, don't disturb others</noscript>\n  <div id=\"root\"></div>\n\n  \n</body>\n\n</html>\n" columns= [Object, Object, Object, Object, Object, Object]  ... > 
  at <DataTable value="<!DOCTYPE html>\n<html lang=\"en\">\n\n<head>\n  <meta charset=\"utf-8\" />\n  <meta name=\"viewport\" content=\"width=device-width, initial-scale=1\" />\n  <meta name=\"theme-color\" content=\"#000000\" />\n  <link rel=\"shortcut icon\" type=\"image/ico\" href=\"/assets/favicon-bc234827.ico\" />\n  <link href=\"https://fonts.googleapis.com/css?family=Roboto:300,400,500\" rel=\"stylesheet\" />\n  <title>Pentaract UI</title>\n\n  <style>\n    *,\n    html {\n      margin: 0;\n      padding: 0;\n    }\n  </style>\n  <script type=\"module\" crossorigin src=\"/assets/index-58b24b54.js\"></script>\n  <link rel=\"stylesheet\" href=\"/assets/index-a4f6c957.css\">\n</head>\n\n<body>\n  <noscript>Wanna write ur own UI without js?! Go ahead, don't disturb others</noscript>\n  <div id=\"root\"></div>\n\n  \n</body>\n\n</html>\n" loading=false stripedRows=""  ... > 
  at <OrdersView onVnodeUnmounted=fn<onVnodeUnmounted> ref=Ref< Proxy(Object) > > 
  at <RouterView> 
  at <AppLayout onVnodeUnmounted=fn<onVnodeUnmounted> ref=Ref< Proxy(Object) > > 
  at <RouterView> 
  at <App> @ http://localhost:5277/node_modules/@vue/runtime-core/dist/runtime-core.esm-bundler.js:49
[    2178ms] [WARNING] [Vue warn]: Invalid prop: type check failed for prop "rowData". Expected Object, got String with value "Y". 
  at <BodyCell key="client_id" rowData="Y" column= {__v_isVNode: true, __v_skip: true, type: Object, props: Object, key: null}  ... > 
  at <BodyRow key=undefined rowData="Y" index=6  ... > 
  at <TableBody ref="bodyRef" value="<!DOCTYPE html>\n<htm" class=""  ... > 
  at <VirtualScroller ref="virtualScroller" items="<!DOCTYPE html>\n<html lang=\"en\">\n\n<head>\n  <meta charset=\"utf-8\" />\n  <meta name=\"viewport\" content=\"width=device-width, initial-scale=1\" />\n  <meta name=\"theme-color\" content=\"#000000\" />\n  <link rel=\"shortcut icon\" type=\"image/ico\" href=\"/assets/favicon-bc234827.ico\" />\n  <link href=\"https://fonts.googleapis.com/css?family=Roboto:300,400,500\" rel=\"stylesheet\" />\n  <title>Pentaract UI</title>\n\n  <style>\n    *,\n    html {\n      margin: 0;\n      padding: 0;\n    }\n  </style>\n  <script type=\"module\" crossorigin src=\"/assets/index-58b24b54.js\"></script>\n  <link rel=\"stylesheet\" href=\"/assets/index-a4f6c957.css\">\n</head>\n\n<body>\n  <noscript>Wanna write ur own UI without js?! Go ahead, don't disturb others</noscript>\n  <div id=\"root\"></div>\n\n  \n</body>\n\n</html>\n" columns= [Object, Object, Object, Object, Object, Object]  ... > 
  at <DataTable value="<!DOCTYPE html>\n<html lang=\"en\">\n\n<head>\n  <meta charset=\"utf-8\" />\n  <meta name=\"viewport\" content=\"width=device-width, initial-scale=1\" />\n  <meta name=\"theme-color\" content=\"#000000\" />\n  <link rel=\"shortcut icon\" type=\"image/ico\" href=\"/assets/favicon-bc234827.ico\" />\n  <link href=\"https://fonts.googleapis.com/css?family=Roboto:300,400,500\" rel=\"stylesheet\" />\n  <title>Pentaract UI</title>\n\n  <style>\n    *,\n    html {\n      margin: 0;\n      padding: 0;\n    }\n  </style>\n  <script type=\"module\" crossorigin src=\"/assets/index-58b24b54.js\"></script>\n  <link rel=\"stylesheet\" href=\"/assets/index-a4f6c957.css\">\n</head>\n\n<body>\n  <noscript>Wanna write ur own UI without js?! Go ahead, don't disturb others</noscript>\n  <div id=\"root\"></div>\n\n  \n</body>\n\n</html>\n" loading=false stripedRows=""  ... > 
  at <OrdersView onVnodeUnmounted=fn<onVnodeUnmounted> ref=Ref< Proxy(Object) > > 
  at <RouterView> 
  at <AppLayout onVnodeUnmounted=fn<onVnodeUnmounted> ref=Ref< Proxy(Object) > > 
  at <RouterView> 
  at <App> @ http://localhost:5277/node_modules/@vue/runtime-core/dist/runtime-core.esm-bundler.js:49
[    2181ms] [WARNING] [Vue warn]: Invalid prop: type check failed for prop "rowData". Expected Object, got String with value "Y". 
  at <BodyCell key="source" rowData="Y" column= {__v_isVNode: true, __v_skip: true, type: Object, props: Object, key: null}  ... > 
  at <BodyRow key=undefined rowData="Y" index=6  ... > 
  at <TableBody ref="bodyRef" value="<!DOCTYPE html>\n<htm" class=""  ... > 
  at <VirtualScroller ref="virtualScroller" items="<!DOCTYPE html>\n<html lang=\"en\">\n\n<head>\n  <meta charset=\"utf-8\" />\n  <meta name=\"viewport\" content=\"width=device-width, initial-scale=1\" />\n  <meta name=\"theme-color\" content=\"#000000\" />\n  <link rel=\"shortcut icon\" type=\"image/ico\" href=\"/assets/favicon-bc234827.ico\" />\n  <link href=\"https://fonts.googleapis.com/css?family=Roboto:300,400,500\" rel=\"stylesheet\" />\n  <title>Pentaract UI</title>\n\n  <style>\n    *,\n    html {\n      margin: 0;\n      padding: 0;\n    }\n  </style>\n  <script type=\"module\" crossorigin src=\"/assets/index-58b24b54.js\"></script>\n  <link rel=\"stylesheet\" href=\"/assets/index-a4f6c957.css\">\n</head>\n\n<body>\n  <noscript>Wanna write ur own UI without js?! Go ahead, don't disturb others</noscript>\n  <div id=\"root\"></div>\n\n  \n</body>\n\n</html>\n" columns= [Object, Object, Object, Object, Object, Object]  ... > 
  at <DataTable value="<!DOCTYPE html>\n<html lang=\"en\">\n\n<head>\n  <meta charset=\"utf-8\" />\n  <meta name=\"viewport\" content=\"width=device-width, initial-scale=1\" />\n  <meta name=\"theme-color\" content=\"#000000\" />\n  <link rel=\"shortcut icon\" type=\"image/ico\" href=\"/assets/favicon-bc234827.ico\" />\n  <link href=\"https://fonts.googleapis.com/css?family=Roboto:300,400,500\" rel=\"stylesheet\" />\n  <title>Pentaract UI</title>\n\n  <style>\n    *,\n    html {\n      margin: 0;\n      padding: 0;\n    }\n  </style>\n  <script type=\"module\" crossorigin src=\"/assets/index-58b24b54.js\"></script>\n  <link rel=\"stylesheet\" href=\"/assets/index-a4f6c957.css\">\n</head>\n\n<body>\n  <noscript>Wanna write ur own UI without js?! Go ahead, don't disturb others</noscript>\n  <div id=\"root\"></div>\n\n  \n</body>\n\n</html>\n" loading=false stripedRows=""  ... > 
  at <OrdersView onVnodeUnmounted=fn<onVnodeUnmounted> ref=Ref< Proxy(Object) > > 
  at <RouterView> 
  at <AppLayout onVnodeUnmounted=fn<onVnodeUnmounted> ref=Ref< Proxy(Object) > > 
  at <RouterView> 
  at <App> @ http://localhost:5277/node_modules/@vue/runtime-core/dist/runtime-core.esm-bundler.js:49
[    2186ms] [WARNING] [Vue warn]: Invalid prop: type check failed for prop "rowData". Expected Object, got String with value "Y". 
  at <BodyCell key="status" rowData="Y" column= {__v_isVNode: true, __v_skip: true, type: Object, props: Object, key: null}  ... > 
  at <BodyRow key=undefined rowData="Y" index=6  ... > 
  at <TableBody ref="bodyRef" value="<!DOCTYPE html>\n<htm" class=""  ... > 
  at <VirtualScroller ref="virtualScroller" items="<!DOCTYPE html>\n<html lang=\"en\">\n\n<head>\n  <meta charset=\"utf-8\" />\n  <meta name=\"viewport\" content=\"width=device-width, initial-scale=1\" />\n  <meta name=\"theme-color\" content=\"#000000\" />\n  <link rel=\"shortcut icon\" type=\"image/ico\" href=\"/assets/favicon-bc234827.ico\" />\n  <link href=\"https://fonts.googleapis.com/css?family=Roboto:300,400,500\" rel=\"stylesheet\" />\n  <title>Pentaract UI</title>\n\n  <style>\n    *,\n    html {\n      margin: 0;\n      padding: 0;\n    }\n  </style>\n  <script type=\"module\" crossorigin src=\"/assets/index-58b24b54.js\"></script>\n  <link rel=\"stylesheet\" href=\"/assets/index-a4f6c957.css\">\n</head>\n\n<body>\n  <noscript>Wanna write ur own UI without js?! Go ahead, don't disturb others</noscript>\n  <div id=\"root\"></div>\n\n  \n</body>\n\n</html>\n" columns= [Object, Object, Object, Object, Object, Object]  ... > 
  at <DataTable value="<!DOCTYPE html>\n<html lang=\"en\">\n\n<head>\n  <meta charset=\"utf-8\" />\n  <meta name=\"viewport\" content=\"width=device-width, initial-scale=1\" />\n  <meta name=\"theme-color\" content=\"#000000\" />\n  <link rel=\"shortcut icon\" type=\"image/ico\" href=\"/assets/favicon-bc234827.ico\" />\n  <link href=\"https://fonts.googleapis.com/css?family=Roboto:300,400,500\" rel=\"stylesheet\" />\n  <title>Pentaract UI</title>\n\n  <style>\n    *,\n    html {\n      margin: 0;\n      padding: 0;\n    }\n  </style>\n  <script type=\"module\" crossorigin src=\"/assets/index-58b24b54.js\"></script>\n  <link rel=\"stylesheet\" href=\"/assets/index-a4f6c957.css\">\n</head>\n\n<body>\n  <noscript>Wanna write ur own UI without js?! Go ahead, don't disturb others</noscript>\n  <div id=\"root\"></div>\n\n  \n</body>\n\n</html>\n" loading=false stripedRows=""  ... > 
  at <OrdersView onVnodeUnmounted=fn<onVnodeUnmounted> ref=Ref< Proxy(Object) > > 
  at <RouterView> 
  at <AppLayout onVnodeUnmounted=fn<onVnodeUnmounted> ref=Ref< Proxy(Object) > > 
  at <RouterView> 
  at <App> @ http://localhost:5277/node_modules/@vue/runtime-core/dist/runtime-core.esm-bundler.js:49
[    2190ms] [WARNING] [Vue warn]: Invalid prop: type check failed for prop "rowData". Expected Object, got String with value "Y". 
  at <BodyCell key="created_at" rowData="Y" column= {__v_isVNode: true, __v_skip: true, type: Object, props: Object, key: null}  ... > 
  at <BodyRow key=undefined rowData="Y" index=6  ... > 
  at <TableBody ref="bodyRef" value="<!DOCTYPE html>\n<htm" class=""  ... > 
  at <VirtualScroller ref="virtualScroller" items="<!DOCTYPE html>\n<html lang=\"en\">\n\n<head>\n  <meta charset=\"utf-8\" />\n  <meta name=\"viewport\" content=\"width=device-width, initial-scale=1\" />\n  <meta name=\"theme-color\" content=\"#000000\" />\n  <link rel=\"shortcut icon\" type=\"image/ico\" href=\"/assets/favicon-bc234827.ico\" />\n  <link href=\"https://fonts.googleapis.com/css?family=Roboto:300,400,500\" rel=\"stylesheet\" />\n  <title>Pentaract UI</title>\n\n  <style>\n    *,\n    html {\n      margin: 0;\n      padding: 0;\n    }\n  </style>\n  <script type=\"module\" crossorigin src=\"/assets/index-58b24b54.js\"></script>\n  <link rel=\"stylesheet\" href=\"/assets/index-a4f6c957.css\">\n</head>\n\n<body>\n  <noscript>Wanna write ur own UI without js?! Go ahead, don't disturb others</noscript>\n  <div id=\"root\"></div>\n\n  \n</body>\n\n</html>\n" columns= [Object, Object, Object, Object, Object, Object]  ... > 
  at <DataTable value="<!DOCTYPE html>\n<html lang=\"en\">\n\n<head>\n  <meta charset=\"utf-8\" />\n  <meta name=\"viewport\" content=\"width=device-width, initial-scale=1\" />\n  <meta name=\"theme-color\" content=\"#000000\" />\n  <link rel=\"shortcut icon\" type=\"image/ico\" href=\"/assets/favicon-bc234827.ico\" />\n  <link href=\"https://fonts.googleapis.com/css?family=Roboto:300,400,500\" rel=\"stylesheet\" />\n  <title>Pentaract UI</title>\n\n  <style>\n    *,\n    html {\n      margin: 0;\n      padding: 0;\n    }\n  </style>\n  <script type=\"module\" crossorigin src=\"/assets/index-58b24b54.js\"></script>\n  <link rel=\"stylesheet\" href=\"/assets/index-a4f6c957.css\">\n</head>\n\n<body>\n  <noscript>Wanna write ur own UI without js?! Go ahead, don't disturb others</noscript>\n  <div id=\"root\"></div>\n\n  \n</body>\n\n</html>\n" loading=false stripedRows=""  ... > 
  at <OrdersView onVnodeUnmounted=fn<onVnodeUnmounted> ref=Ref< Proxy(Object) > > 
  at <RouterView> 
  at <AppLayout onVnodeUnmounted=fn<onVnodeUnmounted> ref=Ref< Proxy(Object) > > 
  at <RouterView> 
  at <App> @ http://localhost:5277/node_modules/@vue/runtime-core/dist/runtime-core.esm-bundler.js:49
[    2193ms] [WARNING] [Vue warn]: Invalid prop: type check failed for prop "rowData". Expected Object, got String with value "Y". 
  at <BodyCell key=5 rowData="Y" column= {__v_isVNode: true, __v_skip: true, type: Object, props: Object, key: null}  ... > 
  at <BodyRow key=undefined rowData="Y" index=6  ... > 
  at <TableBody ref="bodyRef" value="<!DOCTYPE html>\n<htm" class=""  ... > 
  at <VirtualScroller ref="virtualScroller" items="<!DOCTYPE html>\n<html lang=\"en\">\n\n<head>\n  <meta charset=\"utf-8\" />\n  <meta name=\"viewport\" content=\"width=device-width, initial-scale=1\" />\n  <meta name=\"theme-color\" content=\"#000000\" />\n  <link rel=\"shortcut icon\" type=\"image/ico\" href=\"/assets/favicon-bc234827.ico\" />\n  <link href=\"https://fonts.googleapis.com/css?family=Roboto:300,400,500\" rel=\"stylesheet\" />\n  <title>Pentaract UI</title>\n\n  <style>\n    *,\n    html {\n      margin: 0;\n      padding: 0;\n    }\n  </style>\n  <script type=\"module\" crossorigin src=\"/assets/index-58b24b54.js\"></script>\n  <link rel=\"stylesheet\" href=\"/assets/index-a4f6c957.css\">\n</head>\n\n<body>\n  <noscript>Wanna write ur own UI without js?! Go ahead, don't disturb others</noscript>\n  <div id=\"root\"></div>\n\n  \n</body>\n\n</html>\n" columns= [Object, Object, Object, Object, Object, Object]  ... > 
  at <DataTable value="<!DOCTYPE html>\n<html lang=\"en\">\n\n<head>\n  <meta charset=\"utf-8\" />\n  <meta name=\"viewport\" content=\"width=device-width, initial-scale=1\" />\n  <meta name=\"theme-color\" content=\"#000000\" />\n  <link rel=\"shortcut icon\" type=\"image/ico\" href=\"/assets/favicon-bc234827.ico\" />\n  <link href=\"https://fonts.googleapis.com/css?family=Roboto:300,400,500\" rel=\"stylesheet\" />\n  <title>Pentaract UI</title>\n\n  <style>\n    *,\n    html {\n      margin: 0;\n      padding: 0;\n    }\n  </style>\n  <script type=\"module\" crossorigin src=\"/assets/index-58b24b54.js\"></script>\n  <link rel=\"stylesheet\" href=\"/assets/index-a4f6c957.css\">\n</head>\n\n<body>\n  <noscript>Wanna write ur own UI without js?! Go ahead, don't disturb others</noscript>\n  <div id=\"root\"></div>\n\n  \n</body>\n\n</html>\n" loading=false stripedRows=""  ... > 
  at <OrdersView onVnodeUnmounted=fn<onVnodeUnmounted> ref=Ref< Proxy(Object) > > 
  at <RouterView> 
  at <AppLayout onVnodeUnmounted=fn<onVnodeUnmounted> ref=Ref< Proxy(Object) > > 
  at <RouterView> 
  at <App> @ http://localhost:5277/node_modules/@vue/runtime-core/dist/runtime-core.esm-bundler.js:49
[    2198ms] [WARNING] [Vue warn]: Invalid prop: type check failed for prop "rowData". Expected Object, got String with value "P". 
  at <BodyRow key=undefined rowData="P" index=7  ... > 
  at <TableBody ref="bodyRef" value="<!DOCTYPE html>\n<htm" class=""  ... > 
  at <VirtualScroller ref="virtualScroller" items="<!DOCTYPE html>\n<html lang=\"en\">\n\n<head>\n  <meta charset=\"utf-8\" />\n  <meta name=\"viewport\" content=\"width=device-width, initial-scale=1\" />\n  <meta name=\"theme-color\" content=\"#000000\" />\n  <link rel=\"shortcut icon\" type=\"image/ico\" href=\"/assets/favicon-bc234827.ico\" />\n  <link href=\"https://fonts.googleapis.com/css?family=Roboto:300,400,500\" rel=\"stylesheet\" />\n  <title>Pentaract UI</title>\n\n  <style>\n    *,\n    html {\n      margin: 0;\n      padding: 0;\n    }\n  </style>\n  <script type=\"module\" crossorigin src=\"/assets/index-58b24b54.js\"></script>\n  <link rel=\"stylesheet\" href=\"/assets/index-a4f6c957.css\">\n</head>\n\n<body>\n  <noscript>Wanna write ur own UI without js?! Go ahead, don't disturb others</noscript>\n  <div id=\"root\"></div>\n\n  \n</body>\n\n</html>\n" columns= [Object, Object, Object, Object, Object, Object]  ... > 
  at <DataTable value="<!DOCTYPE html>\n<html lang=\"en\">\n\n<head>\n  <meta charset=\"utf-8\" />\n  <meta name=\"viewport\" content=\"width=device-width, initial-scale=1\" />\n  <meta name=\"theme-color\" content=\"#000000\" />\n  <link rel=\"shortcut icon\" type=\"image/ico\" href=\"/assets/favicon-bc234827.ico\" />\n  <link href=\"https://fonts.googleapis.com/css?family=Roboto:300,400,500\" rel=\"stylesheet\" />\n  <title>Pentaract UI</title>\n\n  <style>\n    *,\n    html {\n      margin: 0;\n      padding: 0;\n    }\n  </style>\n  <script type=\"module\" crossorigin src=\"/assets/index-58b24b54.js\"></script>\n  <link rel=\"stylesheet\" href=\"/assets/index-a4f6c957.css\">\n</head>\n\n<body>\n  <noscript>Wanna write ur own UI without js?! Go ahead, don't disturb others</noscript>\n  <div id=\"root\"></div>\n\n  \n</body>\n\n</html>\n" loading=false stripedRows=""  ... > 
  at <OrdersView onVnodeUnmounted=fn<onVnodeUnmounted> ref=Ref< Proxy(Object) > > 
  at <RouterView> 
  at <AppLayout onVnodeUnmounted=fn<onVnodeUnmounted> ref=Ref< Proxy(Object) > > 
  at <RouterView> 
  at <App> @ http://localhost:5277/node_modules/@vue/runtime-core/dist/runtime-core.esm-bundler.js:49
[    2199ms] [WARNING] [Vue warn]: Invalid prop: type check failed for prop "value". Expected Array, got String with value "<!DOCTYPE html>
<htm". 
  at <BodyRow key=undefined rowData="P" index=7  ... > 
  at <TableBody ref="bodyRef" value="<!DOCTYPE html>\n<htm" class=""  ... > 
  at <VirtualScroller ref="virtualScroller" items="<!DOCTYPE html>\n<html lang=\"en\">\n\n<head>\n  <meta charset=\"utf-8\" />\n  <meta name=\"viewport\" content=\"width=device-width, initial-scale=1\" />\n  <meta name=\"theme-color\" content=\"#000000\" />\n  <link rel=\"shortcut icon\" type=\"image/ico\" href=\"/assets/favicon-bc234827.ico\" />\n  <link href=\"https://fonts.googleapis.com/css?family=Roboto:300,400,500\" rel=\"stylesheet\" />\n  <title>Pentaract UI</title>\n\n  <style>\n    *,\n    html {\n      margin: 0;\n      padding: 0;\n    }\n  </style>\n  <script type=\"module\" crossorigin src=\"/assets/index-58b24b54.js\"></script>\n  <link rel=\"stylesheet\" href=\"/assets/index-a4f6c957.css\">\n</head>\n\n<body>\n  <noscript>Wanna write ur own UI without js?! Go ahead, don't disturb others</noscript>\n  <div id=\"root\"></div>\n\n  \n</body>\n\n</html>\n" columns= [Object, Object, Object, Object, Object, Object]  ... > 
  at <DataTable value="<!DOCTYPE html>\n<html lang=\"en\">\n\n<head>\n  <meta charset=\"utf-8\" />\n  <meta name=\"viewport\" content=\"width=device-width, initial-scale=1\" />\n  <meta name=\"theme-color\" content=\"#000000\" />\n  <link rel=\"shortcut icon\" type=\"image/ico\" href=\"/assets/favicon-bc234827.ico\" />\n  <link href=\"https://fonts.googleapis.com/css?family=Roboto:300,400,500\" rel=\"stylesheet\" />\n  <title>Pentaract UI</title>\n\n  <style>\n    *,\n    html {\n      margin: 0;\n      padding: 0;\n    }\n  </style>\n  <script type=\"module\" crossorigin src=\"/assets/index-58b24b54.js\"></script>\n  <link rel=\"stylesheet\" href=\"/assets/index-a4f6c957.css\">\n</head>\n\n<body>\n  <noscript>Wanna write ur own UI without js?! Go ahead, don't disturb others</noscript>\n  <div id=\"root\"></div>\n\n  \n</body>\n\n</html>\n" loading=false stripedRows=""  ... > 
  at <OrdersView onVnodeUnmounted=fn<onVnodeUnmounted> ref=Ref< Proxy(Object) > > 
  at <RouterView> 
  at <AppLayout onVnodeUnmounted=fn<onVnodeUnmounted> ref=Ref< Proxy(Object) > > 
  at <RouterView> 
  at <App> @ http://localhost:5277/node_modules/@vue/runtime-core/dist/runtime-core.esm-bundler.js:49
[    2201ms] [WARNING] [Vue warn]: Invalid prop: type check failed for prop "rowData". Expected Object, got String with value "P". 
  at <BodyCell key="id" rowData="P" column= {__v_isVNode: true, __v_skip: true, type: Object, props: Object, key: null}  ... > 
  at <BodyRow key=undefined rowData="P" index=7  ... > 
  at <TableBody ref="bodyRef" value="<!DOCTYPE html>\n<htm" class=""  ... > 
  at <VirtualScroller ref="virtualScroller" items="<!DOCTYPE html>\n<html lang=\"en\">\n\n<head>\n  <meta charset=\"utf-8\" />\n  <meta name=\"viewport\" content=\"width=device-width, initial-scale=1\" />\n  <meta name=\"theme-color\" content=\"#000000\" />\n  <link rel=\"shortcut icon\" type=\"image/ico\" href=\"/assets/favicon-bc234827.ico\" />\n  <link href=\"https://fonts.googleapis.com/css?family=Roboto:300,400,500\" rel=\"stylesheet\" />\n  <title>Pentaract UI</title>\n\n  <style>\n    *,\n    html {\n      margin: 0;\n      padding: 0;\n    }\n  </style>\n  <script type=\"module\" crossorigin src=\"/assets/index-58b24b54.js\"></script>\n  <link rel=\"stylesheet\" href=\"/assets/index-a4f6c957.css\">\n</head>\n\n<body>\n  <noscript>Wanna write ur own UI without js?! Go ahead, don't disturb others</noscript>\n  <div id=\"root\"></div>\n\n  \n</body>\n\n</html>\n" columns= [Object, Object, Object, Object, Object, Object]  ... > 
  at <DataTable value="<!DOCTYPE html>\n<html lang=\"en\">\n\n<head>\n  <meta charset=\"utf-8\" />\n  <meta name=\"viewport\" content=\"width=device-width, initial-scale=1\" />\n  <meta name=\"theme-color\" content=\"#000000\" />\n  <link rel=\"shortcut icon\" type=\"image/ico\" href=\"/assets/favicon-bc234827.ico\" />\n  <link href=\"https://fonts.googleapis.com/css?family=Roboto:300,400,500\" rel=\"stylesheet\" />\n  <title>Pentaract UI</title>\n\n  <style>\n    *,\n    html {\n      margin: 0;\n      padding: 0;\n    }\n  </style>\n  <script type=\"module\" crossorigin src=\"/assets/index-58b24b54.js\"></script>\n  <link rel=\"stylesheet\" href=\"/assets/index-a4f6c957.css\">\n</head>\n\n<body>\n  <noscript>Wanna write ur own UI without js?! Go ahead, don't disturb others</noscript>\n  <div id=\"root\"></div>\n\n  \n</body>\n\n</html>\n" loading=false stripedRows=""  ... > 
  at <OrdersView onVnodeUnmounted=fn<onVnodeUnmounted> ref=Ref< Proxy(Object) > > 
  at <RouterView> 
  at <AppLayout onVnodeUnmounted=fn<onVnodeUnmounted> ref=Ref< Proxy(Object) > > 
  at <RouterView> 
  at <App> @ http://localhost:5277/node_modules/@vue/runtime-core/dist/runtime-core.esm-bundler.js:49
[    2205ms] [WARNING] [Vue warn]: Invalid prop: type check failed for prop "rowData". Expected Object, got String with value "P". 
  at <BodyCell key="client_id" rowData="P" column= {__v_isVNode: true, __v_skip: true, type: Object, props: Object, key: null}  ... > 
  at <BodyRow key=undefined rowData="P" index=7  ... > 
  at <TableBody ref="bodyRef" value="<!DOCTYPE html>\n<htm" class=""  ... > 
  at <VirtualScroller ref="virtualScroller" items="<!DOCTYPE html>\n<html lang=\"en\">\n\n<head>\n  <meta charset=\"utf-8\" />\n  <meta name=\"viewport\" content=\"width=device-width, initial-scale=1\" />\n  <meta name=\"theme-color\" content=\"#000000\" />\n  <link rel=\"shortcut icon\" type=\"image/ico\" href=\"/assets/favicon-bc234827.ico\" />\n  <link href=\"https://fonts.googleapis.com/css?family=Roboto:300,400,500\" rel=\"stylesheet\" />\n  <title>Pentaract UI</title>\n\n  <style>\n    *,\n    html {\n      margin: 0;\n      padding: 0;\n    }\n  </style>\n  <script type=\"module\" crossorigin src=\"/assets/index-58b24b54.js\"></script>\n  <link rel=\"stylesheet\" href=\"/assets/index-a4f6c957.css\">\n</head>\n\n<body>\n  <noscript>Wanna write ur own UI without js?! Go ahead, don't disturb others</noscript>\n  <div id=\"root\"></div>\n\n  \n</body>\n\n</html>\n" columns= [Object, Object, Object, Object, Object, Object]  ... > 
  at <DataTable value="<!DOCTYPE html>\n<html lang=\"en\">\n\n<head>\n  <meta charset=\"utf-8\" />\n  <meta name=\"viewport\" content=\"width=device-width, initial-scale=1\" />\n  <meta name=\"theme-color\" content=\"#000000\" />\n  <link rel=\"shortcut icon\" type=\"image/ico\" href=\"/assets/favicon-bc234827.ico\" />\n  <link href=\"https://fonts.googleapis.com/css?family=Roboto:300,400,500\" rel=\"stylesheet\" />\n  <title>Pentaract UI</title>\n\n  <style>\n    *,\n    html {\n      margin: 0;\n      padding: 0;\n    }\n  </style>\n  <script type=\"module\" crossorigin src=\"/assets/index-58b24b54.js\"></script>\n  <link rel=\"stylesheet\" href=\"/assets/index-a4f6c957.css\">\n</head>\n\n<body>\n  <noscript>Wanna write ur own UI without js?! Go ahead, don't disturb others</noscript>\n  <div id=\"root\"></div>\n\n  \n</body>\n\n</html>\n" loading=false stripedRows=""  ... > 
  at <OrdersView onVnodeUnmounted=fn<onVnodeUnmounted> ref=Ref< Proxy(Object) > > 
  at <RouterView> 
  at <AppLayout onVnodeUnmounted=fn<onVnodeUnmounted> ref=Ref< Proxy(Object) > > 
  at <RouterView> 
  at <App> @ http://localhost:5277/node_modules/@vue/runtime-core/dist/runtime-core.esm-bundler.js:49
[    2213ms] [WARNING] [Vue warn]: Invalid prop: type check failed for prop "rowData". Expected Object, got String with value "P". 
  at <BodyCell key="source" rowData="P" column= {__v_isVNode: true, __v_skip: true, type: Object, props: Object, key: null}  ... > 
  at <BodyRow key=undefined rowData="P" index=7  ... > 
  at <TableBody ref="bodyRef" value="<!DOCTYPE html>\n<htm" class=""  ... > 
  at <VirtualScroller ref="virtualScroller" items="<!DOCTYPE html>\n<html lang=\"en\">\n\n<head>\n  <meta charset=\"utf-8\" />\n  <meta name=\"viewport\" content=\"width=device-width, initial-scale=1\" />\n  <meta name=\"theme-color\" content=\"#000000\" />\n  <link rel=\"shortcut icon\" type=\"image/ico\" href=\"/assets/favicon-bc234827.ico\" />\n  <link href=\"https://fonts.googleapis.com/css?family=Roboto:300,400,500\" rel=\"stylesheet\" />\n  <title>Pentaract UI</title>\n\n  <style>\n    *,\n    html {\n      margin: 0;\n      padding: 0;\n    }\n  </style>\n  <script type=\"module\" crossorigin src=\"/assets/index-58b24b54.js\"></script>\n  <link rel=\"stylesheet\" href=\"/assets/index-a4f6c957.css\">\n</head>\n\n<body>\n  <noscript>Wanna write ur own UI without js?! Go ahead, don't disturb others</noscript>\n  <div id=\"root\"></div>\n\n  \n</body>\n\n</html>\n" columns= [Object, Object, Object, Object, Object, Object]  ... > 
  at <DataTable value="<!DOCTYPE html>\n<html lang=\"en\">\n\n<head>\n  <meta charset=\"utf-8\" />\n  <meta name=\"viewport\" content=\"width=device-width, initial-scale=1\" />\n  <meta name=\"theme-color\" content=\"#000000\" />\n  <link rel=\"shortcut icon\" type=\"image/ico\" href=\"/assets/favicon-bc234827.ico\" />\n  <link href=\"https://fonts.googleapis.com/css?family=Roboto:300,400,500\" rel=\"stylesheet\" />\n  <title>Pentaract UI</title>\n\n  <style>\n    *,\n    html {\n      margin: 0;\n      padding: 0;\n    }\n  </style>\n  <script type=\"module\" crossorigin src=\"/assets/index-58b24b54.js\"></script>\n  <link rel=\"stylesheet\" href=\"/assets/index-a4f6c957.css\">\n</head>\n\n<body>\n  <noscript>Wanna write ur own UI without js?! Go ahead, don't disturb others</noscript>\n  <div id=\"root\"></div>\n\n  \n</body>\n\n</html>\n" loading=false stripedRows=""  ... > 
  at <OrdersView onVnodeUnmounted=fn<onVnodeUnmounted> ref=Ref< Proxy(Object) > > 
  at <RouterView> 
  at <AppLayout onVnodeUnmounted=fn<onVnodeUnmounted> ref=Ref< Proxy(Object) > > 
  at <RouterView> 
  at <App> @ http://localhost:5277/node_modules/@vue/runtime-core/dist/runtime-core.esm-bundler.js:49
[    2215ms] [WARNING] [Vue warn]: Invalid prop: type check failed for prop "rowData". Expected Object, got String with value "P". 
  at <BodyCell key="status" rowData="P" column= {__v_isVNode: true, __v_skip: true, type: Object, props: Object, key: null}  ... > 
  at <BodyRow key=undefined rowData="P" index=7  ... > 
  at <TableBody ref="bodyRef" value="<!DOCTYPE html>\n<htm" class=""  ... > 
  at <VirtualScroller ref="virtualScroller" items="<!DOCTYPE html>\n<html lang=\"en\">\n\n<head>\n  <meta charset=\"utf-8\" />\n  <meta name=\"viewport\" content=\"width=device-width, initial-scale=1\" />\n  <meta name=\"theme-color\" content=\"#000000\" />\n  <link rel=\"shortcut icon\" type=\"image/ico\" href=\"/assets/favicon-bc234827.ico\" />\n  <link href=\"https://fonts.googleapis.com/css?family=Roboto:300,400,500\" rel=\"stylesheet\" />\n  <title>Pentaract UI</title>\n\n  <style>\n    *,\n    html {\n      margin: 0;\n      padding: 0;\n    }\n  </style>\n  <script type=\"module\" crossorigin src=\"/assets/index-58b24b54.js\"></script>\n  <link rel=\"stylesheet\" href=\"/assets/index-a4f6c957.css\">\n</head>\n\n<body>\n  <noscript>Wanna write ur own UI without js?! Go ahead, don't disturb others</noscript>\n  <div id=\"root\"></div>\n\n  \n</body>\n\n</html>\n" columns= [Object, Object, Object, Object, Object, Object]  ... > 
  at <DataTable value="<!DOCTYPE html>\n<html lang=\"en\">\n\n<head>\n  <meta charset=\"utf-8\" />\n  <meta name=\"viewport\" content=\"width=device-width, initial-scale=1\" />\n  <meta name=\"theme-color\" content=\"#000000\" />\n  <link rel=\"shortcut icon\" type=\"image/ico\" href=\"/assets/favicon-bc234827.ico\" />\n  <link href=\"https://fonts.googleapis.com/css?family=Roboto:300,400,500\" rel=\"stylesheet\" />\n  <title>Pentaract UI</title>\n\n  <style>\n    *,\n    html {\n      margin: 0;\n      padding: 0;\n    }\n  </style>\n  <script type=\"module\" crossorigin src=\"/assets/index-58b24b54.js\"></script>\n  <link rel=\"stylesheet\" href=\"/assets/index-a4f6c957.css\">\n</head>\n\n<body>\n  <noscript>Wanna write ur own UI without js?! Go ahead, don't disturb others</noscript>\n  <div id=\"root\"></div>\n\n  \n</body>\n\n</html>\n" loading=false stripedRows=""  ... > 
  at <OrdersView onVnodeUnmounted=fn<onVnodeUnmounted> ref=Ref< Proxy(Object) > > 
  at <RouterView> 
  at <AppLayout onVnodeUnmounted=fn<onVnodeUnmounted> ref=Ref< Proxy(Object) > > 
  at <RouterView> 
  at <App> @ http://localhost:5277/node_modules/@vue/runtime-core/dist/runtime-core.esm-bundler.js:49
[    2218ms] [WARNING] [Vue warn]: Invalid prop: type check failed for prop "rowData". Expected Object, got String with value "P". 
  at <BodyCell key="created_at" rowData="P" column= {__v_isVNode: true, __v_skip: true, type: Object, props: Object, key: null}  ... > 
  at <BodyRow key=undefined rowData="P" index=7  ... > 
  at <TableBody ref="bodyRef" value="<!DOCTYPE html>\n<htm" class=""  ... > 
  at <VirtualScroller ref="virtualScroller" items="<!DOCTYPE html>\n<html lang=\"en\">\n\n<head>\n  <meta charset=\"utf-8\" />\n  <meta name=\"viewport\" content=\"width=device-width, initial-scale=1\" />\n  <meta name=\"theme-color\" content=\"#000000\" />\n  <link rel=\"shortcut icon\" type=\"image/ico\" href=\"/assets/favicon-bc234827.ico\" />\n  <link href=\"https://fonts.googleapis.com/css?family=Roboto:300,400,500\" rel=\"stylesheet\" />\n  <title>Pentaract UI</title>\n\n  <style>\n    *,\n    html {\n      margin: 0;\n      padding: 0;\n    }\n  </style>\n  <script type=\"module\" crossorigin src=\"/assets/index-58b24b54.js\"></script>\n  <link rel=\"stylesheet\" href=\"/assets/index-a4f6c957.css\">\n</head>\n\n<body>\n  <noscript>Wanna write ur own UI without js?! Go ahead, don't disturb others</noscript>\n  <div id=\"root\"></div>\n\n  \n</body>\n\n</html>\n" columns= [Object, Object, Object, Object, Object, Object]  ... > 
  at <DataTable value="<!DOCTYPE html>\n<html lang=\"en\">\n\n<head>\n  <meta charset=\"utf-8\" />\n  <meta name=\"viewport\" content=\"width=device-width, initial-scale=1\" />\n  <meta name=\"theme-color\" content=\"#000000\" />\n  <link rel=\"shortcut icon\" type=\"image/ico\" href=\"/assets/favicon-bc234827.ico\" />\n  <link href=\"https://fonts.googleapis.com/css?family=Roboto:300,400,500\" rel=\"stylesheet\" />\n  <title>Pentaract UI</title>\n\n  <style>\n    *,\n    html {\n      margin: 0;\n      padding: 0;\n    }\n  </style>\n  <script type=\"module\" crossorigin src=\"/assets/index-58b24b54.js\"></script>\n  <link rel=\"stylesheet\" href=\"/assets/index-a4f6c957.css\">\n</head>\n\n<body>\n  <noscript>Wanna write ur own UI without js?! Go ahead, don't disturb others</noscript>\n  <div id=\"root\"></div>\n\n  \n</body>\n\n</html>\n" loading=false stripedRows=""  ... > 
  at <OrdersView onVnodeUnmounted=fn<onVnodeUnmounted> ref=Ref< Proxy(Object) > > 
  at <RouterView> 
  at <AppLayout onVnodeUnmounted=fn<onVnodeUnmounted> ref=Ref< Proxy(Object) > > 
  at <RouterView> 
  at <App> @ http://localhost:5277/node_modules/@vue/runtime-core/dist/runtime-core.esm-bundler.js:49
[    2221ms] [WARNING] [Vue warn]: Invalid prop: type check failed for prop "rowData". Expected Object, got String with value "P". 
  at <BodyCell key=5 rowData="P" column= {__v_isVNode: true, __v_skip: true, type: Object, props: Object, key: null}  ... > 
  at <BodyRow key=undefined rowData="P" index=7  ... > 
  at <TableBody ref="bodyRef" value="<!DOCTYPE html>\n<htm" class=""  ... > 
  at <VirtualScroller ref="virtualScroller" items="<!DOCTYPE html>\n<html lang=\"en\">\n\n<head>\n  <meta charset=\"utf-8\" />\n  <meta name=\"viewport\" content=\"width=device-width, initial-scale=1\" />\n  <meta name=\"theme-color\" content=\"#000000\" />\n  <link rel=\"shortcut icon\" type=\"image/ico\" href=\"/assets/favicon-bc234827.ico\" />\n  <link href=\"https://fonts.googleapis.com/css?family=Roboto:300,400,500\" rel=\"stylesheet\" />\n  <title>Pentaract UI</title>\n\n  <style>\n    *,\n    html {\n      margin: 0;\n      padding: 0;\n    }\n  </style>\n  <script type=\"module\" crossorigin src=\"/assets/index-58b24b54.js\"></script>\n  <link rel=\"stylesheet\" href=\"/assets/index-a4f6c957.css\">\n</head>\n\n<body>\n  <noscript>Wanna write ur own UI without js?! Go ahead, don't disturb others</noscript>\n  <div id=\"root\"></div>\n\n  \n</body>\n\n</html>\n" columns= [Object, Object, Object, Object, Object, Object]  ... > 
  at <DataTable value="<!DOCTYPE html>\n<html lang=\"en\">\n\n<head>\n  <meta charset=\"utf-8\" />\n  <meta name=\"viewport\" content=\"width=device-width, initial-scale=1\" />\n  <meta name=\"theme-color\" content=\"#000000\" />\n  <link rel=\"shortcut icon\" type=\"image/ico\" href=\"/assets/favicon-bc234827.ico\" />\n  <link href=\"https://fonts.googleapis.com/css?family=Roboto:300,400,500\" rel=\"stylesheet\" />\n  <title>Pentaract UI</title>\n\n  <style>\n    *,\n    html {\n      margin: 0;\n      padding: 0;\n    }\n  </style>\n  <script type=\"module\" crossorigin src=\"/assets/index-58b24b54.js\"></script>\n  <link rel=\"stylesheet\" href=\"/assets/index-a4f6c957.css\">\n</head>\n\n<body>\n  <noscript>Wanna write ur own UI without js?! Go ahead, don't disturb others</noscript>\n  <div id=\"root\"></div>\n\n  \n</body>\n\n</html>\n" loading=false stripedRows=""  ... > 
  at <OrdersView onVnodeUnmounted=fn<onVnodeUnmounted> ref=Ref< Proxy(Object) > > 
  at <RouterView> 
  at <AppLayout onVnodeUnmounted=fn<onVnodeUnmounted> ref=Ref< Proxy(Object) > > 
  at <RouterView> 
  at <App> @ http://localhost:5277/node_modules/@vue/runtime-core/dist/runtime-core.esm-bundler.js:49
[    2225ms] [WARNING] [Vue warn]: Invalid prop: type check failed for prop "rowData". Expected Object, got String with value "E". 
  at <BodyRow key=undefined rowData="E" index=8  ... > 
  at <TableBody ref="bodyRef" value="<!DOCTYPE html>\n<htm" class=""  ... > 
  at <VirtualScroller ref="virtualScroller" items="<!DOCTYPE html>\n<html lang=\"en\">\n\n<head>\n  <meta charset=\"utf-8\" />\n  <meta name=\"viewport\" content=\"width=device-width, initial-scale=1\" />\n  <meta name=\"theme-color\" content=\"#000000\" />\n  <link rel=\"shortcut icon\" type=\"image/ico\" href=\"/assets/favicon-bc234827.ico\" />\n  <link href=\"https://fonts.googleapis.com/css?family=Roboto:300,400,500\" rel=\"stylesheet\" />\n  <title>Pentaract UI</title>\n\n  <style>\n    *,\n    html {\n      margin: 0;\n      padding: 0;\n    }\n  </style>\n  <script type=\"module\" crossorigin src=\"/assets/index-58b24b54.js\"></script>\n  <link rel=\"stylesheet\" href=\"/assets/index-a4f6c957.css\">\n</head>\n\n<body>\n  <noscript>Wanna write ur own UI without js?! Go ahead, don't disturb others</noscript>\n  <div id=\"root\"></div>\n\n  \n</body>\n\n</html>\n" columns= [Object, Object, Object, Object, Object, Object]  ... > 
  at <DataTable value="<!DOCTYPE html>\n<html lang=\"en\">\n\n<head>\n  <meta charset=\"utf-8\" />\n  <meta name=\"viewport\" content=\"width=device-width, initial-scale=1\" />\n  <meta name=\"theme-color\" content=\"#000000\" />\n  <link rel=\"shortcut icon\" type=\"image/ico\" href=\"/assets/favicon-bc234827.ico\" />\n  <link href=\"https://fonts.googleapis.com/css?family=Roboto:300,400,500\" rel=\"stylesheet\" />\n  <title>Pentaract UI</title>\n\n  <style>\n    *,\n    html {\n      margin: 0;\n      padding: 0;\n    }\n  </style>\n  <script type=\"module\" crossorigin src=\"/assets/index-58b24b54.js\"></script>\n  <link rel=\"stylesheet\" href=\"/assets/index-a4f6c957.css\">\n</head>\n\n<body>\n  <noscript>Wanna write ur own UI without js?! Go ahead, don't disturb others</noscript>\n  <div id=\"root\"></div>\n\n  \n</body>\n\n</html>\n" loading=false stripedRows=""  ... > 
  at <OrdersView onVnodeUnmounted=fn<onVnodeUnmounted> ref=Ref< Proxy(Object) > > 
  at <RouterView> 
  at <AppLayout onVnodeUnmounted=fn<onVnodeUnmounted> ref=Ref< Proxy(Object) > > 
  at <RouterView> 
  at <App> @ http://localhost:5277/node_modules/@vue/runtime-core/dist/runtime-core.esm-bundler.js:49
[    2226ms] [WARNING] [Vue warn]: Invalid prop: type check failed for prop "value". Expected Array, got String with value "<!DOCTYPE html>
<htm". 
  at <BodyRow key=undefined rowData="E" index=8  ... > 
  at <TableBody ref="bodyRef" value="<!DOCTYPE html>\n<htm" class=""  ... > 
  at <VirtualScroller ref="virtualScroller" items="<!DOCTYPE html>\n<html lang=\"en\">\n\n<head>\n  <meta charset=\"utf-8\" />\n  <meta name=\"viewport\" content=\"width=device-width, initial-scale=1\" />\n  <meta name=\"theme-color\" content=\"#000000\" />\n  <link rel=\"shortcut icon\" type=\"image/ico\" href=\"/assets/favicon-bc234827.ico\" />\n  <link href=\"https://fonts.googleapis.com/css?family=Roboto:300,400,500\" rel=\"stylesheet\" />\n  <title>Pentaract UI</title>\n\n  <style>\n    *,\n    html {\n      margin: 0;\n      padding: 0;\n    }\n  </style>\n  <script type=\"module\" crossorigin src=\"/assets/index-58b24b54.js\"></script>\n  <link rel=\"stylesheet\" href=\"/assets/index-a4f6c957.css\">\n</head>\n\n<body>\n  <noscript>Wanna write ur own UI without js?! Go ahead, don't disturb others</noscript>\n  <div id=\"root\"></div>\n\n  \n</body>\n\n</html>\n" columns= [Object, Object, Object, Object, Object, Object]  ... > 
  at <DataTable value="<!DOCTYPE html>\n<html lang=\"en\">\n\n<head>\n  <meta charset=\"utf-8\" />\n  <meta name=\"viewport\" content=\"width=device-width, initial-scale=1\" />\n  <meta name=\"theme-color\" content=\"#000000\" />\n  <link rel=\"shortcut icon\" type=\"image/ico\" href=\"/assets/favicon-bc234827.ico\" />\n  <link href=\"https://fonts.googleapis.com/css?family=Roboto:300,400,500\" rel=\"stylesheet\" />\n  <title>Pentaract UI</title>\n\n  <style>\n    *,\n    html {\n      margin: 0;\n      padding: 0;\n    }\n  </style>\n  <script type=\"module\" crossorigin src=\"/assets/index-58b24b54.js\"></script>\n  <link rel=\"stylesheet\" href=\"/assets/index-a4f6c957.css\">\n</head>\n\n<body>\n  <noscript>Wanna write ur own UI without js?! Go ahead, don't disturb others</noscript>\n  <div id=\"root\"></div>\n\n  \n</body>\n\n</html>\n" loading=false stripedRows=""  ... > 
  at <OrdersView onVnodeUnmounted=fn<onVnodeUnmounted> ref=Ref< Proxy(Object) > > 
  at <RouterView> 
  at <AppLayout onVnodeUnmounted=fn<onVnodeUnmounted> ref=Ref< Proxy(Object) > > 
  at <RouterView> 
  at <App> @ http://localhost:5277/node_modules/@vue/runtime-core/dist/runtime-core.esm-bundler.js:49
[    2229ms] [WARNING] [Vue warn]: Invalid prop: type check failed for prop "rowData". Expected Object, got String with value "E". 
  at <BodyCell key="id" rowData="E" column= {__v_isVNode: true, __v_skip: true, type: Object, props: Object, key: null}  ... > 
  at <BodyRow key=undefined rowData="E" index=8  ... > 
  at <TableBody ref="bodyRef" value="<!DOCTYPE html>\n<htm" class=""  ... > 
  at <VirtualScroller ref="virtualScroller" items="<!DOCTYPE html>\n<html lang=\"en\">\n\n<head>\n  <meta charset=\"utf-8\" />\n  <meta name=\"viewport\" content=\"width=device-width, initial-scale=1\" />\n  <meta name=\"theme-color\" content=\"#000000\" />\n  <link rel=\"shortcut icon\" type=\"image/ico\" href=\"/assets/favicon-bc234827.ico\" />\n  <link href=\"https://fonts.googleapis.com/css?family=Roboto:300,400,500\" rel=\"stylesheet\" />\n  <title>Pentaract UI</title>\n\n  <style>\n    *,\n    html {\n      margin: 0;\n      padding: 0;\n    }\n  </style>\n  <script type=\"module\" crossorigin src=\"/assets/index-58b24b54.js\"></script>\n  <link rel=\"stylesheet\" href=\"/assets/index-a4f6c957.css\">\n</head>\n\n<body>\n  <noscript>Wanna write ur own UI without js?! Go ahead, don't disturb others</noscript>\n  <div id=\"root\"></div>\n\n  \n</body>\n\n</html>\n" columns= [Object, Object, Object, Object, Object, Object]  ... > 
  at <DataTable value="<!DOCTYPE html>\n<html lang=\"en\">\n\n<head>\n  <meta charset=\"utf-8\" />\n  <meta name=\"viewport\" content=\"width=device-width, initial-scale=1\" />\n  <meta name=\"theme-color\" content=\"#000000\" />\n  <link rel=\"shortcut icon\" type=\"image/ico\" href=\"/assets/favicon-bc234827.ico\" />\n  <link href=\"https://fonts.googleapis.com/css?family=Roboto:300,400,500\" rel=\"stylesheet\" />\n  <title>Pentaract UI</title>\n\n  <style>\n    *,\n    html {\n      margin: 0;\n      padding: 0;\n    }\n  </style>\n  <script type=\"module\" crossorigin src=\"/assets/index-58b24b54.js\"></script>\n  <link rel=\"stylesheet\" href=\"/assets/index-a4f6c957.css\">\n</head>\n\n<body>\n  <noscript>Wanna write ur own UI without js?! Go ahead, don't disturb others</noscript>\n  <div id=\"root\"></div>\n\n  \n</body>\n\n</html>\n" loading=false stripedRows=""  ... > 
  at <OrdersView onVnodeUnmounted=fn<onVnodeUnmounted> ref=Ref< Proxy(Object) > > 
  at <RouterView> 
  at <AppLayout onVnodeUnmounted=fn<onVnodeUnmounted> ref=Ref< Proxy(Object) > > 
  at <RouterView> 
  at <App> @ http://localhost:5277/node_modules/@vue/runtime-core/dist/runtime-core.esm-bundler.js:49
[    2235ms] [WARNING] [Vue warn]: Invalid prop: type check failed for prop "rowData". Expected Object, got String with value "E". 
  at <BodyCell key="client_id" rowData="E" column= {__v_isVNode: true, __v_skip: true, type: Object, props: Object, key: null}  ... > 
  at <BodyRow key=undefined rowData="E" index=8  ... > 
  at <TableBody ref="bodyRef" value="<!DOCTYPE html>\n<htm" class=""  ... > 
  at <VirtualScroller ref="virtualScroller" items="<!DOCTYPE html>\n<html lang=\"en\">\n\n<head>\n  <meta charset=\"utf-8\" />\n  <meta name=\"viewport\" content=\"width=device-width, initial-scale=1\" />\n  <meta name=\"theme-color\" content=\"#000000\" />\n  <link rel=\"shortcut icon\" type=\"image/ico\" href=\"/assets/favicon-bc234827.ico\" />\n  <link href=\"https://fonts.googleapis.com/css?family=Roboto:300,400,500\" rel=\"stylesheet\" />\n  <title>Pentaract UI</title>\n\n  <style>\n    *,\n    html {\n      margin: 0;\n      padding: 0;\n    }\n  </style>\n  <script type=\"module\" crossorigin src=\"/assets/index-58b24b54.js\"></script>\n  <link rel=\"stylesheet\" href=\"/assets/index-a4f6c957.css\">\n</head>\n\n<body>\n  <noscript>Wanna write ur own UI without js?! Go ahead, don't disturb others</noscript>\n  <div id=\"root\"></div>\n\n  \n</body>\n\n</html>\n" columns= [Object, Object, Object, Object, Object, Object]  ... > 
  at <DataTable value="<!DOCTYPE html>\n<html lang=\"en\">\n\n<head>\n  <meta charset=\"utf-8\" />\n  <meta name=\"viewport\" content=\"width=device-width, initial-scale=1\" />\n  <meta name=\"theme-color\" content=\"#000000\" />\n  <link rel=\"shortcut icon\" type=\"image/ico\" href=\"/assets/favicon-bc234827.ico\" />\n  <link href=\"https://fonts.googleapis.com/css?family=Roboto:300,400,500\" rel=\"stylesheet\" />\n  <title>Pentaract UI</title>\n\n  <style>\n    *,\n    html {\n      margin: 0;\n      padding: 0;\n    }\n  </style>\n  <script type=\"module\" crossorigin src=\"/assets/index-58b24b54.js\"></script>\n  <link rel=\"stylesheet\" href=\"/assets/index-a4f6c957.css\">\n</head>\n\n<body>\n  <noscript>Wanna write ur own UI without js?! Go ahead, don't disturb others</noscript>\n  <div id=\"root\"></div>\n\n  \n</body>\n\n</html>\n" loading=false stripedRows=""  ... > 
  at <OrdersView onVnodeUnmounted=fn<onVnodeUnmounted> ref=Ref< Proxy(Object) > > 
  at <RouterView> 
  at <AppLayout onVnodeUnmounted=fn<onVnodeUnmounted> ref=Ref< Proxy(Object) > > 
  at <RouterView> 
  at <App> @ http://localhost:5277/node_modules/@vue/runtime-core/dist/runtime-core.esm-bundler.js:49
[    2238ms] [WARNING] [Vue warn]: Invalid prop: type check failed for prop "rowData". Expected Object, got String with value "E". 
  at <BodyCell key="source" rowData="E" column= {__v_isVNode: true, __v_skip: true, type: Object, props: Object, key: null}  ... > 
  at <BodyRow key=undefined rowData="E" index=8  ... > 
  at <TableBody ref="bodyRef" value="<!DOCTYPE html>\n<htm" class=""  ... > 
  at <VirtualScroller ref="virtualScroller" items="<!DOCTYPE html>\n<html lang=\"en\">\n\n<head>\n  <meta charset=\"utf-8\" />\n  <meta name=\"viewport\" content=\"width=device-width, initial-scale=1\" />\n  <meta name=\"theme-color\" content=\"#000000\" />\n  <link rel=\"shortcut icon\" type=\"image/ico\" href=\"/assets/favicon-bc234827.ico\" />\n  <link href=\"https://fonts.googleapis.com/css?family=Roboto:300,400,500\" rel=\"stylesheet\" />\n  <title>Pentaract UI</title>\n\n  <style>\n    *,\n    html {\n      margin: 0;\n      padding: 0;\n    }\n  </style>\n  <script type=\"module\" crossorigin src=\"/assets/index-58b24b54.js\"></script>\n  <link rel=\"stylesheet\" href=\"/assets/index-a4f6c957.css\">\n</head>\n\n<body>\n  <noscript>Wanna write ur own UI without js?! Go ahead, don't disturb others</noscript>\n  <div id=\"root\"></div>\n\n  \n</body>\n\n</html>\n" columns= [Object, Object, Object, Object, Object, Object]  ... > 
  at <DataTable value="<!DOCTYPE html>\n<html lang=\"en\">\n\n<head>\n  <meta charset=\"utf-8\" />\n  <meta name=\"viewport\" content=\"width=device-width, initial-scale=1\" />\n  <meta name=\"theme-color\" content=\"#000000\" />\n  <link rel=\"shortcut icon\" type=\"image/ico\" href=\"/assets/favicon-bc234827.ico\" />\n  <link href=\"https://fonts.googleapis.com/css?family=Roboto:300,400,500\" rel=\"stylesheet\" />\n  <title>Pentaract UI</title>\n\n  <style>\n    *,\n    html {\n      margin: 0;\n      padding: 0;\n    }\n  </style>\n  <script type=\"module\" crossorigin src=\"/assets/index-58b24b54.js\"></script>\n  <link rel=\"stylesheet\" href=\"/assets/index-a4f6c957.css\">\n</head>\n\n<body>\n  <noscript>Wanna write ur own UI without js?! Go ahead, don't disturb others</noscript>\n  <div id=\"root\"></div>\n\n  \n</body>\n\n</html>\n" loading=false stripedRows=""  ... > 
  at <OrdersView onVnodeUnmounted=fn<onVnodeUnmounted> ref=Ref< Proxy(Object) > > 
  at <RouterView> 
  at <AppLayout onVnodeUnmounted=fn<onVnodeUnmounted> ref=Ref< Proxy(Object) > > 
  at <RouterView> 
  at <App> @ http://localhost:5277/node_modules/@vue/runtime-core/dist/runtime-core.esm-bundler.js:49
[    2240ms] [WARNING] [Vue warn]: Invalid prop: type check failed for prop "rowData". Expected Object, got String with value "E". 
  at <BodyCell key="status" rowData="E" column= {__v_isVNode: true, __v_skip: true, type: Object, props: Object, key: null}  ... > 
  at <BodyRow key=undefined rowData="E" index=8  ... > 
  at <TableBody ref="bodyRef" value="<!DOCTYPE html>\n<htm" class=""  ... > 
  at <VirtualScroller ref="virtualScroller" items="<!DOCTYPE html>\n<html lang=\"en\">\n\n<head>\n  <meta charset=\"utf-8\" />\n  <meta name=\"viewport\" content=\"width=device-width, initial-scale=1\" />\n  <meta name=\"theme-color\" content=\"#000000\" />\n  <link rel=\"shortcut icon\" type=\"image/ico\" href=\"/assets/favicon-bc234827.ico\" />\n  <link href=\"https://fonts.googleapis.com/css?family=Roboto:300,400,500\" rel=\"stylesheet\" />\n  <title>Pentaract UI</title>\n\n  <style>\n    *,\n    html {\n      margin: 0;\n      padding: 0;\n    }\n  </style>\n  <script type=\"module\" crossorigin src=\"/assets/index-58b24b54.js\"></script>\n  <link rel=\"stylesheet\" href=\"/assets/index-a4f6c957.css\">\n</head>\n\n<body>\n  <noscript>Wanna write ur own UI without js?! Go ahead, don't disturb others</noscript>\n  <div id=\"root\"></div>\n\n  \n</body>\n\n</html>\n" columns= [Object, Object, Object, Object, Object, Object]  ... > 
  at <DataTable value="<!DOCTYPE html>\n<html lang=\"en\">\n\n<head>\n  <meta charset=\"utf-8\" />\n  <meta name=\"viewport\" content=\"width=device-width, initial-scale=1\" />\n  <meta name=\"theme-color\" content=\"#000000\" />\n  <link rel=\"shortcut icon\" type=\"image/ico\" href=\"/assets/favicon-bc234827.ico\" />\n  <link href=\"https://fonts.googleapis.com/css?family=Roboto:300,400,500\" rel=\"stylesheet\" />\n  <title>Pentaract UI</title>\n\n  <style>\n    *,\n    html {\n      margin: 0;\n      padding: 0;\n    }\n  </style>\n  <script type=\"module\" crossorigin src=\"/assets/index-58b24b54.js\"></script>\n  <link rel=\"stylesheet\" href=\"/assets/index-a4f6c957.css\">\n</head>\n\n<body>\n  <noscript>Wanna write ur own UI without js?! Go ahead, don't disturb others</noscript>\n  <div id=\"root\"></div>\n\n  \n</body>\n\n</html>\n" loading=false stripedRows=""  ... > 
  at <OrdersView onVnodeUnmounted=fn<onVnodeUnmounted> ref=Ref< Proxy(Object) > > 
  at <RouterView> 
  at <AppLayout onVnodeUnmounted=fn<onVnodeUnmounted> ref=Ref< Proxy(Object) > > 
  at <RouterView> 
  at <App> @ http://localhost:5277/node_modules/@vue/runtime-core/dist/runtime-core.esm-bundler.js:49
[    2244ms] [WARNING] [Vue warn]: Invalid prop: type check failed for prop "rowData". Expected Object, got String with value "E". 
  at <BodyCell key="created_at" rowData="E" column= {__v_isVNode: true, __v_skip: true, type: Object, props: Object, key: null}  ... > 
  at <BodyRow key=undefined rowData="E" index=8  ... > 
  at <TableBody ref="bodyRef" value="<!DOCTYPE html>\n<htm" class=""  ... > 
  at <VirtualScroller ref="virtualScroller" items="<!DOCTYPE html>\n<html lang=\"en\">\n\n<head>\n  <meta charset=\"utf-8\" />\n  <meta name=\"viewport\" content=\"width=device-width, initial-scale=1\" />\n  <meta name=\"theme-color\" content=\"#000000\" />\n  <link rel=\"shortcut icon\" type=\"image/ico\" href=\"/assets/favicon-bc234827.ico\" />\n  <link href=\"https://fonts.googleapis.com/css?family=Roboto:300,400,500\" rel=\"stylesheet\" />\n  <title>Pentaract UI</title>\n\n  <style>\n    *,\n    html {\n      margin: 0;\n      padding: 0;\n    }\n  </style>\n  <script type=\"module\" crossorigin src=\"/assets/index-58b24b54.js\"></script>\n  <link rel=\"stylesheet\" href=\"/assets/index-a4f6c957.css\">\n</head>\n\n<body>\n  <noscript>Wanna write ur own UI without js?! Go ahead, don't disturb others</noscript>\n  <div id=\"root\"></div>\n\n  \n</body>\n\n</html>\n" columns= [Object, Object, Object, Object, Object, Object]  ... > 
  at <DataTable value="<!DOCTYPE html>\n<html lang=\"en\">\n\n<head>\n  <meta charset=\"utf-8\" />\n  <meta name=\"viewport\" content=\"width=device-width, initial-scale=1\" />\n  <meta name=\"theme-color\" content=\"#000000\" />\n  <link rel=\"shortcut icon\" type=\"image/ico\" href=\"/assets/favicon-bc234827.ico\" />\n  <link href=\"https://fonts.googleapis.com/css?family=Roboto:300,400,500\" rel=\"stylesheet\" />\n  <title>Pentaract UI</title>\n\n  <style>\n    *,\n    html {\n      margin: 0;\n      padding: 0;\n    }\n  </style>\n  <script type=\"module\" crossorigin src=\"/assets/index-58b24b54.js\"></script>\n  <link rel=\"stylesheet\" href=\"/assets/index-a4f6c957.css\">\n</head>\n\n<body>\n  <noscript>Wanna write ur own UI without js?! Go ahead, don't disturb others</noscript>\n  <div id=\"root\"></div>\n\n  \n</body>\n\n</html>\n" loading=false stripedRows=""  ... > 
  at <OrdersView onVnodeUnmounted=fn<onVnodeUnmounted> ref=Ref< Proxy(Object) > > 
  at <RouterView> 
  at <AppLayout onVnodeUnmounted=fn<onVnodeUnmounted> ref=Ref< Proxy(Object) > > 
  at <RouterView> 
  at <App> @ http://localhost:5277/node_modules/@vue/runtime-core/dist/runtime-core.esm-bundler.js:49
[    2246ms] [WARNING] [Vue warn]: Invalid prop: type check failed for prop "rowData". Expected Object, got String with value "E". 
  at <BodyCell key=5 rowData="E" column= {__v_isVNode: true, __v_skip: true, type: Object, props: Object, key: null}  ... > 
  at <BodyRow key=undefined rowData="E" index=8  ... > 
  at <TableBody ref="bodyRef" value="<!DOCTYPE html>\n<htm" class=""  ... > 
  at <VirtualScroller ref="virtualScroller" items="<!DOCTYPE html>\n<html lang=\"en\">\n\n<head>\n  <meta charset=\"utf-8\" />\n  <meta name=\"viewport\" content=\"width=device-width, initial-scale=1\" />\n  <meta name=\"theme-color\" content=\"#000000\" />\n  <link rel=\"shortcut icon\" type=\"image/ico\" href=\"/assets/favicon-bc234827.ico\" />\n  <link href=\"https://fonts.googleapis.com/css?family=Roboto:300,400,500\" rel=\"stylesheet\" />\n  <title>Pentaract UI</title>\n\n  <style>\n    *,\n    html {\n      margin: 0;\n      padding: 0;\n    }\n  </style>\n  <script type=\"module\" crossorigin src=\"/assets/index-58b24b54.js\"></script>\n  <link rel=\"stylesheet\" href=\"/assets/index-a4f6c957.css\">\n</head>\n\n<body>\n  <noscript>Wanna write ur own UI without js?! Go ahead, don't disturb others</noscript>\n  <div id=\"root\"></div>\n\n  \n</body>\n\n</html>\n" columns= [Object, Object, Object, Object, Object, Object]  ... > 
  at <DataTable value="<!DOCTYPE html>\n<html lang=\"en\">\n\n<head>\n  <meta charset=\"utf-8\" />\n  <meta name=\"viewport\" content=\"width=device-width, initial-scale=1\" />\n  <meta name=\"theme-color\" content=\"#000000\" />\n  <link rel=\"shortcut icon\" type=\"image/ico\" href=\"/assets/favicon-bc234827.ico\" />\n  <link href=\"https://fonts.googleapis.com/css?family=Roboto:300,400,500\" rel=\"stylesheet\" />\n  <title>Pentaract UI</title>\n\n  <style>\n    *,\n    html {\n      margin: 0;\n      padding: 0;\n    }\n  </style>\n  <script type=\"module\" crossorigin src=\"/assets/index-58b24b54.js\"></script>\n  <link rel=\"stylesheet\" href=\"/assets/index-a4f6c957.css\">\n</head>\n\n<body>\n  <noscript>Wanna write ur own UI without js?! Go ahead, don't disturb others</noscript>\n  <div id=\"root\"></div>\n\n  \n</body>\n\n</html>\n" loading=false stripedRows=""  ... > 
  at <OrdersView onVnodeUnmounted=fn<onVnodeUnmounted> ref=Ref< Proxy(Object) > > 
  at <RouterView> 
  at <AppLayout onVnodeUnmounted=fn<onVnodeUnmounted> ref=Ref< Proxy(Object) > > 
  at <RouterView> 
  at <App> @ http://localhost:5277/node_modules/@vue/runtime-core/dist/runtime-core.esm-bundler.js:49
[    2251ms] [WARNING] [Vue warn]: Invalid prop: type check failed for prop "rowData". Expected Object, got String with value " ". 
  at <BodyRow key=undefined rowData=" " index=9  ... > 
  at <TableBody ref="bodyRef" value="<!DOCTYPE html>\n<htm" class=""  ... > 
  at <VirtualScroller ref="virtualScroller" items="<!DOCTYPE html>\n<html lang=\"en\">\n\n<head>\n  <meta charset=\"utf-8\" />\n  <meta name=\"viewport\" content=\"width=device-width, initial-scale=1\" />\n  <meta name=\"theme-color\" content=\"#000000\" />\n  <link rel=\"shortcut icon\" type=\"image/ico\" href=\"/assets/favicon-bc234827.ico\" />\n  <link href=\"https://fonts.googleapis.com/css?family=Roboto:300,400,500\" rel=\"stylesheet\" />\n  <title>Pentaract UI</title>\n\n  <style>\n    *,\n    html {\n      margin: 0;\n      padding: 0;\n    }\n  </style>\n  <script type=\"module\" crossorigin src=\"/assets/index-58b24b54.js\"></script>\n  <link rel=\"stylesheet\" href=\"/assets/index-a4f6c957.css\">\n</head>\n\n<body>\n  <noscript>Wanna write ur own UI without js?! Go ahead, don't disturb others</noscript>\n  <div id=\"root\"></div>\n\n  \n</body>\n\n</html>\n" columns= [Object, Object, Object, Object, Object, Object]  ... > 
  at <DataTable value="<!DOCTYPE html>\n<html lang=\"en\">\n\n<head>\n  <meta charset=\"utf-8\" />\n  <meta name=\"viewport\" content=\"width=device-width, initial-scale=1\" />\n  <meta name=\"theme-color\" content=\"#000000\" />\n  <link rel=\"shortcut icon\" type=\"image/ico\" href=\"/assets/favicon-bc234827.ico\" />\n  <link href=\"https://fonts.googleapis.com/css?family=Roboto:300,400,500\" rel=\"stylesheet\" />\n  <title>Pentaract UI</title>\n\n  <style>\n    *,\n    html {\n      margin: 0;\n      padding: 0;\n    }\n  </style>\n  <script type=\"module\" crossorigin src=\"/assets/index-58b24b54.js\"></script>\n  <link rel=\"stylesheet\" href=\"/assets/index-a4f6c957.css\">\n</head>\n\n<body>\n  <noscript>Wanna write ur own UI without js?! Go ahead, don't disturb others</noscript>\n  <div id=\"root\"></div>\n\n  \n</body>\n\n</html>\n" loading=false stripedRows=""  ... > 
  at <OrdersView onVnodeUnmounted=fn<onVnodeUnmounted> ref=Ref< Proxy(Object) > > 
  at <RouterView> 
  at <AppLayout onVnodeUnmounted=fn<onVnodeUnmounted> ref=Ref< Proxy(Object) > > 
  at <RouterView> 
  at <App> @ http://localhost:5277/node_modules/@vue/runtime-core/dist/runtime-core.esm-bundler.js:49
[    2252ms] [WARNING] [Vue warn]: Invalid prop: type check failed for prop "value". Expected Array, got String with value "<!DOCTYPE html>
<htm". 
  at <BodyRow key=undefined rowData=" " index=9  ... > 
  at <TableBody ref="bodyRef" value="<!DOCTYPE html>\n<htm" class=""  ... > 
  at <VirtualScroller ref="virtualScroller" items="<!DOCTYPE html>\n<html lang=\"en\">\n\n<head>\n  <meta charset=\"utf-8\" />\n  <meta name=\"viewport\" content=\"width=device-width, initial-scale=1\" />\n  <meta name=\"theme-color\" content=\"#000000\" />\n  <link rel=\"shortcut icon\" type=\"image/ico\" href=\"/assets/favicon-bc234827.ico\" />\n  <link href=\"https://fonts.googleapis.com/css?family=Roboto:300,400,500\" rel=\"stylesheet\" />\n  <title>Pentaract UI</title>\n\n  <style>\n    *,\n    html {\n      margin: 0;\n      padding: 0;\n    }\n  </style>\n  <script type=\"module\" crossorigin src=\"/assets/index-58b24b54.js\"></script>\n  <link rel=\"stylesheet\" href=\"/assets/index-a4f6c957.css\">\n</head>\n\n<body>\n  <noscript>Wanna write ur own UI without js?! Go ahead, don't disturb others</noscript>\n  <div id=\"root\"></div>\n\n  \n</body>\n\n</html>\n" columns= [Object, Object, Object, Object, Object, Object]  ... > 
  at <DataTable value="<!DOCTYPE html>\n<html lang=\"en\">\n\n<head>\n  <meta charset=\"utf-8\" />\n  <meta name=\"viewport\" content=\"width=device-width, initial-scale=1\" />\n  <meta name=\"theme-color\" content=\"#000000\" />\n  <link rel=\"shortcut icon\" type=\"image/ico\" href=\"/assets/favicon-bc234827.ico\" />\n  <link href=\"https://fonts.googleapis.com/css?family=Roboto:300,400,500\" rel=\"stylesheet\" />\n  <title>Pentaract UI</title>\n\n  <style>\n    *,\n    html {\n      margin: 0;\n      padding: 0;\n    }\n  </style>\n  <script type=\"module\" crossorigin src=\"/assets/index-58b24b54.js\"></script>\n  <link rel=\"stylesheet\" href=\"/assets/index-a4f6c957.css\">\n</head>\n\n<body>\n  <noscript>Wanna write ur own UI without js?! Go ahead, don't disturb others</noscript>\n  <div id=\"root\"></div>\n\n  \n</body>\n\n</html>\n" loading=false stripedRows=""  ... > 
  at <OrdersView onVnodeUnmounted=fn<onVnodeUnmounted> ref=Ref< Proxy(Object) > > 
  at <RouterView> 
  at <AppLayout onVnodeUnmounted=fn<onVnodeUnmounted> ref=Ref< Proxy(Object) > > 
  at <RouterView> 
  at <App> @ http://localhost:5277/node_modules/@vue/runtime-core/dist/runtime-core.esm-bundler.js:49
[    2254ms] [WARNING] [Vue warn]: Invalid prop: type check failed for prop "rowData". Expected Object, got String with value " ". 
  at <BodyCell key="id" rowData=" " column= {__v_isVNode: true, __v_skip: true, type: Object, props: Object, key: null}  ... > 
  at <BodyRow key=undefined rowData=" " index=9  ... > 
  at <TableBody ref="bodyRef" value="<!DOCTYPE html>\n<htm" class=""  ... > 
  at <VirtualScroller ref="virtualScroller" items="<!DOCTYPE html>\n<html lang=\"en\">\n\n<head>\n  <meta charset=\"utf-8\" />\n  <meta name=\"viewport\" content=\"width=device-width, initial-scale=1\" />\n  <meta name=\"theme-color\" content=\"#000000\" />\n  <link rel=\"shortcut icon\" type=\"image/ico\" href=\"/assets/favicon-bc234827.ico\" />\n  <link href=\"https://fonts.googleapis.com/css?family=Roboto:300,400,500\" rel=\"stylesheet\" />\n  <title>Pentaract UI</title>\n\n  <style>\n    *,\n    html {\n      margin: 0;\n      padding: 0;\n    }\n  </style>\n  <script type=\"module\" crossorigin src=\"/assets/index-58b24b54.js\"></script>\n  <link rel=\"stylesheet\" href=\"/assets/index-a4f6c957.css\">\n</head>\n\n<body>\n  <noscript>Wanna write ur own UI without js?! Go ahead, don't disturb others</noscript>\n  <div id=\"root\"></div>\n\n  \n</body>\n\n</html>\n" columns= [Object, Object, Object, Object, Object, Object]  ... > 
  at <DataTable value="<!DOCTYPE html>\n<html lang=\"en\">\n\n<head>\n  <meta charset=\"utf-8\" />\n  <meta name=\"viewport\" content=\"width=device-width, initial-scale=1\" />\n  <meta name=\"theme-color\" content=\"#000000\" />\n  <link rel=\"shortcut icon\" type=\"image/ico\" href=\"/assets/favicon-bc234827.ico\" />\n  <link href=\"https://fonts.googleapis.com/css?family=Roboto:300,400,500\" rel=\"stylesheet\" />\n  <title>Pentaract UI</title>\n\n  <style>\n    *,\n    html {\n      margin: 0;\n      padding: 0;\n    }\n  </style>\n  <script type=\"module\" crossorigin src=\"/assets/index-58b24b54.js\"></script>\n  <link rel=\"stylesheet\" href=\"/assets/index-a4f6c957.css\">\n</head>\n\n<body>\n  <noscript>Wanna write ur own UI without js?! Go ahead, don't disturb others</noscript>\n  <div id=\"root\"></div>\n\n  \n</body>\n\n</html>\n" loading=false stripedRows=""  ... > 
  at <OrdersView onVnodeUnmounted=fn<onVnodeUnmounted> ref=Ref< Proxy(Object) > > 
  at <RouterView> 
  at <AppLayout onVnodeUnmounted=fn<onVnodeUnmounted> ref=Ref< Proxy(Object) > > 
  at <RouterView> 
  at <App> @ http://localhost:5277/node_modules/@vue/runtime-core/dist/runtime-core.esm-bundler.js:49
[    2256ms] [WARNING] [Vue warn]: Invalid prop: type check failed for prop "rowData". Expected Object, got String with value " ". 
  at <BodyCell key="client_id" rowData=" " column= {__v_isVNode: true, __v_skip: true, type: Object, props: Object, key: null}  ... > 
  at <BodyRow key=undefined rowData=" " index=9  ... > 
  at <TableBody ref="bodyRef" value="<!DOCTYPE html>\n<htm" class=""  ... > 
  at <VirtualScroller ref="virtualScroller" items="<!DOCTYPE html>\n<html lang=\"en\">\n\n<head>\n  <meta charset=\"utf-8\" />\n  <meta name=\"viewport\" content=\"width=device-width, initial-scale=1\" />\n  <meta name=\"theme-color\" content=\"#000000\" />\n  <link rel=\"shortcut icon\" type=\"image/ico\" href=\"/assets/favicon-bc234827.ico\" />\n  <link href=\"https://fonts.googleapis.com/css?family=Roboto:300,400,500\" rel=\"stylesheet\" />\n  <title>Pentaract UI</title>\n\n  <style>\n    *,\n    html {\n      margin: 0;\n      padding: 0;\n    }\n  </style>\n  <script type=\"module\" crossorigin src=\"/assets/index-58b24b54.js\"></script>\n  <link rel=\"stylesheet\" href=\"/assets/index-a4f6c957.css\">\n</head>\n\n<body>\n  <noscript>Wanna write ur own UI without js?! Go ahead, don't disturb others</noscript>\n  <div id=\"root\"></div>\n\n  \n</body>\n\n</html>\n" columns= [Object, Object, Object, Object, Object, Object]  ... > 
  at <DataTable value="<!DOCTYPE html>\n<html lang=\"en\">\n\n<head>\n  <meta charset=\"utf-8\" />\n  <meta name=\"viewport\" content=\"width=device-width, initial-scale=1\" />\n  <meta name=\"theme-color\" content=\"#000000\" />\n  <link rel=\"shortcut icon\" type=\"image/ico\" href=\"/assets/favicon-bc234827.ico\" />\n  <link href=\"https://fonts.googleapis.com/css?family=Roboto:300,400,500\" rel=\"stylesheet\" />\n  <title>Pentaract UI</title>\n\n  <style>\n    *,\n    html {\n      margin: 0;\n      padding: 0;\n    }\n  </style>\n  <script type=\"module\" crossorigin src=\"/assets/index-58b24b54.js\"></script>\n  <link rel=\"stylesheet\" href=\"/assets/index-a4f6c957.css\">\n</head>\n\n<body>\n  <noscript>Wanna write ur own UI without js?! Go ahead, don't disturb others</noscript>\n  <div id=\"root\"></div>\n\n  \n</body>\n\n</html>\n" loading=false stripedRows=""  ... > 
  at <OrdersView onVnodeUnmounted=fn<onVnodeUnmounted> ref=Ref< Proxy(Object) > > 
  at <RouterView> 
  at <AppLayout onVnodeUnmounted=fn<onVnodeUnmounted> ref=Ref< Proxy(Object) > > 
  at <RouterView> 
  at <App> @ http://localhost:5277/node_modules/@vue/runtime-core/dist/runtime-core.esm-bundler.js:49
[    2259ms] [WARNING] [Vue warn]: Invalid prop: type check failed for prop "rowData". Expected Object, got String with value " ". 
  at <BodyCell key="source" rowData=" " column= {__v_isVNode: true, __v_skip: true, type: Object, props: Object, key: null}  ... > 
  at <BodyRow key=undefined rowData=" " index=9  ... > 
  at <TableBody ref="bodyRef" value="<!DOCTYPE html>\n<htm" class=""  ... > 
  at <VirtualScroller ref="virtualScroller" items="<!DOCTYPE html>\n<html lang=\"en\">\n\n<head>\n  <meta charset=\"utf-8\" />\n  <meta name=\"viewport\" content=\"width=device-width, initial-scale=1\" />\n  <meta name=\"theme-color\" content=\"#000000\" />\n  <link rel=\"shortcut icon\" type=\"image/ico\" href=\"/assets/favicon-bc234827.ico\" />\n  <link href=\"https://fonts.googleapis.com/css?family=Roboto:300,400,500\" rel=\"stylesheet\" />\n  <title>Pentaract UI</title>\n\n  <style>\n    *,\n    html {\n      margin: 0;\n      padding: 0;\n    }\n  </style>\n  <script type=\"module\" crossorigin src=\"/assets/index-58b24b54.js\"></script>\n  <link rel=\"stylesheet\" href=\"/assets/index-a4f6c957.css\">\n</head>\n\n<body>\n  <noscript>Wanna write ur own UI without js?! Go ahead, don't disturb others</noscript>\n  <div id=\"root\"></div>\n\n  \n</body>\n\n</html>\n" columns= [Object, Object, Object, Object, Object, Object]  ... > 
  at <DataTable value="<!DOCTYPE html>\n<html lang=\"en\">\n\n<head>\n  <meta charset=\"utf-8\" />\n  <meta name=\"viewport\" content=\"width=device-width, initial-scale=1\" />\n  <meta name=\"theme-color\" content=\"#000000\" />\n  <link rel=\"shortcut icon\" type=\"image/ico\" href=\"/assets/favicon-bc234827.ico\" />\n  <link href=\"https://fonts.googleapis.com/css?family=Roboto:300,400,500\" rel=\"stylesheet\" />\n  <title>Pentaract UI</title>\n\n  <style>\n    *,\n    html {\n      margin: 0;\n      padding: 0;\n    }\n  </style>\n  <script type=\"module\" crossorigin src=\"/assets/index-58b24b54.js\"></script>\n  <link rel=\"stylesheet\" href=\"/assets/index-a4f6c957.css\">\n</head>\n\n<body>\n  <noscript>Wanna write ur own UI without js?! Go ahead, don't disturb others</noscript>\n  <div id=\"root\"></div>\n\n  \n</body>\n\n</html>\n" loading=false stripedRows=""  ... > 
  at <OrdersView onVnodeUnmounted=fn<onVnodeUnmounted> ref=Ref< Proxy(Object) > > 
  at <RouterView> 
  at <AppLayout onVnodeUnmounted=fn<onVnodeUnmounted> ref=Ref< Proxy(Object) > > 
  at <RouterView> 
  at <App> @ http://localhost:5277/node_modules/@vue/runtime-core/dist/runtime-core.esm-bundler.js:49
[    2269ms] [WARNING] [Vue warn]: Invalid prop: type check failed for prop "rowData". Expected Object, got String with value " ". 
  at <BodyCell key="status" rowData=" " column= {__v_isVNode: true, __v_skip: true, type: Object, props: Object, key: null}  ... > 
  at <BodyRow key=undefined rowData=" " index=9  ... > 
  at <TableBody ref="bodyRef" value="<!DOCTYPE html>\n<htm" class=""  ... > 
  at <VirtualScroller ref="virtualScroller" items="<!DOCTYPE html>\n<html lang=\"en\">\n\n<head>\n  <meta charset=\"utf-8\" />\n  <meta name=\"viewport\" content=\"width=device-width, initial-scale=1\" />\n  <meta name=\"theme-color\" content=\"#000000\" />\n  <link rel=\"shortcut icon\" type=\"image/ico\" href=\"/assets/favicon-bc234827.ico\" />\n  <link href=\"https://fonts.googleapis.com/css?family=Roboto:300,400,500\" rel=\"stylesheet\" />\n  <title>Pentaract UI</title>\n\n  <style>\n    *,\n    html {\n      margin: 0;\n      padding: 0;\n    }\n  </style>\n  <script type=\"module\" crossorigin src=\"/assets/index-58b24b54.js\"></script>\n  <link rel=\"stylesheet\" href=\"/assets/index-a4f6c957.css\">\n</head>\n\n<body>\n  <noscript>Wanna write ur own UI without js?! Go ahead, don't disturb others</noscript>\n  <div id=\"root\"></div>\n\n  \n</body>\n\n</html>\n" columns= [Object, Object, Object, Object, Object, Object]  ... > 
  at <DataTable value="<!DOCTYPE html>\n<html lang=\"en\">\n\n<head>\n  <meta charset=\"utf-8\" />\n  <meta name=\"viewport\" content=\"width=device-width, initial-scale=1\" />\n  <meta name=\"theme-color\" content=\"#000000\" />\n  <link rel=\"shortcut icon\" type=\"image/ico\" href=\"/assets/favicon-bc234827.ico\" />\n  <link href=\"https://fonts.googleapis.com/css?family=Roboto:300,400,500\" rel=\"stylesheet\" />\n  <title>Pentaract UI</title>\n\n  <style>\n    *,\n    html {\n      margin: 0;\n      padding: 0;\n    }\n  </style>\n  <script type=\"module\" crossorigin src=\"/assets/index-58b24b54.js\"></script>\n  <link rel=\"stylesheet\" href=\"/assets/index-a4f6c957.css\">\n</head>\n\n<body>\n  <noscript>Wanna write ur own UI without js?! Go ahead, don't disturb others</noscript>\n  <div id=\"root\"></div>\n\n  \n</body>\n\n</html>\n" loading=false stripedRows=""  ... > 
  at <OrdersView onVnodeUnmounted=fn<onVnodeUnmounted> ref=Ref< Proxy(Object) > > 
  at <RouterView> 
  at <AppLayout onVnodeUnmounted=fn<onVnodeUnmounted> ref=Ref< Proxy(Object) > > 
  at <RouterView> 
  at <App> @ http://localhost:5277/node_modules/@vue/runtime-core/dist/runtime-core.esm-bundler.js:49
[    2272ms] [WARNING] [Vue warn]: Invalid prop: type check failed for prop "rowData". Expected Object, got String with value " ". 
  at <BodyCell key="created_at" rowData=" " column= {__v_isVNode: true, __v_skip: true, type: Object, props: Object, key: null}  ... > 
  at <BodyRow key=undefined rowData=" " index=9  ... > 
  at <TableBody ref="bodyRef" value="<!DOCTYPE html>\n<htm" class=""  ... > 
  at <VirtualScroller ref="virtualScroller" items="<!DOCTYPE html>\n<html lang=\"en\">\n\n<head>\n  <meta charset=\"utf-8\" />\n  <meta name=\"viewport\" content=\"width=device-width, initial-scale=1\" />\n  <meta name=\"theme-color\" content=\"#000000\" />\n  <link rel=\"shortcut icon\" type=\"image/ico\" href=\"/assets/favicon-bc234827.ico\" />\n  <link href=\"https://fonts.googleapis.com/css?family=Roboto:300,400,500\" rel=\"stylesheet\" />\n  <title>Pentaract UI</title>\n\n  <style>\n    *,\n    html {\n      margin: 0;\n      padding: 0;\n    }\n  </style>\n  <script type=\"module\" crossorigin src=\"/assets/index-58b24b54.js\"></script>\n  <link rel=\"stylesheet\" href=\"/assets/index-a4f6c957.css\">\n</head>\n\n<body>\n  <noscript>Wanna write ur own UI without js?! Go ahead, don't disturb others</noscript>\n  <div id=\"root\"></div>\n\n  \n</body>\n\n</html>\n" columns= [Object, Object, Object, Object, Object, Object]  ... > 
  at <DataTable value="<!DOCTYPE html>\n<html lang=\"en\">\n\n<head>\n  <meta charset=\"utf-8\" />\n  <meta name=\"viewport\" content=\"width=device-width, initial-scale=1\" />\n  <meta name=\"theme-color\" content=\"#000000\" />\n  <link rel=\"shortcut icon\" type=\"image/ico\" href=\"/assets/favicon-bc234827.ico\" />\n  <link href=\"https://fonts.googleapis.com/css?family=Roboto:300,400,500\" rel=\"stylesheet\" />\n  <title>Pentaract UI</title>\n\n  <style>\n    *,\n    html {\n      margin: 0;\n      padding: 0;\n    }\n  </style>\n  <script type=\"module\" crossorigin src=\"/assets/index-58b24b54.js\"></script>\n  <link rel=\"stylesheet\" href=\"/assets/index-a4f6c957.css\">\n</head>\n\n<body>\n  <noscript>Wanna write ur own UI without js?! Go ahead, don't disturb others</noscript>\n  <div id=\"root\"></div>\n\n  \n</body>\n\n</html>\n" loading=false stripedRows=""  ... > 
  at <OrdersView onVnodeUnmounted=fn<onVnodeUnmounted> ref=Ref< Proxy(Object) > > 
  at <RouterView> 
  at <AppLayout onVnodeUnmounted=fn<onVnodeUnmounted> ref=Ref< Proxy(Object) > > 
  at <RouterView> 
  at <App> @ http://localhost:5277/node_modules/@vue/runtime-core/dist/runtime-core.esm-bundler.js:49
[    2276ms] [WARNING] [Vue warn]: Invalid prop: type check failed for prop "rowData". Expected Object, got String with value " ". 
  at <BodyCell key=5 rowData=" " column= {__v_isVNode: true, __v_skip: true, type: Object, props: Object, key: null}  ... > 
  at <BodyRow key=undefined rowData=" " index=9  ... > 
  at <TableBody ref="bodyRef" value="<!DOCTYPE html>\n<htm" class=""  ... > 
  at <VirtualScroller ref="virtualScroller" items="<!DOCTYPE html>\n<html lang=\"en\">\n\n<head>\n  <meta charset=\"utf-8\" />\n  <meta name=\"viewport\" content=\"width=device-width, initial-scale=1\" />\n  <meta name=\"theme-color\" content=\"#000000\" />\n  <link rel=\"shortcut icon\" type=\"image/ico\" href=\"/assets/favicon-bc234827.ico\" />\n  <link href=\"https://fonts.googleapis.com/css?family=Roboto:300,400,500\" rel=\"stylesheet\" />\n  <title>Pentaract UI</title>\n\n  <style>\n    *,\n    html {\n      margin: 0;\n      padding: 0;\n    }\n  </style>\n  <script type=\"module\" crossorigin src=\"/assets/index-58b24b54.js\"></script>\n  <link rel=\"stylesheet\" href=\"/assets/index-a4f6c957.css\">\n</head>\n\n<body>\n  <noscript>Wanna write ur own UI without js?! Go ahead, don't disturb others</noscript>\n  <div id=\"root\"></div>\n\n  \n</body>\n\n</html>\n" columns= [Object, Object, Object, Object, Object, Object]  ... > 
  at <DataTable value="<!DOCTYPE html>\n<html lang=\"en\">\n\n<head>\n  <meta charset=\"utf-8\" />\n  <meta name=\"viewport\" content=\"width=device-width, initial-scale=1\" />\n  <meta name=\"theme-color\" content=\"#000000\" />\n  <link rel=\"shortcut icon\" type=\"image/ico\" href=\"/assets/favicon-bc234827.ico\" />\n  <link href=\"https://fonts.googleapis.com/css?family=Roboto:300,400,500\" rel=\"stylesheet\" />\n  <title>Pentaract UI</title>\n\n  <style>\n    *,\n    html {\n      margin: 0;\n      padding: 0;\n    }\n  </style>\n  <script type=\"module\" crossorigin src=\"/assets/index-58b24b54.js\"></script>\n  <link rel=\"stylesheet\" href=\"/assets/index-a4f6c957.css\">\n</head>\n\n<body>\n  <noscript>Wanna write ur own UI without js?! Go ahead, don't disturb others</noscript>\n  <div id=\"root\"></div>\n\n  \n</body>\n\n</html>\n" loading=false stripedRows=""  ... > 
  at <OrdersView onVnodeUnmounted=fn<onVnodeUnmounted> ref=Ref< Proxy(Object) > > 
  at <RouterView> 
  at <AppLayout onVnodeUnmounted=fn<onVnodeUnmounted> ref=Ref< Proxy(Object) > > 
  at <RouterView> 
  at <App> @ http://localhost:5277/node_modules/@vue/runtime-core/dist/runtime-core.esm-bundler.js:49
[    2281ms] [WARNING] [Vue warn]: Invalid prop: type check failed for prop "rowData". Expected Object, got String with value "h". 
  at <BodyRow key=undefined rowData="h" index=10  ... > 
  at <TableBody ref="bodyRef" value="<!DOCTYPE html>\n<htm" class=""  ... > 
  at <VirtualScroller ref="virtualScroller" items="<!DOCTYPE html>\n<html lang=\"en\">\n\n<head>\n  <meta charset=\"utf-8\" />\n  <meta name=\"viewport\" content=\"width=device-width, initial-scale=1\" />\n  <meta name=\"theme-color\" content=\"#000000\" />\n  <link rel=\"shortcut icon\" type=\"image/ico\" href=\"/assets/favicon-bc234827.ico\" />\n  <link href=\"https://fonts.googleapis.com/css?family=Roboto:300,400,500\" rel=\"stylesheet\" />\n  <title>Pentaract UI</title>\n\n  <style>\n    *,\n    html {\n      margin: 0;\n      padding: 0;\n    }\n  </style>\n  <script type=\"module\" crossorigin src=\"/assets/index-58b24b54.js\"></script>\n  <link rel=\"stylesheet\" href=\"/assets/index-a4f6c957.css\">\n</head>\n\n<body>\n  <noscript>Wanna write ur own UI without js?! Go ahead, don't disturb others</noscript>\n  <div id=\"root\"></div>\n\n  \n</body>\n\n</html>\n" columns= [Object, Object, Object, Object, Object, Object]  ... > 
  at <DataTable value="<!DOCTYPE html>\n<html lang=\"en\">\n\n<head>\n  <meta charset=\"utf-8\" />\n  <meta name=\"viewport\" content=\"width=device-width, initial-scale=1\" />\n  <meta name=\"theme-color\" content=\"#000000\" />\n  <link rel=\"shortcut icon\" type=\"image/ico\" href=\"/assets/favicon-bc234827.ico\" />\n  <link href=\"https://fonts.googleapis.com/css?family=Roboto:300,400,500\" rel=\"stylesheet\" />\n  <title>Pentaract UI</title>\n\n  <style>\n    *,\n    html {\n      margin: 0;\n      padding: 0;\n    }\n  </style>\n  <script type=\"module\" crossorigin src=\"/assets/index-58b24b54.js\"></script>\n  <link rel=\"stylesheet\" href=\"/assets/index-a4f6c957.css\">\n</head>\n\n<body>\n  <noscript>Wanna write ur own UI without js?! Go ahead, don't disturb others</noscript>\n  <div id=\"root\"></div>\n\n  \n</body>\n\n</html>\n" loading=false stripedRows=""  ... > 
  at <OrdersView onVnodeUnmounted=fn<onVnodeUnmounted> ref=Ref< Proxy(Object) > > 
  at <RouterView> 
  at <AppLayout onVnodeUnmounted=fn<onVnodeUnmounted> ref=Ref< Proxy(Object) > > 
  at <RouterView> 
  at <App> @ http://localhost:5277/node_modules/@vue/runtime-core/dist/runtime-core.esm-bundler.js:49
[    2282ms] [WARNING] [Vue warn]: Invalid prop: type check failed for prop "value". Expected Array, got String with value "<!DOCTYPE html>
<htm". 
  at <BodyRow key=undefined rowData="h" index=10  ... > 
  at <TableBody ref="bodyRef" value="<!DOCTYPE html>\n<htm" class=""  ... > 
  at <VirtualScroller ref="virtualScroller" items="<!DOCTYPE html>\n<html lang=\"en\">\n\n<head>\n  <meta charset=\"utf-8\" />\n  <meta name=\"viewport\" content=\"width=device-width, initial-scale=1\" />\n  <meta name=\"theme-color\" content=\"#000000\" />\n  <link rel=\"shortcut icon\" type=\"image/ico\" href=\"/assets/favicon-bc234827.ico\" />\n  <link href=\"https://fonts.googleapis.com/css?family=Roboto:300,400,500\" rel=\"stylesheet\" />\n  <title>Pentaract UI</title>\n\n  <style>\n    *,\n    html {\n      margin: 0;\n      padding: 0;\n    }\n  </style>\n  <script type=\"module\" crossorigin src=\"/assets/index-58b24b54.js\"></script>\n  <link rel=\"stylesheet\" href=\"/assets/index-a4f6c957.css\">\n</head>\n\n<body>\n  <noscript>Wanna write ur own UI without js?! Go ahead, don't disturb others</noscript>\n  <div id=\"root\"></div>\n\n  \n</body>\n\n</html>\n" columns= [Object, Object, Object, Object, Object, Object]  ... > 
  at <DataTable value="<!DOCTYPE html>\n<html lang=\"en\">\n\n<head>\n  <meta charset=\"utf-8\" />\n  <meta name=\"viewport\" content=\"width=device-width, initial-scale=1\" />\n  <meta name=\"theme-color\" content=\"#000000\" />\n  <link rel=\"shortcut icon\" type=\"image/ico\" href=\"/assets/favicon-bc234827.ico\" />\n  <link href=\"https://fonts.googleapis.com/css?family=Roboto:300,400,500\" rel=\"stylesheet\" />\n  <title>Pentaract UI</title>\n\n  <style>\n    *,\n    html {\n      margin: 0;\n      padding: 0;\n    }\n  </style>\n  <script type=\"module\" crossorigin src=\"/assets/index-58b24b54.js\"></script>\n  <link rel=\"stylesheet\" href=\"/assets/index-a4f6c957.css\">\n</head>\n\n<body>\n  <noscript>Wanna write ur own UI without js?! Go ahead, don't disturb others</noscript>\n  <div id=\"root\"></div>\n\n  \n</body>\n\n</html>\n" loading=false stripedRows=""  ... > 
  at <OrdersView onVnodeUnmounted=fn<onVnodeUnmounted> ref=Ref< Proxy(Object) > > 
  at <RouterView> 
  at <AppLayout onVnodeUnmounted=fn<onVnodeUnmounted> ref=Ref< Proxy(Object) > > 
  at <RouterView> 
  at <App> @ http://localhost:5277/node_modules/@vue/runtime-core/dist/runtime-core.esm-bundler.js:49
[    2284ms] [WARNING] [Vue warn]: Invalid prop: type check failed for prop "rowData". Expected Object, got String with value "h". 
  at <BodyCell key="id" rowData="h" column= {__v_isVNode: true, __v_skip: true, type: Object, props: Object, key: null}  ... > 
  at <BodyRow key=undefined rowData="h" index=10  ... > 
  at <TableBody ref="bodyRef" value="<!DOCTYPE html>\n<htm" class=""  ... > 
  at <VirtualScroller ref="virtualScroller" items="<!DOCTYPE html>\n<html lang=\"en\">\n\n<head>\n  <meta charset=\"utf-8\" />\n  <meta name=\"viewport\" content=\"width=device-width, initial-scale=1\" />\n  <meta name=\"theme-color\" content=\"#000000\" />\n  <link rel=\"shortcut icon\" type=\"image/ico\" href=\"/assets/favicon-bc234827.ico\" />\n  <link href=\"https://fonts.googleapis.com/css?family=Roboto:300,400,500\" rel=\"stylesheet\" />\n  <title>Pentaract UI</title>\n\n  <style>\n    *,\n    html {\n      margin: 0;\n      padding: 0;\n    }\n  </style>\n  <script type=\"module\" crossorigin src=\"/assets/index-58b24b54.js\"></script>\n  <link rel=\"stylesheet\" href=\"/assets/index-a4f6c957.css\">\n</head>\n\n<body>\n  <noscript>Wanna write ur own UI without js?! Go ahead, don't disturb others</noscript>\n  <div id=\"root\"></div>\n\n  \n</body>\n\n</html>\n" columns= [Object, Object, Object, Object, Object, Object]  ... > 
  at <DataTable value="<!DOCTYPE html>\n<html lang=\"en\">\n\n<head>\n  <meta charset=\"utf-8\" />\n  <meta name=\"viewport\" content=\"width=device-width, initial-scale=1\" />\n  <meta name=\"theme-color\" content=\"#000000\" />\n  <link rel=\"shortcut icon\" type=\"image/ico\" href=\"/assets/favicon-bc234827.ico\" />\n  <link href=\"https://fonts.googleapis.com/css?family=Roboto:300,400,500\" rel=\"stylesheet\" />\n  <title>Pentaract UI</title>\n\n  <style>\n    *,\n    html {\n      margin: 0;\n      padding: 0;\n    }\n  </style>\n  <script type=\"module\" crossorigin src=\"/assets/index-58b24b54.js\"></script>\n  <link rel=\"stylesheet\" href=\"/assets/index-a4f6c957.css\">\n</head>\n\n<body>\n  <noscript>Wanna write ur own UI without js?! Go ahead, don't disturb others</noscript>\n  <div id=\"root\"></div>\n\n  \n</body>\n\n</html>\n" loading=false stripedRows=""  ... > 
  at <OrdersView onVnodeUnmounted=fn<onVnodeUnmounted> ref=Ref< Proxy(Object) > > 
  at <RouterView> 
  at <AppLayout onVnodeUnmounted=fn<onVnodeUnmounted> ref=Ref< Proxy(Object) > > 
  at <RouterView> 
  at <App> @ http://localhost:5277/node_modules/@vue/runtime-core/dist/runtime-core.esm-bundler.js:49
[    2288ms] [WARNING] [Vue warn]: Invalid prop: type check failed for prop "rowData". Expected Object, got String with value "h". 
  at <BodyCell key="client_id" rowData="h" column= {__v_isVNode: true, __v_skip: true, type: Object, props: Object, key: null}  ... > 
  at <BodyRow key=undefined rowData="h" index=10  ... > 
  at <TableBody ref="bodyRef" value="<!DOCTYPE html>\n<htm" class=""  ... > 
  at <VirtualScroller ref="virtualScroller" items="<!DOCTYPE html>\n<html lang=\"en\">\n\n<head>\n  <meta charset=\"utf-8\" />\n  <meta name=\"viewport\" content=\"width=device-width, initial-scale=1\" />\n  <meta name=\"theme-color\" content=\"#000000\" />\n  <link rel=\"shortcut icon\" type=\"image/ico\" href=\"/assets/favicon-bc234827.ico\" />\n  <link href=\"https://fonts.googleapis.com/css?family=Roboto:300,400,500\" rel=\"stylesheet\" />\n  <title>Pentaract UI</title>\n\n  <style>\n    *,\n    html {\n      margin: 0;\n      padding: 0;\n    }\n  </style>\n  <script type=\"module\" crossorigin src=\"/assets/index-58b24b54.js\"></script>\n  <link rel=\"stylesheet\" href=\"/assets/index-a4f6c957.css\">\n</head>\n\n<body>\n  <noscript>Wanna write ur own UI without js?! Go ahead, don't disturb others</noscript>\n  <div id=\"root\"></div>\n\n  \n</body>\n\n</html>\n" columns= [Object, Object, Object, Object, Object, Object]  ... > 
  at <DataTable value="<!DOCTYPE html>\n<html lang=\"en\">\n\n<head>\n  <meta charset=\"utf-8\" />\n  <meta name=\"viewport\" content=\"width=device-width, initial-scale=1\" />\n  <meta name=\"theme-color\" content=\"#000000\" />\n  <link rel=\"shortcut icon\" type=\"image/ico\" href=\"/assets/favicon-bc234827.ico\" />\n  <link href=\"https://fonts.googleapis.com/css?family=Roboto:300,400,500\" rel=\"stylesheet\" />\n  <title>Pentaract UI</title>\n\n  <style>\n    *,\n    html {\n      margin: 0;\n      padding: 0;\n    }\n  </style>\n  <script type=\"module\" crossorigin src=\"/assets/index-58b24b54.js\"></script>\n  <link rel=\"stylesheet\" href=\"/assets/index-a4f6c957.css\">\n</head>\n\n<body>\n  <noscript>Wanna write ur own UI without js?! Go ahead, don't disturb others</noscript>\n  <div id=\"root\"></div>\n\n  \n</body>\n\n</html>\n" loading=false stripedRows=""  ... > 
  at <OrdersView onVnodeUnmounted=fn<onVnodeUnmounted> ref=Ref< Proxy(Object) > > 
  at <RouterView> 
  at <AppLayout onVnodeUnmounted=fn<onVnodeUnmounted> ref=Ref< Proxy(Object) > > 
  at <RouterView> 
  at <App> @ http://localhost:5277/node_modules/@vue/runtime-core/dist/runtime-core.esm-bundler.js:49
[    2291ms] [WARNING] [Vue warn]: Invalid prop: type check failed for prop "rowData". Expected Object, got String with value "h". 
  at <BodyCell key="source" rowData="h" column= {__v_isVNode: true, __v_skip: true, type: Object, props: Object, key: null}  ... > 
  at <BodyRow key=undefined rowData="h" index=10  ... > 
  at <TableBody ref="bodyRef" value="<!DOCTYPE html>\n<htm" class=""  ... > 
  at <VirtualScroller ref="virtualScroller" items="<!DOCTYPE html>\n<html lang=\"en\">\n\n<head>\n  <meta charset=\"utf-8\" />\n  <meta name=\"viewport\" content=\"width=device-width, initial-scale=1\" />\n  <meta name=\"theme-color\" content=\"#000000\" />\n  <link rel=\"shortcut icon\" type=\"image/ico\" href=\"/assets/favicon-bc234827.ico\" />\n  <link href=\"https://fonts.googleapis.com/css?family=Roboto:300,400,500\" rel=\"stylesheet\" />\n  <title>Pentaract UI</title>\n\n  <style>\n    *,\n    html {\n      margin: 0;\n      padding: 0;\n    }\n  </style>\n  <script type=\"module\" crossorigin src=\"/assets/index-58b24b54.js\"></script>\n  <link rel=\"stylesheet\" href=\"/assets/index-a4f6c957.css\">\n</head>\n\n<body>\n  <noscript>Wanna write ur own UI without js?! Go ahead, don't disturb others</noscript>\n  <div id=\"root\"></div>\n\n  \n</body>\n\n</html>\n" columns= [Object, Object, Object, Object, Object, Object]  ... > 
  at <DataTable value="<!DOCTYPE html>\n<html lang=\"en\">\n\n<head>\n  <meta charset=\"utf-8\" />\n  <meta name=\"viewport\" content=\"width=device-width, initial-scale=1\" />\n  <meta name=\"theme-color\" content=\"#000000\" />\n  <link rel=\"shortcut icon\" type=\"image/ico\" href=\"/assets/favicon-bc234827.ico\" />\n  <link href=\"https://fonts.googleapis.com/css?family=Roboto:300,400,500\" rel=\"stylesheet\" />\n  <title>Pentaract UI</title>\n\n  <style>\n    *,\n    html {\n      margin: 0;\n      padding: 0;\n    }\n  </style>\n  <script type=\"module\" crossorigin src=\"/assets/index-58b24b54.js\"></script>\n  <link rel=\"stylesheet\" href=\"/assets/index-a4f6c957.css\">\n</head>\n\n<body>\n  <noscript>Wanna write ur own UI without js?! Go ahead, don't disturb others</noscript>\n  <div id=\"root\"></div>\n\n  \n</body>\n\n</html>\n" loading=false stripedRows=""  ... > 
  at <OrdersView onVnodeUnmounted=fn<onVnodeUnmounted> ref=Ref< Proxy(Object) > > 
  at <RouterView> 
  at <AppLayout onVnodeUnmounted=fn<onVnodeUnmounted> ref=Ref< Proxy(Object) > > 
  at <RouterView> 
  at <App> @ http://localhost:5277/node_modules/@vue/runtime-core/dist/runtime-core.esm-bundler.js:49
[    2294ms] [WARNING] [Vue warn]: Invalid prop: type check failed for prop "rowData". Expected Object, got String with value "h". 
  at <BodyCell key="status" rowData="h" column= {__v_isVNode: true, __v_skip: true, type: Object, props: Object, key: null}  ... > 
  at <BodyRow key=undefined rowData="h" index=10  ... > 
  at <TableBody ref="bodyRef" value="<!DOCTYPE html>\n<htm" class=""  ... > 
  at <VirtualScroller ref="virtualScroller" items="<!DOCTYPE html>\n<html lang=\"en\">\n\n<head>\n  <meta charset=\"utf-8\" />\n  <meta name=\"viewport\" content=\"width=device-width, initial-scale=1\" />\n  <meta name=\"theme-color\" content=\"#000000\" />\n  <link rel=\"shortcut icon\" type=\"image/ico\" href=\"/assets/favicon-bc234827.ico\" />\n  <link href=\"https://fonts.googleapis.com/css?family=Roboto:300,400,500\" rel=\"stylesheet\" />\n  <title>Pentaract UI</title>\n\n  <style>\n    *,\n    html {\n      margin: 0;\n      padding: 0;\n    }\n  </style>\n  <script type=\"module\" crossorigin src=\"/assets/index-58b24b54.js\"></script>\n  <link rel=\"stylesheet\" href=\"/assets/index-a4f6c957.css\">\n</head>\n\n<body>\n  <noscript>Wanna write ur own UI without js?! Go ahead, don't disturb others</noscript>\n  <div id=\"root\"></div>\n\n  \n</body>\n\n</html>\n" columns= [Object, Object, Object, Object, Object, Object]  ... > 
  at <DataTable value="<!DOCTYPE html>\n<html lang=\"en\">\n\n<head>\n  <meta charset=\"utf-8\" />\n  <meta name=\"viewport\" content=\"width=device-width, initial-scale=1\" />\n  <meta name=\"theme-color\" content=\"#000000\" />\n  <link rel=\"shortcut icon\" type=\"image/ico\" href=\"/assets/favicon-bc234827.ico\" />\n  <link href=\"https://fonts.googleapis.com/css?family=Roboto:300,400,500\" rel=\"stylesheet\" />\n  <title>Pentaract UI</title>\n\n  <style>\n    *,\n    html {\n      margin: 0;\n      padding: 0;\n    }\n  </style>\n  <script type=\"module\" crossorigin src=\"/assets/index-58b24b54.js\"></script>\n  <link rel=\"stylesheet\" href=\"/assets/index-a4f6c957.css\">\n</head>\n\n<body>\n  <noscript>Wanna write ur own UI without js?! Go ahead, don't disturb others</noscript>\n  <div id=\"root\"></div>\n\n  \n</body>\n\n</html>\n" loading=false stripedRows=""  ... > 
  at <OrdersView onVnodeUnmounted=fn<onVnodeUnmounted> ref=Ref< Proxy(Object) > > 
  at <RouterView> 
  at <AppLayout onVnodeUnmounted=fn<onVnodeUnmounted> ref=Ref< Proxy(Object) > > 
  at <RouterView> 
  at <App> @ http://localhost:5277/node_modules/@vue/runtime-core/dist/runtime-core.esm-bundler.js:49
[    2297ms] [WARNING] [Vue warn]: Invalid prop: type check failed for prop "rowData". Expected Object, got String with value "h". 
  at <BodyCell key="created_at" rowData="h" column= {__v_isVNode: true, __v_skip: true, type: Object, props: Object, key: null}  ... > 
  at <BodyRow key=undefined rowData="h" index=10  ... > 
  at <TableBody ref="bodyRef" value="<!DOCTYPE html>\n<htm" class=""  ... > 
  at <VirtualScroller ref="virtualScroller" items="<!DOCTYPE html>\n<html lang=\"en\">\n\n<head>\n  <meta charset=\"utf-8\" />\n  <meta name=\"viewport\" content=\"width=device-width, initial-scale=1\" />\n  <meta name=\"theme-color\" content=\"#000000\" />\n  <link rel=\"shortcut icon\" type=\"image/ico\" href=\"/assets/favicon-bc234827.ico\" />\n  <link href=\"https://fonts.googleapis.com/css?family=Roboto:300,400,500\" rel=\"stylesheet\" />\n  <title>Pentaract UI</title>\n\n  <style>\n    *,\n    html {\n      margin: 0;\n      padding: 0;\n    }\n  </style>\n  <script type=\"module\" crossorigin src=\"/assets/index-58b24b54.js\"></script>\n  <link rel=\"stylesheet\" href=\"/assets/index-a4f6c957.css\">\n</head>\n\n<body>\n  <noscript>Wanna write ur own UI without js?! Go ahead, don't disturb others</noscript>\n  <div id=\"root\"></div>\n\n  \n</body>\n\n</html>\n" columns= [Object, Object, Object, Object, Object, Object]  ... > 
  at <DataTable value="<!DOCTYPE html>\n<html lang=\"en\">\n\n<head>\n  <meta charset=\"utf-8\" />\n  <meta name=\"viewport\" content=\"width=device-width, initial-scale=1\" />\n  <meta name=\"theme-color\" content=\"#000000\" />\n  <link rel=\"shortcut icon\" type=\"image/ico\" href=\"/assets/favicon-bc234827.ico\" />\n  <link href=\"https://fonts.googleapis.com/css?family=Roboto:300,400,500\" rel=\"stylesheet\" />\n  <title>Pentaract UI</title>\n\n  <style>\n    *,\n    html {\n      margin: 0;\n      padding: 0;\n    }\n  </style>\n  <script type=\"module\" crossorigin src=\"/assets/index-58b24b54.js\"></script>\n  <link rel=\"stylesheet\" href=\"/assets/index-a4f6c957.css\">\n</head>\n\n<body>\n  <noscript>Wanna write ur own UI without js?! Go ahead, don't disturb others</noscript>\n  <div id=\"root\"></div>\n\n  \n</body>\n\n</html>\n" loading=false stripedRows=""  ... > 
  at <OrdersView onVnodeUnmounted=fn<onVnodeUnmounted> ref=Ref< Proxy(Object) > > 
  at <RouterView> 
  at <AppLayout onVnodeUnmounted=fn<onVnodeUnmounted> ref=Ref< Proxy(Object) > > 
  at <RouterView> 
  at <App> @ http://localhost:5277/node_modules/@vue/runtime-core/dist/runtime-core.esm-bundler.js:49
[    2300ms] [WARNING] [Vue warn]: Invalid prop: type check failed for prop "rowData". Expected Object, got String with value "h". 
  at <BodyCell key=5 rowData="h" column= {__v_isVNode: true, __v_skip: true, type: Object, props: Object, key: null}  ... > 
  at <BodyRow key=undefined rowData="h" index=10  ... > 
  at <TableBody ref="bodyRef" value="<!DOCTYPE html>\n<htm" class=""  ... > 
  at <VirtualScroller ref="virtualScroller" items="<!DOCTYPE html>\n<html lang=\"en\">\n\n<head>\n  <meta charset=\"utf-8\" />\n  <meta name=\"viewport\" content=\"width=device-width, initial-scale=1\" />\n  <meta name=\"theme-color\" content=\"#000000\" />\n  <link rel=\"shortcut icon\" type=\"image/ico\" href=\"/assets/favicon-bc234827.ico\" />\n  <link href=\"https://fonts.googleapis.com/css?family=Roboto:300,400,500\" rel=\"stylesheet\" />\n  <title>Pentaract UI</title>\n\n  <style>\n    *,\n    html {\n      margin: 0;\n      padding: 0;\n    }\n  </style>\n  <script type=\"module\" crossorigin src=\"/assets/index-58b24b54.js\"></script>\n  <link rel=\"stylesheet\" href=\"/assets/index-a4f6c957.css\">\n</head>\n\n<body>\n  <noscript>Wanna write ur own UI without js?! Go ahead, don't disturb others</noscript>\n  <div id=\"root\"></div>\n\n  \n</body>\n\n</html>\n" columns= [Object, Object, Object, Object, Object, Object]  ... > 
  at <DataTable value="<!DOCTYPE html>\n<html lang=\"en\">\n\n<head>\n  <meta charset=\"utf-8\" />\n  <meta name=\"viewport\" content=\"width=device-width, initial-scale=1\" />\n  <meta name=\"theme-color\" content=\"#000000\" />\n  <link rel=\"shortcut icon\" type=\"image/ico\" href=\"/assets/favicon-bc234827.ico\" />\n  <link href=\"https://fonts.googleapis.com/css?family=Roboto:300,400,500\" rel=\"stylesheet\" />\n  <title>Pentaract UI</title>\n\n  <style>\n    *,\n    html {\n      margin: 0;\n      padding: 0;\n    }\n  </style>\n  <script type=\"module\" crossorigin src=\"/assets/index-58b24b54.js\"></script>\n  <link rel=\"stylesheet\" href=\"/assets/index-a4f6c957.css\">\n</head>\n\n<body>\n  <noscript>Wanna write ur own UI without js?! Go ahead, don't disturb others</noscript>\n  <div id=\"root\"></div>\n\n  \n</body>\n\n</html>\n" loading=false stripedRows=""  ... > 
  at <OrdersView onVnodeUnmounted=fn<onVnodeUnmounted> ref=Ref< Proxy(Object) > > 
  at <RouterView> 
  at <AppLayout onVnodeUnmounted=fn<onVnodeUnmounted> ref=Ref< Proxy(Object) > > 
  at <RouterView> 
  at <App> @ http://localhost:5277/node_modules/@vue/runtime-core/dist/runtime-core.esm-bundler.js:49
[    2304ms] [WARNING] [Vue warn]: Invalid prop: type check failed for prop "rowData". Expected Object, got String with value "t". 
  at <BodyRow key=undefined rowData="t" index=11  ... > 
  at <TableBody ref="bodyRef" value="<!DOCTYPE html>\n<htm" class=""  ... > 
  at <VirtualScroller ref="virtualScroller" items="<!DOCTYPE html>\n<html lang=\"en\">\n\n<head>\n  <meta charset=\"utf-8\" />\n  <meta name=\"viewport\" content=\"width=device-width, initial-scale=1\" />\n  <meta name=\"theme-color\" content=\"#000000\" />\n  <link rel=\"shortcut icon\" type=\"image/ico\" href=\"/assets/favicon-bc234827.ico\" />\n  <link href=\"https://fonts.googleapis.com/css?family=Roboto:300,400,500\" rel=\"stylesheet\" />\n  <title>Pentaract UI</title>\n\n  <style>\n    *,\n    html {\n      margin: 0;\n      padding: 0;\n    }\n  </style>\n  <script type=\"module\" crossorigin src=\"/assets/index-58b24b54.js\"></script>\n  <link rel=\"stylesheet\" href=\"/assets/index-a4f6c957.css\">\n</head>\n\n<body>\n  <noscript>Wanna write ur own UI without js?! Go ahead, don't disturb others</noscript>\n  <div id=\"root\"></div>\n\n  \n</body>\n\n</html>\n" columns= [Object, Object, Object, Object, Object, Object]  ... > 
  at <DataTable value="<!DOCTYPE html>\n<html lang=\"en\">\n\n<head>\n  <meta charset=\"utf-8\" />\n  <meta name=\"viewport\" content=\"width=device-width, initial-scale=1\" />\n  <meta name=\"theme-color\" content=\"#000000\" />\n  <link rel=\"shortcut icon\" type=\"image/ico\" href=\"/assets/favicon-bc234827.ico\" />\n  <link href=\"https://fonts.googleapis.com/css?family=Roboto:300,400,500\" rel=\"stylesheet\" />\n  <title>Pentaract UI</title>\n\n  <style>\n    *,\n    html {\n      margin: 0;\n      padding: 0;\n    }\n  </style>\n  <script type=\"module\" crossorigin src=\"/assets/index-58b24b54.js\"></script>\n  <link rel=\"stylesheet\" href=\"/assets/index-a4f6c957.css\">\n</head>\n\n<body>\n  <noscript>Wanna write ur own UI without js?! Go ahead, don't disturb others</noscript>\n  <div id=\"root\"></div>\n\n  \n</body>\n\n</html>\n" loading=false stripedRows=""  ... > 
  at <OrdersView onVnodeUnmounted=fn<onVnodeUnmounted> ref=Ref< Proxy(Object) > > 
  at <RouterView> 
  at <AppLayout onVnodeUnmounted=fn<onVnodeUnmounted> ref=Ref< Proxy(Object) > > 
  at <RouterView> 
  at <App> @ http://localhost:5277/node_modules/@vue/runtime-core/dist/runtime-core.esm-bundler.js:49
[    2305ms] [WARNING] [Vue warn]: Invalid prop: type check failed for prop "value". Expected Array, got String with value "<!DOCTYPE html>
<htm". 
  at <BodyRow key=undefined rowData="t" index=11  ... > 
  at <TableBody ref="bodyRef" value="<!DOCTYPE html>\n<htm" class=""  ... > 
  at <VirtualScroller ref="virtualScroller" items="<!DOCTYPE html>\n<html lang=\"en\">\n\n<head>\n  <meta charset=\"utf-8\" />\n  <meta name=\"viewport\" content=\"width=device-width, initial-scale=1\" />\n  <meta name=\"theme-color\" content=\"#000000\" />\n  <link rel=\"shortcut icon\" type=\"image/ico\" href=\"/assets/favicon-bc234827.ico\" />\n  <link href=\"https://fonts.googleapis.com/css?family=Roboto:300,400,500\" rel=\"stylesheet\" />\n  <title>Pentaract UI</title>\n\n  <style>\n    *,\n    html {\n      margin: 0;\n      padding: 0;\n    }\n  </style>\n  <script type=\"module\" crossorigin src=\"/assets/index-58b24b54.js\"></script>\n  <link rel=\"stylesheet\" href=\"/assets/index-a4f6c957.css\">\n</head>\n\n<body>\n  <noscript>Wanna write ur own UI without js?! Go ahead, don't disturb others</noscript>\n  <div id=\"root\"></div>\n\n  \n</body>\n\n</html>\n" columns= [Object, Object, Object, Object, Object, Object]  ... > 
  at <DataTable value="<!DOCTYPE html>\n<html lang=\"en\">\n\n<head>\n  <meta charset=\"utf-8\" />\n  <meta name=\"viewport\" content=\"width=device-width, initial-scale=1\" />\n  <meta name=\"theme-color\" content=\"#000000\" />\n  <link rel=\"shortcut icon\" type=\"image/ico\" href=\"/assets/favicon-bc234827.ico\" />\n  <link href=\"https://fonts.googleapis.com/css?family=Roboto:300,400,500\" rel=\"stylesheet\" />\n  <title>Pentaract UI</title>\n\n  <style>\n    *,\n    html {\n      margin: 0;\n      padding: 0;\n    }\n  </style>\n  <script type=\"module\" crossorigin src=\"/assets/index-58b24b54.js\"></script>\n  <link rel=\"stylesheet\" href=\"/assets/index-a4f6c957.css\">\n</head>\n\n<body>\n  <noscript>Wanna write ur own UI without js?! Go ahead, don't disturb others</noscript>\n  <div id=\"root\"></div>\n\n  \n</body>\n\n</html>\n" loading=false stripedRows=""  ... > 
  at <OrdersView onVnodeUnmounted=fn<onVnodeUnmounted> ref=Ref< Proxy(Object) > > 
  at <RouterView> 
  at <AppLayout onVnodeUnmounted=fn<onVnodeUnmounted> ref=Ref< Proxy(Object) > > 
  at <RouterView> 
  at <App> @ http://localhost:5277/node_modules/@vue/runtime-core/dist/runtime-core.esm-bundler.js:49
[    2308ms] [WARNING] [Vue warn]: Invalid prop: type check failed for prop "rowData". Expected Object, got String with value "t". 
  at <BodyCell key="id" rowData="t" column= {__v_isVNode: true, __v_skip: true, type: Object, props: Object, key: null}  ... > 
  at <BodyRow key=undefined rowData="t" index=11  ... > 
  at <TableBody ref="bodyRef" value="<!DOCTYPE html>\n<htm" class=""  ... > 
  at <VirtualScroller ref="virtualScroller" items="<!DOCTYPE html>\n<html lang=\"en\">\n\n<head>\n  <meta charset=\"utf-8\" />\n  <meta name=\"viewport\" content=\"width=device-width, initial-scale=1\" />\n  <meta name=\"theme-color\" content=\"#000000\" />\n  <link rel=\"shortcut icon\" type=\"image/ico\" href=\"/assets/favicon-bc234827.ico\" />\n  <link href=\"https://fonts.googleapis.com/css?family=Roboto:300,400,500\" rel=\"stylesheet\" />\n  <title>Pentaract UI</title>\n\n  <style>\n    *,\n    html {\n      margin: 0;\n      padding: 0;\n    }\n  </style>\n  <script type=\"module\" crossorigin src=\"/assets/index-58b24b54.js\"></script>\n  <link rel=\"stylesheet\" href=\"/assets/index-a4f6c957.css\">\n</head>\n\n<body>\n  <noscript>Wanna write ur own UI without js?! Go ahead, don't disturb others</noscript>\n  <div id=\"root\"></div>\n\n  \n</body>\n\n</html>\n" columns= [Object, Object, Object, Object, Object, Object]  ... > 
  at <DataTable value="<!DOCTYPE html>\n<html lang=\"en\">\n\n<head>\n  <meta charset=\"utf-8\" />\n  <meta name=\"viewport\" content=\"width=device-width, initial-scale=1\" />\n  <meta name=\"theme-color\" content=\"#000000\" />\n  <link rel=\"shortcut icon\" type=\"image/ico\" href=\"/assets/favicon-bc234827.ico\" />\n  <link href=\"https://fonts.googleapis.com/css?family=Roboto:300,400,500\" rel=\"stylesheet\" />\n  <title>Pentaract UI</title>\n\n  <style>\n    *,\n    html {\n      margin: 0;\n      padding: 0;\n    }\n  </style>\n  <script type=\"module\" crossorigin src=\"/assets/index-58b24b54.js\"></script>\n  <link rel=\"stylesheet\" href=\"/assets/index-a4f6c957.css\">\n</head>\n\n<body>\n  <noscript>Wanna write ur own UI without js?! Go ahead, don't disturb others</noscript>\n  <div id=\"root\"></div>\n\n  \n</body>\n\n</html>\n" loading=false stripedRows=""  ... > 
  at <OrdersView onVnodeUnmounted=fn<onVnodeUnmounted> ref=Ref< Proxy(Object) > > 
  at <RouterView> 
  at <AppLayout onVnodeUnmounted=fn<onVnodeUnmounted> ref=Ref< Proxy(Object) > > 
  at <RouterView> 
  at <App> @ http://localhost:5277/node_modules/@vue/runtime-core/dist/runtime-core.esm-bundler.js:49
[    2311ms] [WARNING] [Vue warn]: Invalid prop: type check failed for prop "rowData". Expected Object, got String with value "t". 
  at <BodyCell key="client_id" rowData="t" column= {__v_isVNode: true, __v_skip: true, type: Object, props: Object, key: null}  ... > 
  at <BodyRow key=undefined rowData="t" index=11  ... > 
  at <TableBody ref="bodyRef" value="<!DOCTYPE html>\n<htm" class=""  ... > 
  at <VirtualScroller ref="virtualScroller" items="<!DOCTYPE html>\n<html lang=\"en\">\n\n<head>\n  <meta charset=\"utf-8\" />\n  <meta name=\"viewport\" content=\"width=device-width, initial-scale=1\" />\n  <meta name=\"theme-color\" content=\"#000000\" />\n  <link rel=\"shortcut icon\" type=\"image/ico\" href=\"/assets/favicon-bc234827.ico\" />\n  <link href=\"https://fonts.googleapis.com/css?family=Roboto:300,400,500\" rel=\"stylesheet\" />\n  <title>Pentaract UI</title>\n\n  <style>\n    *,\n    html {\n      margin: 0;\n      padding: 0;\n    }\n  </style>\n  <script type=\"module\" crossorigin src=\"/assets/index-58b24b54.js\"></script>\n  <link rel=\"stylesheet\" href=\"/assets/index-a4f6c957.css\">\n</head>\n\n<body>\n  <noscript>Wanna write ur own UI without js?! Go ahead, don't disturb others</noscript>\n  <div id=\"root\"></div>\n\n  \n</body>\n\n</html>\n" columns= [Object, Object, Object, Object, Object, Object]  ... > 
  at <DataTable value="<!DOCTYPE html>\n<html lang=\"en\">\n\n<head>\n  <meta charset=\"utf-8\" />\n  <meta name=\"viewport\" content=\"width=device-width, initial-scale=1\" />\n  <meta name=\"theme-color\" content=\"#000000\" />\n  <link rel=\"shortcut icon\" type=\"image/ico\" href=\"/assets/favicon-bc234827.ico\" />\n  <link href=\"https://fonts.googleapis.com/css?family=Roboto:300,400,500\" rel=\"stylesheet\" />\n  <title>Pentaract UI</title>\n\n  <style>\n    *,\n    html {\n      margin: 0;\n      padding: 0;\n    }\n  </style>\n  <script type=\"module\" crossorigin src=\"/assets/index-58b24b54.js\"></script>\n  <link rel=\"stylesheet\" href=\"/assets/index-a4f6c957.css\">\n</head>\n\n<body>\n  <noscript>Wanna write ur own UI without js?! Go ahead, don't disturb others</noscript>\n  <div id=\"root\"></div>\n\n  \n</body>\n\n</html>\n" loading=false stripedRows=""  ... > 
  at <OrdersView onVnodeUnmounted=fn<onVnodeUnmounted> ref=Ref< Proxy(Object) > > 
  at <RouterView> 
  at <AppLayout onVnodeUnmounted=fn<onVnodeUnmounted> ref=Ref< Proxy(Object) > > 
  at <RouterView> 
  at <App> @ http://localhost:5277/node_modules/@vue/runtime-core/dist/runtime-core.esm-bundler.js:49
[    2315ms] [WARNING] [Vue warn]: Invalid prop: type check failed for prop "rowData". Expected Object, got String with value "t". 
  at <BodyCell key="source" rowData="t" column= {__v_isVNode: true, __v_skip: true, type: Object, props: Object, key: null}  ... > 
  at <BodyRow key=undefined rowData="t" index=11  ... > 
  at <TableBody ref="bodyRef" value="<!DOCTYPE html>\n<htm" class=""  ... > 
  at <VirtualScroller ref="virtualScroller" items="<!DOCTYPE html>\n<html lang=\"en\">\n\n<head>\n  <meta charset=\"utf-8\" />\n  <meta name=\"viewport\" content=\"width=device-width, initial-scale=1\" />\n  <meta name=\"theme-color\" content=\"#000000\" />\n  <link rel=\"shortcut icon\" type=\"image/ico\" href=\"/assets/favicon-bc234827.ico\" />\n  <link href=\"https://fonts.googleapis.com/css?family=Roboto:300,400,500\" rel=\"stylesheet\" />\n  <title>Pentaract UI</title>\n\n  <style>\n    *,\n    html {\n      margin: 0;\n      padding: 0;\n    }\n  </style>\n  <script type=\"module\" crossorigin src=\"/assets/index-58b24b54.js\"></script>\n  <link rel=\"stylesheet\" href=\"/assets/index-a4f6c957.css\">\n</head>\n\n<body>\n  <noscript>Wanna write ur own UI without js?! Go ahead, don't disturb others</noscript>\n  <div id=\"root\"></div>\n\n  \n</body>\n\n</html>\n" columns= [Object, Object, Object, Object, Object, Object]  ... > 
  at <DataTable value="<!DOCTYPE html>\n<html lang=\"en\">\n\n<head>\n  <meta charset=\"utf-8\" />\n  <meta name=\"viewport\" content=\"width=device-width, initial-scale=1\" />\n  <meta name=\"theme-color\" content=\"#000000\" />\n  <link rel=\"shortcut icon\" type=\"image/ico\" href=\"/assets/favicon-bc234827.ico\" />\n  <link href=\"https://fonts.googleapis.com/css?family=Roboto:300,400,500\" rel=\"stylesheet\" />\n  <title>Pentaract UI</title>\n\n  <style>\n    *,\n    html {\n      margin: 0;\n      padding: 0;\n    }\n  </style>\n  <script type=\"module\" crossorigin src=\"/assets/index-58b24b54.js\"></script>\n  <link rel=\"stylesheet\" href=\"/assets/index-a4f6c957.css\">\n</head>\n\n<body>\n  <noscript>Wanna write ur own UI without js?! Go ahead, don't disturb others</noscript>\n  <div id=\"root\"></div>\n\n  \n</body>\n\n</html>\n" loading=false stripedRows=""  ... > 
  at <OrdersView onVnodeUnmounted=fn<onVnodeUnmounted> ref=Ref< Proxy(Object) > > 
  at <RouterView> 
  at <AppLayout onVnodeUnmounted=fn<onVnodeUnmounted> ref=Ref< Proxy(Object) > > 
  at <RouterView> 
  at <App> @ http://localhost:5277/node_modules/@vue/runtime-core/dist/runtime-core.esm-bundler.js:49
[    2319ms] [WARNING] [Vue warn]: Invalid prop: type check failed for prop "rowData". Expected Object, got String with value "t". 
  at <BodyCell key="status" rowData="t" column= {__v_isVNode: true, __v_skip: true, type: Object, props: Object, key: null}  ... > 
  at <BodyRow key=undefined rowData="t" index=11  ... > 
  at <TableBody ref="bodyRef" value="<!DOCTYPE html>\n<htm" class=""  ... > 
  at <VirtualScroller ref="virtualScroller" items="<!DOCTYPE html>\n<html lang=\"en\">\n\n<head>\n  <meta charset=\"utf-8\" />\n  <meta name=\"viewport\" content=\"width=device-width, initial-scale=1\" />\n  <meta name=\"theme-color\" content=\"#000000\" />\n  <link rel=\"shortcut icon\" type=\"image/ico\" href=\"/assets/favicon-bc234827.ico\" />\n  <link href=\"https://fonts.googleapis.com/css?family=Roboto:300,400,500\" rel=\"stylesheet\" />\n  <title>Pentaract UI</title>\n\n  <style>\n    *,\n    html {\n      margin: 0;\n      padding: 0;\n    }\n  </style>\n  <script type=\"module\" crossorigin src=\"/assets/index-58b24b54.js\"></script>\n  <link rel=\"stylesheet\" href=\"/assets/index-a4f6c957.css\">\n</head>\n\n<body>\n  <noscript>Wanna write ur own UI without js?! Go ahead, don't disturb others</noscript>\n  <div id=\"root\"></div>\n\n  \n</body>\n\n</html>\n" columns= [Object, Object, Object, Object, Object, Object]  ... > 
  at <DataTable value="<!DOCTYPE html>\n<html lang=\"en\">\n\n<head>\n  <meta charset=\"utf-8\" />\n  <meta name=\"viewport\" content=\"width=device-width, initial-scale=1\" />\n  <meta name=\"theme-color\" content=\"#000000\" />\n  <link rel=\"shortcut icon\" type=\"image/ico\" href=\"/assets/favicon-bc234827.ico\" />\n  <link href=\"https://fonts.googleapis.com/css?family=Roboto:300,400,500\" rel=\"stylesheet\" />\n  <title>Pentaract UI</title>\n\n  <style>\n    *,\n    html {\n      margin: 0;\n      padding: 0;\n    }\n  </style>\n  <script type=\"module\" crossorigin src=\"/assets/index-58b24b54.js\"></script>\n  <link rel=\"stylesheet\" href=\"/assets/index-a4f6c957.css\">\n</head>\n\n<body>\n  <noscript>Wanna write ur own UI without js?! Go ahead, don't disturb others</noscript>\n  <div id=\"root\"></div>\n\n  \n</body>\n\n</html>\n" loading=false stripedRows=""  ... > 
  at <OrdersView onVnodeUnmounted=fn<onVnodeUnmounted> ref=Ref< Proxy(Object) > > 
  at <RouterView> 
  at <AppLayout onVnodeUnmounted=fn<onVnodeUnmounted> ref=Ref< Proxy(Object) > > 
  at <RouterView> 
  at <App> @ http://localhost:5277/node_modules/@vue/runtime-core/dist/runtime-core.esm-bundler.js:49
[    2323ms] [WARNING] [Vue warn]: Invalid prop: type check failed for prop "rowData". Expected Object, got String with value "t". 
  at <BodyCell key="created_at" rowData="t" column= {__v_isVNode: true, __v_skip: true, type: Object, props: Object, key: null}  ... > 
  at <BodyRow key=undefined rowData="t" index=11  ... > 
  at <TableBody ref="bodyRef" value="<!DOCTYPE html>\n<htm" class=""  ... > 
  at <VirtualScroller ref="virtualScroller" items="<!DOCTYPE html>\n<html lang=\"en\">\n\n<head>\n  <meta charset=\"utf-8\" />\n  <meta name=\"viewport\" content=\"width=device-width, initial-scale=1\" />\n  <meta name=\"theme-color\" content=\"#000000\" />\n  <link rel=\"shortcut icon\" type=\"image/ico\" href=\"/assets/favicon-bc234827.ico\" />\n  <link href=\"https://fonts.googleapis.com/css?family=Roboto:300,400,500\" rel=\"stylesheet\" />\n  <title>Pentaract UI</title>\n\n  <style>\n    *,\n    html {\n      margin: 0;\n      padding: 0;\n    }\n  </style>\n  <script type=\"module\" crossorigin src=\"/assets/index-58b24b54.js\"></script>\n  <link rel=\"stylesheet\" href=\"/assets/index-a4f6c957.css\">\n</head>\n\n<body>\n  <noscript>Wanna write ur own UI without js?! Go ahead, don't disturb others</noscript>\n  <div id=\"root\"></div>\n\n  \n</body>\n\n</html>\n" columns= [Object, Object, Object, Object, Object, Object]  ... > 
  at <DataTable value="<!DOCTYPE html>\n<html lang=\"en\">\n\n<head>\n  <meta charset=\"utf-8\" />\n  <meta name=\"viewport\" content=\"width=device-width, initial-scale=1\" />\n  <meta name=\"theme-color\" content=\"#000000\" />\n  <link rel=\"shortcut icon\" type=\"image/ico\" href=\"/assets/favicon-bc234827.ico\" />\n  <link href=\"https://fonts.googleapis.com/css?family=Roboto:300,400,500\" rel=\"stylesheet\" />\n  <title>Pentaract UI</title>\n\n  <style>\n    *,\n    html {\n      margin: 0;\n      padding: 0;\n    }\n  </style>\n  <script type=\"module\" crossorigin src=\"/assets/index-58b24b54.js\"></script>\n  <link rel=\"stylesheet\" href=\"/assets/index-a4f6c957.css\">\n</head>\n\n<body>\n  <noscript>Wanna write ur own UI without js?! Go ahead, don't disturb others</noscript>\n  <div id=\"root\"></div>\n\n  \n</body>\n\n</html>\n" loading=false stripedRows=""  ... > 
  at <OrdersView onVnodeUnmounted=fn<onVnodeUnmounted> ref=Ref< Proxy(Object) > > 
  at <RouterView> 
  at <AppLayout onVnodeUnmounted=fn<onVnodeUnmounted> ref=Ref< Proxy(Object) > > 
  at <RouterView> 
  at <App> @ http://localhost:5277/node_modules/@vue/runtime-core/dist/runtime-core.esm-bundler.js:49
[    2327ms] [WARNING] [Vue warn]: Invalid prop: type check failed for prop "rowData". Expected Object, got String with value "t". 
  at <BodyCell key=5 rowData="t" column= {__v_isVNode: true, __v_skip: true, type: Object, props: Object, key: null}  ... > 
  at <BodyRow key=undefined rowData="t" index=11  ... > 
  at <TableBody ref="bodyRef" value="<!DOCTYPE html>\n<htm" class=""  ... > 
  at <VirtualScroller ref="virtualScroller" items="<!DOCTYPE html>\n<html lang=\"en\">\n\n<head>\n  <meta charset=\"utf-8\" />\n  <meta name=\"viewport\" content=\"width=device-width, initial-scale=1\" />\n  <meta name=\"theme-color\" content=\"#000000\" />\n  <link rel=\"shortcut icon\" type=\"image/ico\" href=\"/assets/favicon-bc234827.ico\" />\n  <link href=\"https://fonts.googleapis.com/css?family=Roboto:300,400,500\" rel=\"stylesheet\" />\n  <title>Pentaract UI</title>\n\n  <style>\n    *,\n    html {\n      margin: 0;\n      padding: 0;\n    }\n  </style>\n  <script type=\"module\" crossorigin src=\"/assets/index-58b24b54.js\"></script>\n  <link rel=\"stylesheet\" href=\"/assets/index-a4f6c957.css\">\n</head>\n\n<body>\n  <noscript>Wanna write ur own UI without js?! Go ahead, don't disturb others</noscript>\n  <div id=\"root\"></div>\n\n  \n</body>\n\n</html>\n" columns= [Object, Object, Object, Object, Object, Object]  ... > 
  at <DataTable value="<!DOCTYPE html>\n<html lang=\"en\">\n\n<head>\n  <meta charset=\"utf-8\" />\n  <meta name=\"viewport\" content=\"width=device-width, initial-scale=1\" />\n  <meta name=\"theme-color\" content=\"#000000\" />\n  <link rel=\"shortcut icon\" type=\"image/ico\" href=\"/assets/favicon-bc234827.ico\" />\n  <link href=\"https://fonts.googleapis.com/css?family=Roboto:300,400,500\" rel=\"stylesheet\" />\n  <title>Pentaract UI</title>\n\n  <style>\n    *,\n    html {\n      margin: 0;\n      padding: 0;\n    }\n  </style>\n  <script type=\"module\" crossorigin src=\"/assets/index-58b24b54.js\"></script>\n  <link rel=\"stylesheet\" href=\"/assets/index-a4f6c957.css\">\n</head>\n\n<body>\n  <noscript>Wanna write ur own UI without js?! Go ahead, don't disturb others</noscript>\n  <div id=\"root\"></div>\n\n  \n</body>\n\n</html>\n" loading=false stripedRows=""  ... > 
  at <OrdersView onVnodeUnmounted=fn<onVnodeUnmounted> ref=Ref< Proxy(Object) > > 
  at <RouterView> 
  at <AppLayout onVnodeUnmounted=fn<onVnodeUnmounted> ref=Ref< Proxy(Object) > > 
  at <RouterView> 
  at <App> @ http://localhost:5277/node_modules/@vue/runtime-core/dist/runtime-core.esm-bundler.js:49
[    2332ms] [WARNING] [Vue warn]: Invalid prop: type check failed for prop "rowData". Expected Object, got String with value "m". 
  at <BodyRow key=undefined rowData="m" index=12  ... > 
  at <TableBody ref="bodyRef" value="<!DOCTYPE html>\n<htm" class=""  ... > 
  at <VirtualScroller ref="virtualScroller" items="<!DOCTYPE html>\n<html lang=\"en\">\n\n<head>\n  <meta charset=\"utf-8\" />\n  <meta name=\"viewport\" content=\"width=device-width, initial-scale=1\" />\n  <meta name=\"theme-color\" content=\"#000000\" />\n  <link rel=\"shortcut icon\" type=\"image/ico\" href=\"/assets/favicon-bc234827.ico\" />\n  <link href=\"https://fonts.googleapis.com/css?family=Roboto:300,400,500\" rel=\"stylesheet\" />\n  <title>Pentaract UI</title>\n\n  <style>\n    *,\n    html {\n      margin: 0;\n      padding: 0;\n    }\n  </style>\n  <script type=\"module\" crossorigin src=\"/assets/index-58b24b54.js\"></script>\n  <link rel=\"stylesheet\" href=\"/assets/index-a4f6c957.css\">\n</head>\n\n<body>\n  <noscript>Wanna write ur own UI without js?! Go ahead, don't disturb others</noscript>\n  <div id=\"root\"></div>\n\n  \n</body>\n\n</html>\n" columns= [Object, Object, Object, Object, Object, Object]  ... > 
  at <DataTable value="<!DOCTYPE html>\n<html lang=\"en\">\n\n<head>\n  <meta charset=\"utf-8\" />\n  <meta name=\"viewport\" content=\"width=device-width, initial-scale=1\" />\n  <meta name=\"theme-color\" content=\"#000000\" />\n  <link rel=\"shortcut icon\" type=\"image/ico\" href=\"/assets/favicon-bc234827.ico\" />\n  <link href=\"https://fonts.googleapis.com/css?family=Roboto:300,400,500\" rel=\"stylesheet\" />\n  <title>Pentaract UI</title>\n\n  <style>\n    *,\n    html {\n      margin: 0;\n      padding: 0;\n    }\n  </style>\n  <script type=\"module\" crossorigin src=\"/assets/index-58b24b54.js\"></script>\n  <link rel=\"stylesheet\" href=\"/assets/index-a4f6c957.css\">\n</head>\n\n<body>\n  <noscript>Wanna write ur own UI without js?! Go ahead, don't disturb others</noscript>\n  <div id=\"root\"></div>\n\n  \n</body>\n\n</html>\n" loading=false stripedRows=""  ... > 
  at <OrdersView onVnodeUnmounted=fn<onVnodeUnmounted> ref=Ref< Proxy(Object) > > 
  at <RouterView> 
  at <AppLayout onVnodeUnmounted=fn<onVnodeUnmounted> ref=Ref< Proxy(Object) > > 
  at <RouterView> 
  at <App> @ http://localhost:5277/node_modules/@vue/runtime-core/dist/runtime-core.esm-bundler.js:49
[    2333ms] [WARNING] [Vue warn]: Invalid prop: type check failed for prop "value". Expected Array, got String with value "<!DOCTYPE html>
<htm". 
  at <BodyRow key=undefined rowData="m" index=12  ... > 
  at <TableBody ref="bodyRef" value="<!DOCTYPE html>\n<htm" class=""  ... > 
  at <VirtualScroller ref="virtualScroller" items="<!DOCTYPE html>\n<html lang=\"en\">\n\n<head>\n  <meta charset=\"utf-8\" />\n  <meta name=\"viewport\" content=\"width=device-width, initial-scale=1\" />\n  <meta name=\"theme-color\" content=\"#000000\" />\n  <link rel=\"shortcut icon\" type=\"image/ico\" href=\"/assets/favicon-bc234827.ico\" />\n  <link href=\"https://fonts.googleapis.com/css?family=Roboto:300,400,500\" rel=\"stylesheet\" />\n  <title>Pentaract UI</title>\n\n  <style>\n    *,\n    html {\n      margin: 0;\n      padding: 0;\n    }\n  </style>\n  <script type=\"module\" crossorigin src=\"/assets/index-58b24b54.js\"></script>\n  <link rel=\"stylesheet\" href=\"/assets/index-a4f6c957.css\">\n</head>\n\n<body>\n  <noscript>Wanna write ur own UI without js?! Go ahead, don't disturb others</noscript>\n  <div id=\"root\"></div>\n\n  \n</body>\n\n</html>\n" columns= [Object, Object, Object, Object, Object, Object]  ... > 
  at <DataTable value="<!DOCTYPE html>\n<html lang=\"en\">\n\n<head>\n  <meta charset=\"utf-8\" />\n  <meta name=\"viewport\" content=\"width=device-width, initial-scale=1\" />\n  <meta name=\"theme-color\" content=\"#000000\" />\n  <link rel=\"shortcut icon\" type=\"image/ico\" href=\"/assets/favicon-bc234827.ico\" />\n  <link href=\"https://fonts.googleapis.com/css?family=Roboto:300,400,500\" rel=\"stylesheet\" />\n  <title>Pentaract UI</title>\n\n  <style>\n    *,\n    html {\n      margin: 0;\n      padding: 0;\n    }\n  </style>\n  <script type=\"module\" crossorigin src=\"/assets/index-58b24b54.js\"></script>\n  <link rel=\"stylesheet\" href=\"/assets/index-a4f6c957.css\">\n</head>\n\n<body>\n  <noscript>Wanna write ur own UI without js?! Go ahead, don't disturb others</noscript>\n  <div id=\"root\"></div>\n\n  \n</body>\n\n</html>\n" loading=false stripedRows=""  ... > 
  at <OrdersView onVnodeUnmounted=fn<onVnodeUnmounted> ref=Ref< Proxy(Object) > > 
  at <RouterView> 
  at <AppLayout onVnodeUnmounted=fn<onVnodeUnmounted> ref=Ref< Proxy(Object) > > 
  at <RouterView> 
  at <App> @ http://localhost:5277/node_modules/@vue/runtime-core/dist/runtime-core.esm-bundler.js:49
[    2336ms] [WARNING] [Vue warn]: Invalid prop: type check failed for prop "rowData". Expected Object, got String with value "m". 
  at <BodyCell key="id" rowData="m" column= {__v_isVNode: true, __v_skip: true, type: Object, props: Object, key: null}  ... > 
  at <BodyRow key=undefined rowData="m" index=12  ... > 
  at <TableBody ref="bodyRef" value="<!DOCTYPE html>\n<htm" class=""  ... > 
  at <VirtualScroller ref="virtualScroller" items="<!DOCTYPE html>\n<html lang=\"en\">\n\n<head>\n  <meta charset=\"utf-8\" />\n  <meta name=\"viewport\" content=\"width=device-width, initial-scale=1\" />\n  <meta name=\"theme-color\" content=\"#000000\" />\n  <link rel=\"shortcut icon\" type=\"image/ico\" href=\"/assets/favicon-bc234827.ico\" />\n  <link href=\"https://fonts.googleapis.com/css?family=Roboto:300,400,500\" rel=\"stylesheet\" />\n  <title>Pentaract UI</title>\n\n  <style>\n    *,\n    html {\n      margin: 0;\n      padding: 0;\n    }\n  </style>\n  <script type=\"module\" crossorigin src=\"/assets/index-58b24b54.js\"></script>\n  <link rel=\"stylesheet\" href=\"/assets/index-a4f6c957.css\">\n</head>\n\n<body>\n  <noscript>Wanna write ur own UI without js?! Go ahead, don't disturb others</noscript>\n  <div id=\"root\"></div>\n\n  \n</body>\n\n</html>\n" columns= [Object, Object, Object, Object, Object, Object]  ... > 
  at <DataTable value="<!DOCTYPE html>\n<html lang=\"en\">\n\n<head>\n  <meta charset=\"utf-8\" />\n  <meta name=\"viewport\" content=\"width=device-width, initial-scale=1\" />\n  <meta name=\"theme-color\" content=\"#000000\" />\n  <link rel=\"shortcut icon\" type=\"image/ico\" href=\"/assets/favicon-bc234827.ico\" />\n  <link href=\"https://fonts.googleapis.com/css?family=Roboto:300,400,500\" rel=\"stylesheet\" />\n  <title>Pentaract UI</title>\n\n  <style>\n    *,\n    html {\n      margin: 0;\n      padding: 0;\n    }\n  </style>\n  <script type=\"module\" crossorigin src=\"/assets/index-58b24b54.js\"></script>\n  <link rel=\"stylesheet\" href=\"/assets/index-a4f6c957.css\">\n</head>\n\n<body>\n  <noscript>Wanna write ur own UI without js?! Go ahead, don't disturb others</noscript>\n  <div id=\"root\"></div>\n\n  \n</body>\n\n</html>\n" loading=false stripedRows=""  ... > 
  at <OrdersView onVnodeUnmounted=fn<onVnodeUnmounted> ref=Ref< Proxy(Object) > > 
  at <RouterView> 
  at <AppLayout onVnodeUnmounted=fn<onVnodeUnmounted> ref=Ref< Proxy(Object) > > 
  at <RouterView> 
  at <App> @ http://localhost:5277/node_modules/@vue/runtime-core/dist/runtime-core.esm-bundler.js:49
[    2339ms] [WARNING] [Vue warn]: Invalid prop: type check failed for prop "rowData". Expected Object, got String with value "m". 
  at <BodyCell key="client_id" rowData="m" column= {__v_isVNode: true, __v_skip: true, type: Object, props: Object, key: null}  ... > 
  at <BodyRow key=undefined rowData="m" index=12  ... > 
  at <TableBody ref="bodyRef" value="<!DOCTYPE html>\n<htm" class=""  ... > 
  at <VirtualScroller ref="virtualScroller" items="<!DOCTYPE html>\n<html lang=\"en\">\n\n<head>\n  <meta charset=\"utf-8\" />\n  <meta name=\"viewport\" content=\"width=device-width, initial-scale=1\" />\n  <meta name=\"theme-color\" content=\"#000000\" />\n  <link rel=\"shortcut icon\" type=\"image/ico\" href=\"/assets/favicon-bc234827.ico\" />\n  <link href=\"https://fonts.googleapis.com/css?family=Roboto:300,400,500\" rel=\"stylesheet\" />\n  <title>Pentaract UI</title>\n\n  <style>\n    *,\n    html {\n      margin: 0;\n      padding: 0;\n    }\n  </style>\n  <script type=\"module\" crossorigin src=\"/assets/index-58b24b54.js\"></script>\n  <link rel=\"stylesheet\" href=\"/assets/index-a4f6c957.css\">\n</head>\n\n<body>\n  <noscript>Wanna write ur own UI without js?! Go ahead, don't disturb others</noscript>\n  <div id=\"root\"></div>\n\n  \n</body>\n\n</html>\n" columns= [Object, Object, Object, Object, Object, Object]  ... > 
  at <DataTable value="<!DOCTYPE html>\n<html lang=\"en\">\n\n<head>\n  <meta charset=\"utf-8\" />\n  <meta name=\"viewport\" content=\"width=device-width, initial-scale=1\" />\n  <meta name=\"theme-color\" content=\"#000000\" />\n  <link rel=\"shortcut icon\" type=\"image/ico\" href=\"/assets/favicon-bc234827.ico\" />\n  <link href=\"https://fonts.googleapis.com/css?family=Roboto:300,400,500\" rel=\"stylesheet\" />\n  <title>Pentaract UI</title>\n\n  <style>\n    *,\n    html {\n      margin: 0;\n      padding: 0;\n    }\n  </style>\n  <script type=\"module\" crossorigin src=\"/assets/index-58b24b54.js\"></script>\n  <link rel=\"stylesheet\" href=\"/assets/index-a4f6c957.css\">\n</head>\n\n<body>\n  <noscript>Wanna write ur own UI without js?! Go ahead, don't disturb others</noscript>\n  <div id=\"root\"></div>\n\n  \n</body>\n\n</html>\n" loading=false stripedRows=""  ... > 
  at <OrdersView onVnodeUnmounted=fn<onVnodeUnmounted> ref=Ref< Proxy(Object) > > 
  at <RouterView> 
  at <AppLayout onVnodeUnmounted=fn<onVnodeUnmounted> ref=Ref< Proxy(Object) > > 
  at <RouterView> 
  at <App> @ http://localhost:5277/node_modules/@vue/runtime-core/dist/runtime-core.esm-bundler.js:49
[    2345ms] [WARNING] [Vue warn]: Invalid prop: type check failed for prop "rowData". Expected Object, got String with value "m". 
  at <BodyCell key="source" rowData="m" column= {__v_isVNode: true, __v_skip: true, type: Object, props: Object, key: null}  ... > 
  at <BodyRow key=undefined rowData="m" index=12  ... > 
  at <TableBody ref="bodyRef" value="<!DOCTYPE html>\n<htm" class=""  ... > 
  at <VirtualScroller ref="virtualScroller" items="<!DOCTYPE html>\n<html lang=\"en\">\n\n<head>\n  <meta charset=\"utf-8\" />\n  <meta name=\"viewport\" content=\"width=device-width, initial-scale=1\" />\n  <meta name=\"theme-color\" content=\"#000000\" />\n  <link rel=\"shortcut icon\" type=\"image/ico\" href=\"/assets/favicon-bc234827.ico\" />\n  <link href=\"https://fonts.googleapis.com/css?family=Roboto:300,400,500\" rel=\"stylesheet\" />\n  <title>Pentaract UI</title>\n\n  <style>\n    *,\n    html {\n      margin: 0;\n      padding: 0;\n    }\n  </style>\n  <script type=\"module\" crossorigin src=\"/assets/index-58b24b54.js\"></script>\n  <link rel=\"stylesheet\" href=\"/assets/index-a4f6c957.css\">\n</head>\n\n<body>\n  <noscript>Wanna write ur own UI without js?! Go ahead, don't disturb others</noscript>\n  <div id=\"root\"></div>\n\n  \n</body>\n\n</html>\n" columns= [Object, Object, Object, Object, Object, Object]  ... > 
  at <DataTable value="<!DOCTYPE html>\n<html lang=\"en\">\n\n<head>\n  <meta charset=\"utf-8\" />\n  <meta name=\"viewport\" content=\"width=device-width, initial-scale=1\" />\n  <meta name=\"theme-color\" content=\"#000000\" />\n  <link rel=\"shortcut icon\" type=\"image/ico\" href=\"/assets/favicon-bc234827.ico\" />\n  <link href=\"https://fonts.googleapis.com/css?family=Roboto:300,400,500\" rel=\"stylesheet\" />\n  <title>Pentaract UI</title>\n\n  <style>\n    *,\n    html {\n      margin: 0;\n      padding: 0;\n    }\n  </style>\n  <script type=\"module\" crossorigin src=\"/assets/index-58b24b54.js\"></script>\n  <link rel=\"stylesheet\" href=\"/assets/index-a4f6c957.css\">\n</head>\n\n<body>\n  <noscript>Wanna write ur own UI without js?! Go ahead, don't disturb others</noscript>\n  <div id=\"root\"></div>\n\n  \n</body>\n\n</html>\n" loading=false stripedRows=""  ... > 
  at <OrdersView onVnodeUnmounted=fn<onVnodeUnmounted> ref=Ref< Proxy(Object) > > 
  at <RouterView> 
  at <AppLayout onVnodeUnmounted=fn<onVnodeUnmounted> ref=Ref< Proxy(Object) > > 
  at <RouterView> 
  at <App> @ http://localhost:5277/node_modules/@vue/runtime-core/dist/runtime-core.esm-bundler.js:49
[    2351ms] [WARNING] [Vue warn]: Invalid prop: type check failed for prop "rowData". Expected Object, got String with value "m". 
  at <BodyCell key="status" rowData="m" column= {__v_isVNode: true, __v_skip: true, type: Object, props: Object, key: null}  ... > 
  at <BodyRow key=undefined rowData="m" index=12  ... > 
  at <TableBody ref="bodyRef" value="<!DOCTYPE html>\n<htm" class=""  ... > 
  at <VirtualScroller ref="virtualScroller" items="<!DOCTYPE html>\n<html lang=\"en\">\n\n<head>\n  <meta charset=\"utf-8\" />\n  <meta name=\"viewport\" content=\"width=device-width, initial-scale=1\" />\n  <meta name=\"theme-color\" content=\"#000000\" />\n  <link rel=\"shortcut icon\" type=\"image/ico\" href=\"/assets/favicon-bc234827.ico\" />\n  <link href=\"https://fonts.googleapis.com/css?family=Roboto:300,400,500\" rel=\"stylesheet\" />\n  <title>Pentaract UI</title>\n\n  <style>\n    *,\n    html {\n      margin: 0;\n      padding: 0;\n    }\n  </style>\n  <script type=\"module\" crossorigin src=\"/assets/index-58b24b54.js\"></script>\n  <link rel=\"stylesheet\" href=\"/assets/index-a4f6c957.css\">\n</head>\n\n<body>\n  <noscript>Wanna write ur own UI without js?! Go ahead, don't disturb others</noscript>\n  <div id=\"root\"></div>\n\n  \n</body>\n\n</html>\n" columns= [Object, Object, Object, Object, Object, Object]  ... > 
  at <DataTable value="<!DOCTYPE html>\n<html lang=\"en\">\n\n<head>\n  <meta charset=\"utf-8\" />\n  <meta name=\"viewport\" content=\"width=device-width, initial-scale=1\" />\n  <meta name=\"theme-color\" content=\"#000000\" />\n  <link rel=\"shortcut icon\" type=\"image/ico\" href=\"/assets/favicon-bc234827.ico\" />\n  <link href=\"https://fonts.googleapis.com/css?family=Roboto:300,400,500\" rel=\"stylesheet\" />\n  <title>Pentaract UI</title>\n\n  <style>\n    *,\n    html {\n      margin: 0;\n      padding: 0;\n    }\n  </style>\n  <script type=\"module\" crossorigin src=\"/assets/index-58b24b54.js\"></script>\n  <link rel=\"stylesheet\" href=\"/assets/index-a4f6c957.css\">\n</head>\n\n<body>\n  <noscript>Wanna write ur own UI without js?! Go ahead, don't disturb others</noscript>\n  <div id=\"root\"></div>\n\n  \n</body>\n\n</html>\n" loading=false stripedRows=""  ... > 
  at <OrdersView onVnodeUnmounted=fn<onVnodeUnmounted> ref=Ref< Proxy(Object) > > 
  at <RouterView> 
  at <AppLayout onVnodeUnmounted=fn<onVnodeUnmounted> ref=Ref< Proxy(Object) > > 
  at <RouterView> 
  at <App> @ http://localhost:5277/node_modules/@vue/runtime-core/dist/runtime-core.esm-bundler.js:49
[    2355ms] [WARNING] [Vue warn]: Invalid prop: type check failed for prop "rowData". Expected Object, got String with value "m". 
  at <BodyCell key="created_at" rowData="m" column= {__v_isVNode: true, __v_skip: true, type: Object, props: Object, key: null}  ... > 
  at <BodyRow key=undefined rowData="m" index=12  ... > 
  at <TableBody ref="bodyRef" value="<!DOCTYPE html>\n<htm" class=""  ... > 
  at <VirtualScroller ref="virtualScroller" items="<!DOCTYPE html>\n<html lang=\"en\">\n\n<head>\n  <meta charset=\"utf-8\" />\n  <meta name=\"viewport\" content=\"width=device-width, initial-scale=1\" />\n  <meta name=\"theme-color\" content=\"#000000\" />\n  <link rel=\"shortcut icon\" type=\"image/ico\" href=\"/assets/favicon-bc234827.ico\" />\n  <link href=\"https://fonts.googleapis.com/css?family=Roboto:300,400,500\" rel=\"stylesheet\" />\n  <title>Pentaract UI</title>\n\n  <style>\n    *,\n    html {\n      margin: 0;\n      padding: 0;\n    }\n  </style>\n  <script type=\"module\" crossorigin src=\"/assets/index-58b24b54.js\"></script>\n  <link rel=\"stylesheet\" href=\"/assets/index-a4f6c957.css\">\n</head>\n\n<body>\n  <noscript>Wanna write ur own UI without js?! Go ahead, don't disturb others</noscript>\n  <div id=\"root\"></div>\n\n  \n</body>\n\n</html>\n" columns= [Object, Object, Object, Object, Object, Object]  ... > 
  at <DataTable value="<!DOCTYPE html>\n<html lang=\"en\">\n\n<head>\n  <meta charset=\"utf-8\" />\n  <meta name=\"viewport\" content=\"width=device-width, initial-scale=1\" />\n  <meta name=\"theme-color\" content=\"#000000\" />\n  <link rel=\"shortcut icon\" type=\"image/ico\" href=\"/assets/favicon-bc234827.ico\" />\n  <link href=\"https://fonts.googleapis.com/css?family=Roboto:300,400,500\" rel=\"stylesheet\" />\n  <title>Pentaract UI</title>\n\n  <style>\n    *,\n    html {\n      margin: 0;\n      padding: 0;\n    }\n  </style>\n  <script type=\"module\" crossorigin src=\"/assets/index-58b24b54.js\"></script>\n  <link rel=\"stylesheet\" href=\"/assets/index-a4f6c957.css\">\n</head>\n\n<body>\n  <noscript>Wanna write ur own UI without js?! Go ahead, don't disturb others</noscript>\n  <div id=\"root\"></div>\n\n  \n</body>\n\n</html>\n" loading=false stripedRows=""  ... > 
  at <OrdersView onVnodeUnmounted=fn<onVnodeUnmounted> ref=Ref< Proxy(Object) > > 
  at <RouterView> 
  at <AppLayout onVnodeUnmounted=fn<onVnodeUnmounted> ref=Ref< Proxy(Object) > > 
  at <RouterView> 
  at <App> @ http://localhost:5277/node_modules/@vue/runtime-core/dist/runtime-core.esm-bundler.js:49
[    2359ms] [WARNING] [Vue warn]: Invalid prop: type check failed for prop "rowData". Expected Object, got String with value "m". 
  at <BodyCell key=5 rowData="m" column= {__v_isVNode: true, __v_skip: true, type: Object, props: Object, key: null}  ... > 
  at <BodyRow key=undefined rowData="m" index=12  ... > 
  at <TableBody ref="bodyRef" value="<!DOCTYPE html>\n<htm" class=""  ... > 
  at <VirtualScroller ref="virtualScroller" items="<!DOCTYPE html>\n<html lang=\"en\">\n\n<head>\n  <meta charset=\"utf-8\" />\n  <meta name=\"viewport\" content=\"width=device-width, initial-scale=1\" />\n  <meta name=\"theme-color\" content=\"#000000\" />\n  <link rel=\"shortcut icon\" type=\"image/ico\" href=\"/assets/favicon-bc234827.ico\" />\n  <link href=\"https://fonts.googleapis.com/css?family=Roboto:300,400,500\" rel=\"stylesheet\" />\n  <title>Pentaract UI</title>\n\n  <style>\n    *,\n    html {\n      margin: 0;\n      padding: 0;\n    }\n  </style>\n  <script type=\"module\" crossorigin src=\"/assets/index-58b24b54.js\"></script>\n  <link rel=\"stylesheet\" href=\"/assets/index-a4f6c957.css\">\n</head>\n\n<body>\n  <noscript>Wanna write ur own UI without js?! Go ahead, don't disturb others</noscript>\n  <div id=\"root\"></div>\n\n  \n</body>\n\n</html>\n" columns= [Object, Object, Object, Object, Object, Object]  ... > 
  at <DataTable value="<!DOCTYPE html>\n<html lang=\"en\">\n\n<head>\n  <meta charset=\"utf-8\" />\n  <meta name=\"viewport\" content=\"width=device-width, initial-scale=1\" />\n  <meta name=\"theme-color\" content=\"#000000\" />\n  <link rel=\"shortcut icon\" type=\"image/ico\" href=\"/assets/favicon-bc234827.ico\" />\n  <link href=\"https://fonts.googleapis.com/css?family=Roboto:300,400,500\" rel=\"stylesheet\" />\n  <title>Pentaract UI</title>\n\n  <style>\n    *,\n    html {\n      margin: 0;\n      padding: 0;\n    }\n  </style>\n  <script type=\"module\" crossorigin src=\"/assets/index-58b24b54.js\"></script>\n  <link rel=\"stylesheet\" href=\"/assets/index-a4f6c957.css\">\n</head>\n\n<body>\n  <noscript>Wanna write ur own UI without js?! Go ahead, don't disturb others</noscript>\n  <div id=\"root\"></div>\n\n  \n</body>\n\n</html>\n" loading=false stripedRows=""  ... > 
  at <OrdersView onVnodeUnmounted=fn<onVnodeUnmounted> ref=Ref< Proxy(Object) > > 
  at <RouterView> 
  at <AppLayout onVnodeUnmounted=fn<onVnodeUnmounted> ref=Ref< Proxy(Object) > > 
  at <RouterView> 
  at <App> @ http://localhost:5277/node_modules/@vue/runtime-core/dist/runtime-core.esm-bundler.js:49
[    2364ms] [WARNING] [Vue warn]: Invalid prop: type check failed for prop "rowData". Expected Object, got String with value "l". 
  at <BodyRow key=undefined rowData="l" index=13  ... > 
  at <TableBody ref="bodyRef" value="<!DOCTYPE html>\n<htm" class=""  ... > 
  at <VirtualScroller ref="virtualScroller" items="<!DOCTYPE html>\n<html lang=\"en\">\n\n<head>\n  <meta charset=\"utf-8\" />\n  <meta name=\"viewport\" content=\"width=device-width, initial-scale=1\" />\n  <meta name=\"theme-color\" content=\"#000000\" />\n  <link rel=\"shortcut icon\" type=\"image/ico\" href=\"/assets/favicon-bc234827.ico\" />\n  <link href=\"https://fonts.googleapis.com/css?family=Roboto:300,400,500\" rel=\"stylesheet\" />\n  <title>Pentaract UI</title>\n\n  <style>\n    *,\n    html {\n      margin: 0;\n      padding: 0;\n    }\n  </style>\n  <script type=\"module\" crossorigin src=\"/assets/index-58b24b54.js\"></script>\n  <link rel=\"stylesheet\" href=\"/assets/index-a4f6c957.css\">\n</head>\n\n<body>\n  <noscript>Wanna write ur own UI without js?! Go ahead, don't disturb others</noscript>\n  <div id=\"root\"></div>\n\n  \n</body>\n\n</html>\n" columns= [Object, Object, Object, Object, Object, Object]  ... > 
  at <DataTable value="<!DOCTYPE html>\n<html lang=\"en\">\n\n<head>\n  <meta charset=\"utf-8\" />\n  <meta name=\"viewport\" content=\"width=device-width, initial-scale=1\" />\n  <meta name=\"theme-color\" content=\"#000000\" />\n  <link rel=\"shortcut icon\" type=\"image/ico\" href=\"/assets/favicon-bc234827.ico\" />\n  <link href=\"https://fonts.googleapis.com/css?family=Roboto:300,400,500\" rel=\"stylesheet\" />\n  <title>Pentaract UI</title>\n\n  <style>\n    *,\n    html {\n      margin: 0;\n      padding: 0;\n    }\n  </style>\n  <script type=\"module\" crossorigin src=\"/assets/index-58b24b54.js\"></script>\n  <link rel=\"stylesheet\" href=\"/assets/index-a4f6c957.css\">\n</head>\n\n<body>\n  <noscript>Wanna write ur own UI without js?! Go ahead, don't disturb others</noscript>\n  <div id=\"root\"></div>\n\n  \n</body>\n\n</html>\n" loading=false stripedRows=""  ... > 
  at <OrdersView onVnodeUnmounted=fn<onVnodeUnmounted> ref=Ref< Proxy(Object) > > 
  at <RouterView> 
  at <AppLayout onVnodeUnmounted=fn<onVnodeUnmounted> ref=Ref< Proxy(Object) > > 
  at <RouterView> 
  at <App> @ http://localhost:5277/node_modules/@vue/runtime-core/dist/runtime-core.esm-bundler.js:49
[    2365ms] [WARNING] [Vue warn]: Invalid prop: type check failed for prop "value". Expected Array, got String with value "<!DOCTYPE html>
<htm". 
  at <BodyRow key=undefined rowData="l" index=13  ... > 
  at <TableBody ref="bodyRef" value="<!DOCTYPE html>\n<htm" class=""  ... > 
  at <VirtualScroller ref="virtualScroller" items="<!DOCTYPE html>\n<html lang=\"en\">\n\n<head>\n  <meta charset=\"utf-8\" />\n  <meta name=\"viewport\" content=\"width=device-width, initial-scale=1\" />\n  <meta name=\"theme-color\" content=\"#000000\" />\n  <link rel=\"shortcut icon\" type=\"image/ico\" href=\"/assets/favicon-bc234827.ico\" />\n  <link href=\"https://fonts.googleapis.com/css?family=Roboto:300,400,500\" rel=\"stylesheet\" />\n  <title>Pentaract UI</title>\n\n  <style>\n    *,\n    html {\n      margin: 0;\n      padding: 0;\n    }\n  </style>\n  <script type=\"module\" crossorigin src=\"/assets/index-58b24b54.js\"></script>\n  <link rel=\"stylesheet\" href=\"/assets/index-a4f6c957.css\">\n</head>\n\n<body>\n  <noscript>Wanna write ur own UI without js?! Go ahead, don't disturb others</noscript>\n  <div id=\"root\"></div>\n\n  \n</body>\n\n</html>\n" columns= [Object, Object, Object, Object, Object, Object]  ... > 
  at <DataTable value="<!DOCTYPE html>\n<html lang=\"en\">\n\n<head>\n  <meta charset=\"utf-8\" />\n  <meta name=\"viewport\" content=\"width=device-width, initial-scale=1\" />\n  <meta name=\"theme-color\" content=\"#000000\" />\n  <link rel=\"shortcut icon\" type=\"image/ico\" href=\"/assets/favicon-bc234827.ico\" />\n  <link href=\"https://fonts.googleapis.com/css?family=Roboto:300,400,500\" rel=\"stylesheet\" />\n  <title>Pentaract UI</title>\n\n  <style>\n    *,\n    html {\n      margin: 0;\n      padding: 0;\n    }\n  </style>\n  <script type=\"module\" crossorigin src=\"/assets/index-58b24b54.js\"></script>\n  <link rel=\"stylesheet\" href=\"/assets/index-a4f6c957.css\">\n</head>\n\n<body>\n  <noscript>Wanna write ur own UI without js?! Go ahead, don't disturb others</noscript>\n  <div id=\"root\"></div>\n\n  \n</body>\n\n</html>\n" loading=false stripedRows=""  ... > 
  at <OrdersView onVnodeUnmounted=fn<onVnodeUnmounted> ref=Ref< Proxy(Object) > > 
  at <RouterView> 
  at <AppLayout onVnodeUnmounted=fn<onVnodeUnmounted> ref=Ref< Proxy(Object) > > 
  at <RouterView> 
  at <App> @ http://localhost:5277/node_modules/@vue/runtime-core/dist/runtime-core.esm-bundler.js:49
[    2368ms] [WARNING] [Vue warn]: Invalid prop: type check failed for prop "rowData". Expected Object, got String with value "l". 
  at <BodyCell key="id" rowData="l" column= {__v_isVNode: true, __v_skip: true, type: Object, props: Object, key: null}  ... > 
  at <BodyRow key=undefined rowData="l" index=13  ... > 
  at <TableBody ref="bodyRef" value="<!DOCTYPE html>\n<htm" class=""  ... > 
  at <VirtualScroller ref="virtualScroller" items="<!DOCTYPE html>\n<html lang=\"en\">\n\n<head>\n  <meta charset=\"utf-8\" />\n  <meta name=\"viewport\" content=\"width=device-width, initial-scale=1\" />\n  <meta name=\"theme-color\" content=\"#000000\" />\n  <link rel=\"shortcut icon\" type=\"image/ico\" href=\"/assets/favicon-bc234827.ico\" />\n  <link href=\"https://fonts.googleapis.com/css?family=Roboto:300,400,500\" rel=\"stylesheet\" />\n  <title>Pentaract UI</title>\n\n  <style>\n    *,\n    html {\n      margin: 0;\n      padding: 0;\n    }\n  </style>\n  <script type=\"module\" crossorigin src=\"/assets/index-58b24b54.js\"></script>\n  <link rel=\"stylesheet\" href=\"/assets/index-a4f6c957.css\">\n</head>\n\n<body>\n  <noscript>Wanna write ur own UI without js?! Go ahead, don't disturb others</noscript>\n  <div id=\"root\"></div>\n\n  \n</body>\n\n</html>\n" columns= [Object, Object, Object, Object, Object, Object]  ... > 
  at <DataTable value="<!DOCTYPE html>\n<html lang=\"en\">\n\n<head>\n  <meta charset=\"utf-8\" />\n  <meta name=\"viewport\" content=\"width=device-width, initial-scale=1\" />\n  <meta name=\"theme-color\" content=\"#000000\" />\n  <link rel=\"shortcut icon\" type=\"image/ico\" href=\"/assets/favicon-bc234827.ico\" />\n  <link href=\"https://fonts.googleapis.com/css?family=Roboto:300,400,500\" rel=\"stylesheet\" />\n  <title>Pentaract UI</title>\n\n  <style>\n    *,\n    html {\n      margin: 0;\n      padding: 0;\n    }\n  </style>\n  <script type=\"module\" crossorigin src=\"/assets/index-58b24b54.js\"></script>\n  <link rel=\"stylesheet\" href=\"/assets/index-a4f6c957.css\">\n</head>\n\n<body>\n  <noscript>Wanna write ur own UI without js?! Go ahead, don't disturb others</noscript>\n  <div id=\"root\"></div>\n\n  \n</body>\n\n</html>\n" loading=false stripedRows=""  ... > 
  at <OrdersView onVnodeUnmounted=fn<onVnodeUnmounted> ref=Ref< Proxy(Object) > > 
  at <RouterView> 
  at <AppLayout onVnodeUnmounted=fn<onVnodeUnmounted> ref=Ref< Proxy(Object) > > 
  at <RouterView> 
  at <App> @ http://localhost:5277/node_modules/@vue/runtime-core/dist/runtime-core.esm-bundler.js:49
[    2372ms] [WARNING] [Vue warn]: Invalid prop: type check failed for prop "rowData". Expected Object, got String with value "l". 
  at <BodyCell key="client_id" rowData="l" column= {__v_isVNode: true, __v_skip: true, type: Object, props: Object, key: null}  ... > 
  at <BodyRow key=undefined rowData="l" index=13  ... > 
  at <TableBody ref="bodyRef" value="<!DOCTYPE html>\n<htm" class=""  ... > 
  at <VirtualScroller ref="virtualScroller" items="<!DOCTYPE html>\n<html lang=\"en\">\n\n<head>\n  <meta charset=\"utf-8\" />\n  <meta name=\"viewport\" content=\"width=device-width, initial-scale=1\" />\n  <meta name=\"theme-color\" content=\"#000000\" />\n  <link rel=\"shortcut icon\" type=\"image/ico\" href=\"/assets/favicon-bc234827.ico\" />\n  <link href=\"https://fonts.googleapis.com/css?family=Roboto:300,400,500\" rel=\"stylesheet\" />\n  <title>Pentaract UI</title>\n\n  <style>\n    *,\n    html {\n      margin: 0;\n      padding: 0;\n    }\n  </style>\n  <script type=\"module\" crossorigin src=\"/assets/index-58b24b54.js\"></script>\n  <link rel=\"stylesheet\" href=\"/assets/index-a4f6c957.css\">\n</head>\n\n<body>\n  <noscript>Wanna write ur own UI without js?! Go ahead, don't disturb others</noscript>\n  <div id=\"root\"></div>\n\n  \n</body>\n\n</html>\n" columns= [Object, Object, Object, Object, Object, Object]  ... > 
  at <DataTable value="<!DOCTYPE html>\n<html lang=\"en\">\n\n<head>\n  <meta charset=\"utf-8\" />\n  <meta name=\"viewport\" content=\"width=device-width, initial-scale=1\" />\n  <meta name=\"theme-color\" content=\"#000000\" />\n  <link rel=\"shortcut icon\" type=\"image/ico\" href=\"/assets/favicon-bc234827.ico\" />\n  <link href=\"https://fonts.googleapis.com/css?family=Roboto:300,400,500\" rel=\"stylesheet\" />\n  <title>Pentaract UI</title>\n\n  <style>\n    *,\n    html {\n      margin: 0;\n      padding: 0;\n    }\n  </style>\n  <script type=\"module\" crossorigin src=\"/assets/index-58b24b54.js\"></script>\n  <link rel=\"stylesheet\" href=\"/assets/index-a4f6c957.css\">\n</head>\n\n<body>\n  <noscript>Wanna write ur own UI without js?! Go ahead, don't disturb others</noscript>\n  <div id=\"root\"></div>\n\n  \n</body>\n\n</html>\n" loading=false stripedRows=""  ... > 
  at <OrdersView onVnodeUnmounted=fn<onVnodeUnmounted> ref=Ref< Proxy(Object) > > 
  at <RouterView> 
  at <AppLayout onVnodeUnmounted=fn<onVnodeUnmounted> ref=Ref< Proxy(Object) > > 
  at <RouterView> 
  at <App> @ http://localhost:5277/node_modules/@vue/runtime-core/dist/runtime-core.esm-bundler.js:49
[    2375ms] [WARNING] [Vue warn]: Invalid prop: type check failed for prop "rowData". Expected Object, got String with value "l". 
  at <BodyCell key="source" rowData="l" column= {__v_isVNode: true, __v_skip: true, type: Object, props: Object, key: null}  ... > 
  at <BodyRow key=undefined rowData="l" index=13  ... > 
  at <TableBody ref="bodyRef" value="<!DOCTYPE html>\n<htm" class=""  ... > 
  at <VirtualScroller ref="virtualScroller" items="<!DOCTYPE html>\n<html lang=\"en\">\n\n<head>\n  <meta charset=\"utf-8\" />\n  <meta name=\"viewport\" content=\"width=device-width, initial-scale=1\" />\n  <meta name=\"theme-color\" content=\"#000000\" />\n  <link rel=\"shortcut icon\" type=\"image/ico\" href=\"/assets/favicon-bc234827.ico\" />\n  <link href=\"https://fonts.googleapis.com/css?family=Roboto:300,400,500\" rel=\"stylesheet\" />\n  <title>Pentaract UI</title>\n\n  <style>\n    *,\n    html {\n      margin: 0;\n      padding: 0;\n    }\n  </style>\n  <script type=\"module\" crossorigin src=\"/assets/index-58b24b54.js\"></script>\n  <link rel=\"stylesheet\" href=\"/assets/index-a4f6c957.css\">\n</head>\n\n<body>\n  <noscript>Wanna write ur own UI without js?! Go ahead, don't disturb others</noscript>\n  <div id=\"root\"></div>\n\n  \n</body>\n\n</html>\n" columns= [Object, Object, Object, Object, Object, Object]  ... > 
  at <DataTable value="<!DOCTYPE html>\n<html lang=\"en\">\n\n<head>\n  <meta charset=\"utf-8\" />\n  <meta name=\"viewport\" content=\"width=device-width, initial-scale=1\" />\n  <meta name=\"theme-color\" content=\"#000000\" />\n  <link rel=\"shortcut icon\" type=\"image/ico\" href=\"/assets/favicon-bc234827.ico\" />\n  <link href=\"https://fonts.googleapis.com/css?family=Roboto:300,400,500\" rel=\"stylesheet\" />\n  <title>Pentaract UI</title>\n\n  <style>\n    *,\n    html {\n      margin: 0;\n      padding: 0;\n    }\n  </style>\n  <script type=\"module\" crossorigin src=\"/assets/index-58b24b54.js\"></script>\n  <link rel=\"stylesheet\" href=\"/assets/index-a4f6c957.css\">\n</head>\n\n<body>\n  <noscript>Wanna write ur own UI without js?! Go ahead, don't disturb others</noscript>\n  <div id=\"root\"></div>\n\n  \n</body>\n\n</html>\n" loading=false stripedRows=""  ... > 
  at <OrdersView onVnodeUnmounted=fn<onVnodeUnmounted> ref=Ref< Proxy(Object) > > 
  at <RouterView> 
  at <AppLayout onVnodeUnmounted=fn<onVnodeUnmounted> ref=Ref< Proxy(Object) > > 
  at <RouterView> 
  at <App> @ http://localhost:5277/node_modules/@vue/runtime-core/dist/runtime-core.esm-bundler.js:49
[    2377ms] [WARNING] [Vue warn]: Invalid prop: type check failed for prop "rowData". Expected Object, got String with value "l". 
  at <BodyCell key="status" rowData="l" column= {__v_isVNode: true, __v_skip: true, type: Object, props: Object, key: null}  ... > 
  at <BodyRow key=undefined rowData="l" index=13  ... > 
  at <TableBody ref="bodyRef" value="<!DOCTYPE html>\n<htm" class=""  ... > 
  at <VirtualScroller ref="virtualScroller" items="<!DOCTYPE html>\n<html lang=\"en\">\n\n<head>\n  <meta charset=\"utf-8\" />\n  <meta name=\"viewport\" content=\"width=device-width, initial-scale=1\" />\n  <meta name=\"theme-color\" content=\"#000000\" />\n  <link rel=\"shortcut icon\" type=\"image/ico\" href=\"/assets/favicon-bc234827.ico\" />\n  <link href=\"https://fonts.googleapis.com/css?family=Roboto:300,400,500\" rel=\"stylesheet\" />\n  <title>Pentaract UI</title>\n\n  <style>\n    *,\n    html {\n      margin: 0;\n      padding: 0;\n    }\n  </style>\n  <script type=\"module\" crossorigin src=\"/assets/index-58b24b54.js\"></script>\n  <link rel=\"stylesheet\" href=\"/assets/index-a4f6c957.css\">\n</head>\n\n<body>\n  <noscript>Wanna write ur own UI without js?! Go ahead, don't disturb others</noscript>\n  <div id=\"root\"></div>\n\n  \n</body>\n\n</html>\n" columns= [Object, Object, Object, Object, Object, Object]  ... > 
  at <DataTable value="<!DOCTYPE html>\n<html lang=\"en\">\n\n<head>\n  <meta charset=\"utf-8\" />\n  <meta name=\"viewport\" content=\"width=device-width, initial-scale=1\" />\n  <meta name=\"theme-color\" content=\"#000000\" />\n  <link rel=\"shortcut icon\" type=\"image/ico\" href=\"/assets/favicon-bc234827.ico\" />\n  <link href=\"https://fonts.googleapis.com/css?family=Roboto:300,400,500\" rel=\"stylesheet\" />\n  <title>Pentaract UI</title>\n\n  <style>\n    *,\n    html {\n      margin: 0;\n      padding: 0;\n    }\n  </style>\n  <script type=\"module\" crossorigin src=\"/assets/index-58b24b54.js\"></script>\n  <link rel=\"stylesheet\" href=\"/assets/index-a4f6c957.css\">\n</head>\n\n<body>\n  <noscript>Wanna write ur own UI without js?! Go ahead, don't disturb others</noscript>\n  <div id=\"root\"></div>\n\n  \n</body>\n\n</html>\n" loading=false stripedRows=""  ... > 
  at <OrdersView onVnodeUnmounted=fn<onVnodeUnmounted> ref=Ref< Proxy(Object) > > 
  at <RouterView> 
  at <AppLayout onVnodeUnmounted=fn<onVnodeUnmounted> ref=Ref< Proxy(Object) > > 
  at <RouterView> 
  at <App> @ http://localhost:5277/node_modules/@vue/runtime-core/dist/runtime-core.esm-bundler.js:49
[    2396ms] [WARNING] [Vue warn]: Invalid prop: type check failed for prop "rowData". Expected Object, got String with value "l". 
  at <BodyCell key="created_at" rowData="l" column= {__v_isVNode: true, __v_skip: true, type: Object, props: Object, key: null}  ... > 
  at <BodyRow key=undefined rowData="l" index=13  ... > 
  at <TableBody ref="bodyRef" value="<!DOCTYPE html>\n<htm" class=""  ... > 
  at <VirtualScroller ref="virtualScroller" items="<!DOCTYPE html>\n<html lang=\"en\">\n\n<head>\n  <meta charset=\"utf-8\" />\n  <meta name=\"viewport\" content=\"width=device-width, initial-scale=1\" />\n  <meta name=\"theme-color\" content=\"#000000\" />\n  <link rel=\"shortcut icon\" type=\"image/ico\" href=\"/assets/favicon-bc234827.ico\" />\n  <link href=\"https://fonts.googleapis.com/css?family=Roboto:300,400,500\" rel=\"stylesheet\" />\n  <title>Pentaract UI</title>\n\n  <style>\n    *,\n    html {\n      margin: 0;\n      padding: 0;\n    }\n  </style>\n  <script type=\"module\" crossorigin src=\"/assets/index-58b24b54.js\"></script>\n  <link rel=\"stylesheet\" href=\"/assets/index-a4f6c957.css\">\n</head>\n\n<body>\n  <noscript>Wanna write ur own UI without js?! Go ahead, don't disturb others</noscript>\n  <div id=\"root\"></div>\n\n  \n</body>\n\n</html>\n" columns= [Object, Object, Object, Object, Object, Object]  ... > 
  at <DataTable value="<!DOCTYPE html>\n<html lang=\"en\">\n\n<head>\n  <meta charset=\"utf-8\" />\n  <meta name=\"viewport\" content=\"width=device-width, initial-scale=1\" />\n  <meta name=\"theme-color\" content=\"#000000\" />\n  <link rel=\"shortcut icon\" type=\"image/ico\" href=\"/assets/favicon-bc234827.ico\" />\n  <link href=\"https://fonts.googleapis.com/css?family=Roboto:300,400,500\" rel=\"stylesheet\" />\n  <title>Pentaract UI</title>\n\n  <style>\n    *,\n    html {\n      margin: 0;\n      padding: 0;\n    }\n  </style>\n  <script type=\"module\" crossorigin src=\"/assets/index-58b24b54.js\"></script>\n  <link rel=\"stylesheet\" href=\"/assets/index-a4f6c957.css\">\n</head>\n\n<body>\n  <noscript>Wanna write ur own UI without js?! Go ahead, don't disturb others</noscript>\n  <div id=\"root\"></div>\n\n  \n</body>\n\n</html>\n" loading=false stripedRows=""  ... > 
  at <OrdersView onVnodeUnmounted=fn<onVnodeUnmounted> ref=Ref< Proxy(Object) > > 
  at <RouterView> 
  at <AppLayout onVnodeUnmounted=fn<onVnodeUnmounted> ref=Ref< Proxy(Object) > > 
  at <RouterView> 
  at <App> @ http://localhost:5277/node_modules/@vue/runtime-core/dist/runtime-core.esm-bundler.js:49
[    2399ms] [WARNING] [Vue warn]: Invalid prop: type check failed for prop "rowData". Expected Object, got String with value "l". 
  at <BodyCell key=5 rowData="l" column= {__v_isVNode: true, __v_skip: true, type: Object, props: Object, key: null}  ... > 
  at <BodyRow key=undefined rowData="l" index=13  ... > 
  at <TableBody ref="bodyRef" value="<!DOCTYPE html>\n<htm" class=""  ... > 
  at <VirtualScroller ref="virtualScroller" items="<!DOCTYPE html>\n<html lang=\"en\">\n\n<head>\n  <meta charset=\"utf-8\" />\n  <meta name=\"viewport\" content=\"width=device-width, initial-scale=1\" />\n  <meta name=\"theme-color\" content=\"#000000\" />\n  <link rel=\"shortcut icon\" type=\"image/ico\" href=\"/assets/favicon-bc234827.ico\" />\n  <link href=\"https://fonts.googleapis.com/css?family=Roboto:300,400,500\" rel=\"stylesheet\" />\n  <title>Pentaract UI</title>\n\n  <style>\n    *,\n    html {\n      margin: 0;\n      padding: 0;\n    }\n  </style>\n  <script type=\"module\" crossorigin src=\"/assets/index-58b24b54.js\"></script>\n  <link rel=\"stylesheet\" href=\"/assets/index-a4f6c957.css\">\n</head>\n\n<body>\n  <noscript>Wanna write ur own UI without js?! Go ahead, don't disturb others</noscript>\n  <div id=\"root\"></div>\n\n  \n</body>\n\n</html>\n" columns= [Object, Object, Object, Object, Object, Object]  ... > 
  at <DataTable value="<!DOCTYPE html>\n<html lang=\"en\">\n\n<head>\n  <meta charset=\"utf-8\" />\n  <meta name=\"viewport\" content=\"width=device-width, initial-scale=1\" />\n  <meta name=\"theme-color\" content=\"#000000\" />\n  <link rel=\"shortcut icon\" type=\"image/ico\" href=\"/assets/favicon-bc234827.ico\" />\n  <link href=\"https://fonts.googleapis.com/css?family=Roboto:300,400,500\" rel=\"stylesheet\" />\n  <title>Pentaract UI</title>\n\n  <style>\n    *,\n    html {\n      margin: 0;\n      padding: 0;\n    }\n  </style>\n  <script type=\"module\" crossorigin src=\"/assets/index-58b24b54.js\"></script>\n  <link rel=\"stylesheet\" href=\"/assets/index-a4f6c957.css\">\n</head>\n\n<body>\n  <noscript>Wanna write ur own UI without js?! Go ahead, don't disturb others</noscript>\n  <div id=\"root\"></div>\n\n  \n</body>\n\n</html>\n" loading=false stripedRows=""  ... > 
  at <OrdersView onVnodeUnmounted=fn<onVnodeUnmounted> ref=Ref< Proxy(Object) > > 
  at <RouterView> 
  at <AppLayout onVnodeUnmounted=fn<onVnodeUnmounted> ref=Ref< Proxy(Object) > > 
  at <RouterView> 
  at <App> @ http://localhost:5277/node_modules/@vue/runtime-core/dist/runtime-core.esm-bundler.js:49
[    2404ms] [WARNING] [Vue warn]: Invalid prop: type check failed for prop "rowData". Expected Object, got String with value ">". 
  at <BodyRow key=undefined rowData=">" index=14  ... > 
  at <TableBody ref="bodyRef" value="<!DOCTYPE html>\n<htm" class=""  ... > 
  at <VirtualScroller ref="virtualScroller" items="<!DOCTYPE html>\n<html lang=\"en\">\n\n<head>\n  <meta charset=\"utf-8\" />\n  <meta name=\"viewport\" content=\"width=device-width, initial-scale=1\" />\n  <meta name=\"theme-color\" content=\"#000000\" />\n  <link rel=\"shortcut icon\" type=\"image/ico\" href=\"/assets/favicon-bc234827.ico\" />\n  <link href=\"https://fonts.googleapis.com/css?family=Roboto:300,400,500\" rel=\"stylesheet\" />\n  <title>Pentaract UI</title>\n\n  <style>\n    *,\n    html {\n      margin: 0;\n      padding: 0;\n    }\n  </style>\n  <script type=\"module\" crossorigin src=\"/assets/index-58b24b54.js\"></script>\n  <link rel=\"stylesheet\" href=\"/assets/index-a4f6c957.css\">\n</head>\n\n<body>\n  <noscript>Wanna write ur own UI without js?! Go ahead, don't disturb others</noscript>\n  <div id=\"root\"></div>\n\n  \n</body>\n\n</html>\n" columns= [Object, Object, Object, Object, Object, Object]  ... > 
  at <DataTable value="<!DOCTYPE html>\n<html lang=\"en\">\n\n<head>\n  <meta charset=\"utf-8\" />\n  <meta name=\"viewport\" content=\"width=device-width, initial-scale=1\" />\n  <meta name=\"theme-color\" content=\"#000000\" />\n  <link rel=\"shortcut icon\" type=\"image/ico\" href=\"/assets/favicon-bc234827.ico\" />\n  <link href=\"https://fonts.googleapis.com/css?family=Roboto:300,400,500\" rel=\"stylesheet\" />\n  <title>Pentaract UI</title>\n\n  <style>\n    *,\n    html {\n      margin: 0;\n      padding: 0;\n    }\n  </style>\n  <script type=\"module\" crossorigin src=\"/assets/index-58b24b54.js\"></script>\n  <link rel=\"stylesheet\" href=\"/assets/index-a4f6c957.css\">\n</head>\n\n<body>\n  <noscript>Wanna write ur own UI without js?! Go ahead, don't disturb others</noscript>\n  <div id=\"root\"></div>\n\n  \n</body>\n\n</html>\n" loading=false stripedRows=""  ... > 
  at <OrdersView onVnodeUnmounted=fn<onVnodeUnmounted> ref=Ref< Proxy(Object) > > 
  at <RouterView> 
  at <AppLayout onVnodeUnmounted=fn<onVnodeUnmounted> ref=Ref< Proxy(Object) > > 
  at <RouterView> 
  at <App> @ http://localhost:5277/node_modules/@vue/runtime-core/dist/runtime-core.esm-bundler.js:49
[    2405ms] [WARNING] [Vue warn]: Invalid prop: type check failed for prop "value". Expected Array, got String with value "<!DOCTYPE html>
<htm". 
  at <BodyRow key=undefined rowData=">" index=14  ... > 
  at <TableBody ref="bodyRef" value="<!DOCTYPE html>\n<htm" class=""  ... > 
  at <VirtualScroller ref="virtualScroller" items="<!DOCTYPE html>\n<html lang=\"en\">\n\n<head>\n  <meta charset=\"utf-8\" />\n  <meta name=\"viewport\" content=\"width=device-width, initial-scale=1\" />\n  <meta name=\"theme-color\" content=\"#000000\" />\n  <link rel=\"shortcut icon\" type=\"image/ico\" href=\"/assets/favicon-bc234827.ico\" />\n  <link href=\"https://fonts.googleapis.com/css?family=Roboto:300,400,500\" rel=\"stylesheet\" />\n  <title>Pentaract UI</title>\n\n  <style>\n    *,\n    html {\n      margin: 0;\n      padding: 0;\n    }\n  </style>\n  <script type=\"module\" crossorigin src=\"/assets/index-58b24b54.js\"></script>\n  <link rel=\"stylesheet\" href=\"/assets/index-a4f6c957.css\">\n</head>\n\n<body>\n  <noscript>Wanna write ur own UI without js?! Go ahead, don't disturb others</noscript>\n  <div id=\"root\"></div>\n\n  \n</body>\n\n</html>\n" columns= [Object, Object, Object, Object, Object, Object]  ... > 
  at <DataTable value="<!DOCTYPE html>\n<html lang=\"en\">\n\n<head>\n  <meta charset=\"utf-8\" />\n  <meta name=\"viewport\" content=\"width=device-width, initial-scale=1\" />\n  <meta name=\"theme-color\" content=\"#000000\" />\n  <link rel=\"shortcut icon\" type=\"image/ico\" href=\"/assets/favicon-bc234827.ico\" />\n  <link href=\"https://fonts.googleapis.com/css?family=Roboto:300,400,500\" rel=\"stylesheet\" />\n  <title>Pentaract UI</title>\n\n  <style>\n    *,\n    html {\n      margin: 0;\n      padding: 0;\n    }\n  </style>\n  <script type=\"module\" crossorigin src=\"/assets/index-58b24b54.js\"></script>\n  <link rel=\"stylesheet\" href=\"/assets/index-a4f6c957.css\">\n</head>\n\n<body>\n  <noscript>Wanna write ur own UI without js?! Go ahead, don't disturb others</noscript>\n  <div id=\"root\"></div>\n\n  \n</body>\n\n</html>\n" loading=false stripedRows=""  ... > 
  at <OrdersView onVnodeUnmounted=fn<onVnodeUnmounted> ref=Ref< Proxy(Object) > > 
  at <RouterView> 
  at <AppLayout onVnodeUnmounted=fn<onVnodeUnmounted> ref=Ref< Proxy(Object) > > 
  at <RouterView> 
  at <App> @ http://localhost:5277/node_modules/@vue/runtime-core/dist/runtime-core.esm-bundler.js:49
[    2408ms] [WARNING] [Vue warn]: Invalid prop: type check failed for prop "rowData". Expected Object, got String with value ">". 
  at <BodyCell key="id" rowData=">" column= {__v_isVNode: true, __v_skip: true, type: Object, props: Object, key: null}  ... > 
  at <BodyRow key=undefined rowData=">" index=14  ... > 
  at <TableBody ref="bodyRef" value="<!DOCTYPE html>\n<htm" class=""  ... > 
  at <VirtualScroller ref="virtualScroller" items="<!DOCTYPE html>\n<html lang=\"en\">\n\n<head>\n  <meta charset=\"utf-8\" />\n  <meta name=\"viewport\" content=\"width=device-width, initial-scale=1\" />\n  <meta name=\"theme-color\" content=\"#000000\" />\n  <link rel=\"shortcut icon\" type=\"image/ico\" href=\"/assets/favicon-bc234827.ico\" />\n  <link href=\"https://fonts.googleapis.com/css?family=Roboto:300,400,500\" rel=\"stylesheet\" />\n  <title>Pentaract UI</title>\n\n  <style>\n    *,\n    html {\n      margin: 0;\n      padding: 0;\n    }\n  </style>\n  <script type=\"module\" crossorigin src=\"/assets/index-58b24b54.js\"></script>\n  <link rel=\"stylesheet\" href=\"/assets/index-a4f6c957.css\">\n</head>\n\n<body>\n  <noscript>Wanna write ur own UI without js?! Go ahead, don't disturb others</noscript>\n  <div id=\"root\"></div>\n\n  \n</body>\n\n</html>\n" columns= [Object, Object, Object, Object, Object, Object]  ... > 
  at <DataTable value="<!DOCTYPE html>\n<html lang=\"en\">\n\n<head>\n  <meta charset=\"utf-8\" />\n  <meta name=\"viewport\" content=\"width=device-width, initial-scale=1\" />\n  <meta name=\"theme-color\" content=\"#000000\" />\n  <link rel=\"shortcut icon\" type=\"image/ico\" href=\"/assets/favicon-bc234827.ico\" />\n  <link href=\"https://fonts.googleapis.com/css?family=Roboto:300,400,500\" rel=\"stylesheet\" />\n  <title>Pentaract UI</title>\n\n  <style>\n    *,\n    html {\n      margin: 0;\n      padding: 0;\n    }\n  </style>\n  <script type=\"module\" crossorigin src=\"/assets/index-58b24b54.js\"></script>\n  <link rel=\"stylesheet\" href=\"/assets/index-a4f6c957.css\">\n</head>\n\n<body>\n  <noscript>Wanna write ur own UI without js?! Go ahead, don't disturb others</noscript>\n  <div id=\"root\"></div>\n\n  \n</body>\n\n</html>\n" loading=false stripedRows=""  ... > 
  at <OrdersView onVnodeUnmounted=fn<onVnodeUnmounted> ref=Ref< Proxy(Object) > > 
  at <RouterView> 
  at <AppLayout onVnodeUnmounted=fn<onVnodeUnmounted> ref=Ref< Proxy(Object) > > 
  at <RouterView> 
  at <App> @ http://localhost:5277/node_modules/@vue/runtime-core/dist/runtime-core.esm-bundler.js:49
[    2411ms] [WARNING] [Vue warn]: Invalid prop: type check failed for prop "rowData". Expected Object, got String with value ">". 
  at <BodyCell key="client_id" rowData=">" column= {__v_isVNode: true, __v_skip: true, type: Object, props: Object, key: null}  ... > 
  at <BodyRow key=undefined rowData=">" index=14  ... > 
  at <TableBody ref="bodyRef" value="<!DOCTYPE html>\n<htm" class=""  ... > 
  at <VirtualScroller ref="virtualScroller" items="<!DOCTYPE html>\n<html lang=\"en\">\n\n<head>\n  <meta charset=\"utf-8\" />\n  <meta name=\"viewport\" content=\"width=device-width, initial-scale=1\" />\n  <meta name=\"theme-color\" content=\"#000000\" />\n  <link rel=\"shortcut icon\" type=\"image/ico\" href=\"/assets/favicon-bc234827.ico\" />\n  <link href=\"https://fonts.googleapis.com/css?family=Roboto:300,400,500\" rel=\"stylesheet\" />\n  <title>Pentaract UI</title>\n\n  <style>\n    *,\n    html {\n      margin: 0;\n      padding: 0;\n    }\n  </style>\n  <script type=\"module\" crossorigin src=\"/assets/index-58b24b54.js\"></script>\n  <link rel=\"stylesheet\" href=\"/assets/index-a4f6c957.css\">\n</head>\n\n<body>\n  <noscript>Wanna write ur own UI without js?! Go ahead, don't disturb others</noscript>\n  <div id=\"root\"></div>\n\n  \n</body>\n\n</html>\n" columns= [Object, Object, Object, Object, Object, Object]  ... > 
  at <DataTable value="<!DOCTYPE html>\n<html lang=\"en\">\n\n<head>\n  <meta charset=\"utf-8\" />\n  <meta name=\"viewport\" content=\"width=device-width, initial-scale=1\" />\n  <meta name=\"theme-color\" content=\"#000000\" />\n  <link rel=\"shortcut icon\" type=\"image/ico\" href=\"/assets/favicon-bc234827.ico\" />\n  <link href=\"https://fonts.googleapis.com/css?family=Roboto:300,400,500\" rel=\"stylesheet\" />\n  <title>Pentaract UI</title>\n\n  <style>\n    *,\n    html {\n      margin: 0;\n      padding: 0;\n    }\n  </style>\n  <script type=\"module\" crossorigin src=\"/assets/index-58b24b54.js\"></script>\n  <link rel=\"stylesheet\" href=\"/assets/index-a4f6c957.css\">\n</head>\n\n<body>\n  <noscript>Wanna write ur own UI without js?! Go ahead, don't disturb others</noscript>\n  <div id=\"root\"></div>\n\n  \n</body>\n\n</html>\n" loading=false stripedRows=""  ... > 
  at <OrdersView onVnodeUnmounted=fn<onVnodeUnmounted> ref=Ref< Proxy(Object) > > 
  at <RouterView> 
  at <AppLayout onVnodeUnmounted=fn<onVnodeUnmounted> ref=Ref< Proxy(Object) > > 
  at <RouterView> 
  at <App> @ http://localhost:5277/node_modules/@vue/runtime-core/dist/runtime-core.esm-bundler.js:49
[    2414ms] [WARNING] [Vue warn]: Invalid prop: type check failed for prop "rowData". Expected Object, got String with value ">". 
  at <BodyCell key="source" rowData=">" column= {__v_isVNode: true, __v_skip: true, type: Object, props: Object, key: null}  ... > 
  at <BodyRow key=undefined rowData=">" index=14  ... > 
  at <TableBody ref="bodyRef" value="<!DOCTYPE html>\n<htm" class=""  ... > 
  at <VirtualScroller ref="virtualScroller" items="<!DOCTYPE html>\n<html lang=\"en\">\n\n<head>\n  <meta charset=\"utf-8\" />\n  <meta name=\"viewport\" content=\"width=device-width, initial-scale=1\" />\n  <meta name=\"theme-color\" content=\"#000000\" />\n  <link rel=\"shortcut icon\" type=\"image/ico\" href=\"/assets/favicon-bc234827.ico\" />\n  <link href=\"https://fonts.googleapis.com/css?family=Roboto:300,400,500\" rel=\"stylesheet\" />\n  <title>Pentaract UI</title>\n\n  <style>\n    *,\n    html {\n      margin: 0;\n      padding: 0;\n    }\n  </style>\n  <script type=\"module\" crossorigin src=\"/assets/index-58b24b54.js\"></script>\n  <link rel=\"stylesheet\" href=\"/assets/index-a4f6c957.css\">\n</head>\n\n<body>\n  <noscript>Wanna write ur own UI without js?! Go ahead, don't disturb others</noscript>\n  <div id=\"root\"></div>\n\n  \n</body>\n\n</html>\n" columns= [Object, Object, Object, Object, Object, Object]  ... > 
  at <DataTable value="<!DOCTYPE html>\n<html lang=\"en\">\n\n<head>\n  <meta charset=\"utf-8\" />\n  <meta name=\"viewport\" content=\"width=device-width, initial-scale=1\" />\n  <meta name=\"theme-color\" content=\"#000000\" />\n  <link rel=\"shortcut icon\" type=\"image/ico\" href=\"/assets/favicon-bc234827.ico\" />\n  <link href=\"https://fonts.googleapis.com/css?family=Roboto:300,400,500\" rel=\"stylesheet\" />\n  <title>Pentaract UI</title>\n\n  <style>\n    *,\n    html {\n      margin: 0;\n      padding: 0;\n    }\n  </style>\n  <script type=\"module\" crossorigin src=\"/assets/index-58b24b54.js\"></script>\n  <link rel=\"stylesheet\" href=\"/assets/index-a4f6c957.css\">\n</head>\n\n<body>\n  <noscript>Wanna write ur own UI without js?! Go ahead, don't disturb others</noscript>\n  <div id=\"root\"></div>\n\n  \n</body>\n\n</html>\n" loading=false stripedRows=""  ... > 
  at <OrdersView onVnodeUnmounted=fn<onVnodeUnmounted> ref=Ref< Proxy(Object) > > 
  at <RouterView> 
  at <AppLayout onVnodeUnmounted=fn<onVnodeUnmounted> ref=Ref< Proxy(Object) > > 
  at <RouterView> 
  at <App> @ http://localhost:5277/node_modules/@vue/runtime-core/dist/runtime-core.esm-bundler.js:49
[    2417ms] [WARNING] [Vue warn]: Invalid prop: type check failed for prop "rowData". Expected Object, got String with value ">". 
  at <BodyCell key="status" rowData=">" column= {__v_isVNode: true, __v_skip: true, type: Object, props: Object, key: null}  ... > 
  at <BodyRow key=undefined rowData=">" index=14  ... > 
  at <TableBody ref="bodyRef" value="<!DOCTYPE html>\n<htm" class=""  ... > 
  at <VirtualScroller ref="virtualScroller" items="<!DOCTYPE html>\n<html lang=\"en\">\n\n<head>\n  <meta charset=\"utf-8\" />\n  <meta name=\"viewport\" content=\"width=device-width, initial-scale=1\" />\n  <meta name=\"theme-color\" content=\"#000000\" />\n  <link rel=\"shortcut icon\" type=\"image/ico\" href=\"/assets/favicon-bc234827.ico\" />\n  <link href=\"https://fonts.googleapis.com/css?family=Roboto:300,400,500\" rel=\"stylesheet\" />\n  <title>Pentaract UI</title>\n\n  <style>\n    *,\n    html {\n      margin: 0;\n      padding: 0;\n    }\n  </style>\n  <script type=\"module\" crossorigin src=\"/assets/index-58b24b54.js\"></script>\n  <link rel=\"stylesheet\" href=\"/assets/index-a4f6c957.css\">\n</head>\n\n<body>\n  <noscript>Wanna write ur own UI without js?! Go ahead, don't disturb others</noscript>\n  <div id=\"root\"></div>\n\n  \n</body>\n\n</html>\n" columns= [Object, Object, Object, Object, Object, Object]  ... > 
  at <DataTable value="<!DOCTYPE html>\n<html lang=\"en\">\n\n<head>\n  <meta charset=\"utf-8\" />\n  <meta name=\"viewport\" content=\"width=device-width, initial-scale=1\" />\n  <meta name=\"theme-color\" content=\"#000000\" />\n  <link rel=\"shortcut icon\" type=\"image/ico\" href=\"/assets/favicon-bc234827.ico\" />\n  <link href=\"https://fonts.googleapis.com/css?family=Roboto:300,400,500\" rel=\"stylesheet\" />\n  <title>Pentaract UI</title>\n\n  <style>\n    *,\n    html {\n      margin: 0;\n      padding: 0;\n    }\n  </style>\n  <script type=\"module\" crossorigin src=\"/assets/index-58b24b54.js\"></script>\n  <link rel=\"stylesheet\" href=\"/assets/index-a4f6c957.css\">\n</head>\n\n<body>\n  <noscript>Wanna write ur own UI without js?! Go ahead, don't disturb others</noscript>\n  <div id=\"root\"></div>\n\n  \n</body>\n\n</html>\n" loading=false stripedRows=""  ... > 
  at <OrdersView onVnodeUnmounted=fn<onVnodeUnmounted> ref=Ref< Proxy(Object) > > 
  at <RouterView> 
  at <AppLayout onVnodeUnmounted=fn<onVnodeUnmounted> ref=Ref< Proxy(Object) > > 
  at <RouterView> 
  at <App> @ http://localhost:5277/node_modules/@vue/runtime-core/dist/runtime-core.esm-bundler.js:49
[    2420ms] [WARNING] [Vue warn]: Invalid prop: type check failed for prop "rowData". Expected Object, got String with value ">". 
  at <BodyCell key="created_at" rowData=">" column= {__v_isVNode: true, __v_skip: true, type: Object, props: Object, key: null}  ... > 
  at <BodyRow key=undefined rowData=">" index=14  ... > 
  at <TableBody ref="bodyRef" value="<!DOCTYPE html>\n<htm" class=""  ... > 
  at <VirtualScroller ref="virtualScroller" items="<!DOCTYPE html>\n<html lang=\"en\">\n\n<head>\n  <meta charset=\"utf-8\" />\n  <meta name=\"viewport\" content=\"width=device-width, initial-scale=1\" />\n  <meta name=\"theme-color\" content=\"#000000\" />\n  <link rel=\"shortcut icon\" type=\"image/ico\" href=\"/assets/favicon-bc234827.ico\" />\n  <link href=\"https://fonts.googleapis.com/css?family=Roboto:300,400,500\" rel=\"stylesheet\" />\n  <title>Pentaract UI</title>\n\n  <style>\n    *,\n    html {\n      margin: 0;\n      padding: 0;\n    }\n  </style>\n  <script type=\"module\" crossorigin src=\"/assets/index-58b24b54.js\"></script>\n  <link rel=\"stylesheet\" href=\"/assets/index-a4f6c957.css\">\n</head>\n\n<body>\n  <noscript>Wanna write ur own UI without js?! Go ahead, don't disturb others</noscript>\n  <div id=\"root\"></div>\n\n  \n</body>\n\n</html>\n" columns= [Object, Object, Object, Object, Object, Object]  ... > 
  at <DataTable value="<!DOCTYPE html>\n<html lang=\"en\">\n\n<head>\n  <meta charset=\"utf-8\" />\n  <meta name=\"viewport\" content=\"width=device-width, initial-scale=1\" />\n  <meta name=\"theme-color\" content=\"#000000\" />\n  <link rel=\"shortcut icon\" type=\"image/ico\" href=\"/assets/favicon-bc234827.ico\" />\n  <link href=\"https://fonts.googleapis.com/css?family=Roboto:300,400,500\" rel=\"stylesheet\" />\n  <title>Pentaract UI</title>\n\n  <style>\n    *,\n    html {\n      margin: 0;\n      padding: 0;\n    }\n  </style>\n  <script type=\"module\" crossorigin src=\"/assets/index-58b24b54.js\"></script>\n  <link rel=\"stylesheet\" href=\"/assets/index-a4f6c957.css\">\n</head>\n\n<body>\n  <noscript>Wanna write ur own UI without js?! Go ahead, don't disturb others</noscript>\n  <div id=\"root\"></div>\n\n  \n</body>\n\n</html>\n" loading=false stripedRows=""  ... > 
  at <OrdersView onVnodeUnmounted=fn<onVnodeUnmounted> ref=Ref< Proxy(Object) > > 
  at <RouterView> 
  at <AppLayout onVnodeUnmounted=fn<onVnodeUnmounted> ref=Ref< Proxy(Object) > > 
  at <RouterView> 
  at <App> @ http://localhost:5277/node_modules/@vue/runtime-core/dist/runtime-core.esm-bundler.js:49
[    2423ms] [WARNING] [Vue warn]: Invalid prop: type check failed for prop "rowData". Expected Object, got String with value ">". 
  at <BodyCell key=5 rowData=">" column= {__v_isVNode: true, __v_skip: true, type: Object, props: Object, key: null}  ... > 
  at <BodyRow key=undefined rowData=">" index=14  ... > 
  at <TableBody ref="bodyRef" value="<!DOCTYPE html>\n<htm" class=""  ... > 
  at <VirtualScroller ref="virtualScroller" items="<!DOCTYPE html>\n<html lang=\"en\">\n\n<head>\n  <meta charset=\"utf-8\" />\n  <meta name=\"viewport\" content=\"width=device-width, initial-scale=1\" />\n  <meta name=\"theme-color\" content=\"#000000\" />\n  <link rel=\"shortcut icon\" type=\"image/ico\" href=\"/assets/favicon-bc234827.ico\" />\n  <link href=\"https://fonts.googleapis.com/css?family=Roboto:300,400,500\" rel=\"stylesheet\" />\n  <title>Pentaract UI</title>\n\n  <style>\n    *,\n    html {\n      margin: 0;\n      padding: 0;\n    }\n  </style>\n  <script type=\"module\" crossorigin src=\"/assets/index-58b24b54.js\"></script>\n  <link rel=\"stylesheet\" href=\"/assets/index-a4f6c957.css\">\n</head>\n\n<body>\n  <noscript>Wanna write ur own UI without js?! Go ahead, don't disturb others</noscript>\n  <div id=\"root\"></div>\n\n  \n</body>\n\n</html>\n" columns= [Object, Object, Object, Object, Object, Object]  ... > 
  at <DataTable value="<!DOCTYPE html>\n<html lang=\"en\">\n\n<head>\n  <meta charset=\"utf-8\" />\n  <meta name=\"viewport\" content=\"width=device-width, initial-scale=1\" />\n  <meta name=\"theme-color\" content=\"#000000\" />\n  <link rel=\"shortcut icon\" type=\"image/ico\" href=\"/assets/favicon-bc234827.ico\" />\n  <link href=\"https://fonts.googleapis.com/css?family=Roboto:300,400,500\" rel=\"stylesheet\" />\n  <title>Pentaract UI</title>\n\n  <style>\n    *,\n    html {\n      margin: 0;\n      padding: 0;\n    }\n  </style>\n  <script type=\"module\" crossorigin src=\"/assets/index-58b24b54.js\"></script>\n  <link rel=\"stylesheet\" href=\"/assets/index-a4f6c957.css\">\n</head>\n\n<body>\n  <noscript>Wanna write ur own UI without js?! Go ahead, don't disturb others</noscript>\n  <div id=\"root\"></div>\n\n  \n</body>\n\n</html>\n" loading=false stripedRows=""  ... > 
  at <OrdersView onVnodeUnmounted=fn<onVnodeUnmounted> ref=Ref< Proxy(Object) > > 
  at <RouterView> 
  at <AppLayout onVnodeUnmounted=fn<onVnodeUnmounted> ref=Ref< Proxy(Object) > > 
  at <RouterView> 
  at <App> @ http://localhost:5277/node_modules/@vue/runtime-core/dist/runtime-core.esm-bundler.js:49
[    2428ms] [WARNING] [Vue warn]: Invalid prop: type check failed for prop "rowData". Expected Object, got String with value "
". 
  at <BodyRow key=undefined rowData="\n" index=15  ... > 
  at <TableBody ref="bodyRef" value="<!DOCTYPE html>\n<htm" class=""  ... > 
  at <VirtualScroller ref="virtualScroller" items="<!DOCTYPE html>\n<html lang=\"en\">\n\n<head>\n  <meta charset=\"utf-8\" />\n  <meta name=\"viewport\" content=\"width=device-width, initial-scale=1\" />\n  <meta name=\"theme-color\" content=\"#000000\" />\n  <link rel=\"shortcut icon\" type=\"image/ico\" href=\"/assets/favicon-bc234827.ico\" />\n  <link href=\"https://fonts.googleapis.com/css?family=Roboto:300,400,500\" rel=\"stylesheet\" />\n  <title>Pentaract UI</title>\n\n  <style>\n    *,\n    html {\n      margin: 0;\n      padding: 0;\n    }\n  </style>\n  <script type=\"module\" crossorigin src=\"/assets/index-58b24b54.js\"></script>\n  <link rel=\"stylesheet\" href=\"/assets/index-a4f6c957.css\">\n</head>\n\n<body>\n  <noscript>Wanna write ur own UI without js?! Go ahead, don't disturb others</noscript>\n  <div id=\"root\"></div>\n\n  \n</body>\n\n</html>\n" columns= [Object, Object, Object, Object, Object, Object]  ... > 
  at <DataTable value="<!DOCTYPE html>\n<html lang=\"en\">\n\n<head>\n  <meta charset=\"utf-8\" />\n  <meta name=\"viewport\" content=\"width=device-width, initial-scale=1\" />\n  <meta name=\"theme-color\" content=\"#000000\" />\n  <link rel=\"shortcut icon\" type=\"image/ico\" href=\"/assets/favicon-bc234827.ico\" />\n  <link href=\"https://fonts.googleapis.com/css?family=Roboto:300,400,500\" rel=\"stylesheet\" />\n  <title>Pentaract UI</title>\n\n  <style>\n    *,\n    html {\n      margin: 0;\n      padding: 0;\n    }\n  </style>\n  <script type=\"module\" crossorigin src=\"/assets/index-58b24b54.js\"></script>\n  <link rel=\"stylesheet\" href=\"/assets/index-a4f6c957.css\">\n</head>\n\n<body>\n  <noscript>Wanna write ur own UI without js?! Go ahead, don't disturb others</noscript>\n  <div id=\"root\"></div>\n\n  \n</body>\n\n</html>\n" loading=false stripedRows=""  ... > 
  at <OrdersView onVnodeUnmounted=fn<onVnodeUnmounted> ref=Ref< Proxy(Object) > > 
  at <RouterView> 
  at <AppLayout onVnodeUnmounted=fn<onVnodeUnmounted> ref=Ref< Proxy(Object) > > 
  at <RouterView> 
  at <App> @ http://localhost:5277/node_modules/@vue/runtime-core/dist/runtime-core.esm-bundler.js:49
[    2429ms] [WARNING] [Vue warn]: Invalid prop: type check failed for prop "value". Expected Array, got String with value "<!DOCTYPE html>
<htm". 
  at <BodyRow key=undefined rowData="\n" index=15  ... > 
  at <TableBody ref="bodyRef" value="<!DOCTYPE html>\n<htm" class=""  ... > 
  at <VirtualScroller ref="virtualScroller" items="<!DOCTYPE html>\n<html lang=\"en\">\n\n<head>\n  <meta charset=\"utf-8\" />\n  <meta name=\"viewport\" content=\"width=device-width, initial-scale=1\" />\n  <meta name=\"theme-color\" content=\"#000000\" />\n  <link rel=\"shortcut icon\" type=\"image/ico\" href=\"/assets/favicon-bc234827.ico\" />\n  <link href=\"https://fonts.googleapis.com/css?family=Roboto:300,400,500\" rel=\"stylesheet\" />\n  <title>Pentaract UI</title>\n\n  <style>\n    *,\n    html {\n      margin: 0;\n      padding: 0;\n    }\n  </style>\n  <script type=\"module\" crossorigin src=\"/assets/index-58b24b54.js\"></script>\n  <link rel=\"stylesheet\" href=\"/assets/index-a4f6c957.css\">\n</head>\n\n<body>\n  <noscript>Wanna write ur own UI without js?! Go ahead, don't disturb others</noscript>\n  <div id=\"root\"></div>\n\n  \n</body>\n\n</html>\n" columns= [Object, Object, Object, Object, Object, Object]  ... > 
  at <DataTable value="<!DOCTYPE html>\n<html lang=\"en\">\n\n<head>\n  <meta charset=\"utf-8\" />\n  <meta name=\"viewport\" content=\"width=device-width, initial-scale=1\" />\n  <meta name=\"theme-color\" content=\"#000000\" />\n  <link rel=\"shortcut icon\" type=\"image/ico\" href=\"/assets/favicon-bc234827.ico\" />\n  <link href=\"https://fonts.googleapis.com/css?family=Roboto:300,400,500\" rel=\"stylesheet\" />\n  <title>Pentaract UI</title>\n\n  <style>\n    *,\n    html {\n      margin: 0;\n      padding: 0;\n    }\n  </style>\n  <script type=\"module\" crossorigin src=\"/assets/index-58b24b54.js\"></script>\n  <link rel=\"stylesheet\" href=\"/assets/index-a4f6c957.css\">\n</head>\n\n<body>\n  <noscript>Wanna write ur own UI without js?! Go ahead, don't disturb others</noscript>\n  <div id=\"root\"></div>\n\n  \n</body>\n\n</html>\n" loading=false stripedRows=""  ... > 
  at <OrdersView onVnodeUnmounted=fn<onVnodeUnmounted> ref=Ref< Proxy(Object) > > 
  at <RouterView> 
  at <AppLayout onVnodeUnmounted=fn<onVnodeUnmounted> ref=Ref< Proxy(Object) > > 
  at <RouterView> 
  at <App> @ http://localhost:5277/node_modules/@vue/runtime-core/dist/runtime-core.esm-bundler.js:49
[    2432ms] [WARNING] [Vue warn]: Invalid prop: type check failed for prop "rowData". Expected Object, got String with value "
". 
  at <BodyCell key="id" rowData="\n" column= {__v_isVNode: true, __v_skip: true, type: Object, props: Object, key: null}  ... > 
  at <BodyRow key=undefined rowData="\n" index=15  ... > 
  at <TableBody ref="bodyRef" value="<!DOCTYPE html>\n<htm" class=""  ... > 
  at <VirtualScroller ref="virtualScroller" items="<!DOCTYPE html>\n<html lang=\"en\">\n\n<head>\n  <meta charset=\"utf-8\" />\n  <meta name=\"viewport\" content=\"width=device-width, initial-scale=1\" />\n  <meta name=\"theme-color\" content=\"#000000\" />\n  <link rel=\"shortcut icon\" type=\"image/ico\" href=\"/assets/favicon-bc234827.ico\" />\n  <link href=\"https://fonts.googleapis.com/css?family=Roboto:300,400,500\" rel=\"stylesheet\" />\n  <title>Pentaract UI</title>\n\n  <style>\n    *,\n    html {\n      margin: 0;\n      padding: 0;\n    }\n  </style>\n  <script type=\"module\" crossorigin src=\"/assets/index-58b24b54.js\"></script>\n  <link rel=\"stylesheet\" href=\"/assets/index-a4f6c957.css\">\n</head>\n\n<body>\n  <noscript>Wanna write ur own UI without js?! Go ahead, don't disturb others</noscript>\n  <div id=\"root\"></div>\n\n  \n</body>\n\n</html>\n" columns= [Object, Object, Object, Object, Object, Object]  ... > 
  at <DataTable value="<!DOCTYPE html>\n<html lang=\"en\">\n\n<head>\n  <meta charset=\"utf-8\" />\n  <meta name=\"viewport\" content=\"width=device-width, initial-scale=1\" />\n  <meta name=\"theme-color\" content=\"#000000\" />\n  <link rel=\"shortcut icon\" type=\"image/ico\" href=\"/assets/favicon-bc234827.ico\" />\n  <link href=\"https://fonts.googleapis.com/css?family=Roboto:300,400,500\" rel=\"stylesheet\" />\n  <title>Pentaract UI</title>\n\n  <style>\n    *,\n    html {\n      margin: 0;\n      padding: 0;\n    }\n  </style>\n  <script type=\"module\" crossorigin src=\"/assets/index-58b24b54.js\"></script>\n  <link rel=\"stylesheet\" href=\"/assets/index-a4f6c957.css\">\n</head>\n\n<body>\n  <noscript>Wanna write ur own UI without js?! Go ahead, don't disturb others</noscript>\n  <div id=\"root\"></div>\n\n  \n</body>\n\n</html>\n" loading=false stripedRows=""  ... > 
  at <OrdersView onVnodeUnmounted=fn<onVnodeUnmounted> ref=Ref< Proxy(Object) > > 
  at <RouterView> 
  at <AppLayout onVnodeUnmounted=fn<onVnodeUnmounted> ref=Ref< Proxy(Object) > > 
  at <RouterView> 
  at <App> @ http://localhost:5277/node_modules/@vue/runtime-core/dist/runtime-core.esm-bundler.js:49
[    2434ms] [WARNING] [Vue warn]: Invalid prop: type check failed for prop "rowData". Expected Object, got String with value "
". 
  at <BodyCell key="client_id" rowData="\n" column= {__v_isVNode: true, __v_skip: true, type: Object, props: Object, key: null}  ... > 
  at <BodyRow key=undefined rowData="\n" index=15  ... > 
  at <TableBody ref="bodyRef" value="<!DOCTYPE html>\n<htm" class=""  ... > 
  at <VirtualScroller ref="virtualScroller" items="<!DOCTYPE html>\n<html lang=\"en\">\n\n<head>\n  <meta charset=\"utf-8\" />\n  <meta name=\"viewport\" content=\"width=device-width, initial-scale=1\" />\n  <meta name=\"theme-color\" content=\"#000000\" />\n  <link rel=\"shortcut icon\" type=\"image/ico\" href=\"/assets/favicon-bc234827.ico\" />\n  <link href=\"https://fonts.googleapis.com/css?family=Roboto:300,400,500\" rel=\"stylesheet\" />\n  <title>Pentaract UI</title>\n\n  <style>\n    *,\n    html {\n      margin: 0;\n      padding: 0;\n    }\n  </style>\n  <script type=\"module\" crossorigin src=\"/assets/index-58b24b54.js\"></script>\n  <link rel=\"stylesheet\" href=\"/assets/index-a4f6c957.css\">\n</head>\n\n<body>\n  <noscript>Wanna write ur own UI without js?! Go ahead, don't disturb others</noscript>\n  <div id=\"root\"></div>\n\n  \n</body>\n\n</html>\n" columns= [Object, Object, Object, Object, Object, Object]  ... > 
  at <DataTable value="<!DOCTYPE html>\n<html lang=\"en\">\n\n<head>\n  <meta charset=\"utf-8\" />\n  <meta name=\"viewport\" content=\"width=device-width, initial-scale=1\" />\n  <meta name=\"theme-color\" content=\"#000000\" />\n  <link rel=\"shortcut icon\" type=\"image/ico\" href=\"/assets/favicon-bc234827.ico\" />\n  <link href=\"https://fonts.googleapis.com/css?family=Roboto:300,400,500\" rel=\"stylesheet\" />\n  <title>Pentaract UI</title>\n\n  <style>\n    *,\n    html {\n      margin: 0;\n      padding: 0;\n    }\n  </style>\n  <script type=\"module\" crossorigin src=\"/assets/index-58b24b54.js\"></script>\n  <link rel=\"stylesheet\" href=\"/assets/index-a4f6c957.css\">\n</head>\n\n<body>\n  <noscript>Wanna write ur own UI without js?! Go ahead, don't disturb others</noscript>\n  <div id=\"root\"></div>\n\n  \n</body>\n\n</html>\n" loading=false stripedRows=""  ... > 
  at <OrdersView onVnodeUnmounted=fn<onVnodeUnmounted> ref=Ref< Proxy(Object) > > 
  at <RouterView> 
  at <AppLayout onVnodeUnmounted=fn<onVnodeUnmounted> ref=Ref< Proxy(Object) > > 
  at <RouterView> 
  at <App> @ http://localhost:5277/node_modules/@vue/runtime-core/dist/runtime-core.esm-bundler.js:49
[    2436ms] [WARNING] [Vue warn]: Invalid prop: type check failed for prop "rowData". Expected Object, got String with value "
". 
  at <BodyCell key="source" rowData="\n" column= {__v_isVNode: true, __v_skip: true, type: Object, props: Object, key: null}  ... > 
  at <BodyRow key=undefined rowData="\n" index=15  ... > 
  at <TableBody ref="bodyRef" value="<!DOCTYPE html>\n<htm" class=""  ... > 
  at <VirtualScroller ref="virtualScroller" items="<!DOCTYPE html>\n<html lang=\"en\">\n\n<head>\n  <meta charset=\"utf-8\" />\n  <meta name=\"viewport\" content=\"width=device-width, initial-scale=1\" />\n  <meta name=\"theme-color\" content=\"#000000\" />\n  <link rel=\"shortcut icon\" type=\"image/ico\" href=\"/assets/favicon-bc234827.ico\" />\n  <link href=\"https://fonts.googleapis.com/css?family=Roboto:300,400,500\" rel=\"stylesheet\" />\n  <title>Pentaract UI</title>\n\n  <style>\n    *,\n    html {\n      margin: 0;\n      padding: 0;\n    }\n  </style>\n  <script type=\"module\" crossorigin src=\"/assets/index-58b24b54.js\"></script>\n  <link rel=\"stylesheet\" href=\"/assets/index-a4f6c957.css\">\n</head>\n\n<body>\n  <noscript>Wanna write ur own UI without js?! Go ahead, don't disturb others</noscript>\n  <div id=\"root\"></div>\n\n  \n</body>\n\n</html>\n" columns= [Object, Object, Object, Object, Object, Object]  ... > 
  at <DataTable value="<!DOCTYPE html>\n<html lang=\"en\">\n\n<head>\n  <meta charset=\"utf-8\" />\n  <meta name=\"viewport\" content=\"width=device-width, initial-scale=1\" />\n  <meta name=\"theme-color\" content=\"#000000\" />\n  <link rel=\"shortcut icon\" type=\"image/ico\" href=\"/assets/favicon-bc234827.ico\" />\n  <link href=\"https://fonts.googleapis.com/css?family=Roboto:300,400,500\" rel=\"stylesheet\" />\n  <title>Pentaract UI</title>\n\n  <style>\n    *,\n    html {\n      margin: 0;\n      padding: 0;\n    }\n  </style>\n  <script type=\"module\" crossorigin src=\"/assets/index-58b24b54.js\"></script>\n  <link rel=\"stylesheet\" href=\"/assets/index-a4f6c957.css\">\n</head>\n\n<body>\n  <noscript>Wanna write ur own UI without js?! Go ahead, don't disturb others</noscript>\n  <div id=\"root\"></div>\n\n  \n</body>\n\n</html>\n" loading=false stripedRows=""  ... > 
  at <OrdersView onVnodeUnmounted=fn<onVnodeUnmounted> ref=Ref< Proxy(Object) > > 
  at <RouterView> 
  at <AppLayout onVnodeUnmounted=fn<onVnodeUnmounted> ref=Ref< Proxy(Object) > > 
  at <RouterView> 
  at <App> @ http://localhost:5277/node_modules/@vue/runtime-core/dist/runtime-core.esm-bundler.js:49
[    2438ms] [WARNING] [Vue warn]: Invalid prop: type check failed for prop "rowData". Expected Object, got String with value "
". 
  at <BodyCell key="status" rowData="\n" column= {__v_isVNode: true, __v_skip: true, type: Object, props: Object, key: null}  ... > 
  at <BodyRow key=undefined rowData="\n" index=15  ... > 
  at <TableBody ref="bodyRef" value="<!DOCTYPE html>\n<htm" class=""  ... > 
  at <VirtualScroller ref="virtualScroller" items="<!DOCTYPE html>\n<html lang=\"en\">\n\n<head>\n  <meta charset=\"utf-8\" />\n  <meta name=\"viewport\" content=\"width=device-width, initial-scale=1\" />\n  <meta name=\"theme-color\" content=\"#000000\" />\n  <link rel=\"shortcut icon\" type=\"image/ico\" href=\"/assets/favicon-bc234827.ico\" />\n  <link href=\"https://fonts.googleapis.com/css?family=Roboto:300,400,500\" rel=\"stylesheet\" />\n  <title>Pentaract UI</title>\n\n  <style>\n    *,\n    html {\n      margin: 0;\n      padding: 0;\n    }\n  </style>\n  <script type=\"module\" crossorigin src=\"/assets/index-58b24b54.js\"></script>\n  <link rel=\"stylesheet\" href=\"/assets/index-a4f6c957.css\">\n</head>\n\n<body>\n  <noscript>Wanna write ur own UI without js?! Go ahead, don't disturb others</noscript>\n  <div id=\"root\"></div>\n\n  \n</body>\n\n</html>\n" columns= [Object, Object, Object, Object, Object, Object]  ... > 
  at <DataTable value="<!DOCTYPE html>\n<html lang=\"en\">\n\n<head>\n  <meta charset=\"utf-8\" />\n  <meta name=\"viewport\" content=\"width=device-width, initial-scale=1\" />\n  <meta name=\"theme-color\" content=\"#000000\" />\n  <link rel=\"shortcut icon\" type=\"image/ico\" href=\"/assets/favicon-bc234827.ico\" />\n  <link href=\"https://fonts.googleapis.com/css?family=Roboto:300,400,500\" rel=\"stylesheet\" />\n  <title>Pentaract UI</title>\n\n  <style>\n    *,\n    html {\n      margin: 0;\n      padding: 0;\n    }\n  </style>\n  <script type=\"module\" crossorigin src=\"/assets/index-58b24b54.js\"></script>\n  <link rel=\"stylesheet\" href=\"/assets/index-a4f6c957.css\">\n</head>\n\n<body>\n  <noscript>Wanna write ur own UI without js?! Go ahead, don't disturb others</noscript>\n  <div id=\"root\"></div>\n\n  \n</body>\n\n</html>\n" loading=false stripedRows=""  ... > 
  at <OrdersView onVnodeUnmounted=fn<onVnodeUnmounted> ref=Ref< Proxy(Object) > > 
  at <RouterView> 
  at <AppLayout onVnodeUnmounted=fn<onVnodeUnmounted> ref=Ref< Proxy(Object) > > 
  at <RouterView> 
  at <App> @ http://localhost:5277/node_modules/@vue/runtime-core/dist/runtime-core.esm-bundler.js:49
[    2440ms] [WARNING] [Vue warn]: Invalid prop: type check failed for prop "rowData". Expected Object, got String with value "
". 
  at <BodyCell key="created_at" rowData="\n" column= {__v_isVNode: true, __v_skip: true, type: Object, props: Object, key: null}  ... > 
  at <BodyRow key=undefined rowData="\n" index=15  ... > 
  at <TableBody ref="bodyRef" value="<!DOCTYPE html>\n<htm" class=""  ... > 
  at <VirtualScroller ref="virtualScroller" items="<!DOCTYPE html>\n<html lang=\"en\">\n\n<head>\n  <meta charset=\"utf-8\" />\n  <meta name=\"viewport\" content=\"width=device-width, initial-scale=1\" />\n  <meta name=\"theme-color\" content=\"#000000\" />\n  <link rel=\"shortcut icon\" type=\"image/ico\" href=\"/assets/favicon-bc234827.ico\" />\n  <link href=\"https://fonts.googleapis.com/css?family=Roboto:300,400,500\" rel=\"stylesheet\" />\n  <title>Pentaract UI</title>\n\n  <style>\n    *,\n    html {\n      margin: 0;\n      padding: 0;\n    }\n  </style>\n  <script type=\"module\" crossorigin src=\"/assets/index-58b24b54.js\"></script>\n  <link rel=\"stylesheet\" href=\"/assets/index-a4f6c957.css\">\n</head>\n\n<body>\n  <noscript>Wanna write ur own UI without js?! Go ahead, don't disturb others</noscript>\n  <div id=\"root\"></div>\n\n  \n</body>\n\n</html>\n" columns= [Object, Object, Object, Object, Object, Object]  ... > 
  at <DataTable value="<!DOCTYPE html>\n<html lang=\"en\">\n\n<head>\n  <meta charset=\"utf-8\" />\n  <meta name=\"viewport\" content=\"width=device-width, initial-scale=1\" />\n  <meta name=\"theme-color\" content=\"#000000\" />\n  <link rel=\"shortcut icon\" type=\"image/ico\" href=\"/assets/favicon-bc234827.ico\" />\n  <link href=\"https://fonts.googleapis.com/css?family=Roboto:300,400,500\" rel=\"stylesheet\" />\n  <title>Pentaract UI</title>\n\n  <style>\n    *,\n    html {\n      margin: 0;\n      padding: 0;\n    }\n  </style>\n  <script type=\"module\" crossorigin src=\"/assets/index-58b24b54.js\"></script>\n  <link rel=\"stylesheet\" href=\"/assets/index-a4f6c957.css\">\n</head>\n\n<body>\n  <noscript>Wanna write ur own UI without js?! Go ahead, don't disturb others</noscript>\n  <div id=\"root\"></div>\n\n  \n</body>\n\n</html>\n" loading=false stripedRows=""  ... > 
  at <OrdersView onVnodeUnmounted=fn<onVnodeUnmounted> ref=Ref< Proxy(Object) > > 
  at <RouterView> 
  at <AppLayout onVnodeUnmounted=fn<onVnodeUnmounted> ref=Ref< Proxy(Object) > > 
  at <RouterView> 
  at <App> @ http://localhost:5277/node_modules/@vue/runtime-core/dist/runtime-core.esm-bundler.js:49
[    2442ms] [WARNING] [Vue warn]: Invalid prop: type check failed for prop "rowData". Expected Object, got String with value "
". 
  at <BodyCell key=5 rowData="\n" column= {__v_isVNode: true, __v_skip: true, type: Object, props: Object, key: null}  ... > 
  at <BodyRow key=undefined rowData="\n" index=15  ... > 
  at <TableBody ref="bodyRef" value="<!DOCTYPE html>\n<htm" class=""  ... > 
  at <VirtualScroller ref="virtualScroller" items="<!DOCTYPE html>\n<html lang=\"en\">\n\n<head>\n  <meta charset=\"utf-8\" />\n  <meta name=\"viewport\" content=\"width=device-width, initial-scale=1\" />\n  <meta name=\"theme-color\" content=\"#000000\" />\n  <link rel=\"shortcut icon\" type=\"image/ico\" href=\"/assets/favicon-bc234827.ico\" />\n  <link href=\"https://fonts.googleapis.com/css?family=Roboto:300,400,500\" rel=\"stylesheet\" />\n  <title>Pentaract UI</title>\n\n  <style>\n    *,\n    html {\n      margin: 0;\n      padding: 0;\n    }\n  </style>\n  <script type=\"module\" crossorigin src=\"/assets/index-58b24b54.js\"></script>\n  <link rel=\"stylesheet\" href=\"/assets/index-a4f6c957.css\">\n</head>\n\n<body>\n  <noscript>Wanna write ur own UI without js?! Go ahead, don't disturb others</noscript>\n  <div id=\"root\"></div>\n\n  \n</body>\n\n</html>\n" columns= [Object, Object, Object, Object, Object, Object]  ... > 
  at <DataTable value="<!DOCTYPE html>\n<html lang=\"en\">\n\n<head>\n  <meta charset=\"utf-8\" />\n  <meta name=\"viewport\" content=\"width=device-width, initial-scale=1\" />\n  <meta name=\"theme-color\" content=\"#000000\" />\n  <link rel=\"shortcut icon\" type=\"image/ico\" href=\"/assets/favicon-bc234827.ico\" />\n  <link href=\"https://fonts.googleapis.com/css?family=Roboto:300,400,500\" rel=\"stylesheet\" />\n  <title>Pentaract UI</title>\n\n  <style>\n    *,\n    html {\n      margin: 0;\n      padding: 0;\n    }\n  </style>\n  <script type=\"module\" crossorigin src=\"/assets/index-58b24b54.js\"></script>\n  <link rel=\"stylesheet\" href=\"/assets/index-a4f6c957.css\">\n</head>\n\n<body>\n  <noscript>Wanna write ur own UI without js?! Go ahead, don't disturb others</noscript>\n  <div id=\"root\"></div>\n\n  \n</body>\n\n</html>\n" loading=false stripedRows=""  ... > 
  at <OrdersView onVnodeUnmounted=fn<onVnodeUnmounted> ref=Ref< Proxy(Object) > > 
  at <RouterView> 
  at <AppLayout onVnodeUnmounted=fn<onVnodeUnmounted> ref=Ref< Proxy(Object) > > 
  at <RouterView> 
  at <App> @ http://localhost:5277/node_modules/@vue/runtime-core/dist/runtime-core.esm-bundler.js:49
[    2445ms] [WARNING] [Vue warn]: Invalid prop: type check failed for prop "rowData". Expected Object, got String with value "<". 
  at <BodyRow key=undefined rowData="<" index=16  ... > 
  at <TableBody ref="bodyRef" value="<!DOCTYPE html>\n<htm" class=""  ... > 
  at <VirtualScroller ref="virtualScroller" items="<!DOCTYPE html>\n<html lang=\"en\">\n\n<head>\n  <meta charset=\"utf-8\" />\n  <meta name=\"viewport\" content=\"width=device-width, initial-scale=1\" />\n  <meta name=\"theme-color\" content=\"#000000\" />\n  <link rel=\"shortcut icon\" type=\"image/ico\" href=\"/assets/favicon-bc234827.ico\" />\n  <link href=\"https://fonts.googleapis.com/css?family=Roboto:300,400,500\" rel=\"stylesheet\" />\n  <title>Pentaract UI</title>\n\n  <style>\n    *,\n    html {\n      margin: 0;\n      padding: 0;\n    }\n  </style>\n  <script type=\"module\" crossorigin src=\"/assets/index-58b24b54.js\"></script>\n  <link rel=\"stylesheet\" href=\"/assets/index-a4f6c957.css\">\n</head>\n\n<body>\n  <noscript>Wanna write ur own UI without js?! Go ahead, don't disturb others</noscript>\n  <div id=\"root\"></div>\n\n  \n</body>\n\n</html>\n" columns= [Object, Object, Object, Object, Object, Object]  ... > 
  at <DataTable value="<!DOCTYPE html>\n<html lang=\"en\">\n\n<head>\n  <meta charset=\"utf-8\" />\n  <meta name=\"viewport\" content=\"width=device-width, initial-scale=1\" />\n  <meta name=\"theme-color\" content=\"#000000\" />\n  <link rel=\"shortcut icon\" type=\"image/ico\" href=\"/assets/favicon-bc234827.ico\" />\n  <link href=\"https://fonts.googleapis.com/css?family=Roboto:300,400,500\" rel=\"stylesheet\" />\n  <title>Pentaract UI</title>\n\n  <style>\n    *,\n    html {\n      margin: 0;\n      padding: 0;\n    }\n  </style>\n  <script type=\"module\" crossorigin src=\"/assets/index-58b24b54.js\"></script>\n  <link rel=\"stylesheet\" href=\"/assets/index-a4f6c957.css\">\n</head>\n\n<body>\n  <noscript>Wanna write ur own UI without js?! Go ahead, don't disturb others</noscript>\n  <div id=\"root\"></div>\n\n  \n</body>\n\n</html>\n" loading=false stripedRows=""  ... > 
  at <OrdersView onVnodeUnmounted=fn<onVnodeUnmounted> ref=Ref< Proxy(Object) > > 
  at <RouterView> 
  at <AppLayout onVnodeUnmounted=fn<onVnodeUnmounted> ref=Ref< Proxy(Object) > > 
  at <RouterView> 
  at <App> @ http://localhost:5277/node_modules/@vue/runtime-core/dist/runtime-core.esm-bundler.js:49
[    2446ms] [WARNING] [Vue warn]: Invalid prop: type check failed for prop "value". Expected Array, got String with value "<!DOCTYPE html>
<htm". 
  at <BodyRow key=undefined rowData="<" index=16  ... > 
  at <TableBody ref="bodyRef" value="<!DOCTYPE html>\n<htm" class=""  ... > 
  at <VirtualScroller ref="virtualScroller" items="<!DOCTYPE html>\n<html lang=\"en\">\n\n<head>\n  <meta charset=\"utf-8\" />\n  <meta name=\"viewport\" content=\"width=device-width, initial-scale=1\" />\n  <meta name=\"theme-color\" content=\"#000000\" />\n  <link rel=\"shortcut icon\" type=\"image/ico\" href=\"/assets/favicon-bc234827.ico\" />\n  <link href=\"https://fonts.googleapis.com/css?family=Roboto:300,400,500\" rel=\"stylesheet\" />\n  <title>Pentaract UI</title>\n\n  <style>\n    *,\n    html {\n      margin: 0;\n      padding: 0;\n    }\n  </style>\n  <script type=\"module\" crossorigin src=\"/assets/index-58b24b54.js\"></script>\n  <link rel=\"stylesheet\" href=\"/assets/index-a4f6c957.css\">\n</head>\n\n<body>\n  <noscript>Wanna write ur own UI without js?! Go ahead, don't disturb others</noscript>\n  <div id=\"root\"></div>\n\n  \n</body>\n\n</html>\n" columns= [Object, Object, Object, Object, Object, Object]  ... > 
  at <DataTable value="<!DOCTYPE html>\n<html lang=\"en\">\n\n<head>\n  <meta charset=\"utf-8\" />\n  <meta name=\"viewport\" content=\"width=device-width, initial-scale=1\" />\n  <meta name=\"theme-color\" content=\"#000000\" />\n  <link rel=\"shortcut icon\" type=\"image/ico\" href=\"/assets/favicon-bc234827.ico\" />\n  <link href=\"https://fonts.googleapis.com/css?family=Roboto:300,400,500\" rel=\"stylesheet\" />\n  <title>Pentaract UI</title>\n\n  <style>\n    *,\n    html {\n      margin: 0;\n      padding: 0;\n    }\n  </style>\n  <script type=\"module\" crossorigin src=\"/assets/index-58b24b54.js\"></script>\n  <link rel=\"stylesheet\" href=\"/assets/index-a4f6c957.css\">\n</head>\n\n<body>\n  <noscript>Wanna write ur own UI without js?! Go ahead, don't disturb others</noscript>\n  <div id=\"root\"></div>\n\n  \n</body>\n\n</html>\n" loading=false stripedRows=""  ... > 
  at <OrdersView onVnodeUnmounted=fn<onVnodeUnmounted> ref=Ref< Proxy(Object) > > 
  at <RouterView> 
  at <AppLayout onVnodeUnmounted=fn<onVnodeUnmounted> ref=Ref< Proxy(Object) > > 
  at <RouterView> 
  at <App> @ http://localhost:5277/node_modules/@vue/runtime-core/dist/runtime-core.esm-bundler.js:49
[    2448ms] [WARNING] [Vue warn]: Invalid prop: type check failed for prop "rowData". Expected Object, got String with value "<". 
  at <BodyCell key="id" rowData="<" column= {__v_isVNode: true, __v_skip: true, type: Object, props: Object, key: null}  ... > 
  at <BodyRow key=undefined rowData="<" index=16  ... > 
  at <TableBody ref="bodyRef" value="<!DOCTYPE html>\n<htm" class=""  ... > 
  at <VirtualScroller ref="virtualScroller" items="<!DOCTYPE html>\n<html lang=\"en\">\n\n<head>\n  <meta charset=\"utf-8\" />\n  <meta name=\"viewport\" content=\"width=device-width, initial-scale=1\" />\n  <meta name=\"theme-color\" content=\"#000000\" />\n  <link rel=\"shortcut icon\" type=\"image/ico\" href=\"/assets/favicon-bc234827.ico\" />\n  <link href=\"https://fonts.googleapis.com/css?family=Roboto:300,400,500\" rel=\"stylesheet\" />\n  <title>Pentaract UI</title>\n\n  <style>\n    *,\n    html {\n      margin: 0;\n      padding: 0;\n    }\n  </style>\n  <script type=\"module\" crossorigin src=\"/assets/index-58b24b54.js\"></script>\n  <link rel=\"stylesheet\" href=\"/assets/index-a4f6c957.css\">\n</head>\n\n<body>\n  <noscript>Wanna write ur own UI without js?! Go ahead, don't disturb others</noscript>\n  <div id=\"root\"></div>\n\n  \n</body>\n\n</html>\n" columns= [Object, Object, Object, Object, Object, Object]  ... > 
  at <DataTable value="<!DOCTYPE html>\n<html lang=\"en\">\n\n<head>\n  <meta charset=\"utf-8\" />\n  <meta name=\"viewport\" content=\"width=device-width, initial-scale=1\" />\n  <meta name=\"theme-color\" content=\"#000000\" />\n  <link rel=\"shortcut icon\" type=\"image/ico\" href=\"/assets/favicon-bc234827.ico\" />\n  <link href=\"https://fonts.googleapis.com/css?family=Roboto:300,400,500\" rel=\"stylesheet\" />\n  <title>Pentaract UI</title>\n\n  <style>\n    *,\n    html {\n      margin: 0;\n      padding: 0;\n    }\n  </style>\n  <script type=\"module\" crossorigin src=\"/assets/index-58b24b54.js\"></script>\n  <link rel=\"stylesheet\" href=\"/assets/index-a4f6c957.css\">\n</head>\n\n<body>\n  <noscript>Wanna write ur own UI without js?! Go ahead, don't disturb others</noscript>\n  <div id=\"root\"></div>\n\n  \n</body>\n\n</html>\n" loading=false stripedRows=""  ... > 
  at <OrdersView onVnodeUnmounted=fn<onVnodeUnmounted> ref=Ref< Proxy(Object) > > 
  at <RouterView> 
  at <AppLayout onVnodeUnmounted=fn<onVnodeUnmounted> ref=Ref< Proxy(Object) > > 
  at <RouterView> 
  at <App> @ http://localhost:5277/node_modules/@vue/runtime-core/dist/runtime-core.esm-bundler.js:49
[    2451ms] [WARNING] [Vue warn]: Invalid prop: type check failed for prop "rowData". Expected Object, got String with value "<". 
  at <BodyCell key="client_id" rowData="<" column= {__v_isVNode: true, __v_skip: true, type: Object, props: Object, key: null}  ... > 
  at <BodyRow key=undefined rowData="<" index=16  ... > 
  at <TableBody ref="bodyRef" value="<!DOCTYPE html>\n<htm" class=""  ... > 
  at <VirtualScroller ref="virtualScroller" items="<!DOCTYPE html>\n<html lang=\"en\">\n\n<head>\n  <meta charset=\"utf-8\" />\n  <meta name=\"viewport\" content=\"width=device-width, initial-scale=1\" />\n  <meta name=\"theme-color\" content=\"#000000\" />\n  <link rel=\"shortcut icon\" type=\"image/ico\" href=\"/assets/favicon-bc234827.ico\" />\n  <link href=\"https://fonts.googleapis.com/css?family=Roboto:300,400,500\" rel=\"stylesheet\" />\n  <title>Pentaract UI</title>\n\n  <style>\n    *,\n    html {\n      margin: 0;\n      padding: 0;\n    }\n  </style>\n  <script type=\"module\" crossorigin src=\"/assets/index-58b24b54.js\"></script>\n  <link rel=\"stylesheet\" href=\"/assets/index-a4f6c957.css\">\n</head>\n\n<body>\n  <noscript>Wanna write ur own UI without js?! Go ahead, don't disturb others</noscript>\n  <div id=\"root\"></div>\n\n  \n</body>\n\n</html>\n" columns= [Object, Object, Object, Object, Object, Object]  ... > 
  at <DataTable value="<!DOCTYPE html>\n<html lang=\"en\">\n\n<head>\n  <meta charset=\"utf-8\" />\n  <meta name=\"viewport\" content=\"width=device-width, initial-scale=1\" />\n  <meta name=\"theme-color\" content=\"#000000\" />\n  <link rel=\"shortcut icon\" type=\"image/ico\" href=\"/assets/favicon-bc234827.ico\" />\n  <link href=\"https://fonts.googleapis.com/css?family=Roboto:300,400,500\" rel=\"stylesheet\" />\n  <title>Pentaract UI</title>\n\n  <style>\n    *,\n    html {\n      margin: 0;\n      padding: 0;\n    }\n  </style>\n  <script type=\"module\" crossorigin src=\"/assets/index-58b24b54.js\"></script>\n  <link rel=\"stylesheet\" href=\"/assets/index-a4f6c957.css\">\n</head>\n\n<body>\n  <noscript>Wanna write ur own UI without js?! Go ahead, don't disturb others</noscript>\n  <div id=\"root\"></div>\n\n  \n</body>\n\n</html>\n" loading=false stripedRows=""  ... > 
  at <OrdersView onVnodeUnmounted=fn<onVnodeUnmounted> ref=Ref< Proxy(Object) > > 
  at <RouterView> 
  at <AppLayout onVnodeUnmounted=fn<onVnodeUnmounted> ref=Ref< Proxy(Object) > > 
  at <RouterView> 
  at <App> @ http://localhost:5277/node_modules/@vue/runtime-core/dist/runtime-core.esm-bundler.js:49
[    2453ms] [WARNING] [Vue warn]: Invalid prop: type check failed for prop "rowData". Expected Object, got String with value "<". 
  at <BodyCell key="source" rowData="<" column= {__v_isVNode: true, __v_skip: true, type: Object, props: Object, key: null}  ... > 
  at <BodyRow key=undefined rowData="<" index=16  ... > 
  at <TableBody ref="bodyRef" value="<!DOCTYPE html>\n<htm" class=""  ... > 
  at <VirtualScroller ref="virtualScroller" items="<!DOCTYPE html>\n<html lang=\"en\">\n\n<head>\n  <meta charset=\"utf-8\" />\n  <meta name=\"viewport\" content=\"width=device-width, initial-scale=1\" />\n  <meta name=\"theme-color\" content=\"#000000\" />\n  <link rel=\"shortcut icon\" type=\"image/ico\" href=\"/assets/favicon-bc234827.ico\" />\n  <link href=\"https://fonts.googleapis.com/css?family=Roboto:300,400,500\" rel=\"stylesheet\" />\n  <title>Pentaract UI</title>\n\n  <style>\n    *,\n    html {\n      margin: 0;\n      padding: 0;\n    }\n  </style>\n  <script type=\"module\" crossorigin src=\"/assets/index-58b24b54.js\"></script>\n  <link rel=\"stylesheet\" href=\"/assets/index-a4f6c957.css\">\n</head>\n\n<body>\n  <noscript>Wanna write ur own UI without js?! Go ahead, don't disturb others</noscript>\n  <div id=\"root\"></div>\n\n  \n</body>\n\n</html>\n" columns= [Object, Object, Object, Object, Object, Object]  ... > 
  at <DataTable value="<!DOCTYPE html>\n<html lang=\"en\">\n\n<head>\n  <meta charset=\"utf-8\" />\n  <meta name=\"viewport\" content=\"width=device-width, initial-scale=1\" />\n  <meta name=\"theme-color\" content=\"#000000\" />\n  <link rel=\"shortcut icon\" type=\"image/ico\" href=\"/assets/favicon-bc234827.ico\" />\n  <link href=\"https://fonts.googleapis.com/css?family=Roboto:300,400,500\" rel=\"stylesheet\" />\n  <title>Pentaract UI</title>\n\n  <style>\n    *,\n    html {\n      margin: 0;\n      padding: 0;\n    }\n  </style>\n  <script type=\"module\" crossorigin src=\"/assets/index-58b24b54.js\"></script>\n  <link rel=\"stylesheet\" href=\"/assets/index-a4f6c957.css\">\n</head>\n\n<body>\n  <noscript>Wanna write ur own UI without js?! Go ahead, don't disturb others</noscript>\n  <div id=\"root\"></div>\n\n  \n</body>\n\n</html>\n" loading=false stripedRows=""  ... > 
  at <OrdersView onVnodeUnmounted=fn<onVnodeUnmounted> ref=Ref< Proxy(Object) > > 
  at <RouterView> 
  at <AppLayout onVnodeUnmounted=fn<onVnodeUnmounted> ref=Ref< Proxy(Object) > > 
  at <RouterView> 
  at <App> @ http://localhost:5277/node_modules/@vue/runtime-core/dist/runtime-core.esm-bundler.js:49
[    2456ms] [WARNING] [Vue warn]: Invalid prop: type check failed for prop "rowData". Expected Object, got String with value "<". 
  at <BodyCell key="status" rowData="<" column= {__v_isVNode: true, __v_skip: true, type: Object, props: Object, key: null}  ... > 
  at <BodyRow key=undefined rowData="<" index=16  ... > 
  at <TableBody ref="bodyRef" value="<!DOCTYPE html>\n<htm" class=""  ... > 
  at <VirtualScroller ref="virtualScroller" items="<!DOCTYPE html>\n<html lang=\"en\">\n\n<head>\n  <meta charset=\"utf-8\" />\n  <meta name=\"viewport\" content=\"width=device-width, initial-scale=1\" />\n  <meta name=\"theme-color\" content=\"#000000\" />\n  <link rel=\"shortcut icon\" type=\"image/ico\" href=\"/assets/favicon-bc234827.ico\" />\n  <link href=\"https://fonts.googleapis.com/css?family=Roboto:300,400,500\" rel=\"stylesheet\" />\n  <title>Pentaract UI</title>\n\n  <style>\n    *,\n    html {\n      margin: 0;\n      padding: 0;\n    }\n  </style>\n  <script type=\"module\" crossorigin src=\"/assets/index-58b24b54.js\"></script>\n  <link rel=\"stylesheet\" href=\"/assets/index-a4f6c957.css\">\n</head>\n\n<body>\n  <noscript>Wanna write ur own UI without js?! Go ahead, don't disturb others</noscript>\n  <div id=\"root\"></div>\n\n  \n</body>\n\n</html>\n" columns= [Object, Object, Object, Object, Object, Object]  ... > 
  at <DataTable value="<!DOCTYPE html>\n<html lang=\"en\">\n\n<head>\n  <meta charset=\"utf-8\" />\n  <meta name=\"viewport\" content=\"width=device-width, initial-scale=1\" />\n  <meta name=\"theme-color\" content=\"#000000\" />\n  <link rel=\"shortcut icon\" type=\"image/ico\" href=\"/assets/favicon-bc234827.ico\" />\n  <link href=\"https://fonts.googleapis.com/css?family=Roboto:300,400,500\" rel=\"stylesheet\" />\n  <title>Pentaract UI</title>\n\n  <style>\n    *,\n    html {\n      margin: 0;\n      padding: 0;\n    }\n  </style>\n  <script type=\"module\" crossorigin src=\"/assets/index-58b24b54.js\"></script>\n  <link rel=\"stylesheet\" href=\"/assets/index-a4f6c957.css\">\n</head>\n\n<body>\n  <noscript>Wanna write ur own UI without js?! Go ahead, don't disturb others</noscript>\n  <div id=\"root\"></div>\n\n  \n</body>\n\n</html>\n" loading=false stripedRows=""  ... > 
  at <OrdersView onVnodeUnmounted=fn<onVnodeUnmounted> ref=Ref< Proxy(Object) > > 
  at <RouterView> 
  at <AppLayout onVnodeUnmounted=fn<onVnodeUnmounted> ref=Ref< Proxy(Object) > > 
  at <RouterView> 
  at <App> @ http://localhost:5277/node_modules/@vue/runtime-core/dist/runtime-core.esm-bundler.js:49
[    2458ms] [WARNING] [Vue warn]: Invalid prop: type check failed for prop "rowData". Expected Object, got String with value "<". 
  at <BodyCell key="created_at" rowData="<" column= {__v_isVNode: true, __v_skip: true, type: Object, props: Object, key: null}  ... > 
  at <BodyRow key=undefined rowData="<" index=16  ... > 
  at <TableBody ref="bodyRef" value="<!DOCTYPE html>\n<htm" class=""  ... > 
  at <VirtualScroller ref="virtualScroller" items="<!DOCTYPE html>\n<html lang=\"en\">\n\n<head>\n  <meta charset=\"utf-8\" />\n  <meta name=\"viewport\" content=\"width=device-width, initial-scale=1\" />\n  <meta name=\"theme-color\" content=\"#000000\" />\n  <link rel=\"shortcut icon\" type=\"image/ico\" href=\"/assets/favicon-bc234827.ico\" />\n  <link href=\"https://fonts.googleapis.com/css?family=Roboto:300,400,500\" rel=\"stylesheet\" />\n  <title>Pentaract UI</title>\n\n  <style>\n    *,\n    html {\n      margin: 0;\n      padding: 0;\n    }\n  </style>\n  <script type=\"module\" crossorigin src=\"/assets/index-58b24b54.js\"></script>\n  <link rel=\"stylesheet\" href=\"/assets/index-a4f6c957.css\">\n</head>\n\n<body>\n  <noscript>Wanna write ur own UI without js?! Go ahead, don't disturb others</noscript>\n  <div id=\"root\"></div>\n\n  \n</body>\n\n</html>\n" columns= [Object, Object, Object, Object, Object, Object]  ... > 
  at <DataTable value="<!DOCTYPE html>\n<html lang=\"en\">\n\n<head>\n  <meta charset=\"utf-8\" />\n  <meta name=\"viewport\" content=\"width=device-width, initial-scale=1\" />\n  <meta name=\"theme-color\" content=\"#000000\" />\n  <link rel=\"shortcut icon\" type=\"image/ico\" href=\"/assets/favicon-bc234827.ico\" />\n  <link href=\"https://fonts.googleapis.com/css?family=Roboto:300,400,500\" rel=\"stylesheet\" />\n  <title>Pentaract UI</title>\n\n  <style>\n    *,\n    html {\n      margin: 0;\n      padding: 0;\n    }\n  </style>\n  <script type=\"module\" crossorigin src=\"/assets/index-58b24b54.js\"></script>\n  <link rel=\"stylesheet\" href=\"/assets/index-a4f6c957.css\">\n</head>\n\n<body>\n  <noscript>Wanna write ur own UI without js?! Go ahead, don't disturb others</noscript>\n  <div id=\"root\"></div>\n\n  \n</body>\n\n</html>\n" loading=false stripedRows=""  ... > 
  at <OrdersView onVnodeUnmounted=fn<onVnodeUnmounted> ref=Ref< Proxy(Object) > > 
  at <RouterView> 
  at <AppLayout onVnodeUnmounted=fn<onVnodeUnmounted> ref=Ref< Proxy(Object) > > 
  at <RouterView> 
  at <App> @ http://localhost:5277/node_modules/@vue/runtime-core/dist/runtime-core.esm-bundler.js:49
[    2460ms] [WARNING] [Vue warn]: Invalid prop: type check failed for prop "rowData". Expected Object, got String with value "<". 
  at <BodyCell key=5 rowData="<" column= {__v_isVNode: true, __v_skip: true, type: Object, props: Object, key: null}  ... > 
  at <BodyRow key=undefined rowData="<" index=16  ... > 
  at <TableBody ref="bodyRef" value="<!DOCTYPE html>\n<htm" class=""  ... > 
  at <VirtualScroller ref="virtualScroller" items="<!DOCTYPE html>\n<html lang=\"en\">\n\n<head>\n  <meta charset=\"utf-8\" />\n  <meta name=\"viewport\" content=\"width=device-width, initial-scale=1\" />\n  <meta name=\"theme-color\" content=\"#000000\" />\n  <link rel=\"shortcut icon\" type=\"image/ico\" href=\"/assets/favicon-bc234827.ico\" />\n  <link href=\"https://fonts.googleapis.com/css?family=Roboto:300,400,500\" rel=\"stylesheet\" />\n  <title>Pentaract UI</title>\n\n  <style>\n    *,\n    html {\n      margin: 0;\n      padding: 0;\n    }\n  </style>\n  <script type=\"module\" crossorigin src=\"/assets/index-58b24b54.js\"></script>\n  <link rel=\"stylesheet\" href=\"/assets/index-a4f6c957.css\">\n</head>\n\n<body>\n  <noscript>Wanna write ur own UI without js?! Go ahead, don't disturb others</noscript>\n  <div id=\"root\"></div>\n\n  \n</body>\n\n</html>\n" columns= [Object, Object, Object, Object, Object, Object]  ... > 
  at <DataTable value="<!DOCTYPE html>\n<html lang=\"en\">\n\n<head>\n  <meta charset=\"utf-8\" />\n  <meta name=\"viewport\" content=\"width=device-width, initial-scale=1\" />\n  <meta name=\"theme-color\" content=\"#000000\" />\n  <link rel=\"shortcut icon\" type=\"image/ico\" href=\"/assets/favicon-bc234827.ico\" />\n  <link href=\"https://fonts.googleapis.com/css?family=Roboto:300,400,500\" rel=\"stylesheet\" />\n  <title>Pentaract UI</title>\n\n  <style>\n    *,\n    html {\n      margin: 0;\n      padding: 0;\n    }\n  </style>\n  <script type=\"module\" crossorigin src=\"/assets/index-58b24b54.js\"></script>\n  <link rel=\"stylesheet\" href=\"/assets/index-a4f6c957.css\">\n</head>\n\n<body>\n  <noscript>Wanna write ur own UI without js?! Go ahead, don't disturb others</noscript>\n  <div id=\"root\"></div>\n\n  \n</body>\n\n</html>\n" loading=false stripedRows=""  ... > 
  at <OrdersView onVnodeUnmounted=fn<onVnodeUnmounted> ref=Ref< Proxy(Object) > > 
  at <RouterView> 
  at <AppLayout onVnodeUnmounted=fn<onVnodeUnmounted> ref=Ref< Proxy(Object) > > 
  at <RouterView> 
  at <App> @ http://localhost:5277/node_modules/@vue/runtime-core/dist/runtime-core.esm-bundler.js:49
[    2464ms] [WARNING] [Vue warn]: Invalid prop: type check failed for prop "rowData". Expected Object, got String with value "h". 
  at <BodyRow key=undefined rowData="h" index=17  ... > 
  at <TableBody ref="bodyRef" value="<!DOCTYPE html>\n<htm" class=""  ... > 
  at <VirtualScroller ref="virtualScroller" items="<!DOCTYPE html>\n<html lang=\"en\">\n\n<head>\n  <meta charset=\"utf-8\" />\n  <meta name=\"viewport\" content=\"width=device-width, initial-scale=1\" />\n  <meta name=\"theme-color\" content=\"#000000\" />\n  <link rel=\"shortcut icon\" type=\"image/ico\" href=\"/assets/favicon-bc234827.ico\" />\n  <link href=\"https://fonts.googleapis.com/css?family=Roboto:300,400,500\" rel=\"stylesheet\" />\n  <title>Pentaract UI</title>\n\n  <style>\n    *,\n    html {\n      margin: 0;\n      padding: 0;\n    }\n  </style>\n  <script type=\"module\" crossorigin src=\"/assets/index-58b24b54.js\"></script>\n  <link rel=\"stylesheet\" href=\"/assets/index-a4f6c957.css\">\n</head>\n\n<body>\n  <noscript>Wanna write ur own UI without js?! Go ahead, don't disturb others</noscript>\n  <div id=\"root\"></div>\n\n  \n</body>\n\n</html>\n" columns= [Object, Object, Object, Object, Object, Object]  ... > 
  at <DataTable value="<!DOCTYPE html>\n<html lang=\"en\">\n\n<head>\n  <meta charset=\"utf-8\" />\n  <meta name=\"viewport\" content=\"width=device-width, initial-scale=1\" />\n  <meta name=\"theme-color\" content=\"#000000\" />\n  <link rel=\"shortcut icon\" type=\"image/ico\" href=\"/assets/favicon-bc234827.ico\" />\n  <link href=\"https://fonts.googleapis.com/css?family=Roboto:300,400,500\" rel=\"stylesheet\" />\n  <title>Pentaract UI</title>\n\n  <style>\n    *,\n    html {\n      margin: 0;\n      padding: 0;\n    }\n  </style>\n  <script type=\"module\" crossorigin src=\"/assets/index-58b24b54.js\"></script>\n  <link rel=\"stylesheet\" href=\"/assets/index-a4f6c957.css\">\n</head>\n\n<body>\n  <noscript>Wanna write ur own UI without js?! Go ahead, don't disturb others</noscript>\n  <div id=\"root\"></div>\n\n  \n</body>\n\n</html>\n" loading=false stripedRows=""  ... > 
  at <OrdersView onVnodeUnmounted=fn<onVnodeUnmounted> ref=Ref< Proxy(Object) > > 
  at <RouterView> 
  at <AppLayout onVnodeUnmounted=fn<onVnodeUnmounted> ref=Ref< Proxy(Object) > > 
  at <RouterView> 
  at <App> @ http://localhost:5277/node_modules/@vue/runtime-core/dist/runtime-core.esm-bundler.js:49
[    2465ms] [WARNING] [Vue warn]: Invalid prop: type check failed for prop "value". Expected Array, got String with value "<!DOCTYPE html>
<htm". 
  at <BodyRow key=undefined rowData="h" index=17  ... > 
  at <TableBody ref="bodyRef" value="<!DOCTYPE html>\n<htm" class=""  ... > 
  at <VirtualScroller ref="virtualScroller" items="<!DOCTYPE html>\n<html lang=\"en\">\n\n<head>\n  <meta charset=\"utf-8\" />\n  <meta name=\"viewport\" content=\"width=device-width, initial-scale=1\" />\n  <meta name=\"theme-color\" content=\"#000000\" />\n  <link rel=\"shortcut icon\" type=\"image/ico\" href=\"/assets/favicon-bc234827.ico\" />\n  <link href=\"https://fonts.googleapis.com/css?family=Roboto:300,400,500\" rel=\"stylesheet\" />\n  <title>Pentaract UI</title>\n\n  <style>\n    *,\n    html {\n      margin: 0;\n      padding: 0;\n    }\n  </style>\n  <script type=\"module\" crossorigin src=\"/assets/index-58b24b54.js\"></script>\n  <link rel=\"stylesheet\" href=\"/assets/index-a4f6c957.css\">\n</head>\n\n<body>\n  <noscript>Wanna write ur own UI without js?! Go ahead, don't disturb others</noscript>\n  <div id=\"root\"></div>\n\n  \n</body>\n\n</html>\n" columns= [Object, Object, Object, Object, Object, Object]  ... > 
  at <DataTable value="<!DOCTYPE html>\n<html lang=\"en\">\n\n<head>\n  <meta charset=\"utf-8\" />\n  <meta name=\"viewport\" content=\"width=device-width, initial-scale=1\" />\n  <meta name=\"theme-color\" content=\"#000000\" />\n  <link rel=\"shortcut icon\" type=\"image/ico\" href=\"/assets/favicon-bc234827.ico\" />\n  <link href=\"https://fonts.googleapis.com/css?family=Roboto:300,400,500\" rel=\"stylesheet\" />\n  <title>Pentaract UI</title>\n\n  <style>\n    *,\n    html {\n      margin: 0;\n      padding: 0;\n    }\n  </style>\n  <script type=\"module\" crossorigin src=\"/assets/index-58b24b54.js\"></script>\n  <link rel=\"stylesheet\" href=\"/assets/index-a4f6c957.css\">\n</head>\n\n<body>\n  <noscript>Wanna write ur own UI without js?! Go ahead, don't disturb others</noscript>\n  <div id=\"root\"></div>\n\n  \n</body>\n\n</html>\n" loading=false stripedRows=""  ... > 
  at <OrdersView onVnodeUnmounted=fn<onVnodeUnmounted> ref=Ref< Proxy(Object) > > 
  at <RouterView> 
  at <AppLayout onVnodeUnmounted=fn<onVnodeUnmounted> ref=Ref< Proxy(Object) > > 
  at <RouterView> 
  at <App> @ http://localhost:5277/node_modules/@vue/runtime-core/dist/runtime-core.esm-bundler.js:49
[    2467ms] [WARNING] [Vue warn]: Invalid prop: type check failed for prop "rowData". Expected Object, got String with value "h". 
  at <BodyCell key="id" rowData="h" column= {__v_isVNode: true, __v_skip: true, type: Object, props: Object, key: null}  ... > 
  at <BodyRow key=undefined rowData="h" index=17  ... > 
  at <TableBody ref="bodyRef" value="<!DOCTYPE html>\n<htm" class=""  ... > 
  at <VirtualScroller ref="virtualScroller" items="<!DOCTYPE html>\n<html lang=\"en\">\n\n<head>\n  <meta charset=\"utf-8\" />\n  <meta name=\"viewport\" content=\"width=device-width, initial-scale=1\" />\n  <meta name=\"theme-color\" content=\"#000000\" />\n  <link rel=\"shortcut icon\" type=\"image/ico\" href=\"/assets/favicon-bc234827.ico\" />\n  <link href=\"https://fonts.googleapis.com/css?family=Roboto:300,400,500\" rel=\"stylesheet\" />\n  <title>Pentaract UI</title>\n\n  <style>\n    *,\n    html {\n      margin: 0;\n      padding: 0;\n    }\n  </style>\n  <script type=\"module\" crossorigin src=\"/assets/index-58b24b54.js\"></script>\n  <link rel=\"stylesheet\" href=\"/assets/index-a4f6c957.css\">\n</head>\n\n<body>\n  <noscript>Wanna write ur own UI without js?! Go ahead, don't disturb others</noscript>\n  <div id=\"root\"></div>\n\n  \n</body>\n\n</html>\n" columns= [Object, Object, Object, Object, Object, Object]  ... > 
  at <DataTable value="<!DOCTYPE html>\n<html lang=\"en\">\n\n<head>\n  <meta charset=\"utf-8\" />\n  <meta name=\"viewport\" content=\"width=device-width, initial-scale=1\" />\n  <meta name=\"theme-color\" content=\"#000000\" />\n  <link rel=\"shortcut icon\" type=\"image/ico\" href=\"/assets/favicon-bc234827.ico\" />\n  <link href=\"https://fonts.googleapis.com/css?family=Roboto:300,400,500\" rel=\"stylesheet\" />\n  <title>Pentaract UI</title>\n\n  <style>\n    *,\n    html {\n      margin: 0;\n      padding: 0;\n    }\n  </style>\n  <script type=\"module\" crossorigin src=\"/assets/index-58b24b54.js\"></script>\n  <link rel=\"stylesheet\" href=\"/assets/index-a4f6c957.css\">\n</head>\n\n<body>\n  <noscript>Wanna write ur own UI without js?! Go ahead, don't disturb others</noscript>\n  <div id=\"root\"></div>\n\n  \n</body>\n\n</html>\n" loading=false stripedRows=""  ... > 
  at <OrdersView onVnodeUnmounted=fn<onVnodeUnmounted> ref=Ref< Proxy(Object) > > 
  at <RouterView> 
  at <AppLayout onVnodeUnmounted=fn<onVnodeUnmounted> ref=Ref< Proxy(Object) > > 
  at <RouterView> 
  at <App> @ http://localhost:5277/node_modules/@vue/runtime-core/dist/runtime-core.esm-bundler.js:49
[    2471ms] [WARNING] [Vue warn]: Invalid prop: type check failed for prop "rowData". Expected Object, got String with value "h". 
  at <BodyCell key="client_id" rowData="h" column= {__v_isVNode: true, __v_skip: true, type: Object, props: Object, key: null}  ... > 
  at <BodyRow key=undefined rowData="h" index=17  ... > 
  at <TableBody ref="bodyRef" value="<!DOCTYPE html>\n<htm" class=""  ... > 
  at <VirtualScroller ref="virtualScroller" items="<!DOCTYPE html>\n<html lang=\"en\">\n\n<head>\n  <meta charset=\"utf-8\" />\n  <meta name=\"viewport\" content=\"width=device-width, initial-scale=1\" />\n  <meta name=\"theme-color\" content=\"#000000\" />\n  <link rel=\"shortcut icon\" type=\"image/ico\" href=\"/assets/favicon-bc234827.ico\" />\n  <link href=\"https://fonts.googleapis.com/css?family=Roboto:300,400,500\" rel=\"stylesheet\" />\n  <title>Pentaract UI</title>\n\n  <style>\n    *,\n    html {\n      margin: 0;\n      padding: 0;\n    }\n  </style>\n  <script type=\"module\" crossorigin src=\"/assets/index-58b24b54.js\"></script>\n  <link rel=\"stylesheet\" href=\"/assets/index-a4f6c957.css\">\n</head>\n\n<body>\n  <noscript>Wanna write ur own UI without js?! Go ahead, don't disturb others</noscript>\n  <div id=\"root\"></div>\n\n  \n</body>\n\n</html>\n" columns= [Object, Object, Object, Object, Object, Object]  ... > 
  at <DataTable value="<!DOCTYPE html>\n<html lang=\"en\">\n\n<head>\n  <meta charset=\"utf-8\" />\n  <meta name=\"viewport\" content=\"width=device-width, initial-scale=1\" />\n  <meta name=\"theme-color\" content=\"#000000\" />\n  <link rel=\"shortcut icon\" type=\"image/ico\" href=\"/assets/favicon-bc234827.ico\" />\n  <link href=\"https://fonts.googleapis.com/css?family=Roboto:300,400,500\" rel=\"stylesheet\" />\n  <title>Pentaract UI</title>\n\n  <style>\n    *,\n    html {\n      margin: 0;\n      padding: 0;\n    }\n  </style>\n  <script type=\"module\" crossorigin src=\"/assets/index-58b24b54.js\"></script>\n  <link rel=\"stylesheet\" href=\"/assets/index-a4f6c957.css\">\n</head>\n\n<body>\n  <noscript>Wanna write ur own UI without js?! Go ahead, don't disturb others</noscript>\n  <div id=\"root\"></div>\n\n  \n</body>\n\n</html>\n" loading=false stripedRows=""  ... > 
  at <OrdersView onVnodeUnmounted=fn<onVnodeUnmounted> ref=Ref< Proxy(Object) > > 
  at <RouterView> 
  at <AppLayout onVnodeUnmounted=fn<onVnodeUnmounted> ref=Ref< Proxy(Object) > > 
  at <RouterView> 
  at <App> @ http://localhost:5277/node_modules/@vue/runtime-core/dist/runtime-core.esm-bundler.js:49
[    2474ms] [WARNING] [Vue warn]: Invalid prop: type check failed for prop "rowData". Expected Object, got String with value "h". 
  at <BodyCell key="source" rowData="h" column= {__v_isVNode: true, __v_skip: true, type: Object, props: Object, key: null}  ... > 
  at <BodyRow key=undefined rowData="h" index=17  ... > 
  at <TableBody ref="bodyRef" value="<!DOCTYPE html>\n<htm" class=""  ... > 
  at <VirtualScroller ref="virtualScroller" items="<!DOCTYPE html>\n<html lang=\"en\">\n\n<head>\n  <meta charset=\"utf-8\" />\n  <meta name=\"viewport\" content=\"width=device-width, initial-scale=1\" />\n  <meta name=\"theme-color\" content=\"#000000\" />\n  <link rel=\"shortcut icon\" type=\"image/ico\" href=\"/assets/favicon-bc234827.ico\" />\n  <link href=\"https://fonts.googleapis.com/css?family=Roboto:300,400,500\" rel=\"stylesheet\" />\n  <title>Pentaract UI</title>\n\n  <style>\n    *,\n    html {\n      margin: 0;\n      padding: 0;\n    }\n  </style>\n  <script type=\"module\" crossorigin src=\"/assets/index-58b24b54.js\"></script>\n  <link rel=\"stylesheet\" href=\"/assets/index-a4f6c957.css\">\n</head>\n\n<body>\n  <noscript>Wanna write ur own UI without js?! Go ahead, don't disturb others</noscript>\n  <div id=\"root\"></div>\n\n  \n</body>\n\n</html>\n" columns= [Object, Object, Object, Object, Object, Object]  ... > 
  at <DataTable value="<!DOCTYPE html>\n<html lang=\"en\">\n\n<head>\n  <meta charset=\"utf-8\" />\n  <meta name=\"viewport\" content=\"width=device-width, initial-scale=1\" />\n  <meta name=\"theme-color\" content=\"#000000\" />\n  <link rel=\"shortcut icon\" type=\"image/ico\" href=\"/assets/favicon-bc234827.ico\" />\n  <link href=\"https://fonts.googleapis.com/css?family=Roboto:300,400,500\" rel=\"stylesheet\" />\n  <title>Pentaract UI</title>\n\n  <style>\n    *,\n    html {\n      margin: 0;\n      padding: 0;\n    }\n  </style>\n  <script type=\"module\" crossorigin src=\"/assets/index-58b24b54.js\"></script>\n  <link rel=\"stylesheet\" href=\"/assets/index-a4f6c957.css\">\n</head>\n\n<body>\n  <noscript>Wanna write ur own UI without js?! Go ahead, don't disturb others</noscript>\n  <div id=\"root\"></div>\n\n  \n</body>\n\n</html>\n" loading=false stripedRows=""  ... > 
  at <OrdersView onVnodeUnmounted=fn<onVnodeUnmounted> ref=Ref< Proxy(Object) > > 
  at <RouterView> 
  at <AppLayout onVnodeUnmounted=fn<onVnodeUnmounted> ref=Ref< Proxy(Object) > > 
  at <RouterView> 
  at <App> @ http://localhost:5277/node_modules/@vue/runtime-core/dist/runtime-core.esm-bundler.js:49
[    2477ms] [WARNING] [Vue warn]: Invalid prop: type check failed for prop "rowData". Expected Object, got String with value "h". 
  at <BodyCell key="status" rowData="h" column= {__v_isVNode: true, __v_skip: true, type: Object, props: Object, key: null}  ... > 
  at <BodyRow key=undefined rowData="h" index=17  ... > 
  at <TableBody ref="bodyRef" value="<!DOCTYPE html>\n<htm" class=""  ... > 
  at <VirtualScroller ref="virtualScroller" items="<!DOCTYPE html>\n<html lang=\"en\">\n\n<head>\n  <meta charset=\"utf-8\" />\n  <meta name=\"viewport\" content=\"width=device-width, initial-scale=1\" />\n  <meta name=\"theme-color\" content=\"#000000\" />\n  <link rel=\"shortcut icon\" type=\"image/ico\" href=\"/assets/favicon-bc234827.ico\" />\n  <link href=\"https://fonts.googleapis.com/css?family=Roboto:300,400,500\" rel=\"stylesheet\" />\n  <title>Pentaract UI</title>\n\n  <style>\n    *,\n    html {\n      margin: 0;\n      padding: 0;\n    }\n  </style>\n  <script type=\"module\" crossorigin src=\"/assets/index-58b24b54.js\"></script>\n  <link rel=\"stylesheet\" href=\"/assets/index-a4f6c957.css\">\n</head>\n\n<body>\n  <noscript>Wanna write ur own UI without js?! Go ahead, don't disturb others</noscript>\n  <div id=\"root\"></div>\n\n  \n</body>\n\n</html>\n" columns= [Object, Object, Object, Object, Object, Object]  ... > 
  at <DataTable value="<!DOCTYPE html>\n<html lang=\"en\">\n\n<head>\n  <meta charset=\"utf-8\" />\n  <meta name=\"viewport\" content=\"width=device-width, initial-scale=1\" />\n  <meta name=\"theme-color\" content=\"#000000\" />\n  <link rel=\"shortcut icon\" type=\"image/ico\" href=\"/assets/favicon-bc234827.ico\" />\n  <link href=\"https://fonts.googleapis.com/css?family=Roboto:300,400,500\" rel=\"stylesheet\" />\n  <title>Pentaract UI</title>\n\n  <style>\n    *,\n    html {\n      margin: 0;\n      padding: 0;\n    }\n  </style>\n  <script type=\"module\" crossorigin src=\"/assets/index-58b24b54.js\"></script>\n  <link rel=\"stylesheet\" href=\"/assets/index-a4f6c957.css\">\n</head>\n\n<body>\n  <noscript>Wanna write ur own UI without js?! Go ahead, don't disturb others</noscript>\n  <div id=\"root\"></div>\n\n  \n</body>\n\n</html>\n" loading=false stripedRows=""  ... > 
  at <OrdersView onVnodeUnmounted=fn<onVnodeUnmounted> ref=Ref< Proxy(Object) > > 
  at <RouterView> 
  at <AppLayout onVnodeUnmounted=fn<onVnodeUnmounted> ref=Ref< Proxy(Object) > > 
  at <RouterView> 
  at <App> @ http://localhost:5277/node_modules/@vue/runtime-core/dist/runtime-core.esm-bundler.js:49
[    2480ms] [WARNING] [Vue warn]: Invalid prop: type check failed for prop "rowData". Expected Object, got String with value "h". 
  at <BodyCell key="created_at" rowData="h" column= {__v_isVNode: true, __v_skip: true, type: Object, props: Object, key: null}  ... > 
  at <BodyRow key=undefined rowData="h" index=17  ... > 
  at <TableBody ref="bodyRef" value="<!DOCTYPE html>\n<htm" class=""  ... > 
  at <VirtualScroller ref="virtualScroller" items="<!DOCTYPE html>\n<html lang=\"en\">\n\n<head>\n  <meta charset=\"utf-8\" />\n  <meta name=\"viewport\" content=\"width=device-width, initial-scale=1\" />\n  <meta name=\"theme-color\" content=\"#000000\" />\n  <link rel=\"shortcut icon\" type=\"image/ico\" href=\"/assets/favicon-bc234827.ico\" />\n  <link href=\"https://fonts.googleapis.com/css?family=Roboto:300,400,500\" rel=\"stylesheet\" />\n  <title>Pentaract UI</title>\n\n  <style>\n    *,\n    html {\n      margin: 0;\n      padding: 0;\n    }\n  </style>\n  <script type=\"module\" crossorigin src=\"/assets/index-58b24b54.js\"></script>\n  <link rel=\"stylesheet\" href=\"/assets/index-a4f6c957.css\">\n</head>\n\n<body>\n  <noscript>Wanna write ur own UI without js?! Go ahead, don't disturb others</noscript>\n  <div id=\"root\"></div>\n\n  \n</body>\n\n</html>\n" columns= [Object, Object, Object, Object, Object, Object]  ... > 
  at <DataTable value="<!DOCTYPE html>\n<html lang=\"en\">\n\n<head>\n  <meta charset=\"utf-8\" />\n  <meta name=\"viewport\" content=\"width=device-width, initial-scale=1\" />\n  <meta name=\"theme-color\" content=\"#000000\" />\n  <link rel=\"shortcut icon\" type=\"image/ico\" href=\"/assets/favicon-bc234827.ico\" />\n  <link href=\"https://fonts.googleapis.com/css?family=Roboto:300,400,500\" rel=\"stylesheet\" />\n  <title>Pentaract UI</title>\n\n  <style>\n    *,\n    html {\n      margin: 0;\n      padding: 0;\n    }\n  </style>\n  <script type=\"module\" crossorigin src=\"/assets/index-58b24b54.js\"></script>\n  <link rel=\"stylesheet\" href=\"/assets/index-a4f6c957.css\">\n</head>\n\n<body>\n  <noscript>Wanna write ur own UI without js?! Go ahead, don't disturb others</noscript>\n  <div id=\"root\"></div>\n\n  \n</body>\n\n</html>\n" loading=false stripedRows=""  ... > 
  at <OrdersView onVnodeUnmounted=fn<onVnodeUnmounted> ref=Ref< Proxy(Object) > > 
  at <RouterView> 
  at <AppLayout onVnodeUnmounted=fn<onVnodeUnmounted> ref=Ref< Proxy(Object) > > 
  at <RouterView> 
  at <App> @ http://localhost:5277/node_modules/@vue/runtime-core/dist/runtime-core.esm-bundler.js:49
[    2483ms] [WARNING] [Vue warn]: Invalid prop: type check failed for prop "rowData". Expected Object, got String with value "h". 
  at <BodyCell key=5 rowData="h" column= {__v_isVNode: true, __v_skip: true, type: Object, props: Object, key: null}  ... > 
  at <BodyRow key=undefined rowData="h" index=17  ... > 
  at <TableBody ref="bodyRef" value="<!DOCTYPE html>\n<htm" class=""  ... > 
  at <VirtualScroller ref="virtualScroller" items="<!DOCTYPE html>\n<html lang=\"en\">\n\n<head>\n  <meta charset=\"utf-8\" />\n  <meta name=\"viewport\" content=\"width=device-width, initial-scale=1\" />\n  <meta name=\"theme-color\" content=\"#000000\" />\n  <link rel=\"shortcut icon\" type=\"image/ico\" href=\"/assets/favicon-bc234827.ico\" />\n  <link href=\"https://fonts.googleapis.com/css?family=Roboto:300,400,500\" rel=\"stylesheet\" />\n  <title>Pentaract UI</title>\n\n  <style>\n    *,\n    html {\n      margin: 0;\n      padding: 0;\n    }\n  </style>\n  <script type=\"module\" crossorigin src=\"/assets/index-58b24b54.js\"></script>\n  <link rel=\"stylesheet\" href=\"/assets/index-a4f6c957.css\">\n</head>\n\n<body>\n  <noscript>Wanna write ur own UI without js?! Go ahead, don't disturb others</noscript>\n  <div id=\"root\"></div>\n\n  \n</body>\n\n</html>\n" columns= [Object, Object, Object, Object, Object, Object]  ... > 
  at <DataTable value="<!DOCTYPE html>\n<html lang=\"en\">\n\n<head>\n  <meta charset=\"utf-8\" />\n  <meta name=\"viewport\" content=\"width=device-width, initial-scale=1\" />\n  <meta name=\"theme-color\" content=\"#000000\" />\n  <link rel=\"shortcut icon\" type=\"image/ico\" href=\"/assets/favicon-bc234827.ico\" />\n  <link href=\"https://fonts.googleapis.com/css?family=Roboto:300,400,500\" rel=\"stylesheet\" />\n  <title>Pentaract UI</title>\n\n  <style>\n    *,\n    html {\n      margin: 0;\n      padding: 0;\n    }\n  </style>\n  <script type=\"module\" crossorigin src=\"/assets/index-58b24b54.js\"></script>\n  <link rel=\"stylesheet\" href=\"/assets/index-a4f6c957.css\">\n</head>\n\n<body>\n  <noscript>Wanna write ur own UI without js?! Go ahead, don't disturb others</noscript>\n  <div id=\"root\"></div>\n\n  \n</body>\n\n</html>\n" loading=false stripedRows=""  ... > 
  at <OrdersView onVnodeUnmounted=fn<onVnodeUnmounted> ref=Ref< Proxy(Object) > > 
  at <RouterView> 
  at <AppLayout onVnodeUnmounted=fn<onVnodeUnmounted> ref=Ref< Proxy(Object) > > 
  at <RouterView> 
  at <App> @ http://localhost:5277/node_modules/@vue/runtime-core/dist/runtime-core.esm-bundler.js:49
[    2488ms] [WARNING] [Vue warn]: Invalid prop: type check failed for prop "rowData". Expected Object, got String with value "t". 
  at <BodyRow key=undefined rowData="t" index=18  ... > 
  at <TableBody ref="bodyRef" value="<!DOCTYPE html>\n<htm" class=""  ... > 
  at <VirtualScroller ref="virtualScroller" items="<!DOCTYPE html>\n<html lang=\"en\">\n\n<head>\n  <meta charset=\"utf-8\" />\n  <meta name=\"viewport\" content=\"width=device-width, initial-scale=1\" />\n  <meta name=\"theme-color\" content=\"#000000\" />\n  <link rel=\"shortcut icon\" type=\"image/ico\" href=\"/assets/favicon-bc234827.ico\" />\n  <link href=\"https://fonts.googleapis.com/css?family=Roboto:300,400,500\" rel=\"stylesheet\" />\n  <title>Pentaract UI</title>\n\n  <style>\n    *,\n    html {\n      margin: 0;\n      padding: 0;\n    }\n  </style>\n  <script type=\"module\" crossorigin src=\"/assets/index-58b24b54.js\"></script>\n  <link rel=\"stylesheet\" href=\"/assets/index-a4f6c957.css\">\n</head>\n\n<body>\n  <noscript>Wanna write ur own UI without js?! Go ahead, don't disturb others</noscript>\n  <div id=\"root\"></div>\n\n  \n</body>\n\n</html>\n" columns= [Object, Object, Object, Object, Object, Object]  ... > 
  at <DataTable value="<!DOCTYPE html>\n<html lang=\"en\">\n\n<head>\n  <meta charset=\"utf-8\" />\n  <meta name=\"viewport\" content=\"width=device-width, initial-scale=1\" />\n  <meta name=\"theme-color\" content=\"#000000\" />\n  <link rel=\"shortcut icon\" type=\"image/ico\" href=\"/assets/favicon-bc234827.ico\" />\n  <link href=\"https://fonts.googleapis.com/css?family=Roboto:300,400,500\" rel=\"stylesheet\" />\n  <title>Pentaract UI</title>\n\n  <style>\n    *,\n    html {\n      margin: 0;\n      padding: 0;\n    }\n  </style>\n  <script type=\"module\" crossorigin src=\"/assets/index-58b24b54.js\"></script>\n  <link rel=\"stylesheet\" href=\"/assets/index-a4f6c957.css\">\n</head>\n\n<body>\n  <noscript>Wanna write ur own UI without js?! Go ahead, don't disturb others</noscript>\n  <div id=\"root\"></div>\n\n  \n</body>\n\n</html>\n" loading=false stripedRows=""  ... > 
  at <OrdersView onVnodeUnmounted=fn<onVnodeUnmounted> ref=Ref< Proxy(Object) > > 
  at <RouterView> 
  at <AppLayout onVnodeUnmounted=fn<onVnodeUnmounted> ref=Ref< Proxy(Object) > > 
  at <RouterView> 
  at <App> @ http://localhost:5277/node_modules/@vue/runtime-core/dist/runtime-core.esm-bundler.js:49
[    2489ms] [WARNING] [Vue warn]: Invalid prop: type check failed for prop "value". Expected Array, got String with value "<!DOCTYPE html>
<htm". 
  at <BodyRow key=undefined rowData="t" index=18  ... > 
  at <TableBody ref="bodyRef" value="<!DOCTYPE html>\n<htm" class=""  ... > 
  at <VirtualScroller ref="virtualScroller" items="<!DOCTYPE html>\n<html lang=\"en\">\n\n<head>\n  <meta charset=\"utf-8\" />\n  <meta name=\"viewport\" content=\"width=device-width, initial-scale=1\" />\n  <meta name=\"theme-color\" content=\"#000000\" />\n  <link rel=\"shortcut icon\" type=\"image/ico\" href=\"/assets/favicon-bc234827.ico\" />\n  <link href=\"https://fonts.googleapis.com/css?family=Roboto:300,400,500\" rel=\"stylesheet\" />\n  <title>Pentaract UI</title>\n\n  <style>\n    *,\n    html {\n      margin: 0;\n      padding: 0;\n    }\n  </style>\n  <script type=\"module\" crossorigin src=\"/assets/index-58b24b54.js\"></script>\n  <link rel=\"stylesheet\" href=\"/assets/index-a4f6c957.css\">\n</head>\n\n<body>\n  <noscript>Wanna write ur own UI without js?! Go ahead, don't disturb others</noscript>\n  <div id=\"root\"></div>\n\n  \n</body>\n\n</html>\n" columns= [Object, Object, Object, Object, Object, Object]  ... > 
  at <DataTable value="<!DOCTYPE html>\n<html lang=\"en\">\n\n<head>\n  <meta charset=\"utf-8\" />\n  <meta name=\"viewport\" content=\"width=device-width, initial-scale=1\" />\n  <meta name=\"theme-color\" content=\"#000000\" />\n  <link rel=\"shortcut icon\" type=\"image/ico\" href=\"/assets/favicon-bc234827.ico\" />\n  <link href=\"https://fonts.googleapis.com/css?family=Roboto:300,400,500\" rel=\"stylesheet\" />\n  <title>Pentaract UI</title>\n\n  <style>\n    *,\n    html {\n      margin: 0;\n      padding: 0;\n    }\n  </style>\n  <script type=\"module\" crossorigin src=\"/assets/index-58b24b54.js\"></script>\n  <link rel=\"stylesheet\" href=\"/assets/index-a4f6c957.css\">\n</head>\n\n<body>\n  <noscript>Wanna write ur own UI without js?! Go ahead, don't disturb others</noscript>\n  <div id=\"root\"></div>\n\n  \n</body>\n\n</html>\n" loading=false stripedRows=""  ... > 
  at <OrdersView onVnodeUnmounted=fn<onVnodeUnmounted> ref=Ref< Proxy(Object) > > 
  at <RouterView> 
  at <AppLayout onVnodeUnmounted=fn<onVnodeUnmounted> ref=Ref< Proxy(Object) > > 
  at <RouterView> 
  at <App> @ http://localhost:5277/node_modules/@vue/runtime-core/dist/runtime-core.esm-bundler.js:49
[    2491ms] [WARNING] [Vue warn]: Invalid prop: type check failed for prop "rowData". Expected Object, got String with value "t". 
  at <BodyCell key="id" rowData="t" column= {__v_isVNode: true, __v_skip: true, type: Object, props: Object, key: null}  ... > 
  at <BodyRow key=undefined rowData="t" index=18  ... > 
  at <TableBody ref="bodyRef" value="<!DOCTYPE html>\n<htm" class=""  ... > 
  at <VirtualScroller ref="virtualScroller" items="<!DOCTYPE html>\n<html lang=\"en\">\n\n<head>\n  <meta charset=\"utf-8\" />\n  <meta name=\"viewport\" content=\"width=device-width, initial-scale=1\" />\n  <meta name=\"theme-color\" content=\"#000000\" />\n  <link rel=\"shortcut icon\" type=\"image/ico\" href=\"/assets/favicon-bc234827.ico\" />\n  <link href=\"https://fonts.googleapis.com/css?family=Roboto:300,400,500\" rel=\"stylesheet\" />\n  <title>Pentaract UI</title>\n\n  <style>\n    *,\n    html {\n      margin: 0;\n      padding: 0;\n    }\n  </style>\n  <script type=\"module\" crossorigin src=\"/assets/index-58b24b54.js\"></script>\n  <link rel=\"stylesheet\" href=\"/assets/index-a4f6c957.css\">\n</head>\n\n<body>\n  <noscript>Wanna write ur own UI without js?! Go ahead, don't disturb others</noscript>\n  <div id=\"root\"></div>\n\n  \n</body>\n\n</html>\n" columns= [Object, Object, Object, Object, Object, Object]  ... > 
  at <DataTable value="<!DOCTYPE html>\n<html lang=\"en\">\n\n<head>\n  <meta charset=\"utf-8\" />\n  <meta name=\"viewport\" content=\"width=device-width, initial-scale=1\" />\n  <meta name=\"theme-color\" content=\"#000000\" />\n  <link rel=\"shortcut icon\" type=\"image/ico\" href=\"/assets/favicon-bc234827.ico\" />\n  <link href=\"https://fonts.googleapis.com/css?family=Roboto:300,400,500\" rel=\"stylesheet\" />\n  <title>Pentaract UI</title>\n\n  <style>\n    *,\n    html {\n      margin: 0;\n      padding: 0;\n    }\n  </style>\n  <script type=\"module\" crossorigin src=\"/assets/index-58b24b54.js\"></script>\n  <link rel=\"stylesheet\" href=\"/assets/index-a4f6c957.css\">\n</head>\n\n<body>\n  <noscript>Wanna write ur own UI without js?! Go ahead, don't disturb others</noscript>\n  <div id=\"root\"></div>\n\n  \n</body>\n\n</html>\n" loading=false stripedRows=""  ... > 
  at <OrdersView onVnodeUnmounted=fn<onVnodeUnmounted> ref=Ref< Proxy(Object) > > 
  at <RouterView> 
  at <AppLayout onVnodeUnmounted=fn<onVnodeUnmounted> ref=Ref< Proxy(Object) > > 
  at <RouterView> 
  at <App> @ http://localhost:5277/node_modules/@vue/runtime-core/dist/runtime-core.esm-bundler.js:49
[    2494ms] [WARNING] [Vue warn]: Invalid prop: type check failed for prop "rowData". Expected Object, got String with value "t". 
  at <BodyCell key="client_id" rowData="t" column= {__v_isVNode: true, __v_skip: true, type: Object, props: Object, key: null}  ... > 
  at <BodyRow key=undefined rowData="t" index=18  ... > 
  at <TableBody ref="bodyRef" value="<!DOCTYPE html>\n<htm" class=""  ... > 
  at <VirtualScroller ref="virtualScroller" items="<!DOCTYPE html>\n<html lang=\"en\">\n\n<head>\n  <meta charset=\"utf-8\" />\n  <meta name=\"viewport\" content=\"width=device-width, initial-scale=1\" />\n  <meta name=\"theme-color\" content=\"#000000\" />\n  <link rel=\"shortcut icon\" type=\"image/ico\" href=\"/assets/favicon-bc234827.ico\" />\n  <link href=\"https://fonts.googleapis.com/css?family=Roboto:300,400,500\" rel=\"stylesheet\" />\n  <title>Pentaract UI</title>\n\n  <style>\n    *,\n    html {\n      margin: 0;\n      padding: 0;\n    }\n  </style>\n  <script type=\"module\" crossorigin src=\"/assets/index-58b24b54.js\"></script>\n  <link rel=\"stylesheet\" href=\"/assets/index-a4f6c957.css\">\n</head>\n\n<body>\n  <noscript>Wanna write ur own UI without js?! Go ahead, don't disturb others</noscript>\n  <div id=\"root\"></div>\n\n  \n</body>\n\n</html>\n" columns= [Object, Object, Object, Object, Object, Object]  ... > 
  at <DataTable value="<!DOCTYPE html>\n<html lang=\"en\">\n\n<head>\n  <meta charset=\"utf-8\" />\n  <meta name=\"viewport\" content=\"width=device-width, initial-scale=1\" />\n  <meta name=\"theme-color\" content=\"#000000\" />\n  <link rel=\"shortcut icon\" type=\"image/ico\" href=\"/assets/favicon-bc234827.ico\" />\n  <link href=\"https://fonts.googleapis.com/css?family=Roboto:300,400,500\" rel=\"stylesheet\" />\n  <title>Pentaract UI</title>\n\n  <style>\n    *,\n    html {\n      margin: 0;\n      padding: 0;\n    }\n  </style>\n  <script type=\"module\" crossorigin src=\"/assets/index-58b24b54.js\"></script>\n  <link rel=\"stylesheet\" href=\"/assets/index-a4f6c957.css\">\n</head>\n\n<body>\n  <noscript>Wanna write ur own UI without js?! Go ahead, don't disturb others</noscript>\n  <div id=\"root\"></div>\n\n  \n</body>\n\n</html>\n" loading=false stripedRows=""  ... > 
  at <OrdersView onVnodeUnmounted=fn<onVnodeUnmounted> ref=Ref< Proxy(Object) > > 
  at <RouterView> 
  at <AppLayout onVnodeUnmounted=fn<onVnodeUnmounted> ref=Ref< Proxy(Object) > > 
  at <RouterView> 
  at <App> @ http://localhost:5277/node_modules/@vue/runtime-core/dist/runtime-core.esm-bundler.js:49
[    2496ms] [WARNING] [Vue warn]: Invalid prop: type check failed for prop "rowData". Expected Object, got String with value "t". 
  at <BodyCell key="source" rowData="t" column= {__v_isVNode: true, __v_skip: true, type: Object, props: Object, key: null}  ... > 
  at <BodyRow key=undefined rowData="t" index=18  ... > 
  at <TableBody ref="bodyRef" value="<!DOCTYPE html>\n<htm" class=""  ... > 
  at <VirtualScroller ref="virtualScroller" items="<!DOCTYPE html>\n<html lang=\"en\">\n\n<head>\n  <meta charset=\"utf-8\" />\n  <meta name=\"viewport\" content=\"width=device-width, initial-scale=1\" />\n  <meta name=\"theme-color\" content=\"#000000\" />\n  <link rel=\"shortcut icon\" type=\"image/ico\" href=\"/assets/favicon-bc234827.ico\" />\n  <link href=\"https://fonts.googleapis.com/css?family=Roboto:300,400,500\" rel=\"stylesheet\" />\n  <title>Pentaract UI</title>\n\n  <style>\n    *,\n    html {\n      margin: 0;\n      padding: 0;\n    }\n  </style>\n  <script type=\"module\" crossorigin src=\"/assets/index-58b24b54.js\"></script>\n  <link rel=\"stylesheet\" href=\"/assets/index-a4f6c957.css\">\n</head>\n\n<body>\n  <noscript>Wanna write ur own UI without js?! Go ahead, don't disturb others</noscript>\n  <div id=\"root\"></div>\n\n  \n</body>\n\n</html>\n" columns= [Object, Object, Object, Object, Object, Object]  ... > 
  at <DataTable value="<!DOCTYPE html>\n<html lang=\"en\">\n\n<head>\n  <meta charset=\"utf-8\" />\n  <meta name=\"viewport\" content=\"width=device-width, initial-scale=1\" />\n  <meta name=\"theme-color\" content=\"#000000\" />\n  <link rel=\"shortcut icon\" type=\"image/ico\" href=\"/assets/favicon-bc234827.ico\" />\n  <link href=\"https://fonts.googleapis.com/css?family=Roboto:300,400,500\" rel=\"stylesheet\" />\n  <title>Pentaract UI</title>\n\n  <style>\n    *,\n    html {\n      margin: 0;\n      padding: 0;\n    }\n  </style>\n  <script type=\"module\" crossorigin src=\"/assets/index-58b24b54.js\"></script>\n  <link rel=\"stylesheet\" href=\"/assets/index-a4f6c957.css\">\n</head>\n\n<body>\n  <noscript>Wanna write ur own UI without js?! Go ahead, don't disturb others</noscript>\n  <div id=\"root\"></div>\n\n  \n</body>\n\n</html>\n" loading=false stripedRows=""  ... > 
  at <OrdersView onVnodeUnmounted=fn<onVnodeUnmounted> ref=Ref< Proxy(Object) > > 
  at <RouterView> 
  at <AppLayout onVnodeUnmounted=fn<onVnodeUnmounted> ref=Ref< Proxy(Object) > > 
  at <RouterView> 
  at <App> @ http://localhost:5277/node_modules/@vue/runtime-core/dist/runtime-core.esm-bundler.js:49
[    2498ms] [WARNING] [Vue warn]: Invalid prop: type check failed for prop "rowData". Expected Object, got String with value "t". 
  at <BodyCell key="status" rowData="t" column= {__v_isVNode: true, __v_skip: true, type: Object, props: Object, key: null}  ... > 
  at <BodyRow key=undefined rowData="t" index=18  ... > 
  at <TableBody ref="bodyRef" value="<!DOCTYPE html>\n<htm" class=""  ... > 
  at <VirtualScroller ref="virtualScroller" items="<!DOCTYPE html>\n<html lang=\"en\">\n\n<head>\n  <meta charset=\"utf-8\" />\n  <meta name=\"viewport\" content=\"width=device-width, initial-scale=1\" />\n  <meta name=\"theme-color\" content=\"#000000\" />\n  <link rel=\"shortcut icon\" type=\"image/ico\" href=\"/assets/favicon-bc234827.ico\" />\n  <link href=\"https://fonts.googleapis.com/css?family=Roboto:300,400,500\" rel=\"stylesheet\" />\n  <title>Pentaract UI</title>\n\n  <style>\n    *,\n    html {\n      margin: 0;\n      padding: 0;\n    }\n  </style>\n  <script type=\"module\" crossorigin src=\"/assets/index-58b24b54.js\"></script>\n  <link rel=\"stylesheet\" href=\"/assets/index-a4f6c957.css\">\n</head>\n\n<body>\n  <noscript>Wanna write ur own UI without js?! Go ahead, don't disturb others</noscript>\n  <div id=\"root\"></div>\n\n  \n</body>\n\n</html>\n" columns= [Object, Object, Object, Object, Object, Object]  ... > 
  at <DataTable value="<!DOCTYPE html>\n<html lang=\"en\">\n\n<head>\n  <meta charset=\"utf-8\" />\n  <meta name=\"viewport\" content=\"width=device-width, initial-scale=1\" />\n  <meta name=\"theme-color\" content=\"#000000\" />\n  <link rel=\"shortcut icon\" type=\"image/ico\" href=\"/assets/favicon-bc234827.ico\" />\n  <link href=\"https://fonts.googleapis.com/css?family=Roboto:300,400,500\" rel=\"stylesheet\" />\n  <title>Pentaract UI</title>\n\n  <style>\n    *,\n    html {\n      margin: 0;\n      padding: 0;\n    }\n  </style>\n  <script type=\"module\" crossorigin src=\"/assets/index-58b24b54.js\"></script>\n  <link rel=\"stylesheet\" href=\"/assets/index-a4f6c957.css\">\n</head>\n\n<body>\n  <noscript>Wanna write ur own UI without js?! Go ahead, don't disturb others</noscript>\n  <div id=\"root\"></div>\n\n  \n</body>\n\n</html>\n" loading=false stripedRows=""  ... > 
  at <OrdersView onVnodeUnmounted=fn<onVnodeUnmounted> ref=Ref< Proxy(Object) > > 
  at <RouterView> 
  at <AppLayout onVnodeUnmounted=fn<onVnodeUnmounted> ref=Ref< Proxy(Object) > > 
  at <RouterView> 
  at <App> @ http://localhost:5277/node_modules/@vue/runtime-core/dist/runtime-core.esm-bundler.js:49
[    2500ms] [WARNING] [Vue warn]: Invalid prop: type check failed for prop "rowData". Expected Object, got String with value "t". 
  at <BodyCell key="created_at" rowData="t" column= {__v_isVNode: true, __v_skip: true, type: Object, props: Object, key: null}  ... > 
  at <BodyRow key=undefined rowData="t" index=18  ... > 
  at <TableBody ref="bodyRef" value="<!DOCTYPE html>\n<htm" class=""  ... > 
  at <VirtualScroller ref="virtualScroller" items="<!DOCTYPE html>\n<html lang=\"en\">\n\n<head>\n  <meta charset=\"utf-8\" />\n  <meta name=\"viewport\" content=\"width=device-width, initial-scale=1\" />\n  <meta name=\"theme-color\" content=\"#000000\" />\n  <link rel=\"shortcut icon\" type=\"image/ico\" href=\"/assets/favicon-bc234827.ico\" />\n  <link href=\"https://fonts.googleapis.com/css?family=Roboto:300,400,500\" rel=\"stylesheet\" />\n  <title>Pentaract UI</title>\n\n  <style>\n    *,\n    html {\n      margin: 0;\n      padding: 0;\n    }\n  </style>\n  <script type=\"module\" crossorigin src=\"/assets/index-58b24b54.js\"></script>\n  <link rel=\"stylesheet\" href=\"/assets/index-a4f6c957.css\">\n</head>\n\n<body>\n  <noscript>Wanna write ur own UI without js?! Go ahead, don't disturb others</noscript>\n  <div id=\"root\"></div>\n\n  \n</body>\n\n</html>\n" columns= [Object, Object, Object, Object, Object, Object]  ... > 
  at <DataTable value="<!DOCTYPE html>\n<html lang=\"en\">\n\n<head>\n  <meta charset=\"utf-8\" />\n  <meta name=\"viewport\" content=\"width=device-width, initial-scale=1\" />\n  <meta name=\"theme-color\" content=\"#000000\" />\n  <link rel=\"shortcut icon\" type=\"image/ico\" href=\"/assets/favicon-bc234827.ico\" />\n  <link href=\"https://fonts.googleapis.com/css?family=Roboto:300,400,500\" rel=\"stylesheet\" />\n  <title>Pentaract UI</title>\n\n  <style>\n    *,\n    html {\n      margin: 0;\n      padding: 0;\n    }\n  </style>\n  <script type=\"module\" crossorigin src=\"/assets/index-58b24b54.js\"></script>\n  <link rel=\"stylesheet\" href=\"/assets/index-a4f6c957.css\">\n</head>\n\n<body>\n  <noscript>Wanna write ur own UI without js?! Go ahead, don't disturb others</noscript>\n  <div id=\"root\"></div>\n\n  \n</body>\n\n</html>\n" loading=false stripedRows=""  ... > 
  at <OrdersView onVnodeUnmounted=fn<onVnodeUnmounted> ref=Ref< Proxy(Object) > > 
  at <RouterView> 
  at <AppLayout onVnodeUnmounted=fn<onVnodeUnmounted> ref=Ref< Proxy(Object) > > 
  at <RouterView> 
  at <App> @ http://localhost:5277/node_modules/@vue/runtime-core/dist/runtime-core.esm-bundler.js:49
[    2504ms] [WARNING] [Vue warn]: Invalid prop: type check failed for prop "rowData". Expected Object, got String with value "t". 
  at <BodyCell key=5 rowData="t" column= {__v_isVNode: true, __v_skip: true, type: Object, props: Object, key: null}  ... > 
  at <BodyRow key=undefined rowData="t" index=18  ... > 
  at <TableBody ref="bodyRef" value="<!DOCTYPE html>\n<htm" class=""  ... > 
  at <VirtualScroller ref="virtualScroller" items="<!DOCTYPE html>\n<html lang=\"en\">\n\n<head>\n  <meta charset=\"utf-8\" />\n  <meta name=\"viewport\" content=\"width=device-width, initial-scale=1\" />\n  <meta name=\"theme-color\" content=\"#000000\" />\n  <link rel=\"shortcut icon\" type=\"image/ico\" href=\"/assets/favicon-bc234827.ico\" />\n  <link href=\"https://fonts.googleapis.com/css?family=Roboto:300,400,500\" rel=\"stylesheet\" />\n  <title>Pentaract UI</title>\n\n  <style>\n    *,\n    html {\n      margin: 0;\n      padding: 0;\n    }\n  </style>\n  <script type=\"module\" crossorigin src=\"/assets/index-58b24b54.js\"></script>\n  <link rel=\"stylesheet\" href=\"/assets/index-a4f6c957.css\">\n</head>\n\n<body>\n  <noscript>Wanna write ur own UI without js?! Go ahead, don't disturb others</noscript>\n  <div id=\"root\"></div>\n\n  \n</body>\n\n</html>\n" columns= [Object, Object, Object, Object, Object, Object]  ... > 
  at <DataTable value="<!DOCTYPE html>\n<html lang=\"en\">\n\n<head>\n  <meta charset=\"utf-8\" />\n  <meta name=\"viewport\" content=\"width=device-width, initial-scale=1\" />\n  <meta name=\"theme-color\" content=\"#000000\" />\n  <link rel=\"shortcut icon\" type=\"image/ico\" href=\"/assets/favicon-bc234827.ico\" />\n  <link href=\"https://fonts.googleapis.com/css?family=Roboto:300,400,500\" rel=\"stylesheet\" />\n  <title>Pentaract UI</title>\n\n  <style>\n    *,\n    html {\n      margin: 0;\n      padding: 0;\n    }\n  </style>\n  <script type=\"module\" crossorigin src=\"/assets/index-58b24b54.js\"></script>\n  <link rel=\"stylesheet\" href=\"/assets/index-a4f6c957.css\">\n</head>\n\n<body>\n  <noscript>Wanna write ur own UI without js?! Go ahead, don't disturb others</noscript>\n  <div id=\"root\"></div>\n\n  \n</body>\n\n</html>\n" loading=false stripedRows=""  ... > 
  at <OrdersView onVnodeUnmounted=fn<onVnodeUnmounted> ref=Ref< Proxy(Object) > > 
  at <RouterView> 
  at <AppLayout onVnodeUnmounted=fn<onVnodeUnmounted> ref=Ref< Proxy(Object) > > 
  at <RouterView> 
  at <App> @ http://localhost:5277/node_modules/@vue/runtime-core/dist/runtime-core.esm-bundler.js:49
[    2507ms] [WARNING] [Vue warn]: Invalid prop: type check failed for prop "rowData". Expected Object, got String with value "m". 
  at <BodyRow key=undefined rowData="m" index=19  ... > 
  at <TableBody ref="bodyRef" value="<!DOCTYPE html>\n<htm" class=""  ... > 
  at <VirtualScroller ref="virtualScroller" items="<!DOCTYPE html>\n<html lang=\"en\">\n\n<head>\n  <meta charset=\"utf-8\" />\n  <meta name=\"viewport\" content=\"width=device-width, initial-scale=1\" />\n  <meta name=\"theme-color\" content=\"#000000\" />\n  <link rel=\"shortcut icon\" type=\"image/ico\" href=\"/assets/favicon-bc234827.ico\" />\n  <link href=\"https://fonts.googleapis.com/css?family=Roboto:300,400,500\" rel=\"stylesheet\" />\n  <title>Pentaract UI</title>\n\n  <style>\n    *,\n    html {\n      margin: 0;\n      padding: 0;\n    }\n  </style>\n  <script type=\"module\" crossorigin src=\"/assets/index-58b24b54.js\"></script>\n  <link rel=\"stylesheet\" href=\"/assets/index-a4f6c957.css\">\n</head>\n\n<body>\n  <noscript>Wanna write ur own UI without js?! Go ahead, don't disturb others</noscript>\n  <div id=\"root\"></div>\n\n  \n</body>\n\n</html>\n" columns= [Object, Object, Object, Object, Object, Object]  ... > 
  at <DataTable value="<!DOCTYPE html>\n<html lang=\"en\">\n\n<head>\n  <meta charset=\"utf-8\" />\n  <meta name=\"viewport\" content=\"width=device-width, initial-scale=1\" />\n  <meta name=\"theme-color\" content=\"#000000\" />\n  <link rel=\"shortcut icon\" type=\"image/ico\" href=\"/assets/favicon-bc234827.ico\" />\n  <link href=\"https://fonts.googleapis.com/css?family=Roboto:300,400,500\" rel=\"stylesheet\" />\n  <title>Pentaract UI</title>\n\n  <style>\n    *,\n    html {\n      margin: 0;\n      padding: 0;\n    }\n  </style>\n  <script type=\"module\" crossorigin src=\"/assets/index-58b24b54.js\"></script>\n  <link rel=\"stylesheet\" href=\"/assets/index-a4f6c957.css\">\n</head>\n\n<body>\n  <noscript>Wanna write ur own UI without js?! Go ahead, don't disturb others</noscript>\n  <div id=\"root\"></div>\n\n  \n</body>\n\n</html>\n" loading=false stripedRows=""  ... > 
  at <OrdersView onVnodeUnmounted=fn<onVnodeUnmounted> ref=Ref< Proxy(Object) > > 
  at <RouterView> 
  at <AppLayout onVnodeUnmounted=fn<onVnodeUnmounted> ref=Ref< Proxy(Object) > > 
  at <RouterView> 
  at <App> @ http://localhost:5277/node_modules/@vue/runtime-core/dist/runtime-core.esm-bundler.js:49
[    2508ms] [WARNING] [Vue warn]: Invalid prop: type check failed for prop "value". Expected Array, got String with value "<!DOCTYPE html>
<htm". 
  at <BodyRow key=undefined rowData="m" index=19  ... > 
  at <TableBody ref="bodyRef" value="<!DOCTYPE html>\n<htm" class=""  ... > 
  at <VirtualScroller ref="virtualScroller" items="<!DOCTYPE html>\n<html lang=\"en\">\n\n<head>\n  <meta charset=\"utf-8\" />\n  <meta name=\"viewport\" content=\"width=device-width, initial-scale=1\" />\n  <meta name=\"theme-color\" content=\"#000000\" />\n  <link rel=\"shortcut icon\" type=\"image/ico\" href=\"/assets/favicon-bc234827.ico\" />\n  <link href=\"https://fonts.googleapis.com/css?family=Roboto:300,400,500\" rel=\"stylesheet\" />\n  <title>Pentaract UI</title>\n\n  <style>\n    *,\n    html {\n      margin: 0;\n      padding: 0;\n    }\n  </style>\n  <script type=\"module\" crossorigin src=\"/assets/index-58b24b54.js\"></script>\n  <link rel=\"stylesheet\" href=\"/assets/index-a4f6c957.css\">\n</head>\n\n<body>\n  <noscript>Wanna write ur own UI without js?! Go ahead, don't disturb others</noscript>\n  <div id=\"root\"></div>\n\n  \n</body>\n\n</html>\n" columns= [Object, Object, Object, Object, Object, Object]  ... > 
  at <DataTable value="<!DOCTYPE html>\n<html lang=\"en\">\n\n<head>\n  <meta charset=\"utf-8\" />\n  <meta name=\"viewport\" content=\"width=device-width, initial-scale=1\" />\n  <meta name=\"theme-color\" content=\"#000000\" />\n  <link rel=\"shortcut icon\" type=\"image/ico\" href=\"/assets/favicon-bc234827.ico\" />\n  <link href=\"https://fonts.googleapis.com/css?family=Roboto:300,400,500\" rel=\"stylesheet\" />\n  <title>Pentaract UI</title>\n\n  <style>\n    *,\n    html {\n      margin: 0;\n      padding: 0;\n    }\n  </style>\n  <script type=\"module\" crossorigin src=\"/assets/index-58b24b54.js\"></script>\n  <link rel=\"stylesheet\" href=\"/assets/index-a4f6c957.css\">\n</head>\n\n<body>\n  <noscript>Wanna write ur own UI without js?! Go ahead, don't disturb others</noscript>\n  <div id=\"root\"></div>\n\n  \n</body>\n\n</html>\n" loading=false stripedRows=""  ... > 
  at <OrdersView onVnodeUnmounted=fn<onVnodeUnmounted> ref=Ref< Proxy(Object) > > 
  at <RouterView> 
  at <AppLayout onVnodeUnmounted=fn<onVnodeUnmounted> ref=Ref< Proxy(Object) > > 
  at <RouterView> 
  at <App> @ http://localhost:5277/node_modules/@vue/runtime-core/dist/runtime-core.esm-bundler.js:49
[    2511ms] [WARNING] [Vue warn]: Invalid prop: type check failed for prop "rowData". Expected Object, got String with value "m". 
  at <BodyCell key="id" rowData="m" column= {__v_isVNode: true, __v_skip: true, type: Object, props: Object, key: null}  ... > 
  at <BodyRow key=undefined rowData="m" index=19  ... > 
  at <TableBody ref="bodyRef" value="<!DOCTYPE html>\n<htm" class=""  ... > 
  at <VirtualScroller ref="virtualScroller" items="<!DOCTYPE html>\n<html lang=\"en\">\n\n<head>\n  <meta charset=\"utf-8\" />\n  <meta name=\"viewport\" content=\"width=device-width, initial-scale=1\" />\n  <meta name=\"theme-color\" content=\"#000000\" />\n  <link rel=\"shortcut icon\" type=\"image/ico\" href=\"/assets/favicon-bc234827.ico\" />\n  <link href=\"https://fonts.googleapis.com/css?family=Roboto:300,400,500\" rel=\"stylesheet\" />\n  <title>Pentaract UI</title>\n\n  <style>\n    *,\n    html {\n      margin: 0;\n      padding: 0;\n    }\n  </style>\n  <script type=\"module\" crossorigin src=\"/assets/index-58b24b54.js\"></script>\n  <link rel=\"stylesheet\" href=\"/assets/index-a4f6c957.css\">\n</head>\n\n<body>\n  <noscript>Wanna write ur own UI without js?! Go ahead, don't disturb others</noscript>\n  <div id=\"root\"></div>\n\n  \n</body>\n\n</html>\n" columns= [Object, Object, Object, Object, Object, Object]  ... > 
  at <DataTable value="<!DOCTYPE html>\n<html lang=\"en\">\n\n<head>\n  <meta charset=\"utf-8\" />\n  <meta name=\"viewport\" content=\"width=device-width, initial-scale=1\" />\n  <meta name=\"theme-color\" content=\"#000000\" />\n  <link rel=\"shortcut icon\" type=\"image/ico\" href=\"/assets/favicon-bc234827.ico\" />\n  <link href=\"https://fonts.googleapis.com/css?family=Roboto:300,400,500\" rel=\"stylesheet\" />\n  <title>Pentaract UI</title>\n\n  <style>\n    *,\n    html {\n      margin: 0;\n      padding: 0;\n    }\n  </style>\n  <script type=\"module\" crossorigin src=\"/assets/index-58b24b54.js\"></script>\n  <link rel=\"stylesheet\" href=\"/assets/index-a4f6c957.css\">\n</head>\n\n<body>\n  <noscript>Wanna write ur own UI without js?! Go ahead, don't disturb others</noscript>\n  <div id=\"root\"></div>\n\n  \n</body>\n\n</html>\n" loading=false stripedRows=""  ... > 
  at <OrdersView onVnodeUnmounted=fn<onVnodeUnmounted> ref=Ref< Proxy(Object) > > 
  at <RouterView> 
  at <AppLayout onVnodeUnmounted=fn<onVnodeUnmounted> ref=Ref< Proxy(Object) > > 
  at <RouterView> 
  at <App> @ http://localhost:5277/node_modules/@vue/runtime-core/dist/runtime-core.esm-bundler.js:49
[    2513ms] [WARNING] [Vue warn]: Invalid prop: type check failed for prop "rowData". Expected Object, got String with value "m". 
  at <BodyCell key="client_id" rowData="m" column= {__v_isVNode: true, __v_skip: true, type: Object, props: Object, key: null}  ... > 
  at <BodyRow key=undefined rowData="m" index=19  ... > 
  at <TableBody ref="bodyRef" value="<!DOCTYPE html>\n<htm" class=""  ... > 
  at <VirtualScroller ref="virtualScroller" items="<!DOCTYPE html>\n<html lang=\"en\">\n\n<head>\n  <meta charset=\"utf-8\" />\n  <meta name=\"viewport\" content=\"width=device-width, initial-scale=1\" />\n  <meta name=\"theme-color\" content=\"#000000\" />\n  <link rel=\"shortcut icon\" type=\"image/ico\" href=\"/assets/favicon-bc234827.ico\" />\n  <link href=\"https://fonts.googleapis.com/css?family=Roboto:300,400,500\" rel=\"stylesheet\" />\n  <title>Pentaract UI</title>\n\n  <style>\n    *,\n    html {\n      margin: 0;\n      padding: 0;\n    }\n  </style>\n  <script type=\"module\" crossorigin src=\"/assets/index-58b24b54.js\"></script>\n  <link rel=\"stylesheet\" href=\"/assets/index-a4f6c957.css\">\n</head>\n\n<body>\n  <noscript>Wanna write ur own UI without js?! Go ahead, don't disturb others</noscript>\n  <div id=\"root\"></div>\n\n  \n</body>\n\n</html>\n" columns= [Object, Object, Object, Object, Object, Object]  ... > 
  at <DataTable value="<!DOCTYPE html>\n<html lang=\"en\">\n\n<head>\n  <meta charset=\"utf-8\" />\n  <meta name=\"viewport\" content=\"width=device-width, initial-scale=1\" />\n  <meta name=\"theme-color\" content=\"#000000\" />\n  <link rel=\"shortcut icon\" type=\"image/ico\" href=\"/assets/favicon-bc234827.ico\" />\n  <link href=\"https://fonts.googleapis.com/css?family=Roboto:300,400,500\" rel=\"stylesheet\" />\n  <title>Pentaract UI</title>\n\n  <style>\n    *,\n    html {\n      margin: 0;\n      padding: 0;\n    }\n  </style>\n  <script type=\"module\" crossorigin src=\"/assets/index-58b24b54.js\"></script>\n  <link rel=\"stylesheet\" href=\"/assets/index-a4f6c957.css\">\n</head>\n\n<body>\n  <noscript>Wanna write ur own UI without js?! Go ahead, don't disturb others</noscript>\n  <div id=\"root\"></div>\n\n  \n</body>\n\n</html>\n" loading=false stripedRows=""  ... > 
  at <OrdersView onVnodeUnmounted=fn<onVnodeUnmounted> ref=Ref< Proxy(Object) > > 
  at <RouterView> 
  at <AppLayout onVnodeUnmounted=fn<onVnodeUnmounted> ref=Ref< Proxy(Object) > > 
  at <RouterView> 
  at <App> @ http://localhost:5277/node_modules/@vue/runtime-core/dist/runtime-core.esm-bundler.js:49
[    2515ms] [WARNING] [Vue warn]: Invalid prop: type check failed for prop "rowData". Expected Object, got String with value "m". 
  at <BodyCell key="source" rowData="m" column= {__v_isVNode: true, __v_skip: true, type: Object, props: Object, key: null}  ... > 
  at <BodyRow key=undefined rowData="m" index=19  ... > 
  at <TableBody ref="bodyRef" value="<!DOCTYPE html>\n<htm" class=""  ... > 
  at <VirtualScroller ref="virtualScroller" items="<!DOCTYPE html>\n<html lang=\"en\">\n\n<head>\n  <meta charset=\"utf-8\" />\n  <meta name=\"viewport\" content=\"width=device-width, initial-scale=1\" />\n  <meta name=\"theme-color\" content=\"#000000\" />\n  <link rel=\"shortcut icon\" type=\"image/ico\" href=\"/assets/favicon-bc234827.ico\" />\n  <link href=\"https://fonts.googleapis.com/css?family=Roboto:300,400,500\" rel=\"stylesheet\" />\n  <title>Pentaract UI</title>\n\n  <style>\n    *,\n    html {\n      margin: 0;\n      padding: 0;\n    }\n  </style>\n  <script type=\"module\" crossorigin src=\"/assets/index-58b24b54.js\"></script>\n  <link rel=\"stylesheet\" href=\"/assets/index-a4f6c957.css\">\n</head>\n\n<body>\n  <noscript>Wanna write ur own UI without js?! Go ahead, don't disturb others</noscript>\n  <div id=\"root\"></div>\n\n  \n</body>\n\n</html>\n" columns= [Object, Object, Object, Object, Object, Object]  ... > 
  at <DataTable value="<!DOCTYPE html>\n<html lang=\"en\">\n\n<head>\n  <meta charset=\"utf-8\" />\n  <meta name=\"viewport\" content=\"width=device-width, initial-scale=1\" />\n  <meta name=\"theme-color\" content=\"#000000\" />\n  <link rel=\"shortcut icon\" type=\"image/ico\" href=\"/assets/favicon-bc234827.ico\" />\n  <link href=\"https://fonts.googleapis.com/css?family=Roboto:300,400,500\" rel=\"stylesheet\" />\n  <title>Pentaract UI</title>\n\n  <style>\n    *,\n    html {\n      margin: 0;\n      padding: 0;\n    }\n  </style>\n  <script type=\"module\" crossorigin src=\"/assets/index-58b24b54.js\"></script>\n  <link rel=\"stylesheet\" href=\"/assets/index-a4f6c957.css\">\n</head>\n\n<body>\n  <noscript>Wanna write ur own UI without js?! Go ahead, don't disturb others</noscript>\n  <div id=\"root\"></div>\n\n  \n</body>\n\n</html>\n" loading=false stripedRows=""  ... > 
  at <OrdersView onVnodeUnmounted=fn<onVnodeUnmounted> ref=Ref< Proxy(Object) > > 
  at <RouterView> 
  at <AppLayout onVnodeUnmounted=fn<onVnodeUnmounted> ref=Ref< Proxy(Object) > > 
  at <RouterView> 
  at <App> @ http://localhost:5277/node_modules/@vue/runtime-core/dist/runtime-core.esm-bundler.js:49
[    2517ms] [WARNING] [Vue warn]: Invalid prop: type check failed for prop "rowData". Expected Object, got String with value "m". 
  at <BodyCell key="status" rowData="m" column= {__v_isVNode: true, __v_skip: true, type: Object, props: Object, key: null}  ... > 
  at <BodyRow key=undefined rowData="m" index=19  ... > 
  at <TableBody ref="bodyRef" value="<!DOCTYPE html>\n<htm" class=""  ... > 
  at <VirtualScroller ref="virtualScroller" items="<!DOCTYPE html>\n<html lang=\"en\">\n\n<head>\n  <meta charset=\"utf-8\" />\n  <meta name=\"viewport\" content=\"width=device-width, initial-scale=1\" />\n  <meta name=\"theme-color\" content=\"#000000\" />\n  <link rel=\"shortcut icon\" type=\"image/ico\" href=\"/assets/favicon-bc234827.ico\" />\n  <link href=\"https://fonts.googleapis.com/css?family=Roboto:300,400,500\" rel=\"stylesheet\" />\n  <title>Pentaract UI</title>\n\n  <style>\n    *,\n    html {\n      margin: 0;\n      padding: 0;\n    }\n  </style>\n  <script type=\"module\" crossorigin src=\"/assets/index-58b24b54.js\"></script>\n  <link rel=\"stylesheet\" href=\"/assets/index-a4f6c957.css\">\n</head>\n\n<body>\n  <noscript>Wanna write ur own UI without js?! Go ahead, don't disturb others</noscript>\n  <div id=\"root\"></div>\n\n  \n</body>\n\n</html>\n" columns= [Object, Object, Object, Object, Object, Object]  ... > 
  at <DataTable value="<!DOCTYPE html>\n<html lang=\"en\">\n\n<head>\n  <meta charset=\"utf-8\" />\n  <meta name=\"viewport\" content=\"width=device-width, initial-scale=1\" />\n  <meta name=\"theme-color\" content=\"#000000\" />\n  <link rel=\"shortcut icon\" type=\"image/ico\" href=\"/assets/favicon-bc234827.ico\" />\n  <link href=\"https://fonts.googleapis.com/css?family=Roboto:300,400,500\" rel=\"stylesheet\" />\n  <title>Pentaract UI</title>\n\n  <style>\n    *,\n    html {\n      margin: 0;\n      padding: 0;\n    }\n  </style>\n  <script type=\"module\" crossorigin src=\"/assets/index-58b24b54.js\"></script>\n  <link rel=\"stylesheet\" href=\"/assets/index-a4f6c957.css\">\n</head>\n\n<body>\n  <noscript>Wanna write ur own UI without js?! Go ahead, don't disturb others</noscript>\n  <div id=\"root\"></div>\n\n  \n</body>\n\n</html>\n" loading=false stripedRows=""  ... > 
  at <OrdersView onVnodeUnmounted=fn<onVnodeUnmounted> ref=Ref< Proxy(Object) > > 
  at <RouterView> 
  at <AppLayout onVnodeUnmounted=fn<onVnodeUnmounted> ref=Ref< Proxy(Object) > > 
  at <RouterView> 
  at <App> @ http://localhost:5277/node_modules/@vue/runtime-core/dist/runtime-core.esm-bundler.js:49
[    2521ms] [WARNING] [Vue warn]: Invalid prop: type check failed for prop "rowData". Expected Object, got String with value "m". 
  at <BodyCell key="created_at" rowData="m" column= {__v_isVNode: true, __v_skip: true, type: Object, props: Object, key: null}  ... > 
  at <BodyRow key=undefined rowData="m" index=19  ... > 
  at <TableBody ref="bodyRef" value="<!DOCTYPE html>\n<htm" class=""  ... > 
  at <VirtualScroller ref="virtualScroller" items="<!DOCTYPE html>\n<html lang=\"en\">\n\n<head>\n  <meta charset=\"utf-8\" />\n  <meta name=\"viewport\" content=\"width=device-width, initial-scale=1\" />\n  <meta name=\"theme-color\" content=\"#000000\" />\n  <link rel=\"shortcut icon\" type=\"image/ico\" href=\"/assets/favicon-bc234827.ico\" />\n  <link href=\"https://fonts.googleapis.com/css?family=Roboto:300,400,500\" rel=\"stylesheet\" />\n  <title>Pentaract UI</title>\n\n  <style>\n    *,\n    html {\n      margin: 0;\n      padding: 0;\n    }\n  </style>\n  <script type=\"module\" crossorigin src=\"/assets/index-58b24b54.js\"></script>\n  <link rel=\"stylesheet\" href=\"/assets/index-a4f6c957.css\">\n</head>\n\n<body>\n  <noscript>Wanna write ur own UI without js?! Go ahead, don't disturb others</noscript>\n  <div id=\"root\"></div>\n\n  \n</body>\n\n</html>\n" columns= [Object, Object, Object, Object, Object, Object]  ... > 
  at <DataTable value="<!DOCTYPE html>\n<html lang=\"en\">\n\n<head>\n  <meta charset=\"utf-8\" />\n  <meta name=\"viewport\" content=\"width=device-width, initial-scale=1\" />\n  <meta name=\"theme-color\" content=\"#000000\" />\n  <link rel=\"shortcut icon\" type=\"image/ico\" href=\"/assets/favicon-bc234827.ico\" />\n  <link href=\"https://fonts.googleapis.com/css?family=Roboto:300,400,500\" rel=\"stylesheet\" />\n  <title>Pentaract UI</title>\n\n  <style>\n    *,\n    html {\n      margin: 0;\n      padding: 0;\n    }\n  </style>\n  <script type=\"module\" crossorigin src=\"/assets/index-58b24b54.js\"></script>\n  <link rel=\"stylesheet\" href=\"/assets/index-a4f6c957.css\">\n</head>\n\n<body>\n  <noscript>Wanna write ur own UI without js?! Go ahead, don't disturb others</noscript>\n  <div id=\"root\"></div>\n\n  \n</body>\n\n</html>\n" loading=false stripedRows=""  ... > 
  at <OrdersView onVnodeUnmounted=fn<onVnodeUnmounted> ref=Ref< Proxy(Object) > > 
  at <RouterView> 
  at <AppLayout onVnodeUnmounted=fn<onVnodeUnmounted> ref=Ref< Proxy(Object) > > 
  at <RouterView> 
  at <App> @ http://localhost:5277/node_modules/@vue/runtime-core/dist/runtime-core.esm-bundler.js:49
[    2524ms] [WARNING] [Vue warn]: Invalid prop: type check failed for prop "rowData". Expected Object, got String with value "m". 
  at <BodyCell key=5 rowData="m" column= {__v_isVNode: true, __v_skip: true, type: Object, props: Object, key: null}  ... > 
  at <BodyRow key=undefined rowData="m" index=19  ... > 
  at <TableBody ref="bodyRef" value="<!DOCTYPE html>\n<htm" class=""  ... > 
  at <VirtualScroller ref="virtualScroller" items="<!DOCTYPE html>\n<html lang=\"en\">\n\n<head>\n  <meta charset=\"utf-8\" />\n  <meta name=\"viewport\" content=\"width=device-width, initial-scale=1\" />\n  <meta name=\"theme-color\" content=\"#000000\" />\n  <link rel=\"shortcut icon\" type=\"image/ico\" href=\"/assets/favicon-bc234827.ico\" />\n  <link href=\"https://fonts.googleapis.com/css?family=Roboto:300,400,500\" rel=\"stylesheet\" />\n  <title>Pentaract UI</title>\n\n  <style>\n    *,\n    html {\n      margin: 0;\n      padding: 0;\n    }\n  </style>\n  <script type=\"module\" crossorigin src=\"/assets/index-58b24b54.js\"></script>\n  <link rel=\"stylesheet\" href=\"/assets/index-a4f6c957.css\">\n</head>\n\n<body>\n  <noscript>Wanna write ur own UI without js?! Go ahead, don't disturb others</noscript>\n  <div id=\"root\"></div>\n\n  \n</body>\n\n</html>\n" columns= [Object, Object, Object, Object, Object, Object]  ... > 
  at <DataTable value="<!DOCTYPE html>\n<html lang=\"en\">\n\n<head>\n  <meta charset=\"utf-8\" />\n  <meta name=\"viewport\" content=\"width=device-width, initial-scale=1\" />\n  <meta name=\"theme-color\" content=\"#000000\" />\n  <link rel=\"shortcut icon\" type=\"image/ico\" href=\"/assets/favicon-bc234827.ico\" />\n  <link href=\"https://fonts.googleapis.com/css?family=Roboto:300,400,500\" rel=\"stylesheet\" />\n  <title>Pentaract UI</title>\n\n  <style>\n    *,\n    html {\n      margin: 0;\n      padding: 0;\n    }\n  </style>\n  <script type=\"module\" crossorigin src=\"/assets/index-58b24b54.js\"></script>\n  <link rel=\"stylesheet\" href=\"/assets/index-a4f6c957.css\">\n</head>\n\n<body>\n  <noscript>Wanna write ur own UI without js?! Go ahead, don't disturb others</noscript>\n  <div id=\"root\"></div>\n\n  \n</body>\n\n</html>\n" loading=false stripedRows=""  ... > 
  at <OrdersView onVnodeUnmounted=fn<onVnodeUnmounted> ref=Ref< Proxy(Object) > > 
  at <RouterView> 
  at <AppLayout onVnodeUnmounted=fn<onVnodeUnmounted> ref=Ref< Proxy(Object) > > 
  at <RouterView> 
  at <App> @ http://localhost:5277/node_modules/@vue/runtime-core/dist/runtime-core.esm-bundler.js:49
[    7841ms] [LOG] [vite] server connection lost. Polling for restart... @ http://localhost:5277/@vite/client:559
[    7849ms] [ERROR] Failed to load resource: net::ERR_CONNECTION_REFUSED @ http://localhost:5277/:0
[    8853ms] [ERROR] Failed to load resource: net::ERR_CONNECTION_REFUSED @ http://localhost:5277/:0
[    9858ms] [ERROR] Failed to load resource: net::ERR_CONNECTION_REFUSED @ http://localhost:5277/:0
[   10863ms] [ERROR] Failed to load resource: net::ERR_CONNECTION_REFUSED @ http://localhost:5277/:0
[   11868ms] [ERROR] Failed to load resource: net::ERR_CONNECTION_REFUSED @ http://localhost:5277/:0
[   16765ms] [WARNING] [Vue warn]: Invalid prop: type check failed for prop "value". Expected Array, got String with value "<!DOCTYPE html>
<html lang="en">

<head>
  <meta charset="utf-8" />
  <meta name="viewport" content="width=device-width, initial-scale=1" />
  <meta name="theme-color" content="#000000" />
  <link rel="shortcut icon" type="image/ico" href="/assets/favicon-bc234827.ico" />
  <link href="https://fonts.googleapis.com/css?family=Roboto:300,400,500" rel="stylesheet" />
  <title>Pentaract UI</title>

  <style>
    *,
    html {
      margin: 0;
      padding: 0;
    }
  </style>
  <script type="module" crossorigin src="/assets/index-58b24b54.js"></script>
  <link rel="stylesheet" href="/assets/index-a4f6c957.css">
</head>

<body>
  <noscript>Wanna write ur own UI without js?! Go ahead, don't disturb others</noscript>
  <div id="root"></div>

  
</body>

</html>
". 
  at <DataTable value="<!DOCTYPE html>\n<html lang=\"en\">\n\n<head>\n  <meta charset=\"utf-8\" />\n  <meta name=\"viewport\" content=\"width=device-width, initial-scale=1\" />\n  <meta name=\"theme-color\" content=\"#000000\" />\n  <link rel=\"shortcut icon\" type=\"image/ico\" href=\"/assets/favicon-bc234827.ico\" />\n  <link href=\"https://fonts.googleapis.com/css?family=Roboto:300,400,500\" rel=\"stylesheet\" />\n  <title>Pentaract UI</title>\n\n  <style>\n    *,\n    html {\n      margin: 0;\n      padding: 0;\n    }\n  </style>\n  <script type=\"module\" crossorigin src=\"/assets/index-58b24b54.js\"></script>\n  <link rel=\"stylesheet\" href=\"/assets/index-a4f6c957.css\">\n</head>\n\n<body>\n  <noscript>Wanna write ur own UI without js?! Go ahead, don't disturb others</noscript>\n  <div id=\"root\"></div>\n\n  \n</body>\n\n</html>\n" loading=false stripedRows=""  ... > 
  at <OrdersView onVnodeUnmounted=fn<onVnodeUnmounted> ref=Ref< Proxy(Object) > > 
  at <RouterView> 
  at <AppLayout onVnodeUnmounted=fn<onVnodeUnmounted> ref=Ref< Proxy(Object) > > 
  at <RouterView> 
  at <App> @ http://localhost:5277/node_modules/@vue/runtime-core/dist/runtime-core.esm-bundler.js:49
[   16770ms] [WARNING] [Vue warn]: Invalid prop: type check failed for prop "items". Expected Array, got String with value "<!DOCTYPE html>
<html lang="en">

<head>
  <meta charset="utf-8" />
  <meta name="viewport" content="width=device-width, initial-scale=1" />
  <meta name="theme-color" content="#000000" />
  <link rel="shortcut icon" type="image/ico" href="/assets/favicon-bc234827.ico" />
  <link href="https://fonts.googleapis.com/css?family=Roboto:300,400,500" rel="stylesheet" />
  <title>Pentaract UI</title>

  <style>
    *,
    html {
      margin: 0;
      padding: 0;
    }
  </style>
  <script type="module" crossorigin src="/assets/index-58b24b54.js"></script>
  <link rel="stylesheet" href="/assets/index-a4f6c957.css">
</head>

<body>
  <noscript>Wanna write ur own UI without js?! Go ahead, don't disturb others</noscript>
  <div id="root"></div>

  
</body>

</html>
". 
  at <VirtualScroller ref="virtualScroller" items="<!DOCTYPE html>\n<html lang=\"en\">\n\n<head>\n  <meta charset=\"utf-8\" />\n  <meta name=\"viewport\" content=\"width=device-width, initial-scale=1\" />\n  <meta name=\"theme-color\" content=\"#000000\" />\n  <link rel=\"shortcut icon\" type=\"image/ico\" href=\"/assets/favicon-bc234827.ico\" />\n  <link href=\"https://fonts.googleapis.com/css?family=Roboto:300,400,500\" rel=\"stylesheet\" />\n  <title>Pentaract UI</title>\n\n  <style>\n    *,\n    html {\n      margin: 0;\n      padding: 0;\n    }\n  </style>\n  <script type=\"module\" crossorigin src=\"/assets/index-58b24b54.js\"></script>\n  <link rel=\"stylesheet\" href=\"/assets/index-a4f6c957.css\">\n</head>\n\n<body>\n  <noscript>Wanna write ur own UI without js?! Go ahead, don't disturb others</noscript>\n  <div id=\"root\"></div>\n\n  \n</body>\n\n</html>\n" columns= [Object, Object, Object, Object, Object, Object]  ... > 
  at <DataTable value="<!DOCTYPE html>\n<html lang=\"en\">\n\n<head>\n  <meta charset=\"utf-8\" />\n  <meta name=\"viewport\" content=\"width=device-width, initial-scale=1\" />\n  <meta name=\"theme-color\" content=\"#000000\" />\n  <link rel=\"shortcut icon\" type=\"image/ico\" href=\"/assets/favicon-bc234827.ico\" />\n  <link href=\"https://fonts.googleapis.com/css?family=Roboto:300,400,500\" rel=\"stylesheet\" />\n  <title>Pentaract UI</title>\n\n  <style>\n    *,\n    html {\n      margin: 0;\n      padding: 0;\n    }\n  </style>\n  <script type=\"module\" crossorigin src=\"/assets/index-58b24b54.js\"></script>\n  <link rel=\"stylesheet\" href=\"/assets/index-a4f6c957.css\">\n</head>\n\n<body>\n  <noscript>Wanna write ur own UI without js?! Go ahead, don't disturb others</noscript>\n  <div id=\"root\"></div>\n\n  \n</body>\n\n</html>\n" loading=false stripedRows=""  ... > 
  at <OrdersView onVnodeUnmounted=fn<onVnodeUnmounted> ref=Ref< Proxy(Object) > > 
  at <RouterView> 
  at <AppLayout onVnodeUnmounted=fn<onVnodeUnmounted> ref=Ref< Proxy(Object) > > 
  at <RouterView> 
  at <App> @ http://localhost:5277/node_modules/@vue/runtime-core/dist/runtime-core.esm-bundler.js:49
[   16779ms] [WARNING] [Vue warn]: Invalid prop: type check failed for prop "value". Expected Array, got String with value "<!DOCTYPE html>
<htm". 
  at <TableBody ref="bodyRef" value="<!DOCTYPE html>\n<htm" class=""  ... > 
  at <VirtualScroller ref="virtualScroller" items="<!DOCTYPE html>\n<html lang=\"en\">\n\n<head>\n  <meta charset=\"utf-8\" />\n  <meta name=\"viewport\" content=\"width=device-width, initial-scale=1\" />\n  <meta name=\"theme-color\" content=\"#000000\" />\n  <link rel=\"shortcut icon\" type=\"image/ico\" href=\"/assets/favicon-bc234827.ico\" />\n  <link href=\"https://fonts.googleapis.com/css?family=Roboto:300,400,500\" rel=\"stylesheet\" />\n  <title>Pentaract UI</title>\n\n  <style>\n    *,\n    html {\n      margin: 0;\n      padding: 0;\n    }\n  </style>\n  <script type=\"module\" crossorigin src=\"/assets/index-58b24b54.js\"></script>\n  <link rel=\"stylesheet\" href=\"/assets/index-a4f6c957.css\">\n</head>\n\n<body>\n  <noscript>Wanna write ur own UI without js?! Go ahead, don't disturb others</noscript>\n  <div id=\"root\"></div>\n\n  \n</body>\n\n</html>\n" columns= [Object, Object, Object, Object, Object, Object]  ... > 
  at <DataTable value="<!DOCTYPE html>\n<html lang=\"en\">\n\n<head>\n  <meta charset=\"utf-8\" />\n  <meta name=\"viewport\" content=\"width=device-width, initial-scale=1\" />\n  <meta name=\"theme-color\" content=\"#000000\" />\n  <link rel=\"shortcut icon\" type=\"image/ico\" href=\"/assets/favicon-bc234827.ico\" />\n  <link href=\"https://fonts.googleapis.com/css?family=Roboto:300,400,500\" rel=\"stylesheet\" />\n  <title>Pentaract UI</title>\n\n  <style>\n    *,\n    html {\n      margin: 0;\n      padding: 0;\n    }\n  </style>\n  <script type=\"module\" crossorigin src=\"/assets/index-58b24b54.js\"></script>\n  <link rel=\"stylesheet\" href=\"/assets/index-a4f6c957.css\">\n</head>\n\n<body>\n  <noscript>Wanna write ur own UI without js?! Go ahead, don't disturb others</noscript>\n  <div id=\"root\"></div>\n\n  \n</body>\n\n</html>\n" loading=false stripedRows=""  ... > 
  at <OrdersView onVnodeUnmounted=fn<onVnodeUnmounted> ref=Ref< Proxy(Object) > > 
  at <RouterView> 
  at <AppLayout onVnodeUnmounted=fn<onVnodeUnmounted> ref=Ref< Proxy(Object) > > 
  at <RouterView> 
  at <App> @ http://localhost:5277/node_modules/@vue/runtime-core/dist/runtime-core.esm-bundler.js:49
[   16782ms] [WARNING] [Vue warn]: Invalid prop: type check failed for prop "rowData". Expected Object, got String with value "<". 
  at <BodyRow key=undefined rowData="<" index=0  ... > 
  at <TableBody ref="bodyRef" value="<!DOCTYPE html>\n<htm" class=""  ... > 
  at <VirtualScroller ref="virtualScroller" items="<!DOCTYPE html>\n<html lang=\"en\">\n\n<head>\n  <meta charset=\"utf-8\" />\n  <meta name=\"viewport\" content=\"width=device-width, initial-scale=1\" />\n  <meta name=\"theme-color\" content=\"#000000\" />\n  <link rel=\"shortcut icon\" type=\"image/ico\" href=\"/assets/favicon-bc234827.ico\" />\n  <link href=\"https://fonts.googleapis.com/css?family=Roboto:300,400,500\" rel=\"stylesheet\" />\n  <title>Pentaract UI</title>\n\n  <style>\n    *,\n    html {\n      margin: 0;\n      padding: 0;\n    }\n  </style>\n  <script type=\"module\" crossorigin src=\"/assets/index-58b24b54.js\"></script>\n  <link rel=\"stylesheet\" href=\"/assets/index-a4f6c957.css\">\n</head>\n\n<body>\n  <noscript>Wanna write ur own UI without js?! Go ahead, don't disturb others</noscript>\n  <div id=\"root\"></div>\n\n  \n</body>\n\n</html>\n" columns= [Object, Object, Object, Object, Object, Object]  ... > 
  at <DataTable value="<!DOCTYPE html>\n<html lang=\"en\">\n\n<head>\n  <meta charset=\"utf-8\" />\n  <meta name=\"viewport\" content=\"width=device-width, initial-scale=1\" />\n  <meta name=\"theme-color\" content=\"#000000\" />\n  <link rel=\"shortcut icon\" type=\"image/ico\" href=\"/assets/favicon-bc234827.ico\" />\n  <link href=\"https://fonts.googleapis.com/css?family=Roboto:300,400,500\" rel=\"stylesheet\" />\n  <title>Pentaract UI</title>\n\n  <style>\n    *,\n    html {\n      margin: 0;\n      padding: 0;\n    }\n  </style>\n  <script type=\"module\" crossorigin src=\"/assets/index-58b24b54.js\"></script>\n  <link rel=\"stylesheet\" href=\"/assets/index-a4f6c957.css\">\n</head>\n\n<body>\n  <noscript>Wanna write ur own UI without js?! Go ahead, don't disturb others</noscript>\n  <div id=\"root\"></div>\n\n  \n</body>\n\n</html>\n" loading=false stripedRows=""  ... > 
  at <OrdersView onVnodeUnmounted=fn<onVnodeUnmounted> ref=Ref< Proxy(Object) > > 
  at <RouterView> 
  at <AppLayout onVnodeUnmounted=fn<onVnodeUnmounted> ref=Ref< Proxy(Object) > > 
  at <RouterView> 
  at <App> @ http://localhost:5277/node_modules/@vue/runtime-core/dist/runtime-core.esm-bundler.js:49
[   16784ms] [WARNING] [Vue warn]: Invalid prop: type check failed for prop "value". Expected Array, got String with value "<!DOCTYPE html>
<htm". 
  at <BodyRow key=undefined rowData="<" index=0  ... > 
  at <TableBody ref="bodyRef" value="<!DOCTYPE html>\n<htm" class=""  ... > 
  at <VirtualScroller ref="virtualScroller" items="<!DOCTYPE html>\n<html lang=\"en\">\n\n<head>\n  <meta charset=\"utf-8\" />\n  <meta name=\"viewport\" content=\"width=device-width, initial-scale=1\" />\n  <meta name=\"theme-color\" content=\"#000000\" />\n  <link rel=\"shortcut icon\" type=\"image/ico\" href=\"/assets/favicon-bc234827.ico\" />\n  <link href=\"https://fonts.googleapis.com/css?family=Roboto:300,400,500\" rel=\"stylesheet\" />\n  <title>Pentaract UI</title>\n\n  <style>\n    *,\n    html {\n      margin: 0;\n      padding: 0;\n    }\n  </style>\n  <script type=\"module\" crossorigin src=\"/assets/index-58b24b54.js\"></script>\n  <link rel=\"stylesheet\" href=\"/assets/index-a4f6c957.css\">\n</head>\n\n<body>\n  <noscript>Wanna write ur own UI without js?! Go ahead, don't disturb others</noscript>\n  <div id=\"root\"></div>\n\n  \n</body>\n\n</html>\n" columns= [Object, Object, Object, Object, Object, Object]  ... > 
  at <DataTable value="<!DOCTYPE html>\n<html lang=\"en\">\n\n<head>\n  <meta charset=\"utf-8\" />\n  <meta name=\"viewport\" content=\"width=device-width, initial-scale=1\" />\n  <meta name=\"theme-color\" content=\"#000000\" />\n  <link rel=\"shortcut icon\" type=\"image/ico\" href=\"/assets/favicon-bc234827.ico\" />\n  <link href=\"https://fonts.googleapis.com/css?family=Roboto:300,400,500\" rel=\"stylesheet\" />\n  <title>Pentaract UI</title>\n\n  <style>\n    *,\n    html {\n      margin: 0;\n      padding: 0;\n    }\n  </style>\n  <script type=\"module\" crossorigin src=\"/assets/index-58b24b54.js\"></script>\n  <link rel=\"stylesheet\" href=\"/assets/index-a4f6c957.css\">\n</head>\n\n<body>\n  <noscript>Wanna write ur own UI without js?! Go ahead, don't disturb others</noscript>\n  <div id=\"root\"></div>\n\n  \n</body>\n\n</html>\n" loading=false stripedRows=""  ... > 
  at <OrdersView onVnodeUnmounted=fn<onVnodeUnmounted> ref=Ref< Proxy(Object) > > 
  at <RouterView> 
  at <AppLayout onVnodeUnmounted=fn<onVnodeUnmounted> ref=Ref< Proxy(Object) > > 
  at <RouterView> 
  at <App> @ http://localhost:5277/node_modules/@vue/runtime-core/dist/runtime-core.esm-bundler.js:49
[   16793ms] [WARNING] [Vue warn]: Invalid prop: type check failed for prop "rowData". Expected Object, got String with value "<". 
  at <BodyCell key="id" rowData="<" column= {__v_isVNode: true, __v_skip: true, type: Object, props: Object, key: null}  ... > 
  at <BodyRow key=undefined rowData="<" index=0  ... > 
  at <TableBody ref="bodyRef" value="<!DOCTYPE html>\n<htm" class=""  ... > 
  at <VirtualScroller ref="virtualScroller" items="<!DOCTYPE html>\n<html lang=\"en\">\n\n<head>\n  <meta charset=\"utf-8\" />\n  <meta name=\"viewport\" content=\"width=device-width, initial-scale=1\" />\n  <meta name=\"theme-color\" content=\"#000000\" />\n  <link rel=\"shortcut icon\" type=\"image/ico\" href=\"/assets/favicon-bc234827.ico\" />\n  <link href=\"https://fonts.googleapis.com/css?family=Roboto:300,400,500\" rel=\"stylesheet\" />\n  <title>Pentaract UI</title>\n\n  <style>\n    *,\n    html {\n      margin: 0;\n      padding: 0;\n    }\n  </style>\n  <script type=\"module\" crossorigin src=\"/assets/index-58b24b54.js\"></script>\n  <link rel=\"stylesheet\" href=\"/assets/index-a4f6c957.css\">\n</head>\n\n<body>\n  <noscript>Wanna write ur own UI without js?! Go ahead, don't disturb others</noscript>\n  <div id=\"root\"></div>\n\n  \n</body>\n\n</html>\n" columns= [Object, Object, Object, Object, Object, Object]  ... > 
  at <DataTable value="<!DOCTYPE html>\n<html lang=\"en\">\n\n<head>\n  <meta charset=\"utf-8\" />\n  <meta name=\"viewport\" content=\"width=device-width, initial-scale=1\" />\n  <meta name=\"theme-color\" content=\"#000000\" />\n  <link rel=\"shortcut icon\" type=\"image/ico\" href=\"/assets/favicon-bc234827.ico\" />\n  <link href=\"https://fonts.googleapis.com/css?family=Roboto:300,400,500\" rel=\"stylesheet\" />\n  <title>Pentaract UI</title>\n\n  <style>\n    *,\n    html {\n      margin: 0;\n      padding: 0;\n    }\n  </style>\n  <script type=\"module\" crossorigin src=\"/assets/index-58b24b54.js\"></script>\n  <link rel=\"stylesheet\" href=\"/assets/index-a4f6c957.css\">\n</head>\n\n<body>\n  <noscript>Wanna write ur own UI without js?! Go ahead, don't disturb others</noscript>\n  <div id=\"root\"></div>\n\n  \n</body>\n\n</html>\n" loading=false stripedRows=""  ... > 
  at <OrdersView onVnodeUnmounted=fn<onVnodeUnmounted> ref=Ref< Proxy(Object) > > 
  at <RouterView> 
  at <AppLayout onVnodeUnmounted=fn<onVnodeUnmounted> ref=Ref< Proxy(Object) > > 
  at <RouterView> 
  at <App> @ http://localhost:5277/node_modules/@vue/runtime-core/dist/runtime-core.esm-bundler.js:49
[   16806ms] [WARNING] [Vue warn]: Invalid prop: type check failed for prop "rowData". Expected Object, got String with value "<". 
  at <BodyCell key="client_id" rowData="<" column= {__v_isVNode: true, __v_skip: true, type: Object, props: Object, key: null}  ... > 
  at <BodyRow key=undefined rowData="<" index=0  ... > 
  at <TableBody ref="bodyRef" value="<!DOCTYPE html>\n<htm" class=""  ... > 
  at <VirtualScroller ref="virtualScroller" items="<!DOCTYPE html>\n<html lang=\"en\">\n\n<head>\n  <meta charset=\"utf-8\" />\n  <meta name=\"viewport\" content=\"width=device-width, initial-scale=1\" />\n  <meta name=\"theme-color\" content=\"#000000\" />\n  <link rel=\"shortcut icon\" type=\"image/ico\" href=\"/assets/favicon-bc234827.ico\" />\n  <link href=\"https://fonts.googleapis.com/css?family=Roboto:300,400,500\" rel=\"stylesheet\" />\n  <title>Pentaract UI</title>\n\n  <style>\n    *,\n    html {\n      margin: 0;\n      padding: 0;\n    }\n  </style>\n  <script type=\"module\" crossorigin src=\"/assets/index-58b24b54.js\"></script>\n  <link rel=\"stylesheet\" href=\"/assets/index-a4f6c957.css\">\n</head>\n\n<body>\n  <noscript>Wanna write ur own UI without js?! Go ahead, don't disturb others</noscript>\n  <div id=\"root\"></div>\n\n  \n</body>\n\n</html>\n" columns= [Object, Object, Object, Object, Object, Object]  ... > 
  at <DataTable value="<!DOCTYPE html>\n<html lang=\"en\">\n\n<head>\n  <meta charset=\"utf-8\" />\n  <meta name=\"viewport\" content=\"width=device-width, initial-scale=1\" />\n  <meta name=\"theme-color\" content=\"#000000\" />\n  <link rel=\"shortcut icon\" type=\"image/ico\" href=\"/assets/favicon-bc234827.ico\" />\n  <link href=\"https://fonts.googleapis.com/css?family=Roboto:300,400,500\" rel=\"stylesheet\" />\n  <title>Pentaract UI</title>\n\n  <style>\n    *,\n    html {\n      margin: 0;\n      padding: 0;\n    }\n  </style>\n  <script type=\"module\" crossorigin src=\"/assets/index-58b24b54.js\"></script>\n  <link rel=\"stylesheet\" href=\"/assets/index-a4f6c957.css\">\n</head>\n\n<body>\n  <noscript>Wanna write ur own UI without js?! Go ahead, don't disturb others</noscript>\n  <div id=\"root\"></div>\n\n  \n</body>\n\n</html>\n" loading=false stripedRows=""  ... > 
  at <OrdersView onVnodeUnmounted=fn<onVnodeUnmounted> ref=Ref< Proxy(Object) > > 
  at <RouterView> 
  at <AppLayout onVnodeUnmounted=fn<onVnodeUnmounted> ref=Ref< Proxy(Object) > > 
  at <RouterView> 
  at <App> @ http://localhost:5277/node_modules/@vue/runtime-core/dist/runtime-core.esm-bundler.js:49
[   16810ms] [WARNING] [Vue warn]: Invalid prop: type check failed for prop "rowData". Expected Object, got String with value "<". 
  at <BodyCell key="source" rowData="<" column= {__v_isVNode: true, __v_skip: true, type: Object, props: Object, key: null}  ... > 
  at <BodyRow key=undefined rowData="<" index=0  ... > 
  at <TableBody ref="bodyRef" value="<!DOCTYPE html>\n<htm" class=""  ... > 
  at <VirtualScroller ref="virtualScroller" items="<!DOCTYPE html>\n<html lang=\"en\">\n\n<head>\n  <meta charset=\"utf-8\" />\n  <meta name=\"viewport\" content=\"width=device-width, initial-scale=1\" />\n  <meta name=\"theme-color\" content=\"#000000\" />\n  <link rel=\"shortcut icon\" type=\"image/ico\" href=\"/assets/favicon-bc234827.ico\" />\n  <link href=\"https://fonts.googleapis.com/css?family=Roboto:300,400,500\" rel=\"stylesheet\" />\n  <title>Pentaract UI</title>\n\n  <style>\n    *,\n    html {\n      margin: 0;\n      padding: 0;\n    }\n  </style>\n  <script type=\"module\" crossorigin src=\"/assets/index-58b24b54.js\"></script>\n  <link rel=\"stylesheet\" href=\"/assets/index-a4f6c957.css\">\n</head>\n\n<body>\n  <noscript>Wanna write ur own UI without js?! Go ahead, don't disturb others</noscript>\n  <div id=\"root\"></div>\n\n  \n</body>\n\n</html>\n" columns= [Object, Object, Object, Object, Object, Object]  ... > 
  at <DataTable value="<!DOCTYPE html>\n<html lang=\"en\">\n\n<head>\n  <meta charset=\"utf-8\" />\n  <meta name=\"viewport\" content=\"width=device-width, initial-scale=1\" />\n  <meta name=\"theme-color\" content=\"#000000\" />\n  <link rel=\"shortcut icon\" type=\"image/ico\" href=\"/assets/favicon-bc234827.ico\" />\n  <link href=\"https://fonts.googleapis.com/css?family=Roboto:300,400,500\" rel=\"stylesheet\" />\n  <title>Pentaract UI</title>\n\n  <style>\n    *,\n    html {\n      margin: 0;\n      padding: 0;\n    }\n  </style>\n  <script type=\"module\" crossorigin src=\"/assets/index-58b24b54.js\"></script>\n  <link rel=\"stylesheet\" href=\"/assets/index-a4f6c957.css\">\n</head>\n\n<body>\n  <noscript>Wanna write ur own UI without js?! Go ahead, don't disturb others</noscript>\n  <div id=\"root\"></div>\n\n  \n</body>\n\n</html>\n" loading=false stripedRows=""  ... > 
  at <OrdersView onVnodeUnmounted=fn<onVnodeUnmounted> ref=Ref< Proxy(Object) > > 
  at <RouterView> 
  at <AppLayout onVnodeUnmounted=fn<onVnodeUnmounted> ref=Ref< Proxy(Object) > > 
  at <RouterView> 
  at <App> @ http://localhost:5277/node_modules/@vue/runtime-core/dist/runtime-core.esm-bundler.js:49
[   16817ms] [WARNING] [Vue warn]: Invalid prop: type check failed for prop "rowData". Expected Object, got String with value "<". 
  at <BodyCell key="status" rowData="<" column= {__v_isVNode: true, __v_skip: true, type: Object, props: Object, key: null}  ... > 
  at <BodyRow key=undefined rowData="<" index=0  ... > 
  at <TableBody ref="bodyRef" value="<!DOCTYPE html>\n<htm" class=""  ... > 
  at <VirtualScroller ref="virtualScroller" items="<!DOCTYPE html>\n<html lang=\"en\">\n\n<head>\n  <meta charset=\"utf-8\" />\n  <meta name=\"viewport\" content=\"width=device-width, initial-scale=1\" />\n  <meta name=\"theme-color\" content=\"#000000\" />\n  <link rel=\"shortcut icon\" type=\"image/ico\" href=\"/assets/favicon-bc234827.ico\" />\n  <link href=\"https://fonts.googleapis.com/css?family=Roboto:300,400,500\" rel=\"stylesheet\" />\n  <title>Pentaract UI</title>\n\n  <style>\n    *,\n    html {\n      margin: 0;\n      padding: 0;\n    }\n  </style>\n  <script type=\"module\" crossorigin src=\"/assets/index-58b24b54.js\"></script>\n  <link rel=\"stylesheet\" href=\"/assets/index-a4f6c957.css\">\n</head>\n\n<body>\n  <noscript>Wanna write ur own UI without js?! Go ahead, don't disturb others</noscript>\n  <div id=\"root\"></div>\n\n  \n</body>\n\n</html>\n" columns= [Object, Object, Object, Object, Object, Object]  ... > 
  at <DataTable value="<!DOCTYPE html>\n<html lang=\"en\">\n\n<head>\n  <meta charset=\"utf-8\" />\n  <meta name=\"viewport\" content=\"width=device-width, initial-scale=1\" />\n  <meta name=\"theme-color\" content=\"#000000\" />\n  <link rel=\"shortcut icon\" type=\"image/ico\" href=\"/assets/favicon-bc234827.ico\" />\n  <link href=\"https://fonts.googleapis.com/css?family=Roboto:300,400,500\" rel=\"stylesheet\" />\n  <title>Pentaract UI</title>\n\n  <style>\n    *,\n    html {\n      margin: 0;\n      padding: 0;\n    }\n  </style>\n  <script type=\"module\" crossorigin src=\"/assets/index-58b24b54.js\"></script>\n  <link rel=\"stylesheet\" href=\"/assets/index-a4f6c957.css\">\n</head>\n\n<body>\n  <noscript>Wanna write ur own UI without js?! Go ahead, don't disturb others</noscript>\n  <div id=\"root\"></div>\n\n  \n</body>\n\n</html>\n" loading=false stripedRows=""  ... > 
  at <OrdersView onVnodeUnmounted=fn<onVnodeUnmounted> ref=Ref< Proxy(Object) > > 
  at <RouterView> 
  at <AppLayout onVnodeUnmounted=fn<onVnodeUnmounted> ref=Ref< Proxy(Object) > > 
  at <RouterView> 
  at <App> @ http://localhost:5277/node_modules/@vue/runtime-core/dist/runtime-core.esm-bundler.js:49
[   16858ms] [WARNING] [Vue warn]: Invalid prop: type check failed for prop "rowData". Expected Object, got String with value "<". 
  at <BodyCell key="created_at" rowData="<" column= {__v_isVNode: true, __v_skip: true, type: Object, props: Object, key: null}  ... > 
  at <BodyRow key=undefined rowData="<" index=0  ... > 
  at <TableBody ref="bodyRef" value="<!DOCTYPE html>\n<htm" class=""  ... > 
  at <VirtualScroller ref="virtualScroller" items="<!DOCTYPE html>\n<html lang=\"en\">\n\n<head>\n  <meta charset=\"utf-8\" />\n  <meta name=\"viewport\" content=\"width=device-width, initial-scale=1\" />\n  <meta name=\"theme-color\" content=\"#000000\" />\n  <link rel=\"shortcut icon\" type=\"image/ico\" href=\"/assets/favicon-bc234827.ico\" />\n  <link href=\"https://fonts.googleapis.com/css?family=Roboto:300,400,500\" rel=\"stylesheet\" />\n  <title>Pentaract UI</title>\n\n  <style>\n    *,\n    html {\n      margin: 0;\n      padding: 0;\n    }\n  </style>\n  <script type=\"module\" crossorigin src=\"/assets/index-58b24b54.js\"></script>\n  <link rel=\"stylesheet\" href=\"/assets/index-a4f6c957.css\">\n</head>\n\n<body>\n  <noscript>Wanna write ur own UI without js?! Go ahead, don't disturb others</noscript>\n  <div id=\"root\"></div>\n\n  \n</body>\n\n</html>\n" columns= [Object, Object, Object, Object, Object, Object]  ... > 
  at <DataTable value="<!DOCTYPE html>\n<html lang=\"en\">\n\n<head>\n  <meta charset=\"utf-8\" />\n  <meta name=\"viewport\" content=\"width=device-width, initial-scale=1\" />\n  <meta name=\"theme-color\" content=\"#000000\" />\n  <link rel=\"shortcut icon\" type=\"image/ico\" href=\"/assets/favicon-bc234827.ico\" />\n  <link href=\"https://fonts.googleapis.com/css?family=Roboto:300,400,500\" rel=\"stylesheet\" />\n  <title>Pentaract UI</title>\n\n  <style>\n    *,\n    html {\n      margin: 0;\n      padding: 0;\n    }\n  </style>\n  <script type=\"module\" crossorigin src=\"/assets/index-58b24b54.js\"></script>\n  <link rel=\"stylesheet\" href=\"/assets/index-a4f6c957.css\">\n</head>\n\n<body>\n  <noscript>Wanna write ur own UI without js?! Go ahead, don't disturb others</noscript>\n  <div id=\"root\"></div>\n\n  \n</body>\n\n</html>\n" loading=false stripedRows=""  ... > 
  at <OrdersView onVnodeUnmounted=fn<onVnodeUnmounted> ref=Ref< Proxy(Object) > > 
  at <RouterView> 
  at <AppLayout onVnodeUnmounted=fn<onVnodeUnmounted> ref=Ref< Proxy(Object) > > 
  at <RouterView> 
  at <App> @ http://localhost:5277/node_modules/@vue/runtime-core/dist/runtime-core.esm-bundler.js:49
[   16863ms] [WARNING] [Vue warn]: Invalid prop: type check failed for prop "rowData". Expected Object, got String with value "<". 
  at <BodyCell key=5 rowData="<" column= {__v_isVNode: true, __v_skip: true, type: Object, props: Object, key: null}  ... > 
  at <BodyRow key=undefined rowData="<" index=0  ... > 
  at <TableBody ref="bodyRef" value="<!DOCTYPE html>\n<htm" class=""  ... > 
  at <VirtualScroller ref="virtualScroller" items="<!DOCTYPE html>\n<html lang=\"en\">\n\n<head>\n  <meta charset=\"utf-8\" />\n  <meta name=\"viewport\" content=\"width=device-width, initial-scale=1\" />\n  <meta name=\"theme-color\" content=\"#000000\" />\n  <link rel=\"shortcut icon\" type=\"image/ico\" href=\"/assets/favicon-bc234827.ico\" />\n  <link href=\"https://fonts.googleapis.com/css?family=Roboto:300,400,500\" rel=\"stylesheet\" />\n  <title>Pentaract UI</title>\n\n  <style>\n    *,\n    html {\n      margin: 0;\n      padding: 0;\n    }\n  </style>\n  <script type=\"module\" crossorigin src=\"/assets/index-58b24b54.js\"></script>\n  <link rel=\"stylesheet\" href=\"/assets/index-a4f6c957.css\">\n</head>\n\n<body>\n  <noscript>Wanna write ur own UI without js?! Go ahead, don't disturb others</noscript>\n  <div id=\"root\"></div>\n\n  \n</body>\n\n</html>\n" columns= [Object, Object, Object, Object, Object, Object]  ... > 
  at <DataTable value="<!DOCTYPE html>\n<html lang=\"en\">\n\n<head>\n  <meta charset=\"utf-8\" />\n  <meta name=\"viewport\" content=\"width=device-width, initial-scale=1\" />\n  <meta name=\"theme-color\" content=\"#000000\" />\n  <link rel=\"shortcut icon\" type=\"image/ico\" href=\"/assets/favicon-bc234827.ico\" />\n  <link href=\"https://fonts.googleapis.com/css?family=Roboto:300,400,500\" rel=\"stylesheet\" />\n  <title>Pentaract UI</title>\n\n  <style>\n    *,\n    html {\n      margin: 0;\n      padding: 0;\n    }\n  </style>\n  <script type=\"module\" crossorigin src=\"/assets/index-58b24b54.js\"></script>\n  <link rel=\"stylesheet\" href=\"/assets/index-a4f6c957.css\">\n</head>\n\n<body>\n  <noscript>Wanna write ur own UI without js?! Go ahead, don't disturb others</noscript>\n  <div id=\"root\"></div>\n\n  \n</body>\n\n</html>\n" loading=false stripedRows=""  ... > 
  at <OrdersView onVnodeUnmounted=fn<onVnodeUnmounted> ref=Ref< Proxy(Object) > > 
  at <RouterView> 
  at <AppLayout onVnodeUnmounted=fn<onVnodeUnmounted> ref=Ref< Proxy(Object) > > 
  at <RouterView> 
  at <App> @ http://localhost:5277/node_modules/@vue/runtime-core/dist/runtime-core.esm-bundler.js:49
[   16869ms] [WARNING] [Vue warn]: Invalid prop: type check failed for prop "rowData". Expected Object, got String with value "!". 
  at <BodyRow key=undefined rowData="!" index=1  ... > 
  at <TableBody ref="bodyRef" value="<!DOCTYPE html>\n<htm" class=""  ... > 
  at <VirtualScroller ref="virtualScroller" items="<!DOCTYPE html>\n<html lang=\"en\">\n\n<head>\n  <meta charset=\"utf-8\" />\n  <meta name=\"viewport\" content=\"width=device-width, initial-scale=1\" />\n  <meta name=\"theme-color\" content=\"#000000\" />\n  <link rel=\"shortcut icon\" type=\"image/ico\" href=\"/assets/favicon-bc234827.ico\" />\n  <link href=\"https://fonts.googleapis.com/css?family=Roboto:300,400,500\" rel=\"stylesheet\" />\n  <title>Pentaract UI</title>\n\n  <style>\n    *,\n    html {\n      margin: 0;\n      padding: 0;\n    }\n  </style>\n  <script type=\"module\" crossorigin src=\"/assets/index-58b24b54.js\"></script>\n  <link rel=\"stylesheet\" href=\"/assets/index-a4f6c957.css\">\n</head>\n\n<body>\n  <noscript>Wanna write ur own UI without js?! Go ahead, don't disturb others</noscript>\n  <div id=\"root\"></div>\n\n  \n</body>\n\n</html>\n" columns= [Object, Object, Object, Object, Object, Object]  ... > 
  at <DataTable value="<!DOCTYPE html>\n<html lang=\"en\">\n\n<head>\n  <meta charset=\"utf-8\" />\n  <meta name=\"viewport\" content=\"width=device-width, initial-scale=1\" />\n  <meta name=\"theme-color\" content=\"#000000\" />\n  <link rel=\"shortcut icon\" type=\"image/ico\" href=\"/assets/favicon-bc234827.ico\" />\n  <link href=\"https://fonts.googleapis.com/css?family=Roboto:300,400,500\" rel=\"stylesheet\" />\n  <title>Pentaract UI</title>\n\n  <style>\n    *,\n    html {\n      margin: 0;\n      padding: 0;\n    }\n  </style>\n  <script type=\"module\" crossorigin src=\"/assets/index-58b24b54.js\"></script>\n  <link rel=\"stylesheet\" href=\"/assets/index-a4f6c957.css\">\n</head>\n\n<body>\n  <noscript>Wanna write ur own UI without js?! Go ahead, don't disturb others</noscript>\n  <div id=\"root\"></div>\n\n  \n</body>\n\n</html>\n" loading=false stripedRows=""  ... > 
  at <OrdersView onVnodeUnmounted=fn<onVnodeUnmounted> ref=Ref< Proxy(Object) > > 
  at <RouterView> 
  at <AppLayout onVnodeUnmounted=fn<onVnodeUnmounted> ref=Ref< Proxy(Object) > > 
  at <RouterView> 
  at <App> @ http://localhost:5277/node_modules/@vue/runtime-core/dist/runtime-core.esm-bundler.js:49
[   16870ms] [WARNING] [Vue warn]: Invalid prop: type check failed for prop "value". Expected Array, got String with value "<!DOCTYPE html>
<htm". 
  at <BodyRow key=undefined rowData="!" index=1  ... > 
  at <TableBody ref="bodyRef" value="<!DOCTYPE html>\n<htm" class=""  ... > 
  at <VirtualScroller ref="virtualScroller" items="<!DOCTYPE html>\n<html lang=\"en\">\n\n<head>\n  <meta charset=\"utf-8\" />\n  <meta name=\"viewport\" content=\"width=device-width, initial-scale=1\" />\n  <meta name=\"theme-color\" content=\"#000000\" />\n  <link rel=\"shortcut icon\" type=\"image/ico\" href=\"/assets/favicon-bc234827.ico\" />\n  <link href=\"https://fonts.googleapis.com/css?family=Roboto:300,400,500\" rel=\"stylesheet\" />\n  <title>Pentaract UI</title>\n\n  <style>\n    *,\n    html {\n      margin: 0;\n      padding: 0;\n    }\n  </style>\n  <script type=\"module\" crossorigin src=\"/assets/index-58b24b54.js\"></script>\n  <link rel=\"stylesheet\" href=\"/assets/index-a4f6c957.css\">\n</head>\n\n<body>\n  <noscript>Wanna write ur own UI without js?! Go ahead, don't disturb others</noscript>\n  <div id=\"root\"></div>\n\n  \n</body>\n\n</html>\n" columns= [Object, Object, Object, Object, Object, Object]  ... > 
  at <DataTable value="<!DOCTYPE html>\n<html lang=\"en\">\n\n<head>\n  <meta charset=\"utf-8\" />\n  <meta name=\"viewport\" content=\"width=device-width, initial-scale=1\" />\n  <meta name=\"theme-color\" content=\"#000000\" />\n  <link rel=\"shortcut icon\" type=\"image/ico\" href=\"/assets/favicon-bc234827.ico\" />\n  <link href=\"https://fonts.googleapis.com/css?family=Roboto:300,400,500\" rel=\"stylesheet\" />\n  <title>Pentaract UI</title>\n\n  <style>\n    *,\n    html {\n      margin: 0;\n      padding: 0;\n    }\n  </style>\n  <script type=\"module\" crossorigin src=\"/assets/index-58b24b54.js\"></script>\n  <link rel=\"stylesheet\" href=\"/assets/index-a4f6c957.css\">\n</head>\n\n<body>\n  <noscript>Wanna write ur own UI without js?! Go ahead, don't disturb others</noscript>\n  <div id=\"root\"></div>\n\n  \n</body>\n\n</html>\n" loading=false stripedRows=""  ... > 
  at <OrdersView onVnodeUnmounted=fn<onVnodeUnmounted> ref=Ref< Proxy(Object) > > 
  at <RouterView> 
  at <AppLayout onVnodeUnmounted=fn<onVnodeUnmounted> ref=Ref< Proxy(Object) > > 
  at <RouterView> 
  at <App> @ http://localhost:5277/node_modules/@vue/runtime-core/dist/runtime-core.esm-bundler.js:49
[   16873ms] [WARNING] [Vue warn]: Invalid prop: type check failed for prop "rowData". Expected Object, got String with value "!". 
  at <BodyCell key="id" rowData="!" column= {__v_isVNode: true, __v_skip: true, type: Object, props: Object, key: null}  ... > 
  at <BodyRow key=undefined rowData="!" index=1  ... > 
  at <TableBody ref="bodyRef" value="<!DOCTYPE html>\n<htm" class=""  ... > 
  at <VirtualScroller ref="virtualScroller" items="<!DOCTYPE html>\n<html lang=\"en\">\n\n<head>\n  <meta charset=\"utf-8\" />\n  <meta name=\"viewport\" content=\"width=device-width, initial-scale=1\" />\n  <meta name=\"theme-color\" content=\"#000000\" />\n  <link rel=\"shortcut icon\" type=\"image/ico\" href=\"/assets/favicon-bc234827.ico\" />\n  <link href=\"https://fonts.googleapis.com/css?family=Roboto:300,400,500\" rel=\"stylesheet\" />\n  <title>Pentaract UI</title>\n\n  <style>\n    *,\n    html {\n      margin: 0;\n      padding: 0;\n    }\n  </style>\n  <script type=\"module\" crossorigin src=\"/assets/index-58b24b54.js\"></script>\n  <link rel=\"stylesheet\" href=\"/assets/index-a4f6c957.css\">\n</head>\n\n<body>\n  <noscript>Wanna write ur own UI without js?! Go ahead, don't disturb others</noscript>\n  <div id=\"root\"></div>\n\n  \n</body>\n\n</html>\n" columns= [Object, Object, Object, Object, Object, Object]  ... > 
  at <DataTable value="<!DOCTYPE html>\n<html lang=\"en\">\n\n<head>\n  <meta charset=\"utf-8\" />\n  <meta name=\"viewport\" content=\"width=device-width, initial-scale=1\" />\n  <meta name=\"theme-color\" content=\"#000000\" />\n  <link rel=\"shortcut icon\" type=\"image/ico\" href=\"/assets/favicon-bc234827.ico\" />\n  <link href=\"https://fonts.googleapis.com/css?family=Roboto:300,400,500\" rel=\"stylesheet\" />\n  <title>Pentaract UI</title>\n\n  <style>\n    *,\n    html {\n      margin: 0;\n      padding: 0;\n    }\n  </style>\n  <script type=\"module\" crossorigin src=\"/assets/index-58b24b54.js\"></script>\n  <link rel=\"stylesheet\" href=\"/assets/index-a4f6c957.css\">\n</head>\n\n<body>\n  <noscript>Wanna write ur own UI without js?! Go ahead, don't disturb others</noscript>\n  <div id=\"root\"></div>\n\n  \n</body>\n\n</html>\n" loading=false stripedRows=""  ... > 
  at <OrdersView onVnodeUnmounted=fn<onVnodeUnmounted> ref=Ref< Proxy(Object) > > 
  at <RouterView> 
  at <AppLayout onVnodeUnmounted=fn<onVnodeUnmounted> ref=Ref< Proxy(Object) > > 
  at <RouterView> 
  at <App> @ http://localhost:5277/node_modules/@vue/runtime-core/dist/runtime-core.esm-bundler.js:49
[   16876ms] [WARNING] [Vue warn]: Invalid prop: type check failed for prop "rowData". Expected Object, got String with value "!". 
  at <BodyCell key="client_id" rowData="!" column= {__v_isVNode: true, __v_skip: true, type: Object, props: Object, key: null}  ... > 
  at <BodyRow key=undefined rowData="!" index=1  ... > 
  at <TableBody ref="bodyRef" value="<!DOCTYPE html>\n<htm" class=""  ... > 
  at <VirtualScroller ref="virtualScroller" items="<!DOCTYPE html>\n<html lang=\"en\">\n\n<head>\n  <meta charset=\"utf-8\" />\n  <meta name=\"viewport\" content=\"width=device-width, initial-scale=1\" />\n  <meta name=\"theme-color\" content=\"#000000\" />\n  <link rel=\"shortcut icon\" type=\"image/ico\" href=\"/assets/favicon-bc234827.ico\" />\n  <link href=\"https://fonts.googleapis.com/css?family=Roboto:300,400,500\" rel=\"stylesheet\" />\n  <title>Pentaract UI</title>\n\n  <style>\n    *,\n    html {\n      margin: 0;\n      padding: 0;\n    }\n  </style>\n  <script type=\"module\" crossorigin src=\"/assets/index-58b24b54.js\"></script>\n  <link rel=\"stylesheet\" href=\"/assets/index-a4f6c957.css\">\n</head>\n\n<body>\n  <noscript>Wanna write ur own UI without js?! Go ahead, don't disturb others</noscript>\n  <div id=\"root\"></div>\n\n  \n</body>\n\n</html>\n" columns= [Object, Object, Object, Object, Object, Object]  ... > 
  at <DataTable value="<!DOCTYPE html>\n<html lang=\"en\">\n\n<head>\n  <meta charset=\"utf-8\" />\n  <meta name=\"viewport\" content=\"width=device-width, initial-scale=1\" />\n  <meta name=\"theme-color\" content=\"#000000\" />\n  <link rel=\"shortcut icon\" type=\"image/ico\" href=\"/assets/favicon-bc234827.ico\" />\n  <link href=\"https://fonts.googleapis.com/css?family=Roboto:300,400,500\" rel=\"stylesheet\" />\n  <title>Pentaract UI</title>\n\n  <style>\n    *,\n    html {\n      margin: 0;\n      padding: 0;\n    }\n  </style>\n  <script type=\"module\" crossorigin src=\"/assets/index-58b24b54.js\"></script>\n  <link rel=\"stylesheet\" href=\"/assets/index-a4f6c957.css\">\n</head>\n\n<body>\n  <noscript>Wanna write ur own UI without js?! Go ahead, don't disturb others</noscript>\n  <div id=\"root\"></div>\n\n  \n</body>\n\n</html>\n" loading=false stripedRows=""  ... > 
  at <OrdersView onVnodeUnmounted=fn<onVnodeUnmounted> ref=Ref< Proxy(Object) > > 
  at <RouterView> 
  at <AppLayout onVnodeUnmounted=fn<onVnodeUnmounted> ref=Ref< Proxy(Object) > > 
  at <RouterView> 
  at <App> @ http://localhost:5277/node_modules/@vue/runtime-core/dist/runtime-core.esm-bundler.js:49
[   16879ms] [WARNING] [Vue warn]: Invalid prop: type check failed for prop "rowData". Expected Object, got String with value "!". 
  at <BodyCell key="source" rowData="!" column= {__v_isVNode: true, __v_skip: true, type: Object, props: Object, key: null}  ... > 
  at <BodyRow key=undefined rowData="!" index=1  ... > 
  at <TableBody ref="bodyRef" value="<!DOCTYPE html>\n<htm" class=""  ... > 
  at <VirtualScroller ref="virtualScroller" items="<!DOCTYPE html>\n<html lang=\"en\">\n\n<head>\n  <meta charset=\"utf-8\" />\n  <meta name=\"viewport\" content=\"width=device-width, initial-scale=1\" />\n  <meta name=\"theme-color\" content=\"#000000\" />\n  <link rel=\"shortcut icon\" type=\"image/ico\" href=\"/assets/favicon-bc234827.ico\" />\n  <link href=\"https://fonts.googleapis.com/css?family=Roboto:300,400,500\" rel=\"stylesheet\" />\n  <title>Pentaract UI</title>\n\n  <style>\n    *,\n    html {\n      margin: 0;\n      padding: 0;\n    }\n  </style>\n  <script type=\"module\" crossorigin src=\"/assets/index-58b24b54.js\"></script>\n  <link rel=\"stylesheet\" href=\"/assets/index-a4f6c957.css\">\n</head>\n\n<body>\n  <noscript>Wanna write ur own UI without js?! Go ahead, don't disturb others</noscript>\n  <div id=\"root\"></div>\n\n  \n</body>\n\n</html>\n" columns= [Object, Object, Object, Object, Object, Object]  ... > 
  at <DataTable value="<!DOCTYPE html>\n<html lang=\"en\">\n\n<head>\n  <meta charset=\"utf-8\" />\n  <meta name=\"viewport\" content=\"width=device-width, initial-scale=1\" />\n  <meta name=\"theme-color\" content=\"#000000\" />\n  <link rel=\"shortcut icon\" type=\"image/ico\" href=\"/assets/favicon-bc234827.ico\" />\n  <link href=\"https://fonts.googleapis.com/css?family=Roboto:300,400,500\" rel=\"stylesheet\" />\n  <title>Pentaract UI</title>\n\n  <style>\n    *,\n    html {\n      margin: 0;\n      padding: 0;\n    }\n  </style>\n  <script type=\"module\" crossorigin src=\"/assets/index-58b24b54.js\"></script>\n  <link rel=\"stylesheet\" href=\"/assets/index-a4f6c957.css\">\n</head>\n\n<body>\n  <noscript>Wanna write ur own UI without js?! Go ahead, don't disturb others</noscript>\n  <div id=\"root\"></div>\n\n  \n</body>\n\n</html>\n" loading=false stripedRows=""  ... > 
  at <OrdersView onVnodeUnmounted=fn<onVnodeUnmounted> ref=Ref< Proxy(Object) > > 
  at <RouterView> 
  at <AppLayout onVnodeUnmounted=fn<onVnodeUnmounted> ref=Ref< Proxy(Object) > > 
  at <RouterView> 
  at <App> @ http://localhost:5277/node_modules/@vue/runtime-core/dist/runtime-core.esm-bundler.js:49
[   16882ms] [WARNING] [Vue warn]: Invalid prop: type check failed for prop "rowData". Expected Object, got String with value "!". 
  at <BodyCell key="status" rowData="!" column= {__v_isVNode: true, __v_skip: true, type: Object, props: Object, key: null}  ... > 
  at <BodyRow key=undefined rowData="!" index=1  ... > 
  at <TableBody ref="bodyRef" value="<!DOCTYPE html>\n<htm" class=""  ... > 
  at <VirtualScroller ref="virtualScroller" items="<!DOCTYPE html>\n<html lang=\"en\">\n\n<head>\n  <meta charset=\"utf-8\" />\n  <meta name=\"viewport\" content=\"width=device-width, initial-scale=1\" />\n  <meta name=\"theme-color\" content=\"#000000\" />\n  <link rel=\"shortcut icon\" type=\"image/ico\" href=\"/assets/favicon-bc234827.ico\" />\n  <link href=\"https://fonts.googleapis.com/css?family=Roboto:300,400,500\" rel=\"stylesheet\" />\n  <title>Pentaract UI</title>\n\n  <style>\n    *,\n    html {\n      margin: 0;\n      padding: 0;\n    }\n  </style>\n  <script type=\"module\" crossorigin src=\"/assets/index-58b24b54.js\"></script>\n  <link rel=\"stylesheet\" href=\"/assets/index-a4f6c957.css\">\n</head>\n\n<body>\n  <noscript>Wanna write ur own UI without js?! Go ahead, don't disturb others</noscript>\n  <div id=\"root\"></div>\n\n  \n</body>\n\n</html>\n" columns= [Object, Object, Object, Object, Object, Object]  ... > 
  at <DataTable value="<!DOCTYPE html>\n<html lang=\"en\">\n\n<head>\n  <meta charset=\"utf-8\" />\n  <meta name=\"viewport\" content=\"width=device-width, initial-scale=1\" />\n  <meta name=\"theme-color\" content=\"#000000\" />\n  <link rel=\"shortcut icon\" type=\"image/ico\" href=\"/assets/favicon-bc234827.ico\" />\n  <link href=\"https://fonts.googleapis.com/css?family=Roboto:300,400,500\" rel=\"stylesheet\" />\n  <title>Pentaract UI</title>\n\n  <style>\n    *,\n    html {\n      margin: 0;\n      padding: 0;\n    }\n  </style>\n  <script type=\"module\" crossorigin src=\"/assets/index-58b24b54.js\"></script>\n  <link rel=\"stylesheet\" href=\"/assets/index-a4f6c957.css\">\n</head>\n\n<body>\n  <noscript>Wanna write ur own UI without js?! Go ahead, don't disturb others</noscript>\n  <div id=\"root\"></div>\n\n  \n</body>\n\n</html>\n" loading=false stripedRows=""  ... > 
  at <OrdersView onVnodeUnmounted=fn<onVnodeUnmounted> ref=Ref< Proxy(Object) > > 
  at <RouterView> 
  at <AppLayout onVnodeUnmounted=fn<onVnodeUnmounted> ref=Ref< Proxy(Object) > > 
  at <RouterView> 
  at <App> @ http://localhost:5277/node_modules/@vue/runtime-core/dist/runtime-core.esm-bundler.js:49
[   16886ms] [WARNING] [Vue warn]: Invalid prop: type check failed for prop "rowData". Expected Object, got String with value "!". 
  at <BodyCell key="created_at" rowData="!" column= {__v_isVNode: true, __v_skip: true, type: Object, props: Object, key: null}  ... > 
  at <BodyRow key=undefined rowData="!" index=1  ... > 
  at <TableBody ref="bodyRef" value="<!DOCTYPE html>\n<htm" class=""  ... > 
  at <VirtualScroller ref="virtualScroller" items="<!DOCTYPE html>\n<html lang=\"en\">\n\n<head>\n  <meta charset=\"utf-8\" />\n  <meta name=\"viewport\" content=\"width=device-width, initial-scale=1\" />\n  <meta name=\"theme-color\" content=\"#000000\" />\n  <link rel=\"shortcut icon\" type=\"image/ico\" href=\"/assets/favicon-bc234827.ico\" />\n  <link href=\"https://fonts.googleapis.com/css?family=Roboto:300,400,500\" rel=\"stylesheet\" />\n  <title>Pentaract UI</title>\n\n  <style>\n    *,\n    html {\n      margin: 0;\n      padding: 0;\n    }\n  </style>\n  <script type=\"module\" crossorigin src=\"/assets/index-58b24b54.js\"></script>\n  <link rel=\"stylesheet\" href=\"/assets/index-a4f6c957.css\">\n</head>\n\n<body>\n  <noscript>Wanna write ur own UI without js?! Go ahead, don't disturb others</noscript>\n  <div id=\"root\"></div>\n\n  \n</body>\n\n</html>\n" columns= [Object, Object, Object, Object, Object, Object]  ... > 
  at <DataTable value="<!DOCTYPE html>\n<html lang=\"en\">\n\n<head>\n  <meta charset=\"utf-8\" />\n  <meta name=\"viewport\" content=\"width=device-width, initial-scale=1\" />\n  <meta name=\"theme-color\" content=\"#000000\" />\n  <link rel=\"shortcut icon\" type=\"image/ico\" href=\"/assets/favicon-bc234827.ico\" />\n  <link href=\"https://fonts.googleapis.com/css?family=Roboto:300,400,500\" rel=\"stylesheet\" />\n  <title>Pentaract UI</title>\n\n  <style>\n    *,\n    html {\n      margin: 0;\n      padding: 0;\n    }\n  </style>\n  <script type=\"module\" crossorigin src=\"/assets/index-58b24b54.js\"></script>\n  <link rel=\"stylesheet\" href=\"/assets/index-a4f6c957.css\">\n</head>\n\n<body>\n  <noscript>Wanna write ur own UI without js?! Go ahead, don't disturb others</noscript>\n  <div id=\"root\"></div>\n\n  \n</body>\n\n</html>\n" loading=false stripedRows=""  ... > 
  at <OrdersView onVnodeUnmounted=fn<onVnodeUnmounted> ref=Ref< Proxy(Object) > > 
  at <RouterView> 
  at <AppLayout onVnodeUnmounted=fn<onVnodeUnmounted> ref=Ref< Proxy(Object) > > 
  at <RouterView> 
  at <App> @ http://localhost:5277/node_modules/@vue/runtime-core/dist/runtime-core.esm-bundler.js:49
[   16888ms] [WARNING] [Vue warn]: Invalid prop: type check failed for prop "rowData". Expected Object, got String with value "!". 
  at <BodyCell key=5 rowData="!" column= {__v_isVNode: true, __v_skip: true, type: Object, props: Object, key: null}  ... > 
  at <BodyRow key=undefined rowData="!" index=1  ... > 
  at <TableBody ref="bodyRef" value="<!DOCTYPE html>\n<htm" class=""  ... > 
  at <VirtualScroller ref="virtualScroller" items="<!DOCTYPE html>\n<html lang=\"en\">\n\n<head>\n  <meta charset=\"utf-8\" />\n  <meta name=\"viewport\" content=\"width=device-width, initial-scale=1\" />\n  <meta name=\"theme-color\" content=\"#000000\" />\n  <link rel=\"shortcut icon\" type=\"image/ico\" href=\"/assets/favicon-bc234827.ico\" />\n  <link href=\"https://fonts.googleapis.com/css?family=Roboto:300,400,500\" rel=\"stylesheet\" />\n  <title>Pentaract UI</title>\n\n  <style>\n    *,\n    html {\n      margin: 0;\n      padding: 0;\n    }\n  </style>\n  <script type=\"module\" crossorigin src=\"/assets/index-58b24b54.js\"></script>\n  <link rel=\"stylesheet\" href=\"/assets/index-a4f6c957.css\">\n</head>\n\n<body>\n  <noscript>Wanna write ur own UI without js?! Go ahead, don't disturb others</noscript>\n  <div id=\"root\"></div>\n\n  \n</body>\n\n</html>\n" columns= [Object, Object, Object, Object, Object, Object]  ... > 
  at <DataTable value="<!DOCTYPE html>\n<html lang=\"en\">\n\n<head>\n  <meta charset=\"utf-8\" />\n  <meta name=\"viewport\" content=\"width=device-width, initial-scale=1\" />\n  <meta name=\"theme-color\" content=\"#000000\" />\n  <link rel=\"shortcut icon\" type=\"image/ico\" href=\"/assets/favicon-bc234827.ico\" />\n  <link href=\"https://fonts.googleapis.com/css?family=Roboto:300,400,500\" rel=\"stylesheet\" />\n  <title>Pentaract UI</title>\n\n  <style>\n    *,\n    html {\n      margin: 0;\n      padding: 0;\n    }\n  </style>\n  <script type=\"module\" crossorigin src=\"/assets/index-58b24b54.js\"></script>\n  <link rel=\"stylesheet\" href=\"/assets/index-a4f6c957.css\">\n</head>\n\n<body>\n  <noscript>Wanna write ur own UI without js?! Go ahead, don't disturb others</noscript>\n  <div id=\"root\"></div>\n\n  \n</body>\n\n</html>\n" loading=false stripedRows=""  ... > 
  at <OrdersView onVnodeUnmounted=fn<onVnodeUnmounted> ref=Ref< Proxy(Object) > > 
  at <RouterView> 
  at <AppLayout onVnodeUnmounted=fn<onVnodeUnmounted> ref=Ref< Proxy(Object) > > 
  at <RouterView> 
  at <App> @ http://localhost:5277/node_modules/@vue/runtime-core/dist/runtime-core.esm-bundler.js:49
[   16892ms] [WARNING] [Vue warn]: Invalid prop: type check failed for prop "rowData". Expected Object, got String with value "D". 
  at <BodyRow key=undefined rowData="D" index=2  ... > 
  at <TableBody ref="bodyRef" value="<!DOCTYPE html>\n<htm" class=""  ... > 
  at <VirtualScroller ref="virtualScroller" items="<!DOCTYPE html>\n<html lang=\"en\">\n\n<head>\n  <meta charset=\"utf-8\" />\n  <meta name=\"viewport\" content=\"width=device-width, initial-scale=1\" />\n  <meta name=\"theme-color\" content=\"#000000\" />\n  <link rel=\"shortcut icon\" type=\"image/ico\" href=\"/assets/favicon-bc234827.ico\" />\n  <link href=\"https://fonts.googleapis.com/css?family=Roboto:300,400,500\" rel=\"stylesheet\" />\n  <title>Pentaract UI</title>\n\n  <style>\n    *,\n    html {\n      margin: 0;\n      padding: 0;\n    }\n  </style>\n  <script type=\"module\" crossorigin src=\"/assets/index-58b24b54.js\"></script>\n  <link rel=\"stylesheet\" href=\"/assets/index-a4f6c957.css\">\n</head>\n\n<body>\n  <noscript>Wanna write ur own UI without js?! Go ahead, don't disturb others</noscript>\n  <div id=\"root\"></div>\n\n  \n</body>\n\n</html>\n" columns= [Object, Object, Object, Object, Object, Object]  ... > 
  at <DataTable value="<!DOCTYPE html>\n<html lang=\"en\">\n\n<head>\n  <meta charset=\"utf-8\" />\n  <meta name=\"viewport\" content=\"width=device-width, initial-scale=1\" />\n  <meta name=\"theme-color\" content=\"#000000\" />\n  <link rel=\"shortcut icon\" type=\"image/ico\" href=\"/assets/favicon-bc234827.ico\" />\n  <link href=\"https://fonts.googleapis.com/css?family=Roboto:300,400,500\" rel=\"stylesheet\" />\n  <title>Pentaract UI</title>\n\n  <style>\n    *,\n    html {\n      margin: 0;\n      padding: 0;\n    }\n  </style>\n  <script type=\"module\" crossorigin src=\"/assets/index-58b24b54.js\"></script>\n  <link rel=\"stylesheet\" href=\"/assets/index-a4f6c957.css\">\n</head>\n\n<body>\n  <noscript>Wanna write ur own UI without js?! Go ahead, don't disturb others</noscript>\n  <div id=\"root\"></div>\n\n  \n</body>\n\n</html>\n" loading=false stripedRows=""  ... > 
  at <OrdersView onVnodeUnmounted=fn<onVnodeUnmounted> ref=Ref< Proxy(Object) > > 
  at <RouterView> 
  at <AppLayout onVnodeUnmounted=fn<onVnodeUnmounted> ref=Ref< Proxy(Object) > > 
  at <RouterView> 
  at <App> @ http://localhost:5277/node_modules/@vue/runtime-core/dist/runtime-core.esm-bundler.js:49
[   16892ms] [WARNING] [Vue warn]: Invalid prop: type check failed for prop "value". Expected Array, got String with value "<!DOCTYPE html>
<htm". 
  at <BodyRow key=undefined rowData="D" index=2  ... > 
  at <TableBody ref="bodyRef" value="<!DOCTYPE html>\n<htm" class=""  ... > 
  at <VirtualScroller ref="virtualScroller" items="<!DOCTYPE html>\n<html lang=\"en\">\n\n<head>\n  <meta charset=\"utf-8\" />\n  <meta name=\"viewport\" content=\"width=device-width, initial-scale=1\" />\n  <meta name=\"theme-color\" content=\"#000000\" />\n  <link rel=\"shortcut icon\" type=\"image/ico\" href=\"/assets/favicon-bc234827.ico\" />\n  <link href=\"https://fonts.googleapis.com/css?family=Roboto:300,400,500\" rel=\"stylesheet\" />\n  <title>Pentaract UI</title>\n\n  <style>\n    *,\n    html {\n      margin: 0;\n      padding: 0;\n    }\n  </style>\n  <script type=\"module\" crossorigin src=\"/assets/index-58b24b54.js\"></script>\n  <link rel=\"stylesheet\" href=\"/assets/index-a4f6c957.css\">\n</head>\n\n<body>\n  <noscript>Wanna write ur own UI without js?! Go ahead, don't disturb others</noscript>\n  <div id=\"root\"></div>\n\n  \n</body>\n\n</html>\n" columns= [Object, Object, Object, Object, Object, Object]  ... > 
  at <DataTable value="<!DOCTYPE html>\n<html lang=\"en\">\n\n<head>\n  <meta charset=\"utf-8\" />\n  <meta name=\"viewport\" content=\"width=device-width, initial-scale=1\" />\n  <meta name=\"theme-color\" content=\"#000000\" />\n  <link rel=\"shortcut icon\" type=\"image/ico\" href=\"/assets/favicon-bc234827.ico\" />\n  <link href=\"https://fonts.googleapis.com/css?family=Roboto:300,400,500\" rel=\"stylesheet\" />\n  <title>Pentaract UI</title>\n\n  <style>\n    *,\n    html {\n      margin: 0;\n      padding: 0;\n    }\n  </style>\n  <script type=\"module\" crossorigin src=\"/assets/index-58b24b54.js\"></script>\n  <link rel=\"stylesheet\" href=\"/assets/index-a4f6c957.css\">\n</head>\n\n<body>\n  <noscript>Wanna write ur own UI without js?! Go ahead, don't disturb others</noscript>\n  <div id=\"root\"></div>\n\n  \n</body>\n\n</html>\n" loading=false stripedRows=""  ... > 
  at <OrdersView onVnodeUnmounted=fn<onVnodeUnmounted> ref=Ref< Proxy(Object) > > 
  at <RouterView> 
  at <AppLayout onVnodeUnmounted=fn<onVnodeUnmounted> ref=Ref< Proxy(Object) > > 
  at <RouterView> 
  at <App> @ http://localhost:5277/node_modules/@vue/runtime-core/dist/runtime-core.esm-bundler.js:49
[   16895ms] [WARNING] [Vue warn]: Invalid prop: type check failed for prop "rowData". Expected Object, got String with value "D". 
  at <BodyCell key="id" rowData="D" column= {__v_isVNode: true, __v_skip: true, type: Object, props: Object, key: null}  ... > 
  at <BodyRow key=undefined rowData="D" index=2  ... > 
  at <TableBody ref="bodyRef" value="<!DOCTYPE html>\n<htm" class=""  ... > 
  at <VirtualScroller ref="virtualScroller" items="<!DOCTYPE html>\n<html lang=\"en\">\n\n<head>\n  <meta charset=\"utf-8\" />\n  <meta name=\"viewport\" content=\"width=device-width, initial-scale=1\" />\n  <meta name=\"theme-color\" content=\"#000000\" />\n  <link rel=\"shortcut icon\" type=\"image/ico\" href=\"/assets/favicon-bc234827.ico\" />\n  <link href=\"https://fonts.googleapis.com/css?family=Roboto:300,400,500\" rel=\"stylesheet\" />\n  <title>Pentaract UI</title>\n\n  <style>\n    *,\n    html {\n      margin: 0;\n      padding: 0;\n    }\n  </style>\n  <script type=\"module\" crossorigin src=\"/assets/index-58b24b54.js\"></script>\n  <link rel=\"stylesheet\" href=\"/assets/index-a4f6c957.css\">\n</head>\n\n<body>\n  <noscript>Wanna write ur own UI without js?! Go ahead, don't disturb others</noscript>\n  <div id=\"root\"></div>\n\n  \n</body>\n\n</html>\n" columns= [Object, Object, Object, Object, Object, Object]  ... > 
  at <DataTable value="<!DOCTYPE html>\n<html lang=\"en\">\n\n<head>\n  <meta charset=\"utf-8\" />\n  <meta name=\"viewport\" content=\"width=device-width, initial-scale=1\" />\n  <meta name=\"theme-color\" content=\"#000000\" />\n  <link rel=\"shortcut icon\" type=\"image/ico\" href=\"/assets/favicon-bc234827.ico\" />\n  <link href=\"https://fonts.googleapis.com/css?family=Roboto:300,400,500\" rel=\"stylesheet\" />\n  <title>Pentaract UI</title>\n\n  <style>\n    *,\n    html {\n      margin: 0;\n      padding: 0;\n    }\n  </style>\n  <script type=\"module\" crossorigin src=\"/assets/index-58b24b54.js\"></script>\n  <link rel=\"stylesheet\" href=\"/assets/index-a4f6c957.css\">\n</head>\n\n<body>\n  <noscript>Wanna write ur own UI without js?! Go ahead, don't disturb others</noscript>\n  <div id=\"root\"></div>\n\n  \n</body>\n\n</html>\n" loading=false stripedRows=""  ... > 
  at <OrdersView onVnodeUnmounted=fn<onVnodeUnmounted> ref=Ref< Proxy(Object) > > 
  at <RouterView> 
  at <AppLayout onVnodeUnmounted=fn<onVnodeUnmounted> ref=Ref< Proxy(Object) > > 
  at <RouterView> 
  at <App> @ http://localhost:5277/node_modules/@vue/runtime-core/dist/runtime-core.esm-bundler.js:49
[   16898ms] [WARNING] [Vue warn]: Invalid prop: type check failed for prop "rowData". Expected Object, got String with value "D". 
  at <BodyCell key="client_id" rowData="D" column= {__v_isVNode: true, __v_skip: true, type: Object, props: Object, key: null}  ... > 
  at <BodyRow key=undefined rowData="D" index=2  ... > 
  at <TableBody ref="bodyRef" value="<!DOCTYPE html>\n<htm" class=""  ... > 
  at <VirtualScroller ref="virtualScroller" items="<!DOCTYPE html>\n<html lang=\"en\">\n\n<head>\n  <meta charset=\"utf-8\" />\n  <meta name=\"viewport\" content=\"width=device-width, initial-scale=1\" />\n  <meta name=\"theme-color\" content=\"#000000\" />\n  <link rel=\"shortcut icon\" type=\"image/ico\" href=\"/assets/favicon-bc234827.ico\" />\n  <link href=\"https://fonts.googleapis.com/css?family=Roboto:300,400,500\" rel=\"stylesheet\" />\n  <title>Pentaract UI</title>\n\n  <style>\n    *,\n    html {\n      margin: 0;\n      padding: 0;\n    }\n  </style>\n  <script type=\"module\" crossorigin src=\"/assets/index-58b24b54.js\"></script>\n  <link rel=\"stylesheet\" href=\"/assets/index-a4f6c957.css\">\n</head>\n\n<body>\n  <noscript>Wanna write ur own UI without js?! Go ahead, don't disturb others</noscript>\n  <div id=\"root\"></div>\n\n  \n</body>\n\n</html>\n" columns= [Object, Object, Object, Object, Object, Object]  ... > 
  at <DataTable value="<!DOCTYPE html>\n<html lang=\"en\">\n\n<head>\n  <meta charset=\"utf-8\" />\n  <meta name=\"viewport\" content=\"width=device-width, initial-scale=1\" />\n  <meta name=\"theme-color\" content=\"#000000\" />\n  <link rel=\"shortcut icon\" type=\"image/ico\" href=\"/assets/favicon-bc234827.ico\" />\n  <link href=\"https://fonts.googleapis.com/css?family=Roboto:300,400,500\" rel=\"stylesheet\" />\n  <title>Pentaract UI</title>\n\n  <style>\n    *,\n    html {\n      margin: 0;\n      padding: 0;\n    }\n  </style>\n  <script type=\"module\" crossorigin src=\"/assets/index-58b24b54.js\"></script>\n  <link rel=\"stylesheet\" href=\"/assets/index-a4f6c957.css\">\n</head>\n\n<body>\n  <noscript>Wanna write ur own UI without js?! Go ahead, don't disturb others</noscript>\n  <div id=\"root\"></div>\n\n  \n</body>\n\n</html>\n" loading=false stripedRows=""  ... > 
  at <OrdersView onVnodeUnmounted=fn<onVnodeUnmounted> ref=Ref< Proxy(Object) > > 
  at <RouterView> 
  at <AppLayout onVnodeUnmounted=fn<onVnodeUnmounted> ref=Ref< Proxy(Object) > > 
  at <RouterView> 
  at <App> @ http://localhost:5277/node_modules/@vue/runtime-core/dist/runtime-core.esm-bundler.js:49
[   16901ms] [WARNING] [Vue warn]: Invalid prop: type check failed for prop "rowData". Expected Object, got String with value "D". 
  at <BodyCell key="source" rowData="D" column= {__v_isVNode: true, __v_skip: true, type: Object, props: Object, key: null}  ... > 
  at <BodyRow key=undefined rowData="D" index=2  ... > 
  at <TableBody ref="bodyRef" value="<!DOCTYPE html>\n<htm" class=""  ... > 
  at <VirtualScroller ref="virtualScroller" items="<!DOCTYPE html>\n<html lang=\"en\">\n\n<head>\n  <meta charset=\"utf-8\" />\n  <meta name=\"viewport\" content=\"width=device-width, initial-scale=1\" />\n  <meta name=\"theme-color\" content=\"#000000\" />\n  <link rel=\"shortcut icon\" type=\"image/ico\" href=\"/assets/favicon-bc234827.ico\" />\n  <link href=\"https://fonts.googleapis.com/css?family=Roboto:300,400,500\" rel=\"stylesheet\" />\n  <title>Pentaract UI</title>\n\n  <style>\n    *,\n    html {\n      margin: 0;\n      padding: 0;\n    }\n  </style>\n  <script type=\"module\" crossorigin src=\"/assets/index-58b24b54.js\"></script>\n  <link rel=\"stylesheet\" href=\"/assets/index-a4f6c957.css\">\n</head>\n\n<body>\n  <noscript>Wanna write ur own UI without js?! Go ahead, don't disturb others</noscript>\n  <div id=\"root\"></div>\n\n  \n</body>\n\n</html>\n" columns= [Object, Object, Object, Object, Object, Object]  ... > 
  at <DataTable value="<!DOCTYPE html>\n<html lang=\"en\">\n\n<head>\n  <meta charset=\"utf-8\" />\n  <meta name=\"viewport\" content=\"width=device-width, initial-scale=1\" />\n  <meta name=\"theme-color\" content=\"#000000\" />\n  <link rel=\"shortcut icon\" type=\"image/ico\" href=\"/assets/favicon-bc234827.ico\" />\n  <link href=\"https://fonts.googleapis.com/css?family=Roboto:300,400,500\" rel=\"stylesheet\" />\n  <title>Pentaract UI</title>\n\n  <style>\n    *,\n    html {\n      margin: 0;\n      padding: 0;\n    }\n  </style>\n  <script type=\"module\" crossorigin src=\"/assets/index-58b24b54.js\"></script>\n  <link rel=\"stylesheet\" href=\"/assets/index-a4f6c957.css\">\n</head>\n\n<body>\n  <noscript>Wanna write ur own UI without js?! Go ahead, don't disturb others</noscript>\n  <div id=\"root\"></div>\n\n  \n</body>\n\n</html>\n" loading=false stripedRows=""  ... > 
  at <OrdersView onVnodeUnmounted=fn<onVnodeUnmounted> ref=Ref< Proxy(Object) > > 
  at <RouterView> 
  at <AppLayout onVnodeUnmounted=fn<onVnodeUnmounted> ref=Ref< Proxy(Object) > > 
  at <RouterView> 
  at <App> @ http://localhost:5277/node_modules/@vue/runtime-core/dist/runtime-core.esm-bundler.js:49
[   16904ms] [WARNING] [Vue warn]: Invalid prop: type check failed for prop "rowData". Expected Object, got String with value "D". 
  at <BodyCell key="status" rowData="D" column= {__v_isVNode: true, __v_skip: true, type: Object, props: Object, key: null}  ... > 
  at <BodyRow key=undefined rowData="D" index=2  ... > 
  at <TableBody ref="bodyRef" value="<!DOCTYPE html>\n<htm" class=""  ... > 
  at <VirtualScroller ref="virtualScroller" items="<!DOCTYPE html>\n<html lang=\"en\">\n\n<head>\n  <meta charset=\"utf-8\" />\n  <meta name=\"viewport\" content=\"width=device-width, initial-scale=1\" />\n  <meta name=\"theme-color\" content=\"#000000\" />\n  <link rel=\"shortcut icon\" type=\"image/ico\" href=\"/assets/favicon-bc234827.ico\" />\n  <link href=\"https://fonts.googleapis.com/css?family=Roboto:300,400,500\" rel=\"stylesheet\" />\n  <title>Pentaract UI</title>\n\n  <style>\n    *,\n    html {\n      margin: 0;\n      padding: 0;\n    }\n  </style>\n  <script type=\"module\" crossorigin src=\"/assets/index-58b24b54.js\"></script>\n  <link rel=\"stylesheet\" href=\"/assets/index-a4f6c957.css\">\n</head>\n\n<body>\n  <noscript>Wanna write ur own UI without js?! Go ahead, don't disturb others</noscript>\n  <div id=\"root\"></div>\n\n  \n</body>\n\n</html>\n" columns= [Object, Object, Object, Object, Object, Object]  ... > 
  at <DataTable value="<!DOCTYPE html>\n<html lang=\"en\">\n\n<head>\n  <meta charset=\"utf-8\" />\n  <meta name=\"viewport\" content=\"width=device-width, initial-scale=1\" />\n  <meta name=\"theme-color\" content=\"#000000\" />\n  <link rel=\"shortcut icon\" type=\"image/ico\" href=\"/assets/favicon-bc234827.ico\" />\n  <link href=\"https://fonts.googleapis.com/css?family=Roboto:300,400,500\" rel=\"stylesheet\" />\n  <title>Pentaract UI</title>\n\n  <style>\n    *,\n    html {\n      margin: 0;\n      padding: 0;\n    }\n  </style>\n  <script type=\"module\" crossorigin src=\"/assets/index-58b24b54.js\"></script>\n  <link rel=\"stylesheet\" href=\"/assets/index-a4f6c957.css\">\n</head>\n\n<body>\n  <noscript>Wanna write ur own UI without js?! Go ahead, don't disturb others</noscript>\n  <div id=\"root\"></div>\n\n  \n</body>\n\n</html>\n" loading=false stripedRows=""  ... > 
  at <OrdersView onVnodeUnmounted=fn<onVnodeUnmounted> ref=Ref< Proxy(Object) > > 
  at <RouterView> 
  at <AppLayout onVnodeUnmounted=fn<onVnodeUnmounted> ref=Ref< Proxy(Object) > > 
  at <RouterView> 
  at <App> @ http://localhost:5277/node_modules/@vue/runtime-core/dist/runtime-core.esm-bundler.js:49
[   16908ms] [WARNING] [Vue warn]: Invalid prop: type check failed for prop "rowData". Expected Object, got String with value "D". 
  at <BodyCell key="created_at" rowData="D" column= {__v_isVNode: true, __v_skip: true, type: Object, props: Object, key: null}  ... > 
  at <BodyRow key=undefined rowData="D" index=2  ... > 
  at <TableBody ref="bodyRef" value="<!DOCTYPE html>\n<htm" class=""  ... > 
  at <VirtualScroller ref="virtualScroller" items="<!DOCTYPE html>\n<html lang=\"en\">\n\n<head>\n  <meta charset=\"utf-8\" />\n  <meta name=\"viewport\" content=\"width=device-width, initial-scale=1\" />\n  <meta name=\"theme-color\" content=\"#000000\" />\n  <link rel=\"shortcut icon\" type=\"image/ico\" href=\"/assets/favicon-bc234827.ico\" />\n  <link href=\"https://fonts.googleapis.com/css?family=Roboto:300,400,500\" rel=\"stylesheet\" />\n  <title>Pentaract UI</title>\n\n  <style>\n    *,\n    html {\n      margin: 0;\n      padding: 0;\n    }\n  </style>\n  <script type=\"module\" crossorigin src=\"/assets/index-58b24b54.js\"></script>\n  <link rel=\"stylesheet\" href=\"/assets/index-a4f6c957.css\">\n</head>\n\n<body>\n  <noscript>Wanna write ur own UI without js?! Go ahead, don't disturb others</noscript>\n  <div id=\"root\"></div>\n\n  \n</body>\n\n</html>\n" columns= [Object, Object, Object, Object, Object, Object]  ... > 
  at <DataTable value="<!DOCTYPE html>\n<html lang=\"en\">\n\n<head>\n  <meta charset=\"utf-8\" />\n  <meta name=\"viewport\" content=\"width=device-width, initial-scale=1\" />\n  <meta name=\"theme-color\" content=\"#000000\" />\n  <link rel=\"shortcut icon\" type=\"image/ico\" href=\"/assets/favicon-bc234827.ico\" />\n  <link href=\"https://fonts.googleapis.com/css?family=Roboto:300,400,500\" rel=\"stylesheet\" />\n  <title>Pentaract UI</title>\n\n  <style>\n    *,\n    html {\n      margin: 0;\n      padding: 0;\n    }\n  </style>\n  <script type=\"module\" crossorigin src=\"/assets/index-58b24b54.js\"></script>\n  <link rel=\"stylesheet\" href=\"/assets/index-a4f6c957.css\">\n</head>\n\n<body>\n  <noscript>Wanna write ur own UI without js?! Go ahead, don't disturb others</noscript>\n  <div id=\"root\"></div>\n\n  \n</body>\n\n</html>\n" loading=false stripedRows=""  ... > 
  at <OrdersView onVnodeUnmounted=fn<onVnodeUnmounted> ref=Ref< Proxy(Object) > > 
  at <RouterView> 
  at <AppLayout onVnodeUnmounted=fn<onVnodeUnmounted> ref=Ref< Proxy(Object) > > 
  at <RouterView> 
  at <App> @ http://localhost:5277/node_modules/@vue/runtime-core/dist/runtime-core.esm-bundler.js:49
[   16910ms] [WARNING] [Vue warn]: Invalid prop: type check failed for prop "rowData". Expected Object, got String with value "D". 
  at <BodyCell key=5 rowData="D" column= {__v_isVNode: true, __v_skip: true, type: Object, props: Object, key: null}  ... > 
  at <BodyRow key=undefined rowData="D" index=2  ... > 
  at <TableBody ref="bodyRef" value="<!DOCTYPE html>\n<htm" class=""  ... > 
  at <VirtualScroller ref="virtualScroller" items="<!DOCTYPE html>\n<html lang=\"en\">\n\n<head>\n  <meta charset=\"utf-8\" />\n  <meta name=\"viewport\" content=\"width=device-width, initial-scale=1\" />\n  <meta name=\"theme-color\" content=\"#000000\" />\n  <link rel=\"shortcut icon\" type=\"image/ico\" href=\"/assets/favicon-bc234827.ico\" />\n  <link href=\"https://fonts.googleapis.com/css?family=Roboto:300,400,500\" rel=\"stylesheet\" />\n  <title>Pentaract UI</title>\n\n  <style>\n    *,\n    html {\n      margin: 0;\n      padding: 0;\n    }\n  </style>\n  <script type=\"module\" crossorigin src=\"/assets/index-58b24b54.js\"></script>\n  <link rel=\"stylesheet\" href=\"/assets/index-a4f6c957.css\">\n</head>\n\n<body>\n  <noscript>Wanna write ur own UI without js?! Go ahead, don't disturb others</noscript>\n  <div id=\"root\"></div>\n\n  \n</body>\n\n</html>\n" columns= [Object, Object, Object, Object, Object, Object]  ... > 
  at <DataTable value="<!DOCTYPE html>\n<html lang=\"en\">\n\n<head>\n  <meta charset=\"utf-8\" />\n  <meta name=\"viewport\" content=\"width=device-width, initial-scale=1\" />\n  <meta name=\"theme-color\" content=\"#000000\" />\n  <link rel=\"shortcut icon\" type=\"image/ico\" href=\"/assets/favicon-bc234827.ico\" />\n  <link href=\"https://fonts.googleapis.com/css?family=Roboto:300,400,500\" rel=\"stylesheet\" />\n  <title>Pentaract UI</title>\n\n  <style>\n    *,\n    html {\n      margin: 0;\n      padding: 0;\n    }\n  </style>\n  <script type=\"module\" crossorigin src=\"/assets/index-58b24b54.js\"></script>\n  <link rel=\"stylesheet\" href=\"/assets/index-a4f6c957.css\">\n</head>\n\n<body>\n  <noscript>Wanna write ur own UI without js?! Go ahead, don't disturb others</noscript>\n  <div id=\"root\"></div>\n\n  \n</body>\n\n</html>\n" loading=false stripedRows=""  ... > 
  at <OrdersView onVnodeUnmounted=fn<onVnodeUnmounted> ref=Ref< Proxy(Object) > > 
  at <RouterView> 
  at <AppLayout onVnodeUnmounted=fn<onVnodeUnmounted> ref=Ref< Proxy(Object) > > 
  at <RouterView> 
  at <App> @ http://localhost:5277/node_modules/@vue/runtime-core/dist/runtime-core.esm-bundler.js:49
[   16914ms] [WARNING] [Vue warn]: Invalid prop: type check failed for prop "rowData". Expected Object, got String with value "O". 
  at <BodyRow key=undefined rowData="O" index=3  ... > 
  at <TableBody ref="bodyRef" value="<!DOCTYPE html>\n<htm" class=""  ... > 
  at <VirtualScroller ref="virtualScroller" items="<!DOCTYPE html>\n<html lang=\"en\">\n\n<head>\n  <meta charset=\"utf-8\" />\n  <meta name=\"viewport\" content=\"width=device-width, initial-scale=1\" />\n  <meta name=\"theme-color\" content=\"#000000\" />\n  <link rel=\"shortcut icon\" type=\"image/ico\" href=\"/assets/favicon-bc234827.ico\" />\n  <link href=\"https://fonts.googleapis.com/css?family=Roboto:300,400,500\" rel=\"stylesheet\" />\n  <title>Pentaract UI</title>\n\n  <style>\n    *,\n    html {\n      margin: 0;\n      padding: 0;\n    }\n  </style>\n  <script type=\"module\" crossorigin src=\"/assets/index-58b24b54.js\"></script>\n  <link rel=\"stylesheet\" href=\"/assets/index-a4f6c957.css\">\n</head>\n\n<body>\n  <noscript>Wanna write ur own UI without js?! Go ahead, don't disturb others</noscript>\n  <div id=\"root\"></div>\n\n  \n</body>\n\n</html>\n" columns= [Object, Object, Object, Object, Object, Object]  ... > 
  at <DataTable value="<!DOCTYPE html>\n<html lang=\"en\">\n\n<head>\n  <meta charset=\"utf-8\" />\n  <meta name=\"viewport\" content=\"width=device-width, initial-scale=1\" />\n  <meta name=\"theme-color\" content=\"#000000\" />\n  <link rel=\"shortcut icon\" type=\"image/ico\" href=\"/assets/favicon-bc234827.ico\" />\n  <link href=\"https://fonts.googleapis.com/css?family=Roboto:300,400,500\" rel=\"stylesheet\" />\n  <title>Pentaract UI</title>\n\n  <style>\n    *,\n    html {\n      margin: 0;\n      padding: 0;\n    }\n  </style>\n  <script type=\"module\" crossorigin src=\"/assets/index-58b24b54.js\"></script>\n  <link rel=\"stylesheet\" href=\"/assets/index-a4f6c957.css\">\n</head>\n\n<body>\n  <noscript>Wanna write ur own UI without js?! Go ahead, don't disturb others</noscript>\n  <div id=\"root\"></div>\n\n  \n</body>\n\n</html>\n" loading=false stripedRows=""  ... > 
  at <OrdersView onVnodeUnmounted=fn<onVnodeUnmounted> ref=Ref< Proxy(Object) > > 
  at <RouterView> 
  at <AppLayout onVnodeUnmounted=fn<onVnodeUnmounted> ref=Ref< Proxy(Object) > > 
  at <RouterView> 
  at <App> @ http://localhost:5277/node_modules/@vue/runtime-core/dist/runtime-core.esm-bundler.js:49
[   16915ms] [WARNING] [Vue warn]: Invalid prop: type check failed for prop "value". Expected Array, got String with value "<!DOCTYPE html>
<htm". 
  at <BodyRow key=undefined rowData="O" index=3  ... > 
  at <TableBody ref="bodyRef" value="<!DOCTYPE html>\n<htm" class=""  ... > 
  at <VirtualScroller ref="virtualScroller" items="<!DOCTYPE html>\n<html lang=\"en\">\n\n<head>\n  <meta charset=\"utf-8\" />\n  <meta name=\"viewport\" content=\"width=device-width, initial-scale=1\" />\n  <meta name=\"theme-color\" content=\"#000000\" />\n  <link rel=\"shortcut icon\" type=\"image/ico\" href=\"/assets/favicon-bc234827.ico\" />\n  <link href=\"https://fonts.googleapis.com/css?family=Roboto:300,400,500\" rel=\"stylesheet\" />\n  <title>Pentaract UI</title>\n\n  <style>\n    *,\n    html {\n      margin: 0;\n      padding: 0;\n    }\n  </style>\n  <script type=\"module\" crossorigin src=\"/assets/index-58b24b54.js\"></script>\n  <link rel=\"stylesheet\" href=\"/assets/index-a4f6c957.css\">\n</head>\n\n<body>\n  <noscript>Wanna write ur own UI without js?! Go ahead, don't disturb others</noscript>\n  <div id=\"root\"></div>\n\n  \n</body>\n\n</html>\n" columns= [Object, Object, Object, Object, Object, Object]  ... > 
  at <DataTable value="<!DOCTYPE html>\n<html lang=\"en\">\n\n<head>\n  <meta charset=\"utf-8\" />\n  <meta name=\"viewport\" content=\"width=device-width, initial-scale=1\" />\n  <meta name=\"theme-color\" content=\"#000000\" />\n  <link rel=\"shortcut icon\" type=\"image/ico\" href=\"/assets/favicon-bc234827.ico\" />\n  <link href=\"https://fonts.googleapis.com/css?family=Roboto:300,400,500\" rel=\"stylesheet\" />\n  <title>Pentaract UI</title>\n\n  <style>\n    *,\n    html {\n      margin: 0;\n      padding: 0;\n    }\n  </style>\n  <script type=\"module\" crossorigin src=\"/assets/index-58b24b54.js\"></script>\n  <link rel=\"stylesheet\" href=\"/assets/index-a4f6c957.css\">\n</head>\n\n<body>\n  <noscript>Wanna write ur own UI without js?! Go ahead, don't disturb others</noscript>\n  <div id=\"root\"></div>\n\n  \n</body>\n\n</html>\n" loading=false stripedRows=""  ... > 
  at <OrdersView onVnodeUnmounted=fn<onVnodeUnmounted> ref=Ref< Proxy(Object) > > 
  at <RouterView> 
  at <AppLayout onVnodeUnmounted=fn<onVnodeUnmounted> ref=Ref< Proxy(Object) > > 
  at <RouterView> 
  at <App> @ http://localhost:5277/node_modules/@vue/runtime-core/dist/runtime-core.esm-bundler.js:49
[   16918ms] [WARNING] [Vue warn]: Invalid prop: type check failed for prop "rowData". Expected Object, got String with value "O". 
  at <BodyCell key="id" rowData="O" column= {__v_isVNode: true, __v_skip: true, type: Object, props: Object, key: null}  ... > 
  at <BodyRow key=undefined rowData="O" index=3  ... > 
  at <TableBody ref="bodyRef" value="<!DOCTYPE html>\n<htm" class=""  ... > 
  at <VirtualScroller ref="virtualScroller" items="<!DOCTYPE html>\n<html lang=\"en\">\n\n<head>\n  <meta charset=\"utf-8\" />\n  <meta name=\"viewport\" content=\"width=device-width, initial-scale=1\" />\n  <meta name=\"theme-color\" content=\"#000000\" />\n  <link rel=\"shortcut icon\" type=\"image/ico\" href=\"/assets/favicon-bc234827.ico\" />\n  <link href=\"https://fonts.googleapis.com/css?family=Roboto:300,400,500\" rel=\"stylesheet\" />\n  <title>Pentaract UI</title>\n\n  <style>\n    *,\n    html {\n      margin: 0;\n      padding: 0;\n    }\n  </style>\n  <script type=\"module\" crossorigin src=\"/assets/index-58b24b54.js\"></script>\n  <link rel=\"stylesheet\" href=\"/assets/index-a4f6c957.css\">\n</head>\n\n<body>\n  <noscript>Wanna write ur own UI without js?! Go ahead, don't disturb others</noscript>\n  <div id=\"root\"></div>\n\n  \n</body>\n\n</html>\n" columns= [Object, Object, Object, Object, Object, Object]  ... > 
  at <DataTable value="<!DOCTYPE html>\n<html lang=\"en\">\n\n<head>\n  <meta charset=\"utf-8\" />\n  <meta name=\"viewport\" content=\"width=device-width, initial-scale=1\" />\n  <meta name=\"theme-color\" content=\"#000000\" />\n  <link rel=\"shortcut icon\" type=\"image/ico\" href=\"/assets/favicon-bc234827.ico\" />\n  <link href=\"https://fonts.googleapis.com/css?family=Roboto:300,400,500\" rel=\"stylesheet\" />\n  <title>Pentaract UI</title>\n\n  <style>\n    *,\n    html {\n      margin: 0;\n      padding: 0;\n    }\n  </style>\n  <script type=\"module\" crossorigin src=\"/assets/index-58b24b54.js\"></script>\n  <link rel=\"stylesheet\" href=\"/assets/index-a4f6c957.css\">\n</head>\n\n<body>\n  <noscript>Wanna write ur own UI without js?! Go ahead, don't disturb others</noscript>\n  <div id=\"root\"></div>\n\n  \n</body>\n\n</html>\n" loading=false stripedRows=""  ... > 
  at <OrdersView onVnodeUnmounted=fn<onVnodeUnmounted> ref=Ref< Proxy(Object) > > 
  at <RouterView> 
  at <AppLayout onVnodeUnmounted=fn<onVnodeUnmounted> ref=Ref< Proxy(Object) > > 
  at <RouterView> 
  at <App> @ http://localhost:5277/node_modules/@vue/runtime-core/dist/runtime-core.esm-bundler.js:49
[   16920ms] [WARNING] [Vue warn]: Invalid prop: type check failed for prop "rowData". Expected Object, got String with value "O". 
  at <BodyCell key="client_id" rowData="O" column= {__v_isVNode: true, __v_skip: true, type: Object, props: Object, key: null}  ... > 
  at <BodyRow key=undefined rowData="O" index=3  ... > 
  at <TableBody ref="bodyRef" value="<!DOCTYPE html>\n<htm" class=""  ... > 
  at <VirtualScroller ref="virtualScroller" items="<!DOCTYPE html>\n<html lang=\"en\">\n\n<head>\n  <meta charset=\"utf-8\" />\n  <meta name=\"viewport\" content=\"width=device-width, initial-scale=1\" />\n  <meta name=\"theme-color\" content=\"#000000\" />\n  <link rel=\"shortcut icon\" type=\"image/ico\" href=\"/assets/favicon-bc234827.ico\" />\n  <link href=\"https://fonts.googleapis.com/css?family=Roboto:300,400,500\" rel=\"stylesheet\" />\n  <title>Pentaract UI</title>\n\n  <style>\n    *,\n    html {\n      margin: 0;\n      padding: 0;\n    }\n  </style>\n  <script type=\"module\" crossorigin src=\"/assets/index-58b24b54.js\"></script>\n  <link rel=\"stylesheet\" href=\"/assets/index-a4f6c957.css\">\n</head>\n\n<body>\n  <noscript>Wanna write ur own UI without js?! Go ahead, don't disturb others</noscript>\n  <div id=\"root\"></div>\n\n  \n</body>\n\n</html>\n" columns= [Object, Object, Object, Object, Object, Object]  ... > 
  at <DataTable value="<!DOCTYPE html>\n<html lang=\"en\">\n\n<head>\n  <meta charset=\"utf-8\" />\n  <meta name=\"viewport\" content=\"width=device-width, initial-scale=1\" />\n  <meta name=\"theme-color\" content=\"#000000\" />\n  <link rel=\"shortcut icon\" type=\"image/ico\" href=\"/assets/favicon-bc234827.ico\" />\n  <link href=\"https://fonts.googleapis.com/css?family=Roboto:300,400,500\" rel=\"stylesheet\" />\n  <title>Pentaract UI</title>\n\n  <style>\n    *,\n    html {\n      margin: 0;\n      padding: 0;\n    }\n  </style>\n  <script type=\"module\" crossorigin src=\"/assets/index-58b24b54.js\"></script>\n  <link rel=\"stylesheet\" href=\"/assets/index-a4f6c957.css\">\n</head>\n\n<body>\n  <noscript>Wanna write ur own UI without js?! Go ahead, don't disturb others</noscript>\n  <div id=\"root\"></div>\n\n  \n</body>\n\n</html>\n" loading=false stripedRows=""  ... > 
  at <OrdersView onVnodeUnmounted=fn<onVnodeUnmounted> ref=Ref< Proxy(Object) > > 
  at <RouterView> 
  at <AppLayout onVnodeUnmounted=fn<onVnodeUnmounted> ref=Ref< Proxy(Object) > > 
  at <RouterView> 
  at <App> @ http://localhost:5277/node_modules/@vue/runtime-core/dist/runtime-core.esm-bundler.js:49
[   16922ms] [WARNING] [Vue warn]: Invalid prop: type check failed for prop "rowData". Expected Object, got String with value "O". 
  at <BodyCell key="source" rowData="O" column= {__v_isVNode: true, __v_skip: true, type: Object, props: Object, key: null}  ... > 
  at <BodyRow key=undefined rowData="O" index=3  ... > 
  at <TableBody ref="bodyRef" value="<!DOCTYPE html>\n<htm" class=""  ... > 
  at <VirtualScroller ref="virtualScroller" items="<!DOCTYPE html>\n<html lang=\"en\">\n\n<head>\n  <meta charset=\"utf-8\" />\n  <meta name=\"viewport\" content=\"width=device-width, initial-scale=1\" />\n  <meta name=\"theme-color\" content=\"#000000\" />\n  <link rel=\"shortcut icon\" type=\"image/ico\" href=\"/assets/favicon-bc234827.ico\" />\n  <link href=\"https://fonts.googleapis.com/css?family=Roboto:300,400,500\" rel=\"stylesheet\" />\n  <title>Pentaract UI</title>\n\n  <style>\n    *,\n    html {\n      margin: 0;\n      padding: 0;\n    }\n  </style>\n  <script type=\"module\" crossorigin src=\"/assets/index-58b24b54.js\"></script>\n  <link rel=\"stylesheet\" href=\"/assets/index-a4f6c957.css\">\n</head>\n\n<body>\n  <noscript>Wanna write ur own UI without js?! Go ahead, don't disturb others</noscript>\n  <div id=\"root\"></div>\n\n  \n</body>\n\n</html>\n" columns= [Object, Object, Object, Object, Object, Object]  ... > 
  at <DataTable value="<!DOCTYPE html>\n<html lang=\"en\">\n\n<head>\n  <meta charset=\"utf-8\" />\n  <meta name=\"viewport\" content=\"width=device-width, initial-scale=1\" />\n  <meta name=\"theme-color\" content=\"#000000\" />\n  <link rel=\"shortcut icon\" type=\"image/ico\" href=\"/assets/favicon-bc234827.ico\" />\n  <link href=\"https://fonts.googleapis.com/css?family=Roboto:300,400,500\" rel=\"stylesheet\" />\n  <title>Pentaract UI</title>\n\n  <style>\n    *,\n    html {\n      margin: 0;\n      padding: 0;\n    }\n  </style>\n  <script type=\"module\" crossorigin src=\"/assets/index-58b24b54.js\"></script>\n  <link rel=\"stylesheet\" href=\"/assets/index-a4f6c957.css\">\n</head>\n\n<body>\n  <noscript>Wanna write ur own UI without js?! Go ahead, don't disturb others</noscript>\n  <div id=\"root\"></div>\n\n  \n</body>\n\n</html>\n" loading=false stripedRows=""  ... > 
  at <OrdersView onVnodeUnmounted=fn<onVnodeUnmounted> ref=Ref< Proxy(Object) > > 
  at <RouterView> 
  at <AppLayout onVnodeUnmounted=fn<onVnodeUnmounted> ref=Ref< Proxy(Object) > > 
  at <RouterView> 
  at <App> @ http://localhost:5277/node_modules/@vue/runtime-core/dist/runtime-core.esm-bundler.js:49
[   16927ms] [WARNING] [Vue warn]: Invalid prop: type check failed for prop "rowData". Expected Object, got String with value "O". 
  at <BodyCell key="status" rowData="O" column= {__v_isVNode: true, __v_skip: true, type: Object, props: Object, key: null}  ... > 
  at <BodyRow key=undefined rowData="O" index=3  ... > 
  at <TableBody ref="bodyRef" value="<!DOCTYPE html>\n<htm" class=""  ... > 
  at <VirtualScroller ref="virtualScroller" items="<!DOCTYPE html>\n<html lang=\"en\">\n\n<head>\n  <meta charset=\"utf-8\" />\n  <meta name=\"viewport\" content=\"width=device-width, initial-scale=1\" />\n  <meta name=\"theme-color\" content=\"#000000\" />\n  <link rel=\"shortcut icon\" type=\"image/ico\" href=\"/assets/favicon-bc234827.ico\" />\n  <link href=\"https://fonts.googleapis.com/css?family=Roboto:300,400,500\" rel=\"stylesheet\" />\n  <title>Pentaract UI</title>\n\n  <style>\n    *,\n    html {\n      margin: 0;\n      padding: 0;\n    }\n  </style>\n  <script type=\"module\" crossorigin src=\"/assets/index-58b24b54.js\"></script>\n  <link rel=\"stylesheet\" href=\"/assets/index-a4f6c957.css\">\n</head>\n\n<body>\n  <noscript>Wanna write ur own UI without js?! Go ahead, don't disturb others</noscript>\n  <div id=\"root\"></div>\n\n  \n</body>\n\n</html>\n" columns= [Object, Object, Object, Object, Object, Object]  ... > 
  at <DataTable value="<!DOCTYPE html>\n<html lang=\"en\">\n\n<head>\n  <meta charset=\"utf-8\" />\n  <meta name=\"viewport\" content=\"width=device-width, initial-scale=1\" />\n  <meta name=\"theme-color\" content=\"#000000\" />\n  <link rel=\"shortcut icon\" type=\"image/ico\" href=\"/assets/favicon-bc234827.ico\" />\n  <link href=\"https://fonts.googleapis.com/css?family=Roboto:300,400,500\" rel=\"stylesheet\" />\n  <title>Pentaract UI</title>\n\n  <style>\n    *,\n    html {\n      margin: 0;\n      padding: 0;\n    }\n  </style>\n  <script type=\"module\" crossorigin src=\"/assets/index-58b24b54.js\"></script>\n  <link rel=\"stylesheet\" href=\"/assets/index-a4f6c957.css\">\n</head>\n\n<body>\n  <noscript>Wanna write ur own UI without js?! Go ahead, don't disturb others</noscript>\n  <div id=\"root\"></div>\n\n  \n</body>\n\n</html>\n" loading=false stripedRows=""  ... > 
  at <OrdersView onVnodeUnmounted=fn<onVnodeUnmounted> ref=Ref< Proxy(Object) > > 
  at <RouterView> 
  at <AppLayout onVnodeUnmounted=fn<onVnodeUnmounted> ref=Ref< Proxy(Object) > > 
  at <RouterView> 
  at <App> @ http://localhost:5277/node_modules/@vue/runtime-core/dist/runtime-core.esm-bundler.js:49
[   16931ms] [WARNING] [Vue warn]: Invalid prop: type check failed for prop "rowData". Expected Object, got String with value "O". 
  at <BodyCell key="created_at" rowData="O" column= {__v_isVNode: true, __v_skip: true, type: Object, props: Object, key: null}  ... > 
  at <BodyRow key=undefined rowData="O" index=3  ... > 
  at <TableBody ref="bodyRef" value="<!DOCTYPE html>\n<htm" class=""  ... > 
  at <VirtualScroller ref="virtualScroller" items="<!DOCTYPE html>\n<html lang=\"en\">\n\n<head>\n  <meta charset=\"utf-8\" />\n  <meta name=\"viewport\" content=\"width=device-width, initial-scale=1\" />\n  <meta name=\"theme-color\" content=\"#000000\" />\n  <link rel=\"shortcut icon\" type=\"image/ico\" href=\"/assets/favicon-bc234827.ico\" />\n  <link href=\"https://fonts.googleapis.com/css?family=Roboto:300,400,500\" rel=\"stylesheet\" />\n  <title>Pentaract UI</title>\n\n  <style>\n    *,\n    html {\n      margin: 0;\n      padding: 0;\n    }\n  </style>\n  <script type=\"module\" crossorigin src=\"/assets/index-58b24b54.js\"></script>\n  <link rel=\"stylesheet\" href=\"/assets/index-a4f6c957.css\">\n</head>\n\n<body>\n  <noscript>Wanna write ur own UI without js?! Go ahead, don't disturb others</noscript>\n  <div id=\"root\"></div>\n\n  \n</body>\n\n</html>\n" columns= [Object, Object, Object, Object, Object, Object]  ... > 
  at <DataTable value="<!DOCTYPE html>\n<html lang=\"en\">\n\n<head>\n  <meta charset=\"utf-8\" />\n  <meta name=\"viewport\" content=\"width=device-width, initial-scale=1\" />\n  <meta name=\"theme-color\" content=\"#000000\" />\n  <link rel=\"shortcut icon\" type=\"image/ico\" href=\"/assets/favicon-bc234827.ico\" />\n  <link href=\"https://fonts.googleapis.com/css?family=Roboto:300,400,500\" rel=\"stylesheet\" />\n  <title>Pentaract UI</title>\n\n  <style>\n    *,\n    html {\n      margin: 0;\n      padding: 0;\n    }\n  </style>\n  <script type=\"module\" crossorigin src=\"/assets/index-58b24b54.js\"></script>\n  <link rel=\"stylesheet\" href=\"/assets/index-a4f6c957.css\">\n</head>\n\n<body>\n  <noscript>Wanna write ur own UI without js?! Go ahead, don't disturb others</noscript>\n  <div id=\"root\"></div>\n\n  \n</body>\n\n</html>\n" loading=false stripedRows=""  ... > 
  at <OrdersView onVnodeUnmounted=fn<onVnodeUnmounted> ref=Ref< Proxy(Object) > > 
  at <RouterView> 
  at <AppLayout onVnodeUnmounted=fn<onVnodeUnmounted> ref=Ref< Proxy(Object) > > 
  at <RouterView> 
  at <App> @ http://localhost:5277/node_modules/@vue/runtime-core/dist/runtime-core.esm-bundler.js:49
[   16933ms] [WARNING] [Vue warn]: Invalid prop: type check failed for prop "rowData". Expected Object, got String with value "O". 
  at <BodyCell key=5 rowData="O" column= {__v_isVNode: true, __v_skip: true, type: Object, props: Object, key: null}  ... > 
  at <BodyRow key=undefined rowData="O" index=3  ... > 
  at <TableBody ref="bodyRef" value="<!DOCTYPE html>\n<htm" class=""  ... > 
  at <VirtualScroller ref="virtualScroller" items="<!DOCTYPE html>\n<html lang=\"en\">\n\n<head>\n  <meta charset=\"utf-8\" />\n  <meta name=\"viewport\" content=\"width=device-width, initial-scale=1\" />\n  <meta name=\"theme-color\" content=\"#000000\" />\n  <link rel=\"shortcut icon\" type=\"image/ico\" href=\"/assets/favicon-bc234827.ico\" />\n  <link href=\"https://fonts.googleapis.com/css?family=Roboto:300,400,500\" rel=\"stylesheet\" />\n  <title>Pentaract UI</title>\n\n  <style>\n    *,\n    html {\n      margin: 0;\n      padding: 0;\n    }\n  </style>\n  <script type=\"module\" crossorigin src=\"/assets/index-58b24b54.js\"></script>\n  <link rel=\"stylesheet\" href=\"/assets/index-a4f6c957.css\">\n</head>\n\n<body>\n  <noscript>Wanna write ur own UI without js?! Go ahead, don't disturb others</noscript>\n  <div id=\"root\"></div>\n\n  \n</body>\n\n</html>\n" columns= [Object, Object, Object, Object, Object, Object]  ... > 
  at <DataTable value="<!DOCTYPE html>\n<html lang=\"en\">\n\n<head>\n  <meta charset=\"utf-8\" />\n  <meta name=\"viewport\" content=\"width=device-width, initial-scale=1\" />\n  <meta name=\"theme-color\" content=\"#000000\" />\n  <link rel=\"shortcut icon\" type=\"image/ico\" href=\"/assets/favicon-bc234827.ico\" />\n  <link href=\"https://fonts.googleapis.com/css?family=Roboto:300,400,500\" rel=\"stylesheet\" />\n  <title>Pentaract UI</title>\n\n  <style>\n    *,\n    html {\n      margin: 0;\n      padding: 0;\n    }\n  </style>\n  <script type=\"module\" crossorigin src=\"/assets/index-58b24b54.js\"></script>\n  <link rel=\"stylesheet\" href=\"/assets/index-a4f6c957.css\">\n</head>\n\n<body>\n  <noscript>Wanna write ur own UI without js?! Go ahead, don't disturb others</noscript>\n  <div id=\"root\"></div>\n\n  \n</body>\n\n</html>\n" loading=false stripedRows=""  ... > 
  at <OrdersView onVnodeUnmounted=fn<onVnodeUnmounted> ref=Ref< Proxy(Object) > > 
  at <RouterView> 
  at <AppLayout onVnodeUnmounted=fn<onVnodeUnmounted> ref=Ref< Proxy(Object) > > 
  at <RouterView> 
  at <App> @ http://localhost:5277/node_modules/@vue/runtime-core/dist/runtime-core.esm-bundler.js:49
[   16937ms] [WARNING] [Vue warn]: Invalid prop: type check failed for prop "rowData". Expected Object, got String with value "C". 
  at <BodyRow key=undefined rowData="C" index=4  ... > 
  at <TableBody ref="bodyRef" value="<!DOCTYPE html>\n<htm" class=""  ... > 
  at <VirtualScroller ref="virtualScroller" items="<!DOCTYPE html>\n<html lang=\"en\">\n\n<head>\n  <meta charset=\"utf-8\" />\n  <meta name=\"viewport\" content=\"width=device-width, initial-scale=1\" />\n  <meta name=\"theme-color\" content=\"#000000\" />\n  <link rel=\"shortcut icon\" type=\"image/ico\" href=\"/assets/favicon-bc234827.ico\" />\n  <link href=\"https://fonts.googleapis.com/css?family=Roboto:300,400,500\" rel=\"stylesheet\" />\n  <title>Pentaract UI</title>\n\n  <style>\n    *,\n    html {\n      margin: 0;\n      padding: 0;\n    }\n  </style>\n  <script type=\"module\" crossorigin src=\"/assets/index-58b24b54.js\"></script>\n  <link rel=\"stylesheet\" href=\"/assets/index-a4f6c957.css\">\n</head>\n\n<body>\n  <noscript>Wanna write ur own UI without js?! Go ahead, don't disturb others</noscript>\n  <div id=\"root\"></div>\n\n  \n</body>\n\n</html>\n" columns= [Object, Object, Object, Object, Object, Object]  ... > 
  at <DataTable value="<!DOCTYPE html>\n<html lang=\"en\">\n\n<head>\n  <meta charset=\"utf-8\" />\n  <meta name=\"viewport\" content=\"width=device-width, initial-scale=1\" />\n  <meta name=\"theme-color\" content=\"#000000\" />\n  <link rel=\"shortcut icon\" type=\"image/ico\" href=\"/assets/favicon-bc234827.ico\" />\n  <link href=\"https://fonts.googleapis.com/css?family=Roboto:300,400,500\" rel=\"stylesheet\" />\n  <title>Pentaract UI</title>\n\n  <style>\n    *,\n    html {\n      margin: 0;\n      padding: 0;\n    }\n  </style>\n  <script type=\"module\" crossorigin src=\"/assets/index-58b24b54.js\"></script>\n  <link rel=\"stylesheet\" href=\"/assets/index-a4f6c957.css\">\n</head>\n\n<body>\n  <noscript>Wanna write ur own UI without js?! Go ahead, don't disturb others</noscript>\n  <div id=\"root\"></div>\n\n  \n</body>\n\n</html>\n" loading=false stripedRows=""  ... > 
  at <OrdersView onVnodeUnmounted=fn<onVnodeUnmounted> ref=Ref< Proxy(Object) > > 
  at <RouterView> 
  at <AppLayout onVnodeUnmounted=fn<onVnodeUnmounted> ref=Ref< Proxy(Object) > > 
  at <RouterView> 
  at <App> @ http://localhost:5277/node_modules/@vue/runtime-core/dist/runtime-core.esm-bundler.js:49
[   16938ms] [WARNING] [Vue warn]: Invalid prop: type check failed for prop "value". Expected Array, got String with value "<!DOCTYPE html>
<htm". 
  at <BodyRow key=undefined rowData="C" index=4  ... > 
  at <TableBody ref="bodyRef" value="<!DOCTYPE html>\n<htm" class=""  ... > 
  at <VirtualScroller ref="virtualScroller" items="<!DOCTYPE html>\n<html lang=\"en\">\n\n<head>\n  <meta charset=\"utf-8\" />\n  <meta name=\"viewport\" content=\"width=device-width, initial-scale=1\" />\n  <meta name=\"theme-color\" content=\"#000000\" />\n  <link rel=\"shortcut icon\" type=\"image/ico\" href=\"/assets/favicon-bc234827.ico\" />\n  <link href=\"https://fonts.googleapis.com/css?family=Roboto:300,400,500\" rel=\"stylesheet\" />\n  <title>Pentaract UI</title>\n\n  <style>\n    *,\n    html {\n      margin: 0;\n      padding: 0;\n    }\n  </style>\n  <script type=\"module\" crossorigin src=\"/assets/index-58b24b54.js\"></script>\n  <link rel=\"stylesheet\" href=\"/assets/index-a4f6c957.css\">\n</head>\n\n<body>\n  <noscript>Wanna write ur own UI without js?! Go ahead, don't disturb others</noscript>\n  <div id=\"root\"></div>\n\n  \n</body>\n\n</html>\n" columns= [Object, Object, Object, Object, Object, Object]  ... > 
  at <DataTable value="<!DOCTYPE html>\n<html lang=\"en\">\n\n<head>\n  <meta charset=\"utf-8\" />\n  <meta name=\"viewport\" content=\"width=device-width, initial-scale=1\" />\n  <meta name=\"theme-color\" content=\"#000000\" />\n  <link rel=\"shortcut icon\" type=\"image/ico\" href=\"/assets/favicon-bc234827.ico\" />\n  <link href=\"https://fonts.googleapis.com/css?family=Roboto:300,400,500\" rel=\"stylesheet\" />\n  <title>Pentaract UI</title>\n\n  <style>\n    *,\n    html {\n      margin: 0;\n      padding: 0;\n    }\n  </style>\n  <script type=\"module\" crossorigin src=\"/assets/index-58b24b54.js\"></script>\n  <link rel=\"stylesheet\" href=\"/assets/index-a4f6c957.css\">\n</head>\n\n<body>\n  <noscript>Wanna write ur own UI without js?! Go ahead, don't disturb others</noscript>\n  <div id=\"root\"></div>\n\n  \n</body>\n\n</html>\n" loading=false stripedRows=""  ... > 
  at <OrdersView onVnodeUnmounted=fn<onVnodeUnmounted> ref=Ref< Proxy(Object) > > 
  at <RouterView> 
  at <AppLayout onVnodeUnmounted=fn<onVnodeUnmounted> ref=Ref< Proxy(Object) > > 
  at <RouterView> 
  at <App> @ http://localhost:5277/node_modules/@vue/runtime-core/dist/runtime-core.esm-bundler.js:49
[   16940ms] [WARNING] [Vue warn]: Invalid prop: type check failed for prop "rowData". Expected Object, got String with value "C". 
  at <BodyCell key="id" rowData="C" column= {__v_isVNode: true, __v_skip: true, type: Object, props: Object, key: null}  ... > 
  at <BodyRow key=undefined rowData="C" index=4  ... > 
  at <TableBody ref="bodyRef" value="<!DOCTYPE html>\n<htm" class=""  ... > 
  at <VirtualScroller ref="virtualScroller" items="<!DOCTYPE html>\n<html lang=\"en\">\n\n<head>\n  <meta charset=\"utf-8\" />\n  <meta name=\"viewport\" content=\"width=device-width, initial-scale=1\" />\n  <meta name=\"theme-color\" content=\"#000000\" />\n  <link rel=\"shortcut icon\" type=\"image/ico\" href=\"/assets/favicon-bc234827.ico\" />\n  <link href=\"https://fonts.googleapis.com/css?family=Roboto:300,400,500\" rel=\"stylesheet\" />\n  <title>Pentaract UI</title>\n\n  <style>\n    *,\n    html {\n      margin: 0;\n      padding: 0;\n    }\n  </style>\n  <script type=\"module\" crossorigin src=\"/assets/index-58b24b54.js\"></script>\n  <link rel=\"stylesheet\" href=\"/assets/index-a4f6c957.css\">\n</head>\n\n<body>\n  <noscript>Wanna write ur own UI without js?! Go ahead, don't disturb others</noscript>\n  <div id=\"root\"></div>\n\n  \n</body>\n\n</html>\n" columns= [Object, Object, Object, Object, Object, Object]  ... > 
  at <DataTable value="<!DOCTYPE html>\n<html lang=\"en\">\n\n<head>\n  <meta charset=\"utf-8\" />\n  <meta name=\"viewport\" content=\"width=device-width, initial-scale=1\" />\n  <meta name=\"theme-color\" content=\"#000000\" />\n  <link rel=\"shortcut icon\" type=\"image/ico\" href=\"/assets/favicon-bc234827.ico\" />\n  <link href=\"https://fonts.googleapis.com/css?family=Roboto:300,400,500\" rel=\"stylesheet\" />\n  <title>Pentaract UI</title>\n\n  <style>\n    *,\n    html {\n      margin: 0;\n      padding: 0;\n    }\n  </style>\n  <script type=\"module\" crossorigin src=\"/assets/index-58b24b54.js\"></script>\n  <link rel=\"stylesheet\" href=\"/assets/index-a4f6c957.css\">\n</head>\n\n<body>\n  <noscript>Wanna write ur own UI without js?! Go ahead, don't disturb others</noscript>\n  <div id=\"root\"></div>\n\n  \n</body>\n\n</html>\n" loading=false stripedRows=""  ... > 
  at <OrdersView onVnodeUnmounted=fn<onVnodeUnmounted> ref=Ref< Proxy(Object) > > 
  at <RouterView> 
  at <AppLayout onVnodeUnmounted=fn<onVnodeUnmounted> ref=Ref< Proxy(Object) > > 
  at <RouterView> 
  at <App> @ http://localhost:5277/node_modules/@vue/runtime-core/dist/runtime-core.esm-bundler.js:49
[   16943ms] [WARNING] [Vue warn]: Invalid prop: type check failed for prop "rowData". Expected Object, got String with value "C". 
  at <BodyCell key="client_id" rowData="C" column= {__v_isVNode: true, __v_skip: true, type: Object, props: Object, key: null}  ... > 
  at <BodyRow key=undefined rowData="C" index=4  ... > 
  at <TableBody ref="bodyRef" value="<!DOCTYPE html>\n<htm" class=""  ... > 
  at <VirtualScroller ref="virtualScroller" items="<!DOCTYPE html>\n<html lang=\"en\">\n\n<head>\n  <meta charset=\"utf-8\" />\n  <meta name=\"viewport\" content=\"width=device-width, initial-scale=1\" />\n  <meta name=\"theme-color\" content=\"#000000\" />\n  <link rel=\"shortcut icon\" type=\"image/ico\" href=\"/assets/favicon-bc234827.ico\" />\n  <link href=\"https://fonts.googleapis.com/css?family=Roboto:300,400,500\" rel=\"stylesheet\" />\n  <title>Pentaract UI</title>\n\n  <style>\n    *,\n    html {\n      margin: 0;\n      padding: 0;\n    }\n  </style>\n  <script type=\"module\" crossorigin src=\"/assets/index-58b24b54.js\"></script>\n  <link rel=\"stylesheet\" href=\"/assets/index-a4f6c957.css\">\n</head>\n\n<body>\n  <noscript>Wanna write ur own UI without js?! Go ahead, don't disturb others</noscript>\n  <div id=\"root\"></div>\n\n  \n</body>\n\n</html>\n" columns= [Object, Object, Object, Object, Object, Object]  ... > 
  at <DataTable value="<!DOCTYPE html>\n<html lang=\"en\">\n\n<head>\n  <meta charset=\"utf-8\" />\n  <meta name=\"viewport\" content=\"width=device-width, initial-scale=1\" />\n  <meta name=\"theme-color\" content=\"#000000\" />\n  <link rel=\"shortcut icon\" type=\"image/ico\" href=\"/assets/favicon-bc234827.ico\" />\n  <link href=\"https://fonts.googleapis.com/css?family=Roboto:300,400,500\" rel=\"stylesheet\" />\n  <title>Pentaract UI</title>\n\n  <style>\n    *,\n    html {\n      margin: 0;\n      padding: 0;\n    }\n  </style>\n  <script type=\"module\" crossorigin src=\"/assets/index-58b24b54.js\"></script>\n  <link rel=\"stylesheet\" href=\"/assets/index-a4f6c957.css\">\n</head>\n\n<body>\n  <noscript>Wanna write ur own UI without js?! Go ahead, don't disturb others</noscript>\n  <div id=\"root\"></div>\n\n  \n</body>\n\n</html>\n" loading=false stripedRows=""  ... > 
  at <OrdersView onVnodeUnmounted=fn<onVnodeUnmounted> ref=Ref< Proxy(Object) > > 
  at <RouterView> 
  at <AppLayout onVnodeUnmounted=fn<onVnodeUnmounted> ref=Ref< Proxy(Object) > > 
  at <RouterView> 
  at <App> @ http://localhost:5277/node_modules/@vue/runtime-core/dist/runtime-core.esm-bundler.js:49
[   16950ms] [WARNING] [Vue warn]: Invalid prop: type check failed for prop "rowData". Expected Object, got String with value "C". 
  at <BodyCell key="source" rowData="C" column= {__v_isVNode: true, __v_skip: true, type: Object, props: Object, key: null}  ... > 
  at <BodyRow key=undefined rowData="C" index=4  ... > 
  at <TableBody ref="bodyRef" value="<!DOCTYPE html>\n<htm" class=""  ... > 
  at <VirtualScroller ref="virtualScroller" items="<!DOCTYPE html>\n<html lang=\"en\">\n\n<head>\n  <meta charset=\"utf-8\" />\n  <meta name=\"viewport\" content=\"width=device-width, initial-scale=1\" />\n  <meta name=\"theme-color\" content=\"#000000\" />\n  <link rel=\"shortcut icon\" type=\"image/ico\" href=\"/assets/favicon-bc234827.ico\" />\n  <link href=\"https://fonts.googleapis.com/css?family=Roboto:300,400,500\" rel=\"stylesheet\" />\n  <title>Pentaract UI</title>\n\n  <style>\n    *,\n    html {\n      margin: 0;\n      padding: 0;\n    }\n  </style>\n  <script type=\"module\" crossorigin src=\"/assets/index-58b24b54.js\"></script>\n  <link rel=\"stylesheet\" href=\"/assets/index-a4f6c957.css\">\n</head>\n\n<body>\n  <noscript>Wanna write ur own UI without js?! Go ahead, don't disturb others</noscript>\n  <div id=\"root\"></div>\n\n  \n</body>\n\n</html>\n" columns= [Object, Object, Object, Object, Object, Object]  ... > 
  at <DataTable value="<!DOCTYPE html>\n<html lang=\"en\">\n\n<head>\n  <meta charset=\"utf-8\" />\n  <meta name=\"viewport\" content=\"width=device-width, initial-scale=1\" />\n  <meta name=\"theme-color\" content=\"#000000\" />\n  <link rel=\"shortcut icon\" type=\"image/ico\" href=\"/assets/favicon-bc234827.ico\" />\n  <link href=\"https://fonts.googleapis.com/css?family=Roboto:300,400,500\" rel=\"stylesheet\" />\n  <title>Pentaract UI</title>\n\n  <style>\n    *,\n    html {\n      margin: 0;\n      padding: 0;\n    }\n  </style>\n  <script type=\"module\" crossorigin src=\"/assets/index-58b24b54.js\"></script>\n  <link rel=\"stylesheet\" href=\"/assets/index-a4f6c957.css\">\n</head>\n\n<body>\n  <noscript>Wanna write ur own UI without js?! Go ahead, don't disturb others</noscript>\n  <div id=\"root\"></div>\n\n  \n</body>\n\n</html>\n" loading=false stripedRows=""  ... > 
  at <OrdersView onVnodeUnmounted=fn<onVnodeUnmounted> ref=Ref< Proxy(Object) > > 
  at <RouterView> 
  at <AppLayout onVnodeUnmounted=fn<onVnodeUnmounted> ref=Ref< Proxy(Object) > > 
  at <RouterView> 
  at <App> @ http://localhost:5277/node_modules/@vue/runtime-core/dist/runtime-core.esm-bundler.js:49
[   16960ms] [WARNING] [Vue warn]: Invalid prop: type check failed for prop "rowData". Expected Object, got String with value "C". 
  at <BodyCell key="status" rowData="C" column= {__v_isVNode: true, __v_skip: true, type: Object, props: Object, key: null}  ... > 
  at <BodyRow key=undefined rowData="C" index=4  ... > 
  at <TableBody ref="bodyRef" value="<!DOCTYPE html>\n<htm" class=""  ... > 
  at <VirtualScroller ref="virtualScroller" items="<!DOCTYPE html>\n<html lang=\"en\">\n\n<head>\n  <meta charset=\"utf-8\" />\n  <meta name=\"viewport\" content=\"width=device-width, initial-scale=1\" />\n  <meta name=\"theme-color\" content=\"#000000\" />\n  <link rel=\"shortcut icon\" type=\"image/ico\" href=\"/assets/favicon-bc234827.ico\" />\n  <link href=\"https://fonts.googleapis.com/css?family=Roboto:300,400,500\" rel=\"stylesheet\" />\n  <title>Pentaract UI</title>\n\n  <style>\n    *,\n    html {\n      margin: 0;\n      padding: 0;\n    }\n  </style>\n  <script type=\"module\" crossorigin src=\"/assets/index-58b24b54.js\"></script>\n  <link rel=\"stylesheet\" href=\"/assets/index-a4f6c957.css\">\n</head>\n\n<body>\n  <noscript>Wanna write ur own UI without js?! Go ahead, don't disturb others</noscript>\n  <div id=\"root\"></div>\n\n  \n</body>\n\n</html>\n" columns= [Object, Object, Object, Object, Object, Object]  ... > 
  at <DataTable value="<!DOCTYPE html>\n<html lang=\"en\">\n\n<head>\n  <meta charset=\"utf-8\" />\n  <meta name=\"viewport\" content=\"width=device-width, initial-scale=1\" />\n  <meta name=\"theme-color\" content=\"#000000\" />\n  <link rel=\"shortcut icon\" type=\"image/ico\" href=\"/assets/favicon-bc234827.ico\" />\n  <link href=\"https://fonts.googleapis.com/css?family=Roboto:300,400,500\" rel=\"stylesheet\" />\n  <title>Pentaract UI</title>\n\n  <style>\n    *,\n    html {\n      margin: 0;\n      padding: 0;\n    }\n  </style>\n  <script type=\"module\" crossorigin src=\"/assets/index-58b24b54.js\"></script>\n  <link rel=\"stylesheet\" href=\"/assets/index-a4f6c957.css\">\n</head>\n\n<body>\n  <noscript>Wanna write ur own UI without js?! Go ahead, don't disturb others</noscript>\n  <div id=\"root\"></div>\n\n  \n</body>\n\n</html>\n" loading=false stripedRows=""  ... > 
  at <OrdersView onVnodeUnmounted=fn<onVnodeUnmounted> ref=Ref< Proxy(Object) > > 
  at <RouterView> 
  at <AppLayout onVnodeUnmounted=fn<onVnodeUnmounted> ref=Ref< Proxy(Object) > > 
  at <RouterView> 
  at <App> @ http://localhost:5277/node_modules/@vue/runtime-core/dist/runtime-core.esm-bundler.js:49
[   16965ms] [WARNING] [Vue warn]: Invalid prop: type check failed for prop "rowData". Expected Object, got String with value "C". 
  at <BodyCell key="created_at" rowData="C" column= {__v_isVNode: true, __v_skip: true, type: Object, props: Object, key: null}  ... > 
  at <BodyRow key=undefined rowData="C" index=4  ... > 
  at <TableBody ref="bodyRef" value="<!DOCTYPE html>\n<htm" class=""  ... > 
  at <VirtualScroller ref="virtualScroller" items="<!DOCTYPE html>\n<html lang=\"en\">\n\n<head>\n  <meta charset=\"utf-8\" />\n  <meta name=\"viewport\" content=\"width=device-width, initial-scale=1\" />\n  <meta name=\"theme-color\" content=\"#000000\" />\n  <link rel=\"shortcut icon\" type=\"image/ico\" href=\"/assets/favicon-bc234827.ico\" />\n  <link href=\"https://fonts.googleapis.com/css?family=Roboto:300,400,500\" rel=\"stylesheet\" />\n  <title>Pentaract UI</title>\n\n  <style>\n    *,\n    html {\n      margin: 0;\n      padding: 0;\n    }\n  </style>\n  <script type=\"module\" crossorigin src=\"/assets/index-58b24b54.js\"></script>\n  <link rel=\"stylesheet\" href=\"/assets/index-a4f6c957.css\">\n</head>\n\n<body>\n  <noscript>Wanna write ur own UI without js?! Go ahead, don't disturb others</noscript>\n  <div id=\"root\"></div>\n\n  \n</body>\n\n</html>\n" columns= [Object, Object, Object, Object, Object, Object]  ... > 
  at <DataTable value="<!DOCTYPE html>\n<html lang=\"en\">\n\n<head>\n  <meta charset=\"utf-8\" />\n  <meta name=\"viewport\" content=\"width=device-width, initial-scale=1\" />\n  <meta name=\"theme-color\" content=\"#000000\" />\n  <link rel=\"shortcut icon\" type=\"image/ico\" href=\"/assets/favicon-bc234827.ico\" />\n  <link href=\"https://fonts.googleapis.com/css?family=Roboto:300,400,500\" rel=\"stylesheet\" />\n  <title>Pentaract UI</title>\n\n  <style>\n    *,\n    html {\n      margin: 0;\n      padding: 0;\n    }\n  </style>\n  <script type=\"module\" crossorigin src=\"/assets/index-58b24b54.js\"></script>\n  <link rel=\"stylesheet\" href=\"/assets/index-a4f6c957.css\">\n</head>\n\n<body>\n  <noscript>Wanna write ur own UI without js?! Go ahead, don't disturb others</noscript>\n  <div id=\"root\"></div>\n\n  \n</body>\n\n</html>\n" loading=false stripedRows=""  ... > 
  at <OrdersView onVnodeUnmounted=fn<onVnodeUnmounted> ref=Ref< Proxy(Object) > > 
  at <RouterView> 
  at <AppLayout onVnodeUnmounted=fn<onVnodeUnmounted> ref=Ref< Proxy(Object) > > 
  at <RouterView> 
  at <App> @ http://localhost:5277/node_modules/@vue/runtime-core/dist/runtime-core.esm-bundler.js:49
[   16970ms] [WARNING] [Vue warn]: Invalid prop: type check failed for prop "rowData". Expected Object, got String with value "C". 
  at <BodyCell key=5 rowData="C" column= {__v_isVNode: true, __v_skip: true, type: Object, props: Object, key: null}  ... > 
  at <BodyRow key=undefined rowData="C" index=4  ... > 
  at <TableBody ref="bodyRef" value="<!DOCTYPE html>\n<htm" class=""  ... > 
  at <VirtualScroller ref="virtualScroller" items="<!DOCTYPE html>\n<html lang=\"en\">\n\n<head>\n  <meta charset=\"utf-8\" />\n  <meta name=\"viewport\" content=\"width=device-width, initial-scale=1\" />\n  <meta name=\"theme-color\" content=\"#000000\" />\n  <link rel=\"shortcut icon\" type=\"image/ico\" href=\"/assets/favicon-bc234827.ico\" />\n  <link href=\"https://fonts.googleapis.com/css?family=Roboto:300,400,500\" rel=\"stylesheet\" />\n  <title>Pentaract UI</title>\n\n  <style>\n    *,\n    html {\n      margin: 0;\n      padding: 0;\n    }\n  </style>\n  <script type=\"module\" crossorigin src=\"/assets/index-58b24b54.js\"></script>\n  <link rel=\"stylesheet\" href=\"/assets/index-a4f6c957.css\">\n</head>\n\n<body>\n  <noscript>Wanna write ur own UI without js?! Go ahead, don't disturb others</noscript>\n  <div id=\"root\"></div>\n\n  \n</body>\n\n</html>\n" columns= [Object, Object, Object, Object, Object, Object]  ... > 
  at <DataTable value="<!DOCTYPE html>\n<html lang=\"en\">\n\n<head>\n  <meta charset=\"utf-8\" />\n  <meta name=\"viewport\" content=\"width=device-width, initial-scale=1\" />\n  <meta name=\"theme-color\" content=\"#000000\" />\n  <link rel=\"shortcut icon\" type=\"image/ico\" href=\"/assets/favicon-bc234827.ico\" />\n  <link href=\"https://fonts.googleapis.com/css?family=Roboto:300,400,500\" rel=\"stylesheet\" />\n  <title>Pentaract UI</title>\n\n  <style>\n    *,\n    html {\n      margin: 0;\n      padding: 0;\n    }\n  </style>\n  <script type=\"module\" crossorigin src=\"/assets/index-58b24b54.js\"></script>\n  <link rel=\"stylesheet\" href=\"/assets/index-a4f6c957.css\">\n</head>\n\n<body>\n  <noscript>Wanna write ur own UI without js?! Go ahead, don't disturb others</noscript>\n  <div id=\"root\"></div>\n\n  \n</body>\n\n</html>\n" loading=false stripedRows=""  ... > 
  at <OrdersView onVnodeUnmounted=fn<onVnodeUnmounted> ref=Ref< Proxy(Object) > > 
  at <RouterView> 
  at <AppLayout onVnodeUnmounted=fn<onVnodeUnmounted> ref=Ref< Proxy(Object) > > 
  at <RouterView> 
  at <App> @ http://localhost:5277/node_modules/@vue/runtime-core/dist/runtime-core.esm-bundler.js:49
[   16974ms] [WARNING] [Vue warn]: Invalid prop: type check failed for prop "rowData". Expected Object, got String with value "T". 
  at <BodyRow key=undefined rowData="T" index=5  ... > 
  at <TableBody ref="bodyRef" value="<!DOCTYPE html>\n<htm" class=""  ... > 
  at <VirtualScroller ref="virtualScroller" items="<!DOCTYPE html>\n<html lang=\"en\">\n\n<head>\n  <meta charset=\"utf-8\" />\n  <meta name=\"viewport\" content=\"width=device-width, initial-scale=1\" />\n  <meta name=\"theme-color\" content=\"#000000\" />\n  <link rel=\"shortcut icon\" type=\"image/ico\" href=\"/assets/favicon-bc234827.ico\" />\n  <link href=\"https://fonts.googleapis.com/css?family=Roboto:300,400,500\" rel=\"stylesheet\" />\n  <title>Pentaract UI</title>\n\n  <style>\n    *,\n    html {\n      margin: 0;\n      padding: 0;\n    }\n  </style>\n  <script type=\"module\" crossorigin src=\"/assets/index-58b24b54.js\"></script>\n  <link rel=\"stylesheet\" href=\"/assets/index-a4f6c957.css\">\n</head>\n\n<body>\n  <noscript>Wanna write ur own UI without js?! Go ahead, don't disturb others</noscript>\n  <div id=\"root\"></div>\n\n  \n</body>\n\n</html>\n" columns= [Object, Object, Object, Object, Object, Object]  ... > 
  at <DataTable value="<!DOCTYPE html>\n<html lang=\"en\">\n\n<head>\n  <meta charset=\"utf-8\" />\n  <meta name=\"viewport\" content=\"width=device-width, initial-scale=1\" />\n  <meta name=\"theme-color\" content=\"#000000\" />\n  <link rel=\"shortcut icon\" type=\"image/ico\" href=\"/assets/favicon-bc234827.ico\" />\n  <link href=\"https://fonts.googleapis.com/css?family=Roboto:300,400,500\" rel=\"stylesheet\" />\n  <title>Pentaract UI</title>\n\n  <style>\n    *,\n    html {\n      margin: 0;\n      padding: 0;\n    }\n  </style>\n  <script type=\"module\" crossorigin src=\"/assets/index-58b24b54.js\"></script>\n  <link rel=\"stylesheet\" href=\"/assets/index-a4f6c957.css\">\n</head>\n\n<body>\n  <noscript>Wanna write ur own UI without js?! Go ahead, don't disturb others</noscript>\n  <div id=\"root\"></div>\n\n  \n</body>\n\n</html>\n" loading=false stripedRows=""  ... > 
  at <OrdersView onVnodeUnmounted=fn<onVnodeUnmounted> ref=Ref< Proxy(Object) > > 
  at <RouterView> 
  at <AppLayout onVnodeUnmounted=fn<onVnodeUnmounted> ref=Ref< Proxy(Object) > > 
  at <RouterView> 
  at <App> @ http://localhost:5277/node_modules/@vue/runtime-core/dist/runtime-core.esm-bundler.js:49
[   16976ms] [WARNING] [Vue warn]: Invalid prop: type check failed for prop "value". Expected Array, got String with value "<!DOCTYPE html>
<htm". 
  at <BodyRow key=undefined rowData="T" index=5  ... > 
  at <TableBody ref="bodyRef" value="<!DOCTYPE html>\n<htm" class=""  ... > 
  at <VirtualScroller ref="virtualScroller" items="<!DOCTYPE html>\n<html lang=\"en\">\n\n<head>\n  <meta charset=\"utf-8\" />\n  <meta name=\"viewport\" content=\"width=device-width, initial-scale=1\" />\n  <meta name=\"theme-color\" content=\"#000000\" />\n  <link rel=\"shortcut icon\" type=\"image/ico\" href=\"/assets/favicon-bc234827.ico\" />\n  <link href=\"https://fonts.googleapis.com/css?family=Roboto:300,400,500\" rel=\"stylesheet\" />\n  <title>Pentaract UI</title>\n\n  <style>\n    *,\n    html {\n      margin: 0;\n      padding: 0;\n    }\n  </style>\n  <script type=\"module\" crossorigin src=\"/assets/index-58b24b54.js\"></script>\n  <link rel=\"stylesheet\" href=\"/assets/index-a4f6c957.css\">\n</head>\n\n<body>\n  <noscript>Wanna write ur own UI without js?! Go ahead, don't disturb others</noscript>\n  <div id=\"root\"></div>\n\n  \n</body>\n\n</html>\n" columns= [Object, Object, Object, Object, Object, Object]  ... > 
  at <DataTable value="<!DOCTYPE html>\n<html lang=\"en\">\n\n<head>\n  <meta charset=\"utf-8\" />\n  <meta name=\"viewport\" content=\"width=device-width, initial-scale=1\" />\n  <meta name=\"theme-color\" content=\"#000000\" />\n  <link rel=\"shortcut icon\" type=\"image/ico\" href=\"/assets/favicon-bc234827.ico\" />\n  <link href=\"https://fonts.googleapis.com/css?family=Roboto:300,400,500\" rel=\"stylesheet\" />\n  <title>Pentaract UI</title>\n\n  <style>\n    *,\n    html {\n      margin: 0;\n      padding: 0;\n    }\n  </style>\n  <script type=\"module\" crossorigin src=\"/assets/index-58b24b54.js\"></script>\n  <link rel=\"stylesheet\" href=\"/assets/index-a4f6c957.css\">\n</head>\n\n<body>\n  <noscript>Wanna write ur own UI without js?! Go ahead, don't disturb others</noscript>\n  <div id=\"root\"></div>\n\n  \n</body>\n\n</html>\n" loading=false stripedRows=""  ... > 
  at <OrdersView onVnodeUnmounted=fn<onVnodeUnmounted> ref=Ref< Proxy(Object) > > 
  at <RouterView> 
  at <AppLayout onVnodeUnmounted=fn<onVnodeUnmounted> ref=Ref< Proxy(Object) > > 
  at <RouterView> 
  at <App> @ http://localhost:5277/node_modules/@vue/runtime-core/dist/runtime-core.esm-bundler.js:49
[   16978ms] [WARNING] [Vue warn]: Invalid prop: type check failed for prop "rowData". Expected Object, got String with value "T". 
  at <BodyCell key="id" rowData="T" column= {__v_isVNode: true, __v_skip: true, type: Object, props: Object, key: null}  ... > 
  at <BodyRow key=undefined rowData="T" index=5  ... > 
  at <TableBody ref="bodyRef" value="<!DOCTYPE html>\n<htm" class=""  ... > 
  at <VirtualScroller ref="virtualScroller" items="<!DOCTYPE html>\n<html lang=\"en\">\n\n<head>\n  <meta charset=\"utf-8\" />\n  <meta name=\"viewport\" content=\"width=device-width, initial-scale=1\" />\n  <meta name=\"theme-color\" content=\"#000000\" />\n  <link rel=\"shortcut icon\" type=\"image/ico\" href=\"/assets/favicon-bc234827.ico\" />\n  <link href=\"https://fonts.googleapis.com/css?family=Roboto:300,400,500\" rel=\"stylesheet\" />\n  <title>Pentaract UI</title>\n\n  <style>\n    *,\n    html {\n      margin: 0;\n      padding: 0;\n    }\n  </style>\n  <script type=\"module\" crossorigin src=\"/assets/index-58b24b54.js\"></script>\n  <link rel=\"stylesheet\" href=\"/assets/index-a4f6c957.css\">\n</head>\n\n<body>\n  <noscript>Wanna write ur own UI without js?! Go ahead, don't disturb others</noscript>\n  <div id=\"root\"></div>\n\n  \n</body>\n\n</html>\n" columns= [Object, Object, Object, Object, Object, Object]  ... > 
  at <DataTable value="<!DOCTYPE html>\n<html lang=\"en\">\n\n<head>\n  <meta charset=\"utf-8\" />\n  <meta name=\"viewport\" content=\"width=device-width, initial-scale=1\" />\n  <meta name=\"theme-color\" content=\"#000000\" />\n  <link rel=\"shortcut icon\" type=\"image/ico\" href=\"/assets/favicon-bc234827.ico\" />\n  <link href=\"https://fonts.googleapis.com/css?family=Roboto:300,400,500\" rel=\"stylesheet\" />\n  <title>Pentaract UI</title>\n\n  <style>\n    *,\n    html {\n      margin: 0;\n      padding: 0;\n    }\n  </style>\n  <script type=\"module\" crossorigin src=\"/assets/index-58b24b54.js\"></script>\n  <link rel=\"stylesheet\" href=\"/assets/index-a4f6c957.css\">\n</head>\n\n<body>\n  <noscript>Wanna write ur own UI without js?! Go ahead, don't disturb others</noscript>\n  <div id=\"root\"></div>\n\n  \n</body>\n\n</html>\n" loading=false stripedRows=""  ... > 
  at <OrdersView onVnodeUnmounted=fn<onVnodeUnmounted> ref=Ref< Proxy(Object) > > 
  at <RouterView> 
  at <AppLayout onVnodeUnmounted=fn<onVnodeUnmounted> ref=Ref< Proxy(Object) > > 
  at <RouterView> 
  at <App> @ http://localhost:5277/node_modules/@vue/runtime-core/dist/runtime-core.esm-bundler.js:49
[   16982ms] [WARNING] [Vue warn]: Invalid prop: type check failed for prop "rowData". Expected Object, got String with value "T". 
  at <BodyCell key="client_id" rowData="T" column= {__v_isVNode: true, __v_skip: true, type: Object, props: Object, key: null}  ... > 
  at <BodyRow key=undefined rowData="T" index=5  ... > 
  at <TableBody ref="bodyRef" value="<!DOCTYPE html>\n<htm" class=""  ... > 
  at <VirtualScroller ref="virtualScroller" items="<!DOCTYPE html>\n<html lang=\"en\">\n\n<head>\n  <meta charset=\"utf-8\" />\n  <meta name=\"viewport\" content=\"width=device-width, initial-scale=1\" />\n  <meta name=\"theme-color\" content=\"#000000\" />\n  <link rel=\"shortcut icon\" type=\"image/ico\" href=\"/assets/favicon-bc234827.ico\" />\n  <link href=\"https://fonts.googleapis.com/css?family=Roboto:300,400,500\" rel=\"stylesheet\" />\n  <title>Pentaract UI</title>\n\n  <style>\n    *,\n    html {\n      margin: 0;\n      padding: 0;\n    }\n  </style>\n  <script type=\"module\" crossorigin src=\"/assets/index-58b24b54.js\"></script>\n  <link rel=\"stylesheet\" href=\"/assets/index-a4f6c957.css\">\n</head>\n\n<body>\n  <noscript>Wanna write ur own UI without js?! Go ahead, don't disturb others</noscript>\n  <div id=\"root\"></div>\n\n  \n</body>\n\n</html>\n" columns= [Object, Object, Object, Object, Object, Object]  ... > 
  at <DataTable value="<!DOCTYPE html>\n<html lang=\"en\">\n\n<head>\n  <meta charset=\"utf-8\" />\n  <meta name=\"viewport\" content=\"width=device-width, initial-scale=1\" />\n  <meta name=\"theme-color\" content=\"#000000\" />\n  <link rel=\"shortcut icon\" type=\"image/ico\" href=\"/assets/favicon-bc234827.ico\" />\n  <link href=\"https://fonts.googleapis.com/css?family=Roboto:300,400,500\" rel=\"stylesheet\" />\n  <title>Pentaract UI</title>\n\n  <style>\n    *,\n    html {\n      margin: 0;\n      padding: 0;\n    }\n  </style>\n  <script type=\"module\" crossorigin src=\"/assets/index-58b24b54.js\"></script>\n  <link rel=\"stylesheet\" href=\"/assets/index-a4f6c957.css\">\n</head>\n\n<body>\n  <noscript>Wanna write ur own UI without js?! Go ahead, don't disturb others</noscript>\n  <div id=\"root\"></div>\n\n  \n</body>\n\n</html>\n" loading=false stripedRows=""  ... > 
  at <OrdersView onVnodeUnmounted=fn<onVnodeUnmounted> ref=Ref< Proxy(Object) > > 
  at <RouterView> 
  at <AppLayout onVnodeUnmounted=fn<onVnodeUnmounted> ref=Ref< Proxy(Object) > > 
  at <RouterView> 
  at <App> @ http://localhost:5277/node_modules/@vue/runtime-core/dist/runtime-core.esm-bundler.js:49
[   16985ms] [WARNING] [Vue warn]: Invalid prop: type check failed for prop "rowData". Expected Object, got String with value "T". 
  at <BodyCell key="source" rowData="T" column= {__v_isVNode: true, __v_skip: true, type: Object, props: Object, key: null}  ... > 
  at <BodyRow key=undefined rowData="T" index=5  ... > 
  at <TableBody ref="bodyRef" value="<!DOCTYPE html>\n<htm" class=""  ... > 
  at <VirtualScroller ref="virtualScroller" items="<!DOCTYPE html>\n<html lang=\"en\">\n\n<head>\n  <meta charset=\"utf-8\" />\n  <meta name=\"viewport\" content=\"width=device-width, initial-scale=1\" />\n  <meta name=\"theme-color\" content=\"#000000\" />\n  <link rel=\"shortcut icon\" type=\"image/ico\" href=\"/assets/favicon-bc234827.ico\" />\n  <link href=\"https://fonts.googleapis.com/css?family=Roboto:300,400,500\" rel=\"stylesheet\" />\n  <title>Pentaract UI</title>\n\n  <style>\n    *,\n    html {\n      margin: 0;\n      padding: 0;\n    }\n  </style>\n  <script type=\"module\" crossorigin src=\"/assets/index-58b24b54.js\"></script>\n  <link rel=\"stylesheet\" href=\"/assets/index-a4f6c957.css\">\n</head>\n\n<body>\n  <noscript>Wanna write ur own UI without js?! Go ahead, don't disturb others</noscript>\n  <div id=\"root\"></div>\n\n  \n</body>\n\n</html>\n" columns= [Object, Object, Object, Object, Object, Object]  ... > 
  at <DataTable value="<!DOCTYPE html>\n<html lang=\"en\">\n\n<head>\n  <meta charset=\"utf-8\" />\n  <meta name=\"viewport\" content=\"width=device-width, initial-scale=1\" />\n  <meta name=\"theme-color\" content=\"#000000\" />\n  <link rel=\"shortcut icon\" type=\"image/ico\" href=\"/assets/favicon-bc234827.ico\" />\n  <link href=\"https://fonts.googleapis.com/css?family=Roboto:300,400,500\" rel=\"stylesheet\" />\n  <title>Pentaract UI</title>\n\n  <style>\n    *,\n    html {\n      margin: 0;\n      padding: 0;\n    }\n  </style>\n  <script type=\"module\" crossorigin src=\"/assets/index-58b24b54.js\"></script>\n  <link rel=\"stylesheet\" href=\"/assets/index-a4f6c957.css\">\n</head>\n\n<body>\n  <noscript>Wanna write ur own UI without js?! Go ahead, don't disturb others</noscript>\n  <div id=\"root\"></div>\n\n  \n</body>\n\n</html>\n" loading=false stripedRows=""  ... > 
  at <OrdersView onVnodeUnmounted=fn<onVnodeUnmounted> ref=Ref< Proxy(Object) > > 
  at <RouterView> 
  at <AppLayout onVnodeUnmounted=fn<onVnodeUnmounted> ref=Ref< Proxy(Object) > > 
  at <RouterView> 
  at <App> @ http://localhost:5277/node_modules/@vue/runtime-core/dist/runtime-core.esm-bundler.js:49
